date,product,avg_price,low_price,high_price,n_records,origin
2026-01-01,丝瓜,5.15,4.5,5.8,1,豫冀
2026-01-02,丝瓜,5.05,4.5,5.6,1,豫冀
2026-01-03,丝瓜,5.05,4.5,5.6,1,豫冀
2026-01-04,丝瓜,5.05,4.5,5.6,1,豫冀
2026-01-05,丝瓜,5.05,4.5,5.6,1,豫冀
2026-01-06,丝瓜,4.25,3.5,5.0,1,豫冀
2026-01-07,丝瓜,3.9,3.0,4.8,1,豫冀
2026-01-08,丝瓜,3.9,3.0,4.8,1,豫冀
2026-01-09,丝瓜,3.9,3.0,4.8,1,豫冀
2026-01-10,丝瓜,3.9,3.0,4.8,1,豫冀
2026-01-11,丝瓜,3.9,3.0,4.8,1,豫冀
2026-01-12,丝瓜,3.9,3.0,4.8,1,豫冀
2026-01-13,丝瓜,3.9,3.0,4.8,1,豫冀
2026-01-14,丝瓜,3.9,3.0,4.8,1,豫冀
2026-01-15,丝瓜,3.9,3.0,4.8,1,豫冀
2026-01-16,丝瓜,4.1,3.0,5.2,1,豫冀
2026-01-17,丝瓜,4.75,4.0,5.5,1,豫冀
2026-01-18,丝瓜,4.75,4.0,5.5,1,豫冀
2026-01-19,丝瓜,4.75,4.0,5.5,1,豫冀
2026-01-20,丝瓜,4.75,4.0,5.5,1,豫冀
2026-01-21,丝瓜,4.75,4.0,5.5,1,豫冀
2026-01-22,丝瓜,4.75,4.0,5.5,1,豫冀
2026-01-23,丝瓜,4.75,4.0,5.5,1,豫冀
2026-01-24,丝瓜,4.75,4.0,5.5,1,豫冀
2026-01-25,丝瓜,4.75,4.0,5.5,1,豫冀
2026-01-26,丝瓜,4.75,4.0,5.5,1,豫冀
2026-01-27,丝瓜,4.75,4.0,5.5,1,豫冀
2026-01-28,丝瓜,4.75,4.0,5.5,1,豫冀
2026-01-29,丝瓜,4.5,4.0,5.0,1,豫冀
2026-01-30,丝瓜,4.5,4.0,5.0,1,豫冀
2026-01-31,丝瓜,4.5,4.0,5.0,1,豫冀
2026-02-01,丝瓜,4.5,4.0,5.0,1,豫冀
2026-02-02,丝瓜,4.5,4.0,5.0,1,豫冀
2026-02-03,丝瓜,4.5,4.0,5.0,1,豫冀
2026-02-04,丝瓜,4.5,4.0,5.0,1,豫冀
2026-02-05,丝瓜,4.5,4.0,5.0,1,豫冀
2026-02-06,丝瓜,4.5,4.0,5.0,1,豫冀
2026-02-07,丝瓜,4.5,4.0,5.0,1,豫冀
2026-02-08,丝瓜,4.25,4.0,4.5,1,豫冀
2026-02-09,丝瓜,4.25,4.0,4.5,1,豫冀
2026-02-10,丝瓜,4.25,4.0,4.5,1,豫冀
2026-02-11,丝瓜,4.25,4.0,4.5,1,豫冀
2026-02-12,丝瓜,4.25,4.0,4.5,1,豫冀
2026-02-13,丝瓜,4.25,4.0,4.5,1,豫冀
2026-02-14,丝瓜,4.25,4.0,4.5,1,豫冀
2026-02-15,丝瓜,4.25,4.0,4.5,1,豫冀
2026-02-16,丝瓜,4.25,4.0,4.5,1,豫冀
2026-02-24,丝瓜,2.75,2.5,3.0,1,豫冀
2026-02-25,丝瓜,2.75,2.5,3.0,1,豫冀
2026-02-26,丝瓜,2.75,2.5,3.0,1,豫冀
2026-02-27,丝瓜,2.75,2.5,3.0,1,豫冀
2026-02-28,丝瓜,3.25,3.0,3.5,1,豫冀
2026-03-01,丝瓜,2.75,2.5,3.0,1,豫冀
2026-03-02,丝瓜,2.5,2.0,3.0,1,豫冀
2026-03-03,丝瓜,2.5,2.0,3.0,1,豫冀
2026-03-04,丝瓜,2.5,2.0,3.0,1,豫冀
2026-03-05,丝瓜,3.25,3.0,3.5,1,豫冀
2026-03-06,丝瓜,4.25,4.0,4.5,1,豫冀
2026-03-07,丝瓜,4.25,4.0,4.5,1,豫冀
2026-03-08,丝瓜,4.25,4.0,4.5,1,豫冀
2026-03-09,丝瓜,5.0,4.5,5.5,1,豫冀
2026-03-10,丝瓜,5.0,4.5,5.5,1,豫冀
2026-03-11,丝瓜,5.0,4.5,5.5,1,豫冀
2026-03-12,丝瓜,5.0,4.5,5.5,1,豫冀
2026-03-13,丝瓜,4.75,4.5,5.0,1,豫冀
2026-03-14,丝瓜,4.75,4.5,5.0,1,豫冀
2026-03-15,丝瓜,4.75,4.5,5.0,1,豫冀
2026-03-16,丝瓜,4.5,4.0,5.0,1,豫冀
2026-03-17,丝瓜,4.5,4.0,5.0,1,豫冀
2026-03-18,丝瓜,4.5,4.0,5.0,1,豫冀
2026-03-19,丝瓜,4.25,4.0,4.5,1,豫冀
2026-03-20,丝瓜,4.25,4.0,4.5,1,豫冀
2026-03-21,丝瓜,4.25,4.0,4.5,1,豫冀
2026-03-22,丝瓜,3.75,3.5,4.0,1,豫冀
2026-03-23,丝瓜,3.75,3.5,4.0,1,豫冀
2026-03-24,丝瓜,3.5,3.0,4.0,1,豫冀
2026-03-25,丝瓜,3.5,3.0,4.0,1,豫冀
2026-03-26,丝瓜,3.25,3.0,3.5,1,豫冀
2026-03-27,丝瓜,3.25,3.0,3.5,1,豫冀
2026-03-28,丝瓜,3.25,3.0,3.5,1,豫冀
2026-03-29,丝瓜,3.25,3.0,3.5,1,豫冀
2026-03-30,丝瓜,3.25,3.0,3.5,1,豫冀
2026-03-31,丝瓜,3.25,3.0,3.5,1,豫冀
2026-04-01,丝瓜,3.25,3.0,3.5,1,豫冀
2026-04-02,丝瓜,3.0,2.5,3.5,1,豫冀
2026-04-03,丝瓜,3.0,2.5,3.5,1,豫冀
2026-04-04,丝瓜,3.0,2.5,3.5,1,豫冀
2026-04-05,丝瓜,3.0,2.5,3.5,1,豫冀
2026-04-06,丝瓜,3.0,2.5,3.5,1,豫冀
2026-04-07,丝瓜,2.75,2.5,3.0,1,豫冀
2026-04-08,丝瓜,2.75,2.5,3.0,1,豫冀
2026-04-09,丝瓜,2.55,2.3,2.8,1,豫冀
2026-04-10,丝瓜,2.55,2.3,2.8,1,豫冀
2026-04-11,丝瓜,2.75,2.5,3.0,1,豫冀
2026-04-12,丝瓜,2.75,2.5,3.0,1,豫冀
2026-04-13,丝瓜,2.75,2.5,3.0,1,豫冀
2026-04-14,丝瓜,2.75,2.5,3.0,1,豫冀
2026-04-15,丝瓜,2.75,2.5,3.0,1,豫冀
2026-04-16,丝瓜,2.75,2.5,3.0,1,豫冀
2026-04-17,丝瓜,2.75,2.5,3.0,1,豫冀
2026-04-18,丝瓜,2.75,2.5,3.0,1,豫冀
2026-04-19,丝瓜,2.75,2.5,3.0,1,豫冀
2026-04-20,丝瓜,2.75,2.5,3.0,1,豫冀
2026-04-21,丝瓜,2.75,2.5,3.0,1,豫冀
2026-04-22,丝瓜,2.75,2.5,3.0,1,豫冀
2026-04-23,丝瓜,2.75,2.5,3.0,1,豫冀
2026-04-24,丝瓜,2.55,2.1,3.0,1,豫冀
2026-04-25,丝瓜,2.55,2.1,3.0,1,豫冀
2026-04-26,丝瓜,2.55,2.1,3.0,1,豫冀
2026-04-27,丝瓜,2.55,2.1,3.0,1,豫冀
2026-04-28,丝瓜,2.55,2.1,3.0,1,豫冀
2026-04-29,丝瓜,2.55,2.1,3.0,1,豫冀
2026-04-30,丝瓜,2.15,1.8,2.5,1,豫冀
2026-05-01,丝瓜,2.15,1.8,2.5,1,豫冀
2026-05-02,丝瓜,2.15,1.8,2.5,1,豫冀
2026-05-03,丝瓜,2.15,1.8,2.5,1,豫冀
2026-05-04,丝瓜,2.15,1.8,2.5,1,豫冀
2026-05-05,丝瓜,1.75,1.5,2.0,1,豫冀
2026-05-06,丝瓜,1.75,1.5,2.0,1,豫冀
2026-05-07,丝瓜,2.25,1.5,3.0,2,豫冀
2026-05-08,丝瓜,2.0,1.5,2.5,2,豫冀
2026-05-09,丝瓜,2.0,1.5,2.5,2,豫冀
2026-05-10,丝瓜,2.0,1.5,2.5,2,豫冀
2026-05-11,丝瓜,2.25,1.5,3.5,2,豫冀
2026-05-12,丝瓜,2.25,1.5,3.5,2,豫冀
2026-05-13,丝瓜,2.125,1.5,3.0,2,豫冀
2026-05-14,丝瓜,2.125,1.5,3.0,2,豫冀
2026-05-15,丝瓜,2.125,1.5,3.0,2,豫冀
2026-05-16,丝瓜,2.125,1.5,3.0,2,豫冀
2026-05-17,丝瓜,1.75,1.0,2.5,2,冀/豫冀
2026-05-18,丝瓜,1.675,1.0,2.5,2,冀/豫冀
2026-05-19,丝瓜,2.0,1.5,2.5,2,冀/豫冀
2026-05-20,丝瓜,2.0,1.5,2.5,2,冀/豫冀
2026-05-21,丝瓜,1.95,1.5,2.5,2,冀/豫冀
2026-05-22,丝瓜,2.05,1.5,2.5,2,冀/豫冀
2026-05-23,丝瓜,2.375,1.8,3.0,2,冀/豫冀
2026-05-24,丝瓜,3.0,2.0,4.0,2,冀/豫冀
2026-05-25,丝瓜,2.95,2.0,4.0,2,冀/豫冀
2026-05-26,丝瓜,2.95,2.0,4.0,2,冀/豫冀
2026-05-27,丝瓜,2.95,2.0,4.0,2,冀/豫冀
2026-05-28,丝瓜,2.95,2.0,4.0,2,冀/豫冀
2026-05-29,丝瓜,3.15,2.3,4.0,2,冀/豫冀
2026-05-30,丝瓜,3.2,2.5,4.0,2,冀/豫冀
2026-05-31,丝瓜,3.45,2.5,4.5,2,冀/豫冀
2026-06-01,丝瓜,3.2,2.5,4.0,2,冀/豫冀
2026-06-02,丝瓜,2.75,2.0,3.5,2,冀/豫冀
2026-06-03,丝瓜,2.75,2.0,3.5,2,冀/豫冀
2026-06-04,丝瓜,2.625,2.0,3.5,2,冀/豫冀
2026-06-05,丝瓜,2.125,1.5,3.0,2,冀/豫冀
2026-06-06,丝瓜,2.375,1.5,3.5,2,冀/豫冀
2026-06-07,丝瓜,2.65,1.8,3.5,2,冀/豫冀
2026-06-08,丝瓜,2.75,2.0,3.5,2,冀/豫冀
2026-06-09,丝瓜,3.0,2.0,4.0,2,冀/豫冀
2026-06-10,丝瓜,2.95,2.0,4.0,2,冀/豫冀
2026-06-11,丝瓜,2.575,1.8,3.5,2,冀/豫冀
2026-06-12,丝瓜,2.325,1.8,3.0,2,冀/豫冀
2026-06-13,丝瓜,2.375,1.5,3.0,2,冀/豫冀
2026-06-14,丝瓜,2.5,2.0,3.0,2,冀/豫冀
2026-06-15,丝瓜,2.5,2.0,3.0,2,冀/豫冀
2026-06-16,丝瓜,1.875,1.5,2.5,2,冀/豫冀
2026-06-17,丝瓜,1.875,1.5,2.5,2,冀/豫冀
2026-06-18,丝瓜,1.875,1.5,2.5,2,冀/豫冀
2026-06-19,丝瓜,1.875,1.5,2.5,2,冀/豫冀
2026-06-20,丝瓜,1.875,1.5,2.5,2,冀/豫冀
2026-06-21,丝瓜,1.5,1.0,2.0,2,冀/豫冀
2026-06-22,丝瓜,1.625,1.0,2.2,2,冀/豫冀
2026-06-23,丝瓜,1.5,1.0,2.0,2,冀/豫冀
2026-06-24,丝瓜,1.75,1.0,2.5,2,冀/豫冀
2026-06-25,丝瓜,1.75,1.0,2.5,2,冀/豫冀
2026-06-26,丝瓜,1.625,1.0,2.5,2,冀/豫冀
2026-06-27,丝瓜,1.625,1.0,2.5,2,冀/豫冀
2026-06-28,丝瓜,1.625,1.0,2.5,2,冀/豫冀
2026-06-29,丝瓜,1.625,1.0,2.5,2,冀/豫冀
2026-06-30,丝瓜,1.625,1.0,2.5,2,冀/豫冀
2026-07-01,丝瓜,1.625,1.0,2.5,2,冀/豫冀
2026-07-02,丝瓜,1.625,1.0,2.5,2,冀/豫冀
2026-07-03,丝瓜,1.5,1.0,2.5,2,冀/豫冀
2026-07-04,丝瓜,1.5,1.0,2.5,2,冀/豫冀
2026-07-05,丝瓜,1.375,1.0,2.0,2,冀/豫冀
2026-07-06,丝瓜,1.075,0.8,1.5,2,冀/豫冀
2026-07-07,丝瓜,1.025,0.8,1.3,2,冀/豫冀
2026-07-08,丝瓜,1.325,1.0,1.8,2,冀/豫冀
2026-07-09,丝瓜,1.325,1.0,1.8,2,冀/豫冀
2026-07-10,丝瓜,1.325,1.0,1.8,2,冀/豫冀
2026-07-11,丝瓜,1.325,1.0,1.8,2,冀/豫冀
2026-07-12,丝瓜,2.0,1.5,2.5,2,冀/豫冀
2026-07-13,丝瓜,1.75,1.0,2.5,2,冀/豫冀
2026-07-14,丝瓜,2.0,1.5,2.5,2,冀/豫冀
2026-07-15,丝瓜,2.0,1.5,2.5,2,冀/豫冀
2026-07-16,丝瓜,1.75,1.5,2.0,2,冀/豫冀
2026-07-17,丝瓜,1.75,1.5,2.0,2,冀/豫冀
2026-07-18,丝瓜,1.75,1.5,2.0,2,冀/豫冀
2026-07-19,丝瓜,2.375,1.5,3.5,2,冀/豫冀
2026-07-20,丝瓜,2.5,1.5,3.5,2,冀/豫冀
2026-07-21,丝瓜,3.2,2.5,3.8,2,冀/豫冀
2026-07-22,丝瓜,3.7,3.5,4.0,2,冀/豫冀
2026-07-23,丝瓜,3.5,3.0,4.0,2,冀/豫冀
2026-07-24,丝瓜,2.75,2.5,3.0,2,冀/豫冀
2026-07-25,丝瓜,2.5,2.0,3.0,2,冀/豫冀
2026-07-26,丝瓜,2.25,2.0,2.5,2,冀/豫冀
2026-07-27,丝瓜,1.7,1.2,2.0,2,冀/豫冀
2026-07-28,丝瓜,1.7,1.2,2.0,2,冀/豫冀
2026-07-29,丝瓜,1.7,1.2,2.0,2,冀/豫冀
2026-07-30,丝瓜,1.3,1.0,1.5,2,冀/豫冀
2026-07-31,丝瓜,1.3,1.0,1.5,2,冀/豫冀
2026-08-01,丝瓜,1.3,1.0,1.5,2,冀/豫冀
2026-08-02,丝瓜,1.3,1.0,1.5,2,冀/豫冀
2026-08-03,丝瓜,1.3,1.0,1.5,2,冀/豫冀
2026-08-04,丝瓜,1.3,1.0,1.5,2,冀/豫冀
2026-08-05,丝瓜,1.3,1.0,1.5,2,冀/豫冀
2026-08-06,丝瓜,1.3,1.0,1.5,2,冀/豫冀
2026-08-07,丝瓜,1.3,1.0,1.5,2,冀/豫冀
2026-08-08,丝瓜,1.425,1.0,2.0,2,冀/豫冀
2026-08-09,丝瓜,1.75,1.5,2.0,2,冀/豫冀
2026-08-10,丝瓜,2.125,1.5,2.5,2,冀/豫冀
2026-08-11,丝瓜,2.375,2.0,3.0,2,冀/豫冀
2026-01-10,仙人掌,39.5,39.0,40.0,1,
2026-01-20,仙人掌,39.5,39.0,40.0,1,
2026-01-31,仙人掌,39.5,39.0,40.0,1,
2026-02-10,仙人掌,39.5,39.0,40.0,1,
2026-02-28,仙人掌,37.5,37.0,38.0,1,
2026-03-10,仙人掌,37.5,37.0,38.0,1,
2026-03-20,仙人掌,35.5,35.0,36.0,1,
2026-03-31,仙人掌,35.5,35.0,36.0,1,
2026-04-10,仙人掌,30.5,30.0,31.0,1,
2026-04-20,仙人掌,30.5,30.0,31.0,1,
2026-04-30,仙人掌,30.5,30.0,31.0,1,
2026-05-10,仙人掌,29.5,29.0,30.0,1,
2026-05-20,仙人掌,29.5,29.0,30.0,1,
2026-05-31,仙人掌,29.5,29.0,30.0,1,
2026-06-10,仙人掌,29.5,29.0,30.0,1,
2026-06-20,仙人掌,29.5,29.0,30.0,1,
2026-06-30,仙人掌,29.5,29.0,30.0,1,
2026-07-10,仙人掌,29.5,29.0,30.0,1,
2026-07-20,仙人掌,30.25,30.0,30.5,1,
2026-07-31,仙人掌,30.25,30.0,30.5,1,
2026-08-10,仙人掌,30.25,30.0,30.5,1,
2026-01-10,兰花,14.5,14.0,15.0,1,
2026-01-20,兰花,14.5,14.0,15.0,1,
2026-01-31,兰花,15.5,15.0,16.0,1,
2026-02-10,兰花,22.5,22.0,23.0,1,
2026-02-28,兰花,19.5,19.0,20.0,1,
2026-03-10,兰花,11.5,11.0,12.0,1,
2026-03-20,兰花,11.5,11.0,12.0,1,
2026-03-31,兰花,11.5,11.0,12.0,1,
2026-04-10,兰花,10.5,10.0,11.0,1,
2026-04-20,兰花,11.5,11.0,12.0,1,
2026-04-30,兰花,18.5,18.0,19.0,1,
2026-05-10,兰花,19.25,19.0,19.5,1,
2026-05-20,兰花,16.5,16.0,17.0,1,
2026-05-31,兰花,18.5,18.0,19.0,1,
2026-06-10,兰花,16.5,16.0,17.0,1,
2026-06-20,兰花,15.5,15.0,16.0,1,
2026-06-30,兰花,18.25,18.0,18.5,1,
2026-07-10,兰花,29.0,28.0,30.0,1,
2026-07-20,兰花,34.5,34.0,35.0,1,
2026-07-31,兰花,33.0,36.0,30.0,1,
2026-08-10,兰花,24.5,24.0,25.0,1,
2026-01-01,冬瓜,1.65,1.4,1.9,2,新/桂
2026-01-02,冬瓜,1.65,1.4,1.9,2,新/桂
2026-01-03,冬瓜,1.65,1.4,1.9,2,新/桂
2026-01-04,冬瓜,1.65,1.4,1.9,2,新/桂
2026-01-05,冬瓜,1.575,1.3,1.8,2,新/桂
2026-01-06,冬瓜,1.575,1.3,1.8,2,新/桂
2026-01-07,冬瓜,1.575,1.3,1.8,2,新/桂
2026-01-08,冬瓜,1.575,1.3,1.8,2,新/桂
2026-01-09,冬瓜,1.575,1.3,1.8,2,新/桂
2026-01-10,冬瓜,1.6,1.3,1.9,2,新/桂
2026-01-11,冬瓜,1.6,1.3,1.9,2,新/桂
2026-01-12,冬瓜,1.65,1.4,1.9,2,新/桂
2026-01-13,冬瓜,1.65,1.4,1.9,2,新/桂
2026-01-14,冬瓜,1.65,1.4,1.9,2,新/桂
2026-01-15,冬瓜,1.65,1.4,1.9,2,新/桂
2026-01-16,冬瓜,1.65,1.4,1.9,2,新/桂
2026-01-17,冬瓜,1.65,1.4,1.9,2,新/桂
2026-01-18,冬瓜,1.65,1.4,1.9,2,新/桂
2026-01-19,冬瓜,1.65,1.4,1.9,2,新/桂
2026-01-20,冬瓜,1.65,1.4,1.9,2,新/桂
2026-01-21,冬瓜,1.65,1.4,1.9,2,新/桂
2026-01-22,冬瓜,1.725,1.5,1.9,2,新/桂
2026-01-23,冬瓜,1.725,1.5,1.9,2,新/桂
2026-01-24,冬瓜,1.725,1.5,1.9,2,新/桂
2026-01-25,冬瓜,1.725,1.5,1.9,2,新/桂
2026-01-26,冬瓜,1.725,1.5,1.9,2,新/桂
2026-01-27,冬瓜,1.725,1.5,1.9,2,新/桂
2026-01-28,冬瓜,1.725,1.5,1.9,2,新/桂
2026-01-29,冬瓜,1.75,1.6,1.9,2,新/桂
2026-01-30,冬瓜,1.75,1.6,1.9,2,新/桂
2026-01-31,冬瓜,1.75,1.6,1.9,2,新/桂
2026-02-01,冬瓜,1.75,1.6,1.9,2,新/桂
2026-02-02,冬瓜,1.775,1.6,2.0,2,新桂/桂海
2026-02-03,冬瓜,1.85,1.7,2.0,2,新桂/桂海
2026-02-04,冬瓜,1.85,1.7,2.0,2,新桂/桂海
2026-02-05,冬瓜,1.85,1.7,2.0,2,新桂/桂海
2026-02-06,冬瓜,1.85,1.7,2.0,2,新桂/桂海
2026-02-07,冬瓜,1.9,1.8,2.0,2,新桂/桂海
2026-02-08,冬瓜,1.9,1.8,2.0,2,新桂/桂海
2026-02-09,冬瓜,1.9,1.8,2.0,2,新桂/桂海
2026-02-10,冬瓜,1.9,1.8,2.0,2,新桂/桂海
2026-02-11,冬瓜,1.9,1.8,2.0,2,新桂/桂海
2026-02-12,冬瓜,1.9,1.8,2.0,2,新桂/桂海
2026-02-13,冬瓜,1.9,1.8,2.0,2,新桂/桂海
2026-02-14,冬瓜,1.9,1.8,2.0,2,新桂/桂海
2026-02-15,冬瓜,1.9,1.8,2.0,2,新桂/桂海
2026-02-16,冬瓜,1.9,1.8,2.0,2,新桂/桂海
2026-02-24,冬瓜,1.8,1.7,1.9,2,新桂/桂海
2026-02-25,冬瓜,1.8,1.7,1.9,2,新桂/桂海
2026-02-26,冬瓜,1.8,1.7,1.9,2,新桂/桂海
2026-02-27,冬瓜,1.8,1.7,1.9,2,新桂/桂海
2026-02-28,冬瓜,1.8,1.7,1.9,2,新桂/桂海
2026-03-01,冬瓜,1.8,1.7,1.9,2,新桂/桂海
2026-03-02,冬瓜,1.8,1.7,1.9,2,新桂/桂海
2026-03-03,冬瓜,1.8,1.7,1.9,2,新桂/桂海
2026-03-04,冬瓜,1.525,1.4,1.7,2,海
2026-03-05,冬瓜,1.525,1.4,1.7,2,海
2026-03-06,冬瓜,1.4,1.1,1.7,2,海
2026-03-07,冬瓜,1.35,1.1,1.6,2,海
2026-03-08,冬瓜,1.3,1.1,1.5,2,海
2026-03-09,冬瓜,1.25,1.1,1.4,2,海
2026-03-10,冬瓜,1.25,1.1,1.4,2,海
2026-03-11,冬瓜,1.025,0.9,1.2,2,海
2026-03-12,冬瓜,1.025,0.9,1.2,2,海
2026-03-13,冬瓜,0.99,0.85,1.2,2,海
2026-03-14,冬瓜,0.99,0.85,1.2,2,海
2026-03-15,冬瓜,0.95,0.8,1.1,2,海
2026-03-16,冬瓜,0.95,0.8,1.1,2,海
2026-03-17,冬瓜,0.95,0.8,1.1,2,海
2026-03-18,冬瓜,0.925,0.8,1.1,2,海
2026-03-19,冬瓜,0.925,0.8,1.1,2,海
2026-03-20,冬瓜,0.89,0.8,1.0,2,海
2026-03-21,冬瓜,0.89,0.8,1.0,2,海
2026-03-22,冬瓜,0.89,0.8,1.0,2,海
2026-03-23,冬瓜,0.89,0.8,1.0,2,海
2026-03-24,冬瓜,0.8,0.7,0.9,2,海
2026-03-25,冬瓜,0.775,0.7,0.9,2,海
2026-03-26,冬瓜,0.775,0.7,0.9,2,海
2026-03-27,冬瓜,0.775,0.7,0.9,2,海
2026-03-28,冬瓜,0.705,0.6,0.8,2,海
2026-03-29,冬瓜,0.705,0.6,0.8,2,海
2026-03-30,冬瓜,0.69,0.6,0.8,2,海
2026-03-31,冬瓜,0.69,0.6,0.8,2,海
2026-04-01,冬瓜,0.69,0.6,0.8,2,海
2026-04-02,冬瓜,0.69,0.6,0.8,2,海
2026-04-03,冬瓜,0.69,0.6,0.8,2,海
2026-04-04,冬瓜,0.69,0.6,0.8,2,海
2026-04-05,冬瓜,0.69,0.6,0.8,2,海/海桂
2026-04-06,冬瓜,0.69,0.6,0.8,2,海/海桂
2026-04-07,冬瓜,0.69,0.6,0.8,2,海/海桂
2026-04-08,冬瓜,0.69,0.6,0.8,2,海/海桂
2026-04-09,冬瓜,0.69,0.6,0.8,2,海/海桂
2026-04-10,冬瓜,0.69,0.6,0.8,2,海/海桂
2026-04-11,冬瓜,0.65,0.6,0.7,2,海/海桂
2026-04-12,冬瓜,0.65,0.6,0.7,2,海/海桂
2026-04-13,冬瓜,0.65,0.6,0.7,2,海/海桂
2026-04-14,冬瓜,0.65,0.6,0.7,2,海/海桂
2026-04-15,冬瓜,0.65,0.6,0.7,2,海/海桂
2026-04-16,冬瓜,0.65,0.6,0.7,2,海/海桂
2026-04-17,冬瓜,0.65,0.6,0.7,2,海/海桂
2026-04-18,冬瓜,0.65,0.6,0.7,2,海/海桂
2026-04-19,冬瓜,0.65,0.6,0.7,2,海/海桂
2026-04-20,冬瓜,0.65,0.6,0.7,2,海/海桂
2026-04-21,冬瓜,0.65,0.6,0.7,2,海/海桂
2026-04-22,冬瓜,0.59,0.45,0.7,2,海/海桂
2026-04-23,冬瓜,0.59,0.45,0.7,2,海/海桂
2026-04-24,冬瓜,0.59,0.45,0.7,2,海/海桂
2026-04-25,冬瓜,0.59,0.45,0.7,2,海/海桂
2026-04-26,冬瓜,0.59,0.45,0.7,2,海/海桂
2026-04-27,冬瓜,0.59,0.45,0.7,2,桂海/海桂
2026-04-28,冬瓜,0.59,0.45,0.7,2,桂海/海桂
2026-04-29,冬瓜,0.705,0.55,0.9,2,桂海/海桂
2026-04-30,冬瓜,0.705,0.55,0.9,2,桂海/海桂
2026-05-01,冬瓜,0.705,0.55,0.9,2,桂海/海桂
2026-05-02,冬瓜,0.705,0.55,0.9,2,桂海/海桂
2026-05-03,冬瓜,0.665,0.5,0.9,2,桂海/海桂
2026-05-04,冬瓜,0.675,0.5,0.9,2,桂海/海桂
2026-05-05,冬瓜,0.675,0.5,0.9,2,桂海/海桂
2026-05-06,冬瓜,0.675,0.5,0.9,2,桂海/海桂
2026-05-07,冬瓜,0.675,0.5,0.9,2,桂海/海桂
2026-05-08,冬瓜,0.675,0.5,0.9,2,桂海/海桂
2026-05-09,冬瓜,0.675,0.5,0.9,2,桂海/海桂
2026-05-10,冬瓜,0.675,0.5,0.9,2,桂海/海桂
2026-05-11,冬瓜,0.675,0.5,0.9,2,桂海/海桂
2026-05-12,冬瓜,0.675,0.5,0.9,2,桂海/海桂
2026-05-13,冬瓜,0.665,0.5,0.85,2,桂海/海桂
2026-05-14,冬瓜,0.655,0.45,0.85,2,桂海/海桂
2026-05-15,冬瓜,0.655,0.45,0.85,2,桂海/海桂
2026-05-16,冬瓜,0.615,0.45,0.8,2,桂海/海桂
2026-05-17,冬瓜,0.6,0.45,0.75,2,桂海/海桂
2026-05-18,冬瓜,0.625,0.5,0.75,2,桂海/海桂
2026-05-19,冬瓜,0.625,0.5,0.75,2,桂海/海桂
2026-05-20,冬瓜,0.625,0.5,0.75,2,桂海/海桂
2026-05-21,冬瓜,0.625,0.5,0.75,2,桂
2026-05-22,冬瓜,0.625,0.5,0.75,2,桂
2026-05-23,冬瓜,0.675,0.5,0.85,2,桂
2026-05-24,冬瓜,0.675,0.5,0.85,2,桂
2026-05-25,冬瓜,0.675,0.5,0.85,2,桂
2026-05-26,冬瓜,0.675,0.5,0.85,2,桂
2026-05-27,冬瓜,0.715,0.55,0.85,2,桂
2026-05-28,冬瓜,0.74,0.55,0.9,2,桂/桂鲁
2026-05-29,冬瓜,0.74,0.55,0.9,2,桂/桂鲁
2026-05-30,冬瓜,0.74,0.55,0.9,2,桂/桂鲁
2026-05-31,冬瓜,0.74,0.55,0.9,2,桂/桂鲁
2026-06-01,冬瓜,0.74,0.55,0.9,2,桂/桂鲁
2026-06-02,冬瓜,0.74,0.55,0.9,2,桂/桂鲁
2026-06-03,冬瓜,0.95,0.8,1.1,2,桂/桂鲁
2026-06-04,冬瓜,1.05,0.9,1.2,2,桂/桂鲁
2026-06-05,冬瓜,1.09,1.0,1.2,2,桂/桂鲁
2026-06-06,冬瓜,1.115,1.05,1.2,2,桂/桂鲁
2026-06-07,冬瓜,1.19,1.05,1.4,2,桂/桂鲁
2026-06-08,冬瓜,1.25,1.1,1.4,2,桂/桂鲁
2026-06-09,冬瓜,1.25,1.1,1.4,2,桂/桂鲁
2026-06-10,冬瓜,1.25,1.1,1.4,2,桂/桂鲁
2026-06-11,冬瓜,1.25,1.1,1.4,2,桂/桂鲁
2026-06-12,冬瓜,1.25,1.1,1.4,2,桂/桂鲁
2026-06-13,冬瓜,1.25,1.1,1.4,2,桂/桂鲁
2026-06-14,冬瓜,1.225,1.1,1.4,2,桂/桂鲁
2026-06-15,冬瓜,1.175,1.0,1.4,2,桂/桂鲁
2026-06-16,冬瓜,1.175,1.0,1.4,2,桂/桂鲁
2026-06-17,冬瓜,1.125,1.0,1.3,2,桂/桂鲁
2026-06-18,冬瓜,1.125,1.0,1.3,2,桂/桂鲁
2026-06-19,冬瓜,1.125,1.0,1.3,2,桂/桂鲁
2026-06-20,冬瓜,1.09,0.95,1.3,2,桂/桂鲁
2026-06-21,冬瓜,1.09,0.95,1.3,2,桂/桂鲁
2026-06-22,冬瓜,1.05,0.8,1.3,2,桂/桂鲁
2026-06-23,冬瓜,1.05,0.8,1.3,2,冀/桂
2026-06-24,冬瓜,1.05,0.8,1.3,2,冀/桂
2026-06-25,冬瓜,1.025,0.8,1.3,2,冀/桂
2026-06-26,冬瓜,1.025,0.8,1.3,2,冀/桂
2026-06-27,冬瓜,1.025,0.8,1.3,2,冀/桂
2026-06-28,冬瓜,1.025,0.8,1.3,2,冀/桂
2026-06-29,冬瓜,0.875,0.7,1.1,2,冀
2026-06-30,冬瓜,0.875,0.7,1.1,2,冀
2026-07-01,冬瓜,0.825,0.5,1.1,2,冀
2026-07-02,冬瓜,0.8,0.5,1.0,2,冀
2026-07-03,冬瓜,0.75,0.4,1.0,2,冀
2026-07-04,冬瓜,0.75,0.4,1.0,2,冀
2026-07-05,冬瓜,0.7,0.4,0.9,2,冀
2026-07-06,冬瓜,0.7,0.4,0.9,2,冀辽/冀鲁
2026-07-07,冬瓜,0.69,0.4,0.9,2,冀辽/冀鲁
2026-07-08,冬瓜,0.69,0.4,0.9,2,冀辽/冀鲁
2026-07-09,冬瓜,0.69,0.4,0.9,2,冀辽/冀鲁
2026-07-10,冬瓜,0.69,0.4,0.9,2,冀辽/冀鲁
2026-07-11,冬瓜,0.69,0.4,0.9,2,冀辽/冀鲁
2026-07-12,冬瓜,0.69,0.4,0.9,2,冀辽/冀鲁
2026-07-13,冬瓜,0.69,0.4,0.9,2,冀辽/冀鲁
2026-07-14,冬瓜,0.69,0.4,0.9,2,冀辽/冀鲁
2026-07-15,冬瓜,0.69,0.4,0.9,2,冀辽/冀鲁
2026-07-16,冬瓜,0.69,0.4,0.9,2,冀辽/冀鲁
2026-07-17,冬瓜,0.69,0.4,0.9,2,冀辽/冀鲁
2026-07-18,冬瓜,0.69,0.4,0.9,2,冀辽/冀鲁
2026-07-19,冬瓜,0.69,0.4,0.9,2,冀辽/冀鲁
2026-07-20,冬瓜,0.665,0.4,0.9,2,冀辽
2026-07-21,冬瓜,0.665,0.4,0.9,2,冀辽
2026-07-22,冬瓜,0.665,0.4,0.9,2,冀辽
2026-07-23,冬瓜,0.665,0.4,0.9,2,冀辽
2026-07-24,冬瓜,0.665,0.4,0.9,2,冀辽
2026-07-25,冬瓜,0.665,0.4,0.9,2,冀辽
2026-07-26,冬瓜,0.665,0.4,0.9,2,冀辽
2026-07-27,冬瓜,0.615,0.35,0.9,2,冀辽
2026-07-28,冬瓜,0.575,0.35,0.8,2,冀辽
2026-07-29,冬瓜,0.63,0.35,0.9,2,冀辽
2026-07-30,冬瓜,0.63,0.35,0.9,2,冀辽
2026-07-31,冬瓜,0.63,0.35,0.9,2,冀辽
2026-08-01,冬瓜,0.63,0.35,0.9,2,冀辽
2026-08-02,冬瓜,0.59,0.35,0.9,2,冀辽
2026-08-03,冬瓜,0.59,0.35,0.9,2,冀辽
2026-08-04,冬瓜,0.59,0.35,0.9,2,冀辽
2026-08-05,冬瓜,0.59,0.35,0.9,2,冀辽
2026-08-06,冬瓜,0.59,0.35,0.9,2,冀辽
2026-08-07,冬瓜,0.59,0.35,0.9,2,冀辽
2026-08-08,冬瓜,0.59,0.35,0.9,2,冀辽
2026-08-09,冬瓜,0.59,0.35,0.9,2,冀辽
2026-08-10,冬瓜,0.565,0.3,0.9,2,冀辽
2026-08-11,冬瓜,0.565,0.3,0.9,2,冀辽
2026-01-10,冬笋,18.5,18.0,19.0,1,
2026-01-20,冬笋,18.5,18.0,19.0,1,
2026-01-31,冬笋,18.5,18.0,19.0,1,
2026-02-10,冬笋,18.5,18.0,19.0,1,
2026-02-28,冬笋,16.5,16.0,17.0,1,
2026-03-10,冬笋,10.5,10.0,11.0,1,
2026-03-20,冬笋,9.5,9.0,10.0,1,
2026-03-31,冬笋,9.5,9.0,10.0,1,
2026-04-10,冬笋,7.5,7.0,8.0,1,
2026-04-20,冬笋,5.5,5.0,6.0,1,
2026-04-30,冬笋,5.5,5.0,6.0,1,
2026-05-10,冬笋,6.25,6.0,6.5,1,
2026-05-20,冬笋,6.25,6.0,6.5,1,
2026-05-31,冬笋,6.25,6.0,6.5,1,
2026-01-10,冰草,7.5,7.0,8.0,1,
2026-01-20,冰草,7.5,7.0,8.0,1,
2026-01-31,冰草,7.5,7.0,8.0,1,
2026-02-10,冰草,7.5,7.0,8.0,1,
2026-02-28,冰草,7.5,7.0,8.0,1,
2026-03-10,冰草,6.5,6.0,7.0,1,
2026-03-20,冰草,5.5,5.0,6.0,1,
2026-03-31,冰草,5.5,5.0,6.0,1,
2026-04-10,冰草,5.25,5.0,5.5,1,
2026-04-20,冰草,6.25,6.0,6.5,1,
2026-04-30,冰草,6.25,6.0,6.5,1,
2026-05-10,冰草,6.25,6.0,6.5,1,
2026-05-20,冰草,5.75,5.5,6.0,1,
2026-05-31,冰草,6.25,6.0,6.5,1,
2026-06-10,冰草,6.25,6.0,6.5,1,
2026-06-20,冰草,6.25,6.0,6.5,1,
2026-06-30,冰草,5.25,5.0,5.5,1,
2026-07-10,冰草,5.5,5.0,6.0,1,
2026-07-20,冰草,6.25,6.0,6.5,1,
2026-07-31,冰草,7.5,7.0,8.0,1,
2026-08-10,冰草,7.25,7.0,7.5,1,
2026-01-10,凉瓜,11.5,11.0,12.0,1,
2026-01-20,凉瓜,11.5,11.0,12.0,1,
2026-01-31,凉瓜,11.5,11.0,12.0,1,
2026-02-10,凉瓜,12.5,12.0,13.0,1,
2026-02-28,凉瓜,11.25,11.0,11.5,1,
2026-03-10,凉瓜,10.5,10.0,11.0,1,
2026-03-20,凉瓜,9.5,9.0,10.0,1,
2026-03-31,凉瓜,9.5,9.0,10.0,1,
2026-04-10,凉瓜,9.5,9.0,10.0,1,
2026-04-20,凉瓜,8.25,8.0,8.5,1,
2026-04-30,凉瓜,7.75,7.5,8.0,1,
2026-05-10,凉瓜,7.25,7.0,7.5,1,
2026-05-20,凉瓜,7.25,7.0,7.5,1,
2026-05-31,凉瓜,7.75,7.5,8.0,1,
2026-06-10,凉瓜,7.75,7.5,8.0,1,
2026-06-20,凉瓜,7.25,7.0,7.5,1,
2026-06-30,凉瓜,6.25,6.0,6.5,1,
2026-07-10,凉瓜,6.75,6.5,7.0,1,
2026-07-20,凉瓜,8.25,8.0,8.5,1,
2026-07-31,凉瓜,8.25,8.0,8.5,1,
2026-08-10,凉瓜,7.5,7.0,8.0,1,
2026-01-01,南北瓜,1.75,1.5,2.0,1,川冀云
2026-01-02,南北瓜,1.75,1.5,2.0,1,川冀云
2026-01-03,南北瓜,1.75,1.5,2.0,1,川冀云
2026-01-04,南北瓜,1.75,1.5,2.0,1,川冀云
2026-01-05,南北瓜,1.75,1.5,2.0,1,川冀云
2026-01-06,南北瓜,1.85,1.5,2.2,1,川冀云
2026-01-07,南北瓜,1.85,1.5,2.2,1,川冀云
2026-01-08,南北瓜,1.85,1.5,2.2,1,川冀云
2026-01-09,南北瓜,1.85,1.5,2.2,1,川冀云
2026-01-10,南北瓜,1.85,1.5,2.2,1,川冀云
2026-01-11,南北瓜,1.85,1.5,2.2,1,川冀云
2026-01-12,南北瓜,1.9,1.6,2.2,1,川冀云
2026-01-13,南北瓜,1.9,1.6,2.2,1,川冀云
2026-01-14,南北瓜,1.9,1.6,2.2,1,川冀云
2026-01-15,南北瓜,1.9,1.6,2.2,1,川冀云
2026-01-16,南北瓜,1.9,1.6,2.2,1,川冀云
2026-01-17,南北瓜,1.9,1.6,2.2,1,川冀云
2026-01-18,南北瓜,1.9,1.6,2.2,1,冀云
2026-01-19,南北瓜,1.9,1.6,2.2,1,冀新云
2026-01-20,南北瓜,1.85,1.5,2.2,1,冀新云
2026-01-21,南北瓜,1.85,1.5,2.2,1,冀新云
2026-01-22,南北瓜,1.85,1.5,2.2,1,冀新云
2026-01-23,南北瓜,1.85,1.5,2.2,1,川冀云
2026-01-24,南北瓜,1.85,1.5,2.2,1,川冀云
2026-01-25,南北瓜,1.85,1.5,2.2,1,冀新云
2026-01-26,南北瓜,1.85,1.5,2.2,1,冀新云
2026-01-27,南北瓜,1.9,1.6,2.2,1,冀新云
2026-01-28,南北瓜,2.1,1.7,2.5,1,冀新云
2026-01-29,南北瓜,2.15,1.7,2.6,1,冀新云
2026-01-30,南北瓜,2.15,1.7,2.6,1,冀新云
2026-01-31,南北瓜,2.15,1.7,2.6,1,冀新云
2026-02-01,南北瓜,2.4,2.0,2.8,1,冀新云
2026-02-02,南北瓜,2.4,2.0,2.8,1,冀新云
2026-02-03,南北瓜,2.4,2.0,2.8,1,冀新云
2026-02-04,南北瓜,2.6,2.4,2.8,1,冀新云
2026-02-05,南北瓜,2.6,2.4,2.8,1,冀新云
2026-02-06,南北瓜,2.6,2.4,2.8,1,冀新云
2026-02-07,南北瓜,2.6,2.4,2.8,1,冀新云
2026-02-08,南北瓜,2.6,2.4,2.8,1,冀新云
2026-02-09,南北瓜,2.6,2.4,2.8,1,冀新云
2026-02-10,南北瓜,2.6,2.4,2.8,1,冀新云
2026-02-11,南北瓜,2.6,2.4,2.8,1,冀新云
2026-02-12,南北瓜,2.6,2.4,2.8,1,冀新云
2026-02-13,南北瓜,2.6,2.4,2.8,1,冀新云
2026-02-14,南北瓜,2.6,2.4,2.8,1,冀新云
2026-02-15,南北瓜,2.6,2.4,2.8,1,冀新云
2026-02-16,南北瓜,2.6,2.4,2.8,1,冀新云
2026-02-24,南北瓜,2.65,2.4,2.9,1,冀海云
2026-02-25,南北瓜,2.65,2.4,2.9,1,冀海云
2026-02-26,南北瓜,2.65,2.4,2.9,1,冀海云
2026-02-27,南北瓜,2.65,2.4,2.9,1,冀海云
2026-02-28,南北瓜,2.65,2.4,2.9,1,冀海云
2026-03-01,南北瓜,2.65,2.4,2.9,1,冀海云
2026-03-02,南北瓜,2.65,2.4,2.9,1,冀海云
2026-03-03,南北瓜,2.65,2.4,2.9,1,冀海云
2026-03-04,南北瓜,2.65,2.4,2.9,1,冀海云
2026-03-05,南北瓜,2.45,2.0,2.9,1,冀海云
2026-03-06,南北瓜,2.45,2.0,2.9,1,冀海云
2026-03-07,南北瓜,2.4,2.0,2.8,1,冀海云
2026-03-08,南北瓜,2.35,2.0,2.7,1,冀海云
2026-03-09,南北瓜,2.2,1.8,2.6,1,冀海云
2026-03-10,南北瓜,2.2,1.8,2.6,1,冀海云
2026-03-11,南北瓜,2.0,1.5,2.5,1,冀海云
2026-03-12,南北瓜,2.0,1.5,2.5,1,冀海云
2026-03-13,南北瓜,2.0,1.5,2.5,1,冀海云
2026-03-14,南北瓜,1.9,1.5,2.3,1,冀海云
2026-03-15,南北瓜,1.9,1.5,2.3,1,冀海云
2026-03-16,南北瓜,1.9,1.5,2.3,1,冀海云
2026-03-17,南北瓜,1.9,1.5,2.3,1,冀海云
2026-03-18,南北瓜,1.8,1.3,2.3,1,冀海云
2026-03-19,南北瓜,1.75,1.3,2.2,1,冀海云
2026-03-20,南北瓜,1.75,1.3,2.2,1,冀海云
2026-03-21,南北瓜,1.75,1.3,2.2,1,冀海云
2026-03-22,南北瓜,1.7,1.3,2.1,1,冀海云
2026-03-23,南北瓜,1.65,1.3,2.0,1,冀海
2026-03-24,南北瓜,1.55,1.2,1.9,1,冀海
2026-03-25,南北瓜,1.5,1.1,1.9,1,冀海
2026-03-26,南北瓜,1.5,1.1,1.9,1,冀海
2026-03-27,南北瓜,1.45,1.1,1.8,1,冀海云
2026-03-28,南北瓜,1.45,1.1,1.8,1,冀海云
2026-03-29,南北瓜,1.45,1.1,1.8,1,冀海云
2026-03-30,南北瓜,1.45,1.1,1.8,1,冀海云
2026-03-31,南北瓜,1.45,1.1,1.8,1,冀海云
2026-04-01,南北瓜,1.4,1.1,1.7,1,冀海云
2026-04-02,南北瓜,1.35,1.1,1.6,1,冀海云
2026-04-03,南北瓜,1.35,1.1,1.6,1,冀海云
2026-04-04,南北瓜,1.35,1.1,1.6,1,冀海云
2026-04-05,南北瓜,1.35,1.1,1.6,1,冀海
2026-04-06,南北瓜,1.35,1.1,1.6,1,冀海
2026-04-07,南北瓜,1.35,1.1,1.6,1,冀海
2026-04-08,南北瓜,1.3,1.1,1.5,1,冀海
2026-04-09,南北瓜,1.25,1.1,1.4,1,冀海
2026-04-10,南北瓜,1.25,1.1,1.4,1,冀海
2026-04-11,南北瓜,1.25,1.1,1.4,1,冀海
2026-04-12,南北瓜,1.2,1.1,1.3,1,冀海
2026-04-13,南北瓜,1.1,0.9,1.3,1,冀海
2026-04-14,南北瓜,1.1,0.9,1.3,1,冀海
2026-04-15,南北瓜,1.1,0.9,1.3,1,冀海
2026-04-16,南北瓜,1.1,0.9,1.3,1,冀海
2026-04-17,南北瓜,1.1,0.9,1.3,1,冀海
2026-04-18,南北瓜,1.1,0.9,1.3,1,冀海
2026-04-19,南北瓜,1.05,0.9,1.2,1,冀海
2026-04-20,南北瓜,1.05,0.9,1.2,1,冀海
2026-04-21,南北瓜,1.05,0.9,1.2,1,冀海
2026-04-22,南北瓜,1.05,0.9,1.2,1,冀海
2026-04-23,南北瓜,1.05,0.9,1.2,1,冀海
2026-04-24,南北瓜,1.05,0.9,1.2,1,冀海
2026-04-25,南北瓜,1.05,0.9,1.2,1,冀海
2026-04-26,南北瓜,1.05,0.9,1.2,1,冀海
2026-04-27,南北瓜,1.05,0.9,1.2,1,冀海
2026-04-28,南北瓜,1.05,0.9,1.2,1,冀海
2026-04-29,南北瓜,1.05,0.9,1.2,1,冀海
2026-04-30,南北瓜,1.05,0.9,1.2,1,冀海
2026-05-01,南北瓜,1.05,0.9,1.2,1,冀海
2026-05-02,南北瓜,1.05,0.9,1.2,1,冀海
2026-05-03,南北瓜,1.05,0.9,1.2,1,冀海
2026-05-04,南北瓜,1.05,0.9,1.2,1,冀海
2026-05-05,南北瓜,1.05,0.9,1.2,1,冀海
2026-05-06,南北瓜,0.95,0.8,1.1,1,桂冀海
2026-05-07,南北瓜,0.95,0.8,1.1,1,桂冀海
2026-05-08,南北瓜,0.95,0.8,1.1,1,桂冀海
2026-05-09,南北瓜,0.95,0.8,1.1,1,桂冀海
2026-05-10,南北瓜,0.95,0.8,1.1,1,桂冀海
2026-05-11,南北瓜,0.9,0.8,1.0,1,桂海
2026-05-12,南北瓜,0.9,0.8,1.0,1,桂海
2026-05-13,南北瓜,0.9,0.8,1.0,1,桂海
2026-05-14,南北瓜,0.9,0.8,1.0,1,桂海
2026-05-15,南北瓜,0.9,0.8,1.0,1,桂海
2026-05-16,南北瓜,0.9,0.8,1.0,1,桂海
2026-05-17,南北瓜,0.9,0.8,1.0,1,桂海
2026-05-18,南北瓜,0.9,0.8,1.0,1,桂海
2026-05-19,南北瓜,0.9,0.8,1.0,1,桂海
2026-05-20,南北瓜,0.9,0.8,1.0,1,桂海
2026-05-21,南北瓜,0.9,0.8,1.0,1,桂海
2026-05-22,南北瓜,0.9,0.8,1.0,1,桂海
2026-05-23,南北瓜,0.9,0.8,1.0,1,桂海
2026-05-24,南北瓜,0.9,0.8,1.0,1,桂海
2026-05-25,南北瓜,0.9,0.8,1.0,1,桂海
2026-05-26,南北瓜,0.9,0.8,1.0,1,桂海
2026-05-27,南北瓜,0.9,0.8,1.0,1,桂海
2026-05-28,南北瓜,0.9,0.8,1.0,1,桂海
2026-05-29,南北瓜,0.9,0.8,1.0,1,桂海
2026-05-30,南北瓜,0.9,0.8,1.0,1,桂海
2026-05-31,南北瓜,0.9,0.8,1.0,1,桂海
2026-06-01,南北瓜,0.9,0.8,1.0,1,桂海
2026-06-02,南北瓜,0.9,0.8,1.0,1,桂海
2026-06-03,南北瓜,0.9,0.8,1.0,1,桂海
2026-06-04,南北瓜,0.9,0.8,1.0,1,桂海
2026-06-05,南北瓜,0.9,0.8,1.0,1,桂海
2026-06-06,南北瓜,0.9,0.8,1.0,1,桂海
2026-06-07,南北瓜,0.9,0.8,1.0,1,桂海
2026-06-08,南北瓜,0.9,0.8,1.0,1,桂海
2026-06-09,南北瓜,0.9,0.8,1.0,1,桂海
2026-06-10,南北瓜,0.9,0.8,1.0,1,桂海
2026-06-11,南北瓜,0.9,0.8,1.0,1,桂海
2026-06-12,南北瓜,0.9,0.8,1.0,1,桂海
2026-06-13,南北瓜,0.9,0.8,1.0,1,桂海
2026-06-14,南北瓜,0.9,0.8,1.0,1,桂海
2026-06-15,南北瓜,0.9,0.8,1.0,1,桂海
2026-06-16,南北瓜,0.9,0.8,1.0,1,桂海
2026-06-17,南北瓜,0.95,0.8,1.1,1,桂海
2026-06-18,南北瓜,0.95,0.8,1.1,1,桂海
2026-06-19,南北瓜,1.15,1.1,1.2,1,桂云川
2026-06-20,南北瓜,1.15,1.1,1.2,1,桂云川
2026-06-21,南北瓜,1.15,1.1,1.2,1,桂云川
2026-06-22,南北瓜,1.15,1.1,1.2,1,桂云川
2026-06-23,南北瓜,1.15,1.1,1.2,1,桂云川
2026-06-24,南北瓜,1.15,1.1,1.2,1,桂云川
2026-06-25,南北瓜,1.15,1.1,1.2,1,桂云川
2026-06-26,南北瓜,1.15,1.1,1.2,1,桂云川
2026-06-27,南北瓜,1.15,1.1,1.2,1,桂云川
2026-06-28,南北瓜,1.15,1.1,1.2,1,桂云川
2026-06-29,南北瓜,1.1,1.0,1.2,1,桂云川
2026-06-30,南北瓜,1.1,1.0,1.2,1,桂云川
2026-07-01,南北瓜,1.1,1.0,1.2,1,桂云川
2026-07-02,南北瓜,1.1,1.0,1.2,1,桂云川
2026-07-03,南北瓜,1.1,1.0,1.2,1,桂云川
2026-07-04,南北瓜,1.1,1.0,1.2,1,桂云川
2026-07-05,南北瓜,1.1,1.0,1.2,1,桂云川
2026-07-06,南北瓜,1.1,1.0,1.2,1,云川湘
2026-07-07,南北瓜,1.1,1.0,1.2,1,桂云川
2026-07-08,南北瓜,1.1,1.0,1.2,1,桂云川
2026-07-09,南北瓜,1.1,1.0,1.2,1,桂云川
2026-07-10,南北瓜,1.1,1.0,1.2,1,桂云川
2026-07-11,南北瓜,1.1,1.0,1.2,1,桂云川
2026-07-12,南北瓜,1.1,1.0,1.2,1,桂云川
2026-07-13,南北瓜,1.1,1.0,1.2,1,川
2026-07-14,南北瓜,1.0,0.9,1.1,1,川
2026-07-15,南北瓜,1.0,0.9,1.1,1,川
2026-07-16,南北瓜,0.95,0.9,1.0,1,川
2026-07-17,南北瓜,0.95,0.9,1.0,1,桂云川
2026-07-18,南北瓜,0.95,0.9,1.0,1,桂云川
2026-07-19,南北瓜,0.95,0.9,1.0,1,川
2026-07-20,南北瓜,0.95,0.9,1.0,1,川
2026-07-21,南北瓜,0.95,0.9,1.0,1,川
2026-07-22,南北瓜,0.95,0.9,1.0,1,川
2026-07-23,南北瓜,0.95,0.9,1.0,1,川
2026-07-24,南北瓜,0.95,0.9,1.0,1,川
2026-07-25,南北瓜,0.95,0.9,1.0,1,川
2026-07-26,南北瓜,0.95,0.9,1.0,1,川
2026-07-27,南北瓜,0.95,0.9,1.0,1,川鄂
2026-07-28,南北瓜,0.85,0.8,0.9,1,川鄂
2026-07-29,南北瓜,0.8,0.7,0.9,1,川鄂
2026-07-30,南北瓜,0.8,0.7,0.9,1,川鄂
2026-07-31,南北瓜,0.8,0.7,0.9,1,川鄂
2026-08-01,南北瓜,0.8,0.7,0.9,1,川鄂
2026-08-02,南北瓜,0.8,0.7,0.9,1,川鄂
2026-08-03,南北瓜,0.8,0.7,0.9,1,川鄂
2026-08-04,南北瓜,0.8,0.7,0.9,1,川鄂
2026-08-05,南北瓜,0.83,0.75,0.9,1,川鄂
2026-08-06,南北瓜,0.83,0.75,0.9,1,川鄂
2026-08-07,南北瓜,0.83,0.75,0.9,1,川鄂
2026-08-08,南北瓜,0.83,0.75,0.9,1,川鄂
2026-08-09,南北瓜,0.83,0.75,0.9,1,川鄂
2026-08-10,南北瓜,0.83,0.75,0.9,1,川鄂
2026-08-11,南北瓜,0.83,0.75,0.9,1,川鄂
2026-01-10,南姜,7.25,7.0,7.5,1,
2026-01-20,南姜,7.5,7.0,8.0,1,
2026-01-31,南姜,7.25,7.0,7.5,1,
2026-02-10,南姜,8.25,8.0,8.5,1,
2026-02-28,南姜,8.25,8.0,8.5,1,
2026-03-10,南姜,8.25,8.0,8.5,1,
2026-03-20,南姜,7.5,7.0,8.0,1,
2026-03-31,南姜,7.5,7.0,8.0,1,
2026-04-10,南姜,6.5,6.0,7.0,1,
2026-04-20,南姜,6.5,6.0,7.0,1,
2026-04-30,南姜,6.5,6.0,7.0,1,
2026-05-10,南姜,7.25,7.0,7.5,1,
2026-05-20,南姜,7.25,7.0,7.5,1,
2026-05-31,南姜,7.75,7.5,8.0,1,
2026-06-10,南姜,6.75,6.5,7.0,1,
2026-06-20,南姜,6.25,6.0,6.5,1,
2026-06-30,南姜,6.25,6.0,6.5,1,
2026-07-10,南姜,6.5,6.0,7.0,1,
2026-07-20,南姜,7.25,7.0,7.5,1,
2026-07-31,南姜,7.25,7.0,7.5,1,
2026-08-10,南姜,7.25,7.0,7.5,1,
2026-01-01,卞萝卜,0.8,0.7,0.9,1,冀
2026-01-02,卞萝卜,0.8,0.7,0.9,1,冀
2026-01-03,卞萝卜,0.8,0.7,0.9,1,冀
2026-01-04,卞萝卜,0.8,0.7,0.9,1,冀
2026-01-05,卞萝卜,0.8,0.7,0.9,1,冀
2026-01-06,卞萝卜,0.8,0.7,0.9,1,冀
2026-01-07,卞萝卜,0.8,0.7,0.9,1,冀
2026-01-08,卞萝卜,0.8,0.7,0.9,1,冀
2026-01-09,卞萝卜,0.8,0.7,0.9,1,冀
2026-01-10,卞萝卜,0.8,0.7,0.9,1,冀
2026-01-11,卞萝卜,0.8,0.7,0.9,1,冀
2026-01-12,卞萝卜,0.8,0.7,0.9,1,冀
2026-01-13,卞萝卜,0.8,0.7,0.9,1,冀
2026-01-14,卞萝卜,0.8,0.7,0.9,1,冀
2026-01-15,卞萝卜,0.8,0.7,0.9,1,冀
2026-01-16,卞萝卜,0.8,0.7,0.9,1,冀
2026-01-17,卞萝卜,0.8,0.7,0.9,1,冀
2026-01-18,卞萝卜,0.8,0.7,0.9,1,冀
2026-01-19,卞萝卜,0.8,0.7,0.9,1,冀
2026-01-20,卞萝卜,0.8,0.7,0.9,1,冀
2026-01-21,卞萝卜,0.8,0.7,0.9,1,冀
2026-01-22,卞萝卜,0.8,0.7,0.9,1,冀
2026-01-23,卞萝卜,0.8,0.7,0.9,1,冀
2026-01-24,卞萝卜,0.8,0.7,0.9,1,冀
2026-01-25,卞萝卜,0.8,0.7,0.9,1,冀
2026-01-26,卞萝卜,0.8,0.7,0.9,1,冀
2026-01-27,卞萝卜,0.8,0.7,0.9,1,冀
2026-01-28,卞萝卜,0.8,0.7,0.9,1,冀
2026-01-29,卞萝卜,0.8,0.7,0.9,1,冀
2026-01-30,卞萝卜,0.8,0.7,0.9,1,冀
2026-01-31,卞萝卜,0.8,0.7,0.9,1,冀
2026-02-01,卞萝卜,0.8,0.7,0.9,1,冀
2026-02-02,卞萝卜,0.8,0.7,0.9,1,冀
2026-02-03,卞萝卜,0.8,0.7,0.9,1,冀
2026-02-04,卞萝卜,0.8,0.7,0.9,1,冀
2026-02-05,卞萝卜,0.8,0.7,0.9,1,冀
2026-02-06,卞萝卜,0.8,0.7,0.9,1,冀
2026-02-07,卞萝卜,0.8,0.7,0.9,1,冀
2026-02-08,卞萝卜,0.8,0.7,0.9,1,冀
2026-02-09,卞萝卜,0.8,0.7,0.9,1,冀
2026-02-10,卞萝卜,0.8,0.7,0.9,1,冀
2026-02-11,卞萝卜,0.8,0.7,0.9,1,冀
2026-02-12,卞萝卜,0.8,0.7,0.9,1,冀
2026-02-13,卞萝卜,0.8,0.7,0.9,1,冀
2026-02-14,卞萝卜,0.8,0.7,0.9,1,冀
2026-02-15,卞萝卜,0.8,0.7,0.9,1,冀
2026-02-16,卞萝卜,0.8,0.7,0.9,1,冀
2026-02-24,卞萝卜,0.8,0.7,0.9,1,冀
2026-02-25,卞萝卜,0.8,0.7,0.9,1,冀
2026-02-26,卞萝卜,0.8,0.7,0.9,1,冀
2026-02-27,卞萝卜,0.8,0.7,0.9,1,冀
2026-02-28,卞萝卜,0.8,0.7,0.9,1,冀
2026-03-01,卞萝卜,0.8,0.7,0.9,1,冀
2026-03-02,卞萝卜,0.8,0.7,0.9,1,冀
2026-03-03,卞萝卜,0.8,0.7,0.9,1,冀
2026-03-04,卞萝卜,0.8,0.7,0.9,1,冀
2026-03-05,卞萝卜,0.8,0.7,0.9,1,冀
2026-03-06,卞萝卜,0.8,0.7,0.9,1,冀
2026-03-07,卞萝卜,0.8,0.7,0.9,1,冀
2026-03-08,卞萝卜,0.85,0.8,0.9,1,冀
2026-03-09,卞萝卜,0.85,0.8,0.9,1,冀
2026-03-10,卞萝卜,0.85,0.8,0.9,1,冀
2026-03-11,卞萝卜,0.85,0.8,0.9,1,冀
2026-03-12,卞萝卜,0.85,0.8,0.9,1,冀
2026-03-13,卞萝卜,0.85,0.8,0.9,1,冀
2026-03-14,卞萝卜,0.85,0.8,0.9,1,冀
2026-03-15,卞萝卜,0.85,0.8,0.9,1,冀
2026-03-16,卞萝卜,0.85,0.8,0.9,1,冀
2026-03-17,卞萝卜,0.85,0.8,0.9,1,冀
2026-03-18,卞萝卜,0.85,0.8,0.9,1,冀
2026-03-19,卞萝卜,0.85,0.8,0.9,1,冀
2026-03-20,卞萝卜,0.85,0.8,0.9,1,冀
2026-03-21,卞萝卜,0.85,0.8,0.9,1,冀
2026-03-22,卞萝卜,0.85,0.8,0.9,1,冀
2026-03-23,卞萝卜,0.85,0.8,0.9,1,冀
2026-03-24,卞萝卜,0.85,0.8,0.9,1,冀
2026-03-25,卞萝卜,0.85,0.8,0.9,1,冀
2026-03-26,卞萝卜,0.85,0.8,0.9,1,冀
2026-03-27,卞萝卜,0.85,0.8,0.9,1,冀
2026-03-28,卞萝卜,0.85,0.8,0.9,1,冀
2026-03-29,卞萝卜,0.85,0.8,0.9,1,冀
2026-03-30,卞萝卜,0.85,0.8,0.9,1,冀
2026-03-31,卞萝卜,0.85,0.8,0.9,1,冀
2026-04-01,卞萝卜,0.85,0.8,0.9,1,冀
2026-04-02,卞萝卜,0.85,0.8,0.9,1,冀
2026-04-03,卞萝卜,0.85,0.8,0.9,1,冀
2026-04-04,卞萝卜,0.85,0.8,0.9,1,冀
2026-04-05,卞萝卜,0.85,0.8,0.9,1,冀
2026-04-06,卞萝卜,0.85,0.8,0.9,1,冀
2026-04-07,卞萝卜,0.85,0.8,0.9,1,冀
2026-04-08,卞萝卜,0.85,0.8,0.9,1,冀
2026-04-09,卞萝卜,0.85,0.8,0.9,1,冀
2026-04-10,卞萝卜,0.85,0.8,0.9,1,冀
2026-04-11,卞萝卜,0.75,0.7,0.8,1,冀
2026-04-12,卞萝卜,0.75,0.7,0.8,1,冀
2026-04-13,卞萝卜,0.75,0.7,0.8,1,冀
2026-04-14,卞萝卜,0.75,0.7,0.8,1,冀
2026-04-15,卞萝卜,0.75,0.7,0.8,1,冀
2026-04-16,卞萝卜,0.75,0.7,0.8,1,冀
2026-04-17,卞萝卜,0.75,0.7,0.8,1,冀
2026-04-18,卞萝卜,0.75,0.7,0.8,1,冀
2026-04-19,卞萝卜,0.75,0.7,0.8,1,冀
2026-04-20,卞萝卜,0.75,0.7,0.8,1,冀
2026-04-21,卞萝卜,0.75,0.7,0.8,1,冀
2026-04-22,卞萝卜,0.75,0.7,0.8,1,冀
2026-04-23,卞萝卜,0.75,0.7,0.8,1,冀
2026-04-24,卞萝卜,0.75,0.7,0.8,1,冀
2026-04-25,卞萝卜,0.75,0.7,0.8,1,冀
2026-04-26,卞萝卜,0.75,0.7,0.8,1,冀
2026-04-27,卞萝卜,0.75,0.7,0.8,1,冀
2026-04-28,卞萝卜,0.75,0.7,0.8,1,冀
2026-04-29,卞萝卜,0.75,0.7,0.8,1,冀
2026-04-30,卞萝卜,0.75,0.7,0.8,1,冀
2026-05-01,卞萝卜,0.75,0.7,0.8,1,冀
2026-05-02,卞萝卜,0.75,0.7,0.8,1,冀
2026-05-03,卞萝卜,0.75,0.7,0.8,1,冀
2026-05-04,卞萝卜,0.75,0.7,0.8,1,冀
2026-05-05,卞萝卜,0.75,0.7,0.8,1,冀
2026-05-06,卞萝卜,0.75,0.7,0.8,1,冀
2026-05-07,卞萝卜,0.75,0.7,0.8,1,冀
2026-05-08,卞萝卜,0.95,0.7,1.2,1,冀
2026-05-09,卞萝卜,0.95,0.7,1.2,1,冀
2026-05-10,卞萝卜,0.95,0.7,1.2,1,冀
2026-05-11,卞萝卜,0.95,0.7,1.2,1,冀
2026-05-12,卞萝卜,1.1,1.0,1.2,1,冀
2026-05-13,卞萝卜,1.1,1.0,1.2,1,冀
2026-05-14,卞萝卜,1.1,1.0,1.2,1,冀
2026-05-15,卞萝卜,1.1,1.0,1.2,1,冀
2026-05-16,卞萝卜,1.1,1.0,1.2,1,冀
2026-05-17,卞萝卜,1.1,1.0,1.2,1,冀
2026-05-18,卞萝卜,0.9,0.8,1.0,1,冀
2026-05-19,卞萝卜,0.85,0.8,0.9,1,冀
2026-05-20,卞萝卜,0.85,0.8,0.9,1,冀
2026-05-21,卞萝卜,0.85,0.8,0.9,1,冀
2026-05-22,卞萝卜,0.85,0.8,0.9,1,冀
2026-05-23,卞萝卜,0.85,0.8,0.9,1,冀
2026-05-24,卞萝卜,0.75,0.7,0.8,1,冀
2026-05-25,卞萝卜,0.75,0.7,0.8,1,冀
2026-05-26,卞萝卜,0.75,0.7,0.8,1,冀
2026-05-27,卞萝卜,0.75,0.7,0.8,1,冀
2026-05-28,卞萝卜,0.75,0.7,0.8,1,冀
2026-05-29,卞萝卜,0.75,0.7,0.8,1,冀
2026-05-30,卞萝卜,0.75,0.7,0.8,1,冀
2026-05-31,卞萝卜,0.75,0.7,0.8,1,冀
2026-06-01,卞萝卜,0.75,0.7,0.8,1,冀
2026-06-02,卞萝卜,0.75,0.7,0.8,1,冀
2026-06-03,卞萝卜,0.75,0.7,0.8,1,冀
2026-06-04,卞萝卜,0.75,0.7,0.8,1,冀
2026-06-05,卞萝卜,0.75,0.7,0.8,1,冀
2026-06-06,卞萝卜,0.75,0.7,0.8,1,冀
2026-06-07,卞萝卜,0.75,0.7,0.8,1,冀
2026-06-08,卞萝卜,0.75,0.7,0.8,1,冀
2026-06-09,卞萝卜,0.75,0.7,0.8,1,冀
2026-06-10,卞萝卜,0.75,0.7,0.8,1,冀
2026-06-11,卞萝卜,0.75,0.7,0.8,1,冀
2026-06-12,卞萝卜,0.75,0.7,0.8,1,冀
2026-06-13,卞萝卜,0.75,0.7,0.8,1,冀
2026-06-14,卞萝卜,0.75,0.7,0.8,1,冀
2026-06-15,卞萝卜,0.75,0.7,0.8,1,冀
2026-06-16,卞萝卜,0.75,0.7,0.8,1,冀
2026-06-17,卞萝卜,0.75,0.7,0.8,1,冀
2026-06-18,卞萝卜,0.75,0.7,0.8,1,冀
2026-06-19,卞萝卜,0.75,0.7,0.8,1,冀
2026-06-20,卞萝卜,0.75,0.7,0.8,1,冀
2026-06-21,卞萝卜,0.75,0.7,0.8,1,冀
2026-06-22,卞萝卜,0.75,0.7,0.8,1,冀
2026-06-23,卞萝卜,0.75,0.7,0.8,1,冀
2026-06-24,卞萝卜,0.75,0.7,0.8,1,冀
2026-06-25,卞萝卜,0.75,0.7,0.8,1,冀
2026-06-26,卞萝卜,0.75,0.7,0.8,1,冀
2026-06-27,卞萝卜,0.75,0.7,0.8,1,冀
2026-06-28,卞萝卜,0.75,0.7,0.8,1,冀
2026-06-29,卞萝卜,0.7,0.6,0.8,1,冀
2026-06-30,卞萝卜,0.7,0.6,0.8,1,冀
2026-07-01,卞萝卜,0.7,0.6,0.8,1,冀
2026-07-02,卞萝卜,0.7,0.6,0.8,1,冀
2026-07-03,卞萝卜,0.7,0.6,0.8,1,冀
2026-07-04,卞萝卜,0.7,0.6,0.8,1,冀
2026-07-05,卞萝卜,0.7,0.6,0.8,1,冀
2026-07-06,卞萝卜,0.7,0.6,0.8,1,冀
2026-07-07,卞萝卜,0.7,0.6,0.8,1,冀
2026-07-08,卞萝卜,0.7,0.6,0.8,1,冀
2026-07-09,卞萝卜,0.7,0.6,0.8,1,冀
2026-07-10,卞萝卜,0.7,0.6,0.8,1,冀
2026-07-11,卞萝卜,0.7,0.6,0.8,1,冀
2026-07-12,卞萝卜,0.7,0.6,0.8,1,冀
2026-07-13,卞萝卜,0.7,0.6,0.8,1,冀
2026-07-14,卞萝卜,0.7,0.6,0.8,1,冀
2026-07-15,卞萝卜,0.7,0.6,0.8,1,冀
2026-07-16,卞萝卜,0.7,0.6,0.8,1,冀
2026-07-17,卞萝卜,0.7,0.6,0.8,1,冀
2026-07-18,卞萝卜,0.7,0.6,0.8,1,冀
2026-07-19,卞萝卜,0.7,0.6,0.8,1,冀
2026-07-20,卞萝卜,0.7,0.6,0.8,1,冀
2026-07-21,卞萝卜,0.7,0.6,0.8,1,冀
2026-07-22,卞萝卜,0.7,0.6,0.8,1,冀
2026-07-23,卞萝卜,0.7,0.6,0.8,1,冀
2026-07-24,卞萝卜,0.7,0.6,0.8,1,冀
2026-07-25,卞萝卜,0.7,0.6,0.8,1,冀
2026-07-26,卞萝卜,0.7,0.6,0.8,1,冀
2026-07-27,卞萝卜,0.7,0.6,0.8,1,冀
2026-07-28,卞萝卜,0.7,0.6,0.8,1,冀
2026-07-29,卞萝卜,0.7,0.6,0.8,1,冀
2026-07-30,卞萝卜,0.7,0.6,0.8,1,冀
2026-07-31,卞萝卜,0.7,0.6,0.8,1,冀
2026-08-01,卞萝卜,0.7,0.6,0.8,1,冀
2026-08-02,卞萝卜,0.7,0.6,0.8,1,冀
2026-08-03,卞萝卜,0.7,0.6,0.8,1,冀
2026-08-04,卞萝卜,0.7,0.6,0.8,1,冀
2026-08-05,卞萝卜,0.7,0.6,0.8,1,冀
2026-08-06,卞萝卜,0.7,0.6,0.8,1,冀
2026-08-07,卞萝卜,0.7,0.6,0.8,1,冀
2026-08-08,卞萝卜,0.7,0.6,0.8,1,冀
2026-08-09,卞萝卜,0.7,0.6,0.8,1,冀
2026-08-10,卞萝卜,0.7,0.6,0.8,1,冀
2026-08-11,卞萝卜,0.7,0.6,0.8,1,冀
2026-01-01,口蘑,8.25,8.0,8.5,1,豫
2026-01-02,口蘑,8.25,8.0,8.5,1,豫
2026-01-03,口蘑,8.25,8.0,8.5,1,豫
2026-01-04,口蘑,8.25,8.0,8.5,1,豫
2026-01-05,口蘑,8.25,8.0,8.5,1,豫
2026-01-06,口蘑,8.25,8.0,8.5,1,豫
2026-01-07,口蘑,8.25,8.0,8.5,1,豫
2026-01-08,口蘑,8.25,8.0,8.5,1,豫
2026-01-09,口蘑,8.25,8.0,8.5,1,豫
2026-01-10,口蘑,8.25,8.0,8.5,1,豫
2026-01-11,口蘑,8.25,8.0,8.5,1,豫
2026-01-12,口蘑,8.25,8.0,8.5,1,豫
2026-01-13,口蘑,8.25,8.0,8.5,1,豫
2026-01-14,口蘑,8.25,8.0,8.5,1,豫
2026-01-15,口蘑,8.25,8.0,8.5,1,豫
2026-01-16,口蘑,8.25,8.0,8.5,1,豫
2026-01-17,口蘑,8.25,8.0,8.5,1,豫
2026-01-18,口蘑,8.25,8.0,8.5,1,豫
2026-01-19,口蘑,8.25,8.0,8.5,1,豫
2026-01-20,口蘑,8.25,8.0,8.5,1,豫
2026-01-21,口蘑,7.75,7.5,8.0,1,豫
2026-01-22,口蘑,7.75,7.5,8.0,1,豫
2026-01-23,口蘑,7.75,7.5,8.0,1,豫
2026-01-24,口蘑,7.75,7.5,8.0,1,豫
2026-01-25,口蘑,7.75,7.5,8.0,1,豫
2026-01-26,口蘑,7.75,7.5,8.0,1,豫
2026-01-27,口蘑,7.75,7.5,8.0,1,豫
2026-01-28,口蘑,7.75,7.5,8.0,1,豫
2026-01-29,口蘑,7.75,7.5,8.0,1,豫
2026-01-30,口蘑,7.75,7.5,8.0,1,豫
2026-01-31,口蘑,7.75,7.5,8.0,1,豫
2026-02-01,口蘑,7.75,7.5,8.0,1,豫
2026-02-02,口蘑,7.75,7.5,8.0,1,豫
2026-02-03,口蘑,7.75,7.5,8.0,1,豫
2026-02-04,口蘑,7.75,7.5,8.0,1,豫
2026-02-05,口蘑,7.75,7.5,8.0,1,豫
2026-02-06,口蘑,7.75,7.5,8.0,1,豫
2026-02-07,口蘑,7.75,7.5,8.0,1,豫
2026-02-08,口蘑,7.75,7.5,8.0,1,豫
2026-02-09,口蘑,7.75,7.5,8.0,1,豫
2026-02-10,口蘑,7.75,7.5,8.0,1,豫
2026-02-11,口蘑,7.75,7.5,8.0,1,豫
2026-02-12,口蘑,7.75,7.5,8.0,1,豫
2026-02-13,口蘑,7.75,7.5,8.0,1,豫
2026-02-14,口蘑,7.75,7.5,8.0,1,豫
2026-02-15,口蘑,7.75,7.5,8.0,1,豫
2026-02-16,口蘑,7.75,7.5,8.0,1,豫
2026-02-24,口蘑,7.75,7.5,8.0,1,豫
2026-02-25,口蘑,7.75,7.5,8.0,1,豫
2026-02-26,口蘑,7.75,7.5,8.0,1,豫
2026-02-27,口蘑,7.75,7.5,8.0,1,豫
2026-02-28,口蘑,7.75,7.5,8.0,1,豫
2026-03-01,口蘑,7.75,7.5,8.0,1,豫
2026-03-02,口蘑,7.75,7.5,8.0,1,豫
2026-03-03,口蘑,7.75,7.5,8.0,1,豫
2026-03-04,口蘑,7.75,7.5,8.0,1,豫
2026-03-05,口蘑,7.75,7.5,8.0,1,豫
2026-03-06,口蘑,7.75,7.5,8.0,1,豫
2026-03-07,口蘑,7.75,7.5,8.0,1,豫
2026-03-08,口蘑,7.75,7.5,8.0,1,豫
2026-03-09,口蘑,7.75,7.5,8.0,1,豫
2026-03-10,口蘑,7.75,7.5,8.0,1,豫
2026-03-11,口蘑,7.75,7.5,8.0,1,豫
2026-03-12,口蘑,7.75,7.5,8.0,1,豫
2026-03-13,口蘑,7.75,7.5,8.0,1,豫
2026-03-14,口蘑,7.75,7.5,8.0,1,豫
2026-03-15,口蘑,7.75,7.5,8.0,1,豫
2026-03-16,口蘑,7.75,7.5,8.0,1,豫
2026-03-17,口蘑,7.75,7.5,8.0,1,豫
2026-03-18,口蘑,7.75,7.5,8.0,1,豫
2026-03-19,口蘑,7.75,7.5,8.0,1,豫
2026-03-20,口蘑,7.75,7.5,8.0,1,豫
2026-03-21,口蘑,7.75,7.5,8.0,1,豫
2026-03-22,口蘑,7.75,7.5,8.0,1,豫
2026-03-23,口蘑,7.75,7.5,8.0,1,豫
2026-03-24,口蘑,7.75,7.5,8.0,1,豫
2026-03-25,口蘑,7.75,7.5,8.0,1,豫
2026-03-26,口蘑,7.75,7.5,8.0,1,豫
2026-03-27,口蘑,7.75,7.5,8.0,1,豫
2026-03-28,口蘑,7.75,7.5,8.0,1,豫
2026-03-29,口蘑,7.75,7.5,8.0,1,豫
2026-03-30,口蘑,7.75,7.5,8.0,1,豫
2026-03-31,口蘑,7.75,7.5,8.0,1,豫
2026-04-01,口蘑,7.5,7.0,8.0,1,豫
2026-04-02,口蘑,7.5,7.0,8.0,1,豫
2026-04-03,口蘑,7.5,7.0,8.0,1,豫
2026-04-04,口蘑,7.5,7.0,8.0,1,豫
2026-04-05,口蘑,7.5,7.0,8.0,1,豫
2026-04-06,口蘑,7.5,7.0,8.0,1,豫
2026-04-07,口蘑,7.5,7.0,8.0,1,豫
2026-04-08,口蘑,7.5,7.0,8.0,1,豫
2026-04-09,口蘑,7.5,7.0,8.0,1,豫
2026-04-10,口蘑,7.5,7.0,8.0,1,豫
2026-04-11,口蘑,7.5,7.0,8.0,1,豫
2026-04-12,口蘑,7.5,7.0,8.0,1,豫
2026-04-13,口蘑,7.5,7.0,8.0,1,豫
2026-04-14,口蘑,7.5,7.0,8.0,1,豫
2026-04-15,口蘑,7.5,7.0,8.0,1,豫
2026-04-16,口蘑,7.5,7.0,8.0,1,豫
2026-04-17,口蘑,7.5,7.0,8.0,1,豫
2026-04-18,口蘑,7.5,7.0,8.0,1,豫
2026-04-19,口蘑,7.5,7.0,8.0,1,豫
2026-04-20,口蘑,7.5,7.0,8.0,1,豫
2026-04-21,口蘑,7.5,7.0,8.0,1,豫
2026-04-22,口蘑,7.5,7.0,8.0,1,豫
2026-04-23,口蘑,7.5,7.0,8.0,1,豫
2026-04-24,口蘑,7.5,7.0,8.0,1,豫
2026-04-25,口蘑,7.5,7.0,8.0,1,豫
2026-04-26,口蘑,7.5,7.0,8.0,1,豫
2026-04-27,口蘑,7.5,7.0,8.0,1,豫
2026-04-28,口蘑,7.5,7.0,8.0,1,豫
2026-04-29,口蘑,7.5,7.0,8.0,1,豫
2026-04-30,口蘑,7.5,7.0,8.0,1,豫
2026-05-01,口蘑,7.5,7.0,8.0,1,豫
2026-05-02,口蘑,7.5,7.0,8.0,1,豫
2026-05-03,口蘑,7.5,7.0,8.0,1,豫
2026-05-04,口蘑,7.5,7.0,8.0,1,豫
2026-05-05,口蘑,7.5,7.0,8.0,1,豫
2026-05-06,口蘑,7.5,7.0,8.0,1,豫
2026-05-07,口蘑,7.5,7.0,8.0,1,豫
2026-05-08,口蘑,7.5,7.0,8.0,1,豫
2026-05-09,口蘑,7.5,7.0,8.0,1,豫
2026-05-10,口蘑,7.5,7.0,8.0,1,豫
2026-05-11,口蘑,7.5,7.0,8.0,1,豫
2026-05-12,口蘑,7.5,7.0,8.0,1,豫
2026-05-13,口蘑,7.5,7.0,8.0,1,豫
2026-05-14,口蘑,7.5,7.0,8.0,1,豫
2026-05-15,口蘑,7.5,7.0,8.0,1,豫
2026-05-16,口蘑,7.5,7.0,8.0,1,豫
2026-05-17,口蘑,7.5,7.0,8.0,1,豫
2026-05-18,口蘑,7.5,7.0,8.0,1,豫
2026-05-19,口蘑,7.5,7.0,8.0,1,豫
2026-05-20,口蘑,7.5,7.0,8.0,1,豫
2026-05-21,口蘑,7.5,7.0,8.0,1,豫
2026-05-22,口蘑,7.5,7.0,8.0,1,豫
2026-05-23,口蘑,7.5,7.0,8.0,1,豫
2026-05-24,口蘑,7.5,7.0,8.0,1,豫
2026-05-25,口蘑,7.5,7.0,8.0,1,豫
2026-05-26,口蘑,7.5,7.0,8.0,1,豫
2026-05-27,口蘑,7.5,7.0,8.0,1,豫
2026-05-28,口蘑,7.5,7.0,8.0,1,豫
2026-05-29,口蘑,7.5,7.0,8.0,1,豫
2026-05-30,口蘑,7.5,7.0,8.0,1,豫
2026-05-31,口蘑,7.5,7.0,8.0,1,豫
2026-06-01,口蘑,7.5,7.0,8.0,1,豫
2026-06-02,口蘑,7.5,7.0,8.0,1,豫
2026-06-03,口蘑,7.5,7.0,8.0,1,豫
2026-06-04,口蘑,7.5,7.0,8.0,1,豫
2026-06-05,口蘑,7.5,7.0,8.0,1,豫
2026-06-06,口蘑,7.5,7.0,8.0,1,豫
2026-06-07,口蘑,7.5,7.0,8.0,1,豫
2026-06-08,口蘑,7.5,7.0,8.0,1,豫
2026-06-09,口蘑,7.5,7.0,8.0,1,豫
2026-06-10,口蘑,7.5,7.0,8.0,1,豫
2026-06-11,口蘑,7.5,7.0,8.0,1,豫
2026-06-12,口蘑,7.5,7.0,8.0,1,豫
2026-06-13,口蘑,7.5,7.0,8.0,1,豫
2026-06-14,口蘑,7.5,7.0,8.0,1,豫
2026-06-15,口蘑,7.5,7.0,8.0,1,豫
2026-06-16,口蘑,7.5,7.0,8.0,1,豫
2026-06-17,口蘑,7.5,7.0,8.0,1,豫
2026-06-18,口蘑,7.5,7.0,8.0,1,豫
2026-06-19,口蘑,7.5,7.0,8.0,1,豫
2026-06-20,口蘑,7.5,7.0,8.0,1,豫
2026-06-21,口蘑,7.5,7.0,8.0,1,豫
2026-06-22,口蘑,7.5,7.0,8.0,1,豫
2026-06-23,口蘑,7.5,7.0,8.0,1,豫
2026-06-24,口蘑,7.5,7.0,8.0,1,豫
2026-06-25,口蘑,7.5,7.0,8.0,1,豫
2026-06-26,口蘑,7.5,7.0,8.0,1,豫
2026-06-27,口蘑,7.5,7.0,8.0,1,豫
2026-06-28,口蘑,7.5,7.0,8.0,1,豫
2026-06-29,口蘑,7.5,7.0,8.0,1,豫
2026-06-30,口蘑,7.5,7.0,8.0,1,豫
2026-07-01,口蘑,7.5,7.0,8.0,1,豫
2026-07-02,口蘑,7.5,7.0,8.0,1,豫
2026-07-03,口蘑,7.5,7.0,8.0,1,豫
2026-07-04,口蘑,7.5,7.0,8.0,1,豫
2026-07-05,口蘑,7.5,7.0,8.0,1,豫
2026-07-06,口蘑,7.5,7.0,8.0,1,豫
2026-07-07,口蘑,7.5,7.0,8.0,1,豫
2026-07-08,口蘑,7.5,7.0,8.0,1,豫
2026-07-09,口蘑,7.5,7.0,8.0,1,豫
2026-07-10,口蘑,7.5,7.0,8.0,1,豫
2026-07-11,口蘑,7.5,7.0,8.0,1,豫
2026-07-12,口蘑,7.5,7.0,8.0,1,豫
2026-07-13,口蘑,7.5,7.0,8.0,1,豫
2026-07-14,口蘑,7.5,7.0,8.0,1,豫
2026-07-15,口蘑,7.5,7.0,8.0,1,豫
2026-07-16,口蘑,7.5,7.0,8.0,1,豫
2026-07-17,口蘑,7.5,7.0,8.0,1,豫
2026-07-18,口蘑,7.5,7.0,8.0,1,豫
2026-07-19,口蘑,7.5,7.0,8.0,1,豫
2026-07-20,口蘑,7.5,7.0,8.0,1,豫
2026-07-21,口蘑,7.5,7.0,8.0,1,豫
2026-07-22,口蘑,7.5,7.0,8.0,1,豫
2026-07-23,口蘑,7.5,7.0,8.0,1,豫
2026-07-24,口蘑,7.5,7.0,8.0,1,豫
2026-07-25,口蘑,7.5,7.0,8.0,1,豫
2026-07-26,口蘑,7.5,7.0,8.0,1,豫
2026-07-27,口蘑,7.5,7.0,8.0,1,豫
2026-07-28,口蘑,7.5,7.0,8.0,1,豫
2026-07-29,口蘑,7.5,7.0,8.0,1,豫
2026-07-30,口蘑,7.5,7.0,8.0,1,豫
2026-07-31,口蘑,7.5,7.0,8.0,1,豫
2026-08-01,口蘑,7.5,7.0,8.0,1,豫
2026-08-02,口蘑,7.5,7.0,8.0,1,豫
2026-08-03,口蘑,7.5,7.0,8.0,1,豫
2026-08-04,口蘑,7.5,7.0,8.0,1,豫
2026-08-05,口蘑,7.5,7.0,8.0,1,豫
2026-08-06,口蘑,7.5,7.0,8.0,1,豫
2026-08-07,口蘑,7.5,7.0,8.0,1,豫
2026-08-08,口蘑,7.5,7.0,8.0,1,豫
2026-08-09,口蘑,7.5,7.0,8.0,1,豫
2026-08-10,口蘑,7.5,7.0,8.0,1,豫
2026-08-11,口蘑,7.5,7.0,8.0,1,豫
2026-01-01,团生菜,2.1,1.5,2.7,1,冀云
2026-01-02,团生菜,2.35,2.0,2.7,1,冀云
2026-01-03,团生菜,2.35,2.0,2.7,1,冀云
2026-01-04,团生菜,2.25,2.0,2.5,1,冀云
2026-01-05,团生菜,2.0,1.5,2.5,1,冀云
2026-01-06,团生菜,2.0,1.5,2.5,1,冀云
2026-01-07,团生菜,2.0,1.5,2.5,1,冀云
2026-01-08,团生菜,2.0,1.5,2.5,1,冀云
2026-01-09,团生菜,2.0,1.5,2.5,1,冀云
2026-01-10,团生菜,1.9,1.5,2.3,1,冀云
2026-01-11,团生菜,1.9,1.5,2.3,1,冀云
2026-01-12,团生菜,1.9,1.5,2.3,1,冀云
2026-01-13,团生菜,1.9,1.5,2.3,1,冀云
2026-01-14,团生菜,1.9,1.5,2.3,1,冀云
2026-01-15,团生菜,1.9,1.5,2.3,1,冀云
2026-01-16,团生菜,1.9,1.5,2.3,1,冀云
2026-01-17,团生菜,1.9,1.5,2.3,1,冀云
2026-01-18,团生菜,2.15,1.8,2.5,1,冀云
2026-01-19,团生菜,2.15,1.8,2.5,1,冀云
2026-01-20,团生菜,2.05,1.8,2.3,1,冀云
2026-01-21,团生菜,2.05,1.8,2.3,1,冀云
2026-01-22,团生菜,1.9,1.5,2.3,1,冀云
2026-01-23,团生菜,1.85,1.4,2.3,1,冀云
2026-01-24,团生菜,1.85,1.4,2.3,1,冀云
2026-01-25,团生菜,1.85,1.4,2.3,1,冀云
2026-01-26,团生菜,1.85,1.4,2.3,1,冀云
2026-01-27,团生菜,1.7,1.4,2.0,1,冀云
2026-01-28,团生菜,1.7,1.4,2.0,1,冀云
2026-01-29,团生菜,1.7,1.4,2.0,1,冀云
2026-01-30,团生菜,1.7,1.4,2.0,1,冀云
2026-01-31,团生菜,1.7,1.4,2.0,1,冀云
2026-02-01,团生菜,1.7,1.4,2.0,1,冀云
2026-02-02,团生菜,1.6,1.2,2.0,1,冀云
2026-02-03,团生菜,1.6,1.2,2.0,1,冀云
2026-02-04,团生菜,1.6,1.2,2.0,1,冀云
2026-02-05,团生菜,1.6,1.2,2.0,1,冀云
2026-02-06,团生菜,1.6,1.2,2.0,1,冀云
2026-02-07,团生菜,1.6,1.2,2.0,1,冀云
2026-02-08,团生菜,1.6,1.2,2.0,1,冀云
2026-02-09,团生菜,1.7,1.2,2.2,1,冀云
2026-02-10,团生菜,1.7,1.2,2.2,1,冀云
2026-02-11,团生菜,1.85,1.5,2.2,1,冀云
2026-02-12,团生菜,2.0,1.8,2.2,1,冀云
2026-02-13,团生菜,2.0,1.8,2.2,1,冀云
2026-02-14,团生菜,2.0,1.8,2.2,1,冀云
2026-02-15,团生菜,2.0,1.8,2.2,1,冀云
2026-02-16,团生菜,2.0,1.8,2.2,1,冀云
2026-02-24,团生菜,3.75,3.5,4.0,1,冀云
2026-02-25,团生菜,3.75,3.5,4.0,1,冀云
2026-02-26,团生菜,3.4,3.0,3.8,1,冀云
2026-02-27,团生菜,3.4,3.0,3.8,1,冀云
2026-02-28,团生菜,2.75,2.5,3.0,1,冀云
2026-03-01,团生菜,2.5,2.0,3.0,1,冀云
2026-03-02,团生菜,2.25,1.5,3.0,1,冀云
2026-03-03,团生菜,2.0,1.5,2.5,1,冀云
2026-03-04,团生菜,2.0,1.5,2.5,1,冀云
2026-03-05,团生菜,1.9,1.3,2.5,1,冀云
2026-03-06,团生菜,1.75,1.3,2.2,1,冀云
2026-03-07,团生菜,1.75,1.3,2.2,1,冀云
2026-03-08,团生菜,2.0,1.8,2.2,1,冀云
2026-03-09,团生菜,2.25,2.0,2.5,1,冀云
2026-03-10,团生菜,2.25,2.0,2.5,1,冀云
2026-03-11,团生菜,2.75,2.5,3.0,1,冀云
2026-03-12,团生菜,2.75,2.5,3.0,1,冀云
2026-03-13,团生菜,2.75,2.5,3.0,1,冀云
2026-03-14,团生菜,2.4,2.0,2.8,1,冀云
2026-03-15,团生菜,2.4,2.0,2.8,1,冀云
2026-03-16,团生菜,2.4,2.0,2.8,1,冀云
2026-03-17,团生菜,2.25,2.0,2.5,1,冀云
2026-03-18,团生菜,2.25,2.0,2.5,1,冀云
2026-03-19,团生菜,2.25,2.0,2.5,1,冀云
2026-03-20,团生菜,2.25,2.0,2.5,1,冀云
2026-03-21,团生菜,2.55,2.3,2.8,1,冀云
2026-03-22,团生菜,2.75,2.5,3.0,1,冀云
2026-03-23,团生菜,2.75,2.5,3.0,1,冀鲁
2026-03-24,团生菜,2.75,2.5,3.0,1,冀鲁
2026-03-25,团生菜,2.75,2.5,3.0,1,冀鲁
2026-03-26,团生菜,2.4,2.0,2.8,1,冀鲁
2026-03-27,团生菜,2.3,2.0,2.6,1,冀鲁
2026-03-28,团生菜,2.25,2.0,2.5,1,冀鲁
2026-03-29,团生菜,2.25,2.0,2.5,1,冀鲁
2026-03-30,团生菜,2.25,2.0,2.5,1,冀鲁
2026-03-31,团生菜,1.65,1.5,1.8,1,冀鲁
2026-04-01,团生菜,1.65,1.5,1.8,1,冀鲁
2026-04-02,团生菜,1.65,1.5,1.8,1,冀鲁
2026-04-03,团生菜,1.45,1.1,1.8,1,冀鲁
2026-04-04,团生菜,1.4,1.0,1.8,1,冀鲁
2026-04-05,团生菜,1.4,1.0,1.8,1,冀鲁
2026-04-06,团生菜,1.4,1.0,1.8,1,冀鲁
2026-04-07,团生菜,1.3,1.0,1.6,1,冀鲁
2026-04-08,团生菜,1.3,1.0,1.6,1,冀鲁
2026-04-09,团生菜,1.3,1.0,1.6,1,冀鲁
2026-04-10,团生菜,1.3,1.0,1.6,1,冀鲁
2026-04-11,团生菜,1.3,1.0,1.6,1,冀鲁
2026-04-12,团生菜,1.3,1.0,1.6,1,冀鲁
2026-04-13,团生菜,1.3,1.0,1.6,1,冀鲁
2026-04-14,团生菜,1.3,1.0,1.6,1,冀鲁
2026-04-15,团生菜,1.3,1.0,1.6,1,冀鲁
2026-04-16,团生菜,1.3,1.0,1.6,1,冀鲁
2026-04-17,团生菜,1.15,0.8,1.5,1,冀鲁
2026-04-18,团生菜,1.15,0.8,1.5,1,冀鲁
2026-04-19,团生菜,1.15,0.8,1.5,1,冀鲁
2026-04-20,团生菜,1.15,0.8,1.5,1,冀鲁
2026-04-21,团生菜,1.15,0.8,1.5,1,冀鲁
2026-04-22,团生菜,1.15,0.8,1.5,1,冀鲁
2026-04-23,团生菜,1.1,0.8,1.4,1,冀鲁
2026-04-24,团生菜,1.0,0.8,1.2,1,冀鲁
2026-04-25,团生菜,1.0,0.8,1.2,1,冀鲁
2026-04-26,团生菜,1.0,0.8,1.2,1,冀鲁
2026-04-27,团生菜,1.0,0.8,1.2,1,冀京
2026-04-28,团生菜,1.0,0.8,1.2,1,冀京
2026-04-29,团生菜,1.0,0.8,1.2,1,冀京
2026-04-30,团生菜,1.0,0.8,1.2,1,冀京
2026-05-01,团生菜,0.9,0.8,1.0,1,冀京
2026-05-02,团生菜,0.9,0.8,1.0,1,冀京
2026-05-03,团生菜,0.9,0.8,1.0,1,冀京
2026-05-04,团生菜,0.9,0.8,1.0,1,冀京
2026-05-05,团生菜,0.9,0.8,1.0,1,冀京
2026-05-06,团生菜,0.9,0.8,1.0,1,冀京
2026-05-07,团生菜,0.9,0.8,1.0,1,冀京
2026-05-08,团生菜,0.9,0.8,1.0,1,冀京
2026-05-09,团生菜,0.9,0.8,1.0,1,冀京
2026-05-10,团生菜,0.9,0.8,1.0,1,冀京
2026-05-11,团生菜,1.05,0.6,1.5,1,冀京
2026-05-12,团生菜,1.05,0.6,1.5,1,冀京
2026-05-13,团生菜,0.95,0.6,1.3,1,冀京
2026-05-14,团生菜,0.95,0.6,1.3,1,冀京
2026-05-15,团生菜,0.95,0.6,1.3,1,冀京
2026-05-16,团生菜,0.95,0.6,1.3,1,冀京
2026-05-17,团生菜,0.95,0.6,1.3,1,冀京
2026-05-18,团生菜,0.95,0.6,1.3,1,冀京
2026-05-19,团生菜,0.95,0.6,1.3,1,冀京
2026-05-20,团生菜,0.95,0.6,1.3,1,冀京
2026-05-21,团生菜,0.95,0.6,1.3,1,冀京
2026-05-22,团生菜,0.95,0.6,1.3,1,冀京
2026-05-23,团生菜,0.95,0.6,1.3,1,冀京
2026-05-24,团生菜,1.4,1.0,1.8,1,冀京
2026-05-25,团生菜,1.4,1.0,1.8,1,冀京
2026-05-26,团生菜,1.4,1.0,1.8,1,冀京
2026-05-27,团生菜,1.4,1.0,1.8,1,冀京
2026-05-28,团生菜,1.4,1.0,1.8,1,冀京
2026-05-29,团生菜,1.4,1.0,1.8,1,冀京
2026-05-30,团生菜,1.4,1.0,1.8,1,冀京
2026-05-31,团生菜,1.4,1.0,1.8,1,冀京
2026-06-01,团生菜,1.4,1.0,1.8,1,冀京
2026-06-02,团生菜,1.25,1.0,1.5,1,冀京
2026-06-03,团生菜,1.25,1.0,1.5,1,冀京
2026-06-04,团生菜,1.25,1.0,1.5,1,冀京
2026-06-05,团生菜,1.25,1.0,1.5,1,冀京
2026-06-06,团生菜,1.25,1.0,1.5,1,冀京
2026-06-07,团生菜,1.5,1.2,1.8,1,冀京
2026-06-08,团生菜,1.75,1.5,2.0,1,冀京
2026-06-09,团生菜,1.65,1.5,1.8,1,冀京
2026-06-10,团生菜,1.65,1.5,1.8,1,冀京
2026-06-11,团生菜,1.65,1.5,1.8,1,冀京
2026-06-12,团生菜,1.5,1.2,1.8,1,冀京
2026-06-13,团生菜,1.4,1.2,1.6,1,冀京
2026-06-14,团生菜,1.4,1.2,1.6,1,冀京
2026-06-15,团生菜,1.4,1.2,1.6,1,冀京
2026-06-16,团生菜,1.3,1.0,1.6,1,冀京
2026-06-17,团生菜,1.3,1.0,1.6,1,冀京
2026-06-18,团生菜,1.3,1.0,1.6,1,冀京
2026-06-19,团生菜,1.25,1.0,1.5,1,冀京
2026-06-20,团生菜,1.25,1.0,1.5,1,冀京
2026-06-21,团生菜,1.25,1.0,1.5,1,冀京
2026-06-22,团生菜,1.25,1.0,1.5,1,冀京
2026-06-23,团生菜,1.25,1.0,1.5,1,冀京
2026-06-24,团生菜,1.25,1.0,1.5,1,冀京
2026-06-25,团生菜,1.25,1.0,1.5,1,冀京
2026-06-26,团生菜,1.25,1.0,1.5,1,冀京
2026-06-27,团生菜,1.25,1.0,1.5,1,冀京
2026-06-28,团生菜,1.25,1.0,1.5,1,冀京
2026-06-29,团生菜,1.15,1.0,1.3,1,冀京
2026-06-30,团生菜,1.15,1.0,1.3,1,冀京
2026-07-01,团生菜,1.15,1.0,1.3,1,冀京
2026-07-02,团生菜,1.15,1.0,1.3,1,冀京
2026-07-03,团生菜,1.15,1.0,1.3,1,冀京
2026-07-04,团生菜,1.15,1.0,1.3,1,冀京
2026-07-05,团生菜,1.15,1.0,1.3,1,冀
2026-07-06,团生菜,1.15,1.0,1.3,1,冀
2026-07-07,团生菜,1.15,1.0,1.3,1,冀
2026-07-08,团生菜,1.15,1.0,1.3,1,冀
2026-07-09,团生菜,1.15,1.0,1.3,1,冀
2026-07-10,团生菜,1.15,1.0,1.3,1,冀
2026-07-11,团生菜,1.3,1.2,1.4,1,冀
2026-07-12,团生菜,1.3,1.2,1.4,1,冀
2026-07-13,团生菜,1.4,1.3,1.5,1,冀
2026-07-14,团生菜,1.4,1.3,1.5,1,冀
2026-07-15,团生菜,1.4,1.3,1.5,1,冀
2026-07-16,团生菜,1.4,1.3,1.5,1,冀
2026-07-17,团生菜,1.55,1.3,1.8,1,冀
2026-07-18,团生菜,1.55,1.3,1.8,1,冀
2026-07-19,团生菜,2.25,2.0,2.5,1,冀
2026-07-20,团生菜,2.25,2.0,2.5,1,冀
2026-07-21,团生菜,1.95,1.7,2.2,1,冀
2026-07-22,团生菜,1.95,1.7,2.2,1,冀
2026-07-23,团生菜,1.95,1.7,2.2,1,冀
2026-07-24,团生菜,1.95,1.7,2.2,1,冀
2026-07-25,团生菜,1.95,1.7,2.2,1,冀
2026-07-26,团生菜,1.95,1.7,2.2,1,冀
2026-07-27,团生菜,1.95,1.7,2.2,1,冀
2026-07-28,团生菜,1.75,1.5,2.0,1,冀
2026-07-29,团生菜,1.75,1.5,2.0,1,冀
2026-07-30,团生菜,1.75,1.5,2.0,1,冀
2026-07-31,团生菜,1.75,1.5,2.0,1,冀
2026-08-01,团生菜,1.75,1.5,2.0,1,冀
2026-08-02,团生菜,1.75,1.5,2.0,1,冀
2026-08-03,团生菜,1.9,1.5,2.3,1,冀
2026-08-04,团生菜,2.0,1.5,2.5,1,冀
2026-08-05,团生菜,2.0,1.5,2.5,1,冀
2026-08-06,团生菜,2.0,1.5,2.5,1,冀
2026-08-07,团生菜,1.6,1.2,2.0,1,冀
2026-08-08,团生菜,1.6,1.2,2.0,1,冀
2026-08-09,团生菜,1.6,1.2,2.0,1,冀
2026-08-10,团生菜,1.6,1.2,2.0,1,冀
2026-08-11,团生菜,1.6,1.2,2.0,1,冀
2026-01-01,圆白菜,1.18,0.85,1.5,1,冀鄂鲁
2026-01-02,圆白菜,1.18,0.85,1.5,1,冀鄂鲁
2026-01-03,圆白菜,1.18,0.85,1.5,1,冀鄂鲁
2026-01-04,圆白菜,1.18,0.85,1.5,1,冀鄂鲁
2026-01-05,圆白菜,1.23,0.95,1.5,1,冀鄂鲁
2026-01-06,圆白菜,1.23,0.95,1.5,1,冀鄂鲁
2026-01-07,圆白菜,1.23,0.95,1.5,1,冀鄂鲁
2026-01-08,圆白菜,1.23,0.95,1.5,1,冀鄂鲁
2026-01-09,圆白菜,1.2,0.9,1.5,1,冀鄂鲁
2026-01-10,圆白菜,1.18,0.85,1.5,1,冀鄂鲁
2026-01-11,圆白菜,1.23,0.85,1.6,1,冀鄂鲁
2026-01-12,圆白菜,1.23,0.85,1.6,1,冀鄂鲁
2026-01-13,圆白菜,1.23,0.85,1.6,1,冀鄂鲁
2026-01-14,圆白菜,1.23,0.85,1.6,1,冀鄂鲁
2026-01-15,圆白菜,1.33,0.85,1.8,1,冀鄂鲁
2026-01-16,圆白菜,1.45,0.9,2.0,1,冀鄂鲁
2026-01-17,圆白菜,1.58,0.95,2.2,1,冀鄂鲁
2026-01-18,圆白菜,1.7,1.2,2.2,1,冀鄂鲁
2026-01-19,圆白菜,1.75,1.2,2.3,1,冀鄂鲁
2026-01-20,圆白菜,1.8,1.2,2.4,1,冀鄂鲁
2026-01-21,圆白菜,1.8,1.2,2.4,1,冀鄂鲁
2026-01-22,圆白菜,1.8,1.2,2.4,1,冀鄂鲁
2026-01-23,圆白菜,1.75,1.2,2.3,1,冀鄂鲁
2026-01-24,圆白菜,1.7,1.1,2.3,1,冀鄂鲁
2026-01-25,圆白菜,1.7,1.1,2.3,1,冀鄂鲁
2026-01-26,圆白菜,1.7,1.1,2.3,1,冀鄂鲁
2026-01-27,圆白菜,1.7,1.1,2.3,1,冀鄂鲁
2026-01-28,圆白菜,1.65,1.0,2.3,1,冀鄂鲁
2026-01-29,圆白菜,1.65,1.0,2.3,1,冀鄂鲁
2026-01-30,圆白菜,1.6,0.9,2.3,1,冀鄂鲁
2026-01-31,圆白菜,1.55,0.8,2.3,1,冀鄂鲁
2026-02-01,圆白菜,1.55,0.8,2.3,1,冀鄂鲁
2026-02-02,圆白菜,1.6,0.8,2.4,1,冀鄂鲁
2026-02-03,圆白菜,1.6,0.8,2.4,1,冀鄂鲁
2026-02-04,圆白菜,1.5,0.8,2.2,1,冀鄂鲁
2026-02-05,圆白菜,1.45,0.7,2.2,1,冀鄂鲁
2026-02-06,圆白菜,1.45,0.7,2.2,1,冀鄂鲁
2026-02-07,圆白菜,1.4,0.7,2.1,1,冀鄂鲁
2026-02-08,圆白菜,1.35,0.7,2.0,1,冀鄂鲁
2026-02-09,圆白菜,1.35,0.7,2.0,1,冀鄂鲁
2026-02-10,圆白菜,1.35,0.7,2.0,1,冀鄂鲁
2026-02-11,圆白菜,1.2,0.7,1.7,1,冀鄂鲁
2026-02-12,圆白菜,1.2,0.7,1.7,1,冀鄂鲁
2026-02-13,圆白菜,1.2,0.7,1.7,1,冀鄂鲁
2026-02-14,圆白菜,1.25,0.7,1.8,1,冀鄂鲁
2026-02-15,圆白菜,1.3,0.8,1.8,1,冀鄂鲁
2026-02-16,圆白菜,1.3,0.8,1.8,1,冀鄂鲁
2026-02-24,圆白菜,1.15,0.7,1.6,1,冀鄂鲁
2026-02-25,圆白菜,1.15,0.7,1.6,1,冀鄂鲁
2026-02-26,圆白菜,1.1,0.7,1.5,1,冀鄂鲁
2026-02-27,圆白菜,1.1,0.7,1.5,1,冀鄂鲁
2026-02-28,圆白菜,1.1,0.7,1.5,1,冀鄂鲁
2026-03-01,圆白菜,1.05,0.6,1.5,1,冀鄂鲁
2026-03-02,圆白菜,1.05,0.6,1.5,1,冀鄂鲁
2026-03-03,圆白菜,1.1,0.7,1.5,1,冀鄂鲁
2026-03-04,圆白菜,1.05,0.6,1.5,1,冀鄂鲁
2026-03-05,圆白菜,1.03,0.55,1.5,1,冀鄂鲁
2026-03-06,圆白菜,1.0,0.5,1.5,1,冀鄂鲁
2026-03-07,圆白菜,0.98,0.45,1.5,1,冀鄂鲁
2026-03-08,圆白菜,0.98,0.45,1.5,1,冀鄂鲁
2026-03-09,圆白菜,0.98,0.45,1.5,1,冀鄂鲁
2026-03-10,圆白菜,1.08,0.45,1.7,1,冀鄂鲁
2026-03-11,圆白菜,1.1,0.5,1.7,1,冀鄂鲁
2026-03-12,圆白菜,1.18,0.45,1.9,1,冀鄂鲁
2026-03-13,圆白菜,1.15,0.4,1.9,1,冀鄂鲁
2026-03-14,圆白菜,1.15,0.4,1.9,1,冀鄂鲁
2026-03-15,圆白菜,1.15,0.4,1.9,1,冀鄂鲁
2026-03-16,圆白菜,1.1,0.4,1.8,1,冀鄂鲁
2026-03-17,圆白菜,1.05,0.4,1.7,1,冀鄂鲁
2026-03-18,圆白菜,1.2,0.6,1.8,1,冀鄂鲁
2026-03-19,圆白菜,1.2,0.6,1.8,1,冀鄂鲁
2026-03-20,圆白菜,1.15,0.6,1.7,1,冀鄂鲁
2026-03-21,圆白菜,1.1,0.5,1.7,1,冀鄂鲁
2026-03-22,圆白菜,1.1,0.5,1.7,1,冀鄂鲁
2026-03-23,圆白菜,1.05,0.4,1.7,1,冀鄂鲁
2026-03-24,圆白菜,0.95,0.4,1.5,1,冀鄂鲁
2026-03-25,圆白菜,0.95,0.4,1.5,1,冀鄂鲁
2026-03-26,圆白菜,0.95,0.4,1.5,1,冀鄂鲁
2026-03-27,圆白菜,0.88,0.35,1.4,1,冀鄂鲁苏
2026-03-28,圆白菜,0.9,0.4,1.4,1,冀鄂鲁苏
2026-03-29,圆白菜,0.85,0.4,1.3,1,冀鄂鲁苏
2026-03-30,圆白菜,0.7,0.4,1.0,1,冀鄂鲁苏
2026-03-31,圆白菜,0.7,0.4,1.0,1,冀鄂鲁苏
2026-04-01,圆白菜,0.7,0.4,1.0,1,冀鄂鲁苏
2026-04-02,圆白菜,0.7,0.4,1.0,1,冀鄂鲁苏
2026-04-03,圆白菜,0.75,0.5,1.0,1,冀鄂鲁苏
2026-04-04,圆白菜,0.75,0.5,1.0,1,冀鄂鲁苏
2026-04-05,圆白菜,0.7,0.5,0.9,1,冀鲁苏
2026-04-06,圆白菜,0.6,0.4,0.8,1,冀鲁苏
2026-04-07,圆白菜,0.6,0.4,0.8,1,冀鲁苏
2026-04-08,圆白菜,0.65,0.5,0.8,1,冀鲁苏
2026-04-09,圆白菜,0.65,0.5,0.8,1,冀鲁苏
2026-04-10,圆白菜,0.65,0.5,0.8,1,冀鲁苏
2026-04-11,圆白菜,0.65,0.5,0.8,1,冀鲁苏
2026-04-12,圆白菜,0.65,0.4,0.9,1,冀鲁苏
2026-04-13,圆白菜,0.65,0.4,0.9,1,冀鲁苏
2026-04-14,圆白菜,0.65,0.4,0.9,1,冀鲁苏
2026-04-15,圆白菜,0.65,0.4,0.9,1,冀鲁苏
2026-04-16,圆白菜,0.6,0.4,0.8,1,冀鲁苏
2026-04-17,圆白菜,0.6,0.4,0.8,1,冀鲁苏
2026-04-18,圆白菜,0.6,0.4,0.8,1,冀鲁苏
2026-04-19,圆白菜,0.6,0.4,0.8,1,冀鲁苏
2026-04-20,圆白菜,0.6,0.4,0.8,1,冀鲁苏
2026-04-21,圆白菜,0.6,0.4,0.8,1,冀鲁苏
2026-04-22,圆白菜,0.63,0.45,0.8,1,冀鲁苏
2026-04-23,圆白菜,0.63,0.45,0.8,1,冀鲁苏
2026-04-24,圆白菜,0.65,0.5,0.8,1,冀鲁苏
2026-04-25,圆白菜,0.65,0.5,0.8,1,冀鲁苏
2026-04-26,圆白菜,0.55,0.4,0.7,1,冀鲁苏
2026-04-27,圆白菜,0.5,0.4,0.6,1,冀
2026-04-28,圆白菜,0.5,0.4,0.6,1,冀
2026-04-29,圆白菜,0.5,0.4,0.6,1,冀
2026-04-30,圆白菜,0.5,0.4,0.6,1,冀
2026-05-01,圆白菜,0.5,0.4,0.6,1,冀
2026-05-02,圆白菜,0.58,0.45,0.7,1,冀
2026-05-03,圆白菜,0.58,0.45,0.7,1,冀
2026-05-04,圆白菜,0.5,0.4,0.6,1,冀
2026-05-05,圆白菜,0.5,0.4,0.6,1,冀
2026-05-06,圆白菜,0.55,0.4,0.7,1,冀
2026-05-07,圆白菜,0.53,0.35,0.7,1,冀
2026-05-08,圆白菜,0.48,0.35,0.6,1,冀
2026-05-09,圆白菜,0.45,0.35,0.55,1,冀
2026-05-10,圆白菜,0.48,0.35,0.6,1,冀
2026-05-11,圆白菜,0.48,0.35,0.6,1,冀
2026-05-12,圆白菜,0.45,0.3,0.6,1,冀
2026-05-13,圆白菜,0.45,0.3,0.6,1,冀
2026-05-14,圆白菜,0.4,0.3,0.5,1,冀
2026-05-15,圆白菜,0.4,0.3,0.5,1,冀
2026-05-16,圆白菜,0.45,0.3,0.6,1,冀
2026-05-17,圆白菜,0.45,0.3,0.6,1,冀
2026-05-18,圆白菜,0.45,0.3,0.6,1,冀
2026-05-19,圆白菜,0.45,0.3,0.6,1,冀
2026-05-20,圆白菜,0.45,0.3,0.6,1,冀
2026-05-21,圆白菜,0.45,0.3,0.6,1,冀
2026-05-22,圆白菜,0.45,0.3,0.6,1,冀
2026-05-23,圆白菜,0.4,0.25,0.55,1,冀
2026-05-24,圆白菜,0.4,0.25,0.55,1,冀
2026-05-25,圆白菜,0.4,0.25,0.55,1,冀
2026-05-26,圆白菜,0.45,0.3,0.6,1,冀
2026-05-27,圆白菜,0.45,0.3,0.6,1,冀
2026-05-28,圆白菜,0.45,0.3,0.6,1,冀
2026-05-29,圆白菜,0.45,0.3,0.6,1,冀
2026-05-30,圆白菜,0.5,0.3,0.7,1,冀
2026-05-31,圆白菜,0.5,0.3,0.7,1,冀
2026-06-01,圆白菜,0.4,0.3,0.5,1,冀
2026-06-02,圆白菜,0.5,0.3,0.7,1,冀
2026-06-03,圆白菜,0.6,0.4,0.8,1,冀
2026-06-04,圆白菜,0.5,0.4,0.6,1,冀
2026-06-05,圆白菜,0.6,0.5,0.7,1,冀
2026-06-06,圆白菜,0.7,0.6,0.8,1,冀
2026-06-07,圆白菜,0.8,0.6,1.0,1,冀
2026-06-08,圆白菜,0.75,0.5,1.0,1,冀
2026-06-09,圆白菜,0.8,0.5,1.1,1,冀
2026-06-10,圆白菜,0.8,0.5,1.1,1,冀
2026-06-11,圆白菜,0.75,0.5,1.0,1,冀
2026-06-12,圆白菜,0.75,0.5,1.0,1,冀
2026-06-13,圆白菜,0.65,0.5,0.8,1,冀
2026-06-14,圆白菜,0.65,0.5,0.8,1,冀
2026-06-15,圆白菜,0.65,0.5,0.8,1,冀
2026-06-16,圆白菜,0.65,0.5,0.8,1,冀
2026-06-17,圆白菜,0.65,0.5,0.8,1,冀
2026-06-18,圆白菜,0.58,0.45,0.7,1,冀
2026-06-19,圆白菜,0.58,0.45,0.7,1,冀
2026-06-20,圆白菜,0.58,0.45,0.7,1,冀
2026-06-21,圆白菜,0.6,0.5,0.7,1,冀
2026-06-22,圆白菜,0.6,0.5,0.7,1,冀
2026-06-23,圆白菜,0.55,0.4,0.7,1,冀
2026-06-24,圆白菜,0.85,0.7,1.0,1,冀
2026-06-25,圆白菜,0.6,0.5,0.7,1,冀
2026-06-26,圆白菜,0.6,0.5,0.7,1,冀
2026-06-27,圆白菜,0.6,0.5,0.7,1,冀
2026-06-28,圆白菜,0.55,0.4,0.7,1,冀
2026-06-29,圆白菜,0.55,0.4,0.7,1,冀
2026-06-30,圆白菜,0.55,0.4,0.7,1,冀
2026-07-01,圆白菜,0.55,0.4,0.7,1,冀
2026-07-02,圆白菜,0.55,0.4,0.7,1,冀
2026-07-03,圆白菜,0.55,0.4,0.7,1,冀
2026-07-04,圆白菜,0.55,0.4,0.7,1,冀
2026-07-05,圆白菜,0.55,0.4,0.7,1,冀
2026-07-06,圆白菜,0.5,0.4,0.6,1,冀
2026-07-07,圆白菜,0.55,0.4,0.7,1,冀
2026-07-08,圆白菜,0.55,0.4,0.7,1,冀
2026-07-09,圆白菜,0.55,0.4,0.7,1,冀
2026-07-10,圆白菜,0.55,0.4,0.7,1,冀
2026-07-11,圆白菜,0.65,0.5,0.8,1,冀
2026-07-12,圆白菜,0.65,0.5,0.8,1,冀
2026-07-13,圆白菜,0.6,0.5,0.7,1,冀
2026-07-14,圆白菜,0.6,0.5,0.7,1,冀
2026-07-15,圆白菜,0.6,0.5,0.7,1,冀
2026-07-16,圆白菜,0.8,0.6,1.0,1,冀
2026-07-17,圆白菜,0.75,0.6,0.9,1,冀
2026-07-18,圆白菜,0.65,0.4,0.9,1,冀
2026-07-19,圆白菜,0.75,0.6,0.9,1,冀
2026-07-20,圆白菜,0.75,0.6,0.9,1,冀
2026-07-21,圆白菜,0.75,0.6,0.9,1,冀
2026-07-22,圆白菜,0.8,0.6,1.0,1,冀
2026-07-23,圆白菜,0.75,0.6,0.9,1,冀
2026-07-24,圆白菜,0.7,0.5,0.9,1,冀
2026-07-25,圆白菜,0.7,0.5,0.9,1,冀
2026-07-26,圆白菜,0.7,0.5,0.9,1,冀
2026-07-27,圆白菜,0.7,0.5,0.9,1,冀
2026-07-28,圆白菜,0.7,0.5,0.9,1,冀
2026-07-29,圆白菜,0.7,0.5,0.9,1,冀
2026-07-30,圆白菜,0.65,0.5,0.8,1,冀
2026-07-31,圆白菜,0.6,0.4,0.8,1,冀
2026-08-01,圆白菜,0.8,0.6,1.0,1,冀
2026-08-02,圆白菜,0.75,0.6,0.9,1,冀
2026-08-03,圆白菜,0.65,0.5,0.8,1,冀
2026-08-04,圆白菜,0.65,0.5,0.8,1,冀
2026-08-05,圆白菜,0.6,0.5,0.7,1,冀
2026-08-06,圆白菜,0.6,0.5,0.7,1,冀
2026-08-07,圆白菜,0.6,0.5,0.7,1,冀
2026-08-08,圆白菜,0.6,0.5,0.7,1,冀
2026-08-09,圆白菜,0.55,0.4,0.7,1,冀
2026-08-10,圆白菜,0.55,0.4,0.7,1,冀
2026-08-11,圆白菜,1.15,0.7,1.6,1,冀
2026-01-01,土豆,1.1,0.9,1.3,1,陕蒙冀
2026-01-02,土豆,1.1,0.9,1.3,1,陕蒙冀
2026-01-03,土豆,1.1,0.9,1.3,1,陕蒙冀
2026-01-04,土豆,1.1,0.9,1.3,1,陕蒙冀
2026-01-05,土豆,1.1,0.9,1.3,1,陕蒙冀
2026-01-06,土豆,1.1,0.9,1.3,1,陕蒙冀
2026-01-07,土豆,1.1,0.9,1.3,1,陕蒙冀
2026-01-08,土豆,1.1,0.9,1.3,1,陕蒙冀
2026-01-09,土豆,1.1,0.9,1.3,1,陕蒙冀
2026-01-10,土豆,1.1,0.9,1.3,1,陕蒙冀
2026-01-11,土豆,1.1,0.9,1.3,1,陕蒙冀
2026-01-12,土豆,1.1,0.9,1.3,1,陕蒙冀
2026-01-13,土豆,1.1,0.9,1.3,1,陕蒙冀
2026-01-14,土豆,1.1,0.9,1.3,1,陕蒙冀
2026-01-15,土豆,1.1,0.9,1.3,1,陕蒙冀
2026-01-16,土豆,1.1,0.9,1.3,1,陕蒙冀
2026-01-17,土豆,1.1,0.9,1.3,1,陕蒙冀
2026-01-18,土豆,1.1,0.9,1.3,1,陕蒙冀
2026-01-19,土豆,1.1,0.9,1.3,1,陕蒙冀
2026-01-20,土豆,1.1,0.9,1.3,1,陕蒙冀
2026-01-21,土豆,1.1,0.9,1.3,1,陕蒙冀
2026-01-22,土豆,1.1,0.9,1.3,1,陕蒙冀
2026-01-23,土豆,1.1,0.9,1.3,1,陕蒙冀
2026-01-24,土豆,1.1,0.9,1.3,1,陕蒙冀
2026-01-25,土豆,1.1,0.9,1.3,1,陕蒙冀
2026-01-26,土豆,1.1,0.9,1.3,1,陕蒙冀
2026-01-27,土豆,1.1,0.9,1.3,1,陕蒙冀
2026-01-28,土豆,1.1,0.9,1.3,1,陕蒙冀
2026-01-29,土豆,1.1,0.9,1.3,1,陕蒙冀
2026-01-30,土豆,1.1,0.9,1.3,1,陕蒙冀
2026-01-31,土豆,1.1,0.9,1.3,1,陕蒙冀
2026-02-01,土豆,1.1,0.9,1.3,1,陕蒙冀
2026-02-02,土豆,1.1,0.9,1.3,1,陕蒙冀
2026-02-03,土豆,1.1,0.9,1.3,1,陕蒙冀
2026-02-04,土豆,1.1,0.9,1.3,1,陕蒙冀
2026-02-05,土豆,1.1,0.9,1.3,1,陕蒙冀
2026-02-06,土豆,1.1,0.9,1.3,1,陕蒙冀
2026-02-07,土豆,1.1,0.9,1.3,1,陕蒙冀
2026-02-08,土豆,1.1,0.9,1.3,1,陕蒙冀
2026-02-09,土豆,1.1,0.9,1.3,1,陕蒙冀
2026-02-10,土豆,1.1,0.9,1.3,1,陕蒙冀
2026-02-11,土豆,1.1,0.9,1.3,1,陕蒙冀
2026-02-12,土豆,1.1,0.9,1.3,1,陕蒙冀
2026-02-13,土豆,1.1,0.9,1.3,1,陕蒙冀
2026-02-14,土豆,1.1,0.9,1.3,1,陕蒙冀
2026-02-15,土豆,1.1,0.9,1.3,1,陕蒙冀
2026-02-16,土豆,1.1,0.9,1.3,1,陕蒙冀
2026-02-24,土豆,1.1,0.9,1.3,1,陕蒙冀
2026-02-25,土豆,1.1,0.9,1.3,1,陕蒙冀
2026-02-26,土豆,1.1,0.9,1.3,1,陕蒙冀
2026-02-27,土豆,1.1,0.9,1.3,1,陕蒙冀
2026-02-28,土豆,1.1,0.9,1.3,1,陕蒙冀
2026-03-01,土豆,1.1,0.9,1.3,1,陕蒙冀
2026-03-02,土豆,1.1,0.9,1.3,1,陕蒙冀
2026-03-03,土豆,1.1,0.9,1.3,1,陕蒙冀
2026-03-04,土豆,1.1,0.9,1.3,1,陕蒙冀
2026-03-05,土豆,1.1,0.9,1.3,1,陕蒙冀
2026-03-06,土豆,1.1,0.9,1.3,1,陕蒙冀
2026-03-07,土豆,1.1,0.9,1.3,1,陕蒙冀
2026-03-08,土豆,1.1,0.9,1.3,1,陕蒙冀
2026-03-09,土豆,1.1,0.9,1.3,1,陕蒙冀
2026-03-10,土豆,1.1,0.9,1.3,1,陕蒙冀
2026-03-11,土豆,1.1,0.9,1.3,1,陕蒙冀
2026-03-12,土豆,1.2,0.7,1.9,2,桂云/陕蒙冀
2026-03-13,土豆,1.2,0.7,1.9,2,桂云/陕蒙冀
2026-03-14,土豆,1.2,0.7,1.9,2,桂云/陕蒙冀
2026-03-15,土豆,1.2,0.7,1.9,2,桂云/陕蒙冀
2026-03-16,土豆,1.25,0.9,1.9,2,桂云/陕蒙冀
2026-03-17,土豆,1.3,0.9,2.0,2,桂云/陕蒙冀
2026-03-18,土豆,1.3,0.9,2.0,2,桂云/陕蒙冀
2026-03-19,土豆,1.3,0.9,2.0,2,桂云/陕蒙冀
2026-03-20,土豆,1.3,0.9,2.0,2,桂云/陕蒙冀
2026-03-21,土豆,1.3,0.9,2.0,2,桂云/陕蒙冀
2026-03-22,土豆,1.3,0.9,2.0,2,桂云/陕蒙冀
2026-03-23,土豆,1.3,0.9,2.0,2,桂云/陕蒙冀
2026-03-24,土豆,1.3,0.9,2.0,2,桂云/陕蒙冀
2026-03-25,土豆,1.3,0.9,2.0,2,桂云/陕蒙冀
2026-03-26,土豆,1.3,0.9,2.0,2,桂云/陕蒙冀
2026-03-27,土豆,1.3,0.9,2.0,2,桂云/陕蒙冀
2026-03-28,土豆,1.265,0.9,1.85,2,桂云/陕蒙冀
2026-03-29,土豆,1.265,0.9,1.85,2,桂云/陕蒙冀
2026-03-30,土豆,1.25,0.9,1.8,2,桂云/陕蒙冀
2026-03-31,土豆,1.2,0.9,1.7,2,桂云/陕蒙冀
2026-04-01,土豆,1.2,0.9,1.7,2,桂云/陕蒙冀
2026-04-02,土豆,1.175,0.85,1.7,2,桂云/陕蒙冀
2026-04-03,土豆,1.175,0.85,1.7,2,桂云/陕蒙冀
2026-04-04,土豆,1.175,0.85,1.7,2,桂云/陕蒙冀
2026-04-05,土豆,1.175,0.85,1.7,2,桂云/陕蒙冀
2026-04-06,土豆,1.115,0.8,1.6,2,桂云/陕蒙冀
2026-04-07,土豆,1.115,0.8,1.6,2,桂云/陕蒙冀
2026-04-08,土豆,1.115,0.8,1.6,2,桂云/陕蒙冀
2026-04-09,土豆,1.115,0.8,1.6,2,桂云/陕蒙冀
2026-04-10,土豆,1.115,0.8,1.6,2,桂云/陕蒙冀
2026-04-11,土豆,1.115,0.8,1.6,2,桂云/陕蒙冀
2026-04-12,土豆,1.115,0.8,1.6,2,桂云/陕蒙冀
2026-04-13,土豆,1.24,0.8,1.6,2,桂云/陕蒙冀
2026-04-14,土豆,1.24,0.8,1.6,2,桂云/陕蒙冀
2026-04-15,土豆,1.24,0.8,1.6,2,桂云/陕蒙冀
2026-04-16,土豆,1.24,0.8,1.6,2,桂云/陕蒙冀
2026-04-17,土豆,1.24,0.8,1.6,2,桂云/陕蒙冀
2026-04-18,土豆,1.24,0.8,1.6,2,桂云/陕蒙冀
2026-04-19,土豆,1.24,0.8,1.6,2,桂云/陕蒙冀
2026-04-20,土豆,1.165,0.75,1.5,2,桂云/陕蒙冀
2026-04-21,土豆,1.165,0.75,1.5,2,桂云/陕蒙冀
2026-04-22,土豆,1.165,0.75,1.5,2,桂云/陕蒙冀
2026-04-23,土豆,1.19,0.75,1.6,2,桂云/陕蒙冀
2026-04-24,土豆,1.19,0.75,1.6,2,云鲁/陕蒙冀
2026-04-25,土豆,1.19,0.75,1.6,2,云鲁/陕蒙冀
2026-04-26,土豆,1.19,0.75,1.6,2,云鲁/陕蒙冀
2026-04-27,土豆,1.19,0.75,1.6,2,云鲁/陕蒙冀
2026-04-28,土豆,1.19,0.75,1.6,2,云鲁/陕蒙冀
2026-04-29,土豆,1.19,0.75,1.6,2,云鲁/陕蒙冀
2026-04-30,土豆,1.19,0.75,1.6,2,云鲁/陕蒙冀
2026-05-01,土豆,1.19,0.75,1.6,2,云鲁/陕蒙冀
2026-05-02,土豆,1.19,0.75,1.6,2,云鲁/陕蒙冀
2026-05-03,土豆,1.19,0.75,1.6,2,云鲁/陕蒙冀
2026-05-04,土豆,1.075,0.8,1.4,2,云鲁/陕蒙冀
2026-05-05,土豆,1.075,0.8,1.4,2,云鲁/陕蒙冀
2026-05-06,土豆,1.075,0.8,1.4,2,云鲁/陕蒙冀
2026-05-07,土豆,1.075,0.8,1.4,2,云鲁/陕蒙冀
2026-05-08,土豆,1.075,0.8,1.4,2,云鲁/陕蒙冀
2026-05-09,土豆,1.075,0.8,1.4,2,云鲁/陕蒙冀
2026-05-10,土豆,1.075,0.8,1.4,2,云鲁/陕蒙冀
2026-05-11,土豆,1.075,0.8,1.4,2,云鲁/陕蒙冀
2026-05-12,土豆,1.075,0.8,1.4,2,云鲁/陕蒙冀
2026-05-13,土豆,1.04,0.8,1.35,2,云鲁/陕蒙冀
2026-05-14,土豆,1.025,0.8,1.3,2,云鲁/陕蒙冀
2026-05-15,土豆,1.025,0.8,1.3,2,云鲁/陕蒙冀
2026-05-16,土豆,1.025,0.8,1.3,2,云鲁/陕蒙冀
2026-05-17,土豆,1.0,0.8,1.3,2,云鲁/陕蒙冀
2026-05-18,土豆,1.0,0.8,1.3,2,陕蒙冀/鲁
2026-05-19,土豆,1.05,0.8,1.4,2,陕蒙冀/鲁
2026-05-20,土豆,1.05,0.8,1.4,2,陕蒙冀/鲁
2026-05-21,土豆,1.025,0.8,1.35,2,陕蒙冀/鲁
2026-05-22,土豆,1.025,0.8,1.35,2,陕蒙冀/鲁
2026-05-23,土豆,1.025,0.8,1.35,2,陕蒙冀/鲁
2026-05-24,土豆,1.025,0.8,1.35,2,陕蒙冀/鲁
2026-05-25,土豆,1.025,0.8,1.35,2,陕蒙冀/鲁
2026-05-26,土豆,1.025,0.8,1.35,2,陕蒙冀/鲁
2026-05-27,土豆,1.025,0.8,1.35,2,陕蒙冀/鲁
2026-05-28,土豆,1.025,0.8,1.35,2,陕蒙冀/鲁
2026-05-29,土豆,1.025,0.8,1.35,2,陕蒙冀/鲁
2026-05-30,土豆,0.99,0.8,1.3,2,陕蒙冀/鲁
2026-05-31,土豆,0.975,0.8,1.25,2,陕蒙冀/鲁
2026-06-01,土豆,1.115,0.85,1.2,2,冀鲁/鲁
2026-06-02,土豆,1.115,0.85,1.3,2,陕蒙冀/鲁
2026-06-03,土豆,1.115,0.85,1.3,2,陕蒙冀/鲁
2026-06-04,土豆,0.93,0.8,1.05,1,鲁冀
2026-06-05,土豆,0.93,0.8,1.05,1,鲁冀
2026-06-06,土豆,0.93,0.8,1.05,1,鲁冀
2026-06-07,土豆,0.93,0.8,1.05,1,鲁冀
2026-06-08,土豆,0.88,0.75,1.0,1,鲁冀
2026-06-09,土豆,0.88,0.75,1.0,1,鲁冀
2026-06-10,土豆,0.88,0.75,1.0,1,鲁冀
2026-06-11,土豆,0.88,0.75,1.0,1,鲁冀
2026-06-12,土豆,0.88,0.75,1.0,1,鲁冀
2026-06-13,土豆,0.88,0.75,1.0,1,鲁冀
2026-06-14,土豆,0.88,0.75,1.0,1,鲁冀
2026-06-15,土豆,0.83,0.7,0.95,1,鲁冀
2026-06-16,土豆,0.83,0.7,0.95,1,鲁冀
2026-06-17,土豆,0.83,0.7,0.95,1,鲁冀
2026-06-18,土豆,0.83,0.7,0.95,1,鲁冀
2026-06-19,土豆,0.83,0.7,0.95,1,鲁冀
2026-06-20,土豆,0.83,0.7,0.95,1,鲁冀
2026-06-21,土豆,0.8,0.7,0.9,1,鲁冀
2026-06-22,土豆,0.8,0.7,0.9,1,鲁冀
2026-06-23,土豆,0.83,0.7,0.95,1,冀
2026-06-24,土豆,0.83,0.7,0.95,1,冀
2026-06-25,土豆,0.83,0.7,0.95,1,冀
2026-06-26,土豆,0.83,0.7,0.95,1,冀
2026-06-27,土豆,0.83,0.7,0.95,1,冀
2026-06-28,土豆,0.83,0.7,0.95,1,冀
2026-06-29,土豆,0.83,0.7,0.95,1,冀
2026-06-30,土豆,0.83,0.7,0.95,1,冀
2026-07-01,土豆,0.83,0.7,0.95,1,冀
2026-07-02,土豆,0.83,0.7,0.95,1,冀
2026-07-03,土豆,0.83,0.7,0.95,1,冀
2026-07-04,土豆,0.83,0.7,0.95,1,冀
2026-07-05,土豆,0.83,0.7,0.95,1,冀
2026-07-06,土豆,0.83,0.7,0.95,1,冀
2026-07-07,土豆,0.83,0.7,0.95,1,冀
2026-07-08,土豆,0.83,0.7,0.95,1,冀
2026-07-09,土豆,0.85,0.75,0.95,1,冀
2026-07-10,土豆,0.85,0.75,0.95,1,冀
2026-07-11,土豆,0.88,0.75,1.0,1,冀
2026-07-12,土豆,0.98,0.85,1.1,1,冀
2026-07-13,土豆,0.98,0.85,1.1,1,冀
2026-07-14,土豆,0.98,0.85,1.1,1,冀
2026-07-15,土豆,0.98,0.85,1.1,1,冀
2026-07-16,土豆,0.98,0.85,1.1,1,冀
2026-07-17,土豆,0.98,0.85,1.1,1,冀
2026-07-18,土豆,0.98,0.85,1.1,1,冀
2026-07-19,土豆,0.98,0.85,1.1,1,冀
2026-07-20,土豆,0.93,0.85,1.0,1,冀
2026-07-21,土豆,0.98,0.85,1.1,1,冀
2026-07-22,土豆,0.98,0.85,1.1,1,冀
2026-07-23,土豆,0.98,0.85,1.1,1,冀
2026-07-24,土豆,0.98,0.85,1.1,1,冀
2026-07-25,土豆,0.98,0.85,1.1,1,冀
2026-07-26,土豆,0.98,0.85,1.1,1,冀
2026-07-27,土豆,0.98,0.85,1.1,1,冀
2026-07-28,土豆,0.98,0.85,1.1,1,冀
2026-07-29,土豆,0.98,0.85,1.1,1,冀
2026-07-30,土豆,0.98,0.85,1.1,1,冀
2026-07-31,土豆,0.98,0.85,1.1,1,冀
2026-08-01,土豆,0.98,0.85,1.1,1,冀
2026-08-02,土豆,0.98,0.85,1.1,1,冀
2026-08-03,土豆,0.98,0.85,1.1,1,冀
2026-08-04,土豆,0.98,0.85,1.1,1,冀
2026-08-05,土豆,0.98,0.85,1.1,1,冀
2026-08-06,土豆,1.055,0.85,1.4,2,冀蒙/陕
2026-08-07,土豆,1.015,0.8,1.4,2,冀蒙/陕
2026-08-08,土豆,1.015,0.8,1.4,2,冀蒙/陕
2026-08-09,土豆,1.015,0.8,1.4,2,冀蒙/陕
2026-08-10,土豆,1.015,0.8,1.4,2,冀蒙/陕
2026-08-11,土豆,1.015,0.8,1.4,2,冀蒙/陕
2026-01-01,大白菜,1.03,0.85,1.2,1,冀鄂
2026-01-02,大白菜,1.03,0.85,1.2,1,冀鄂
2026-01-03,大白菜,1.0,0.8,1.2,1,冀鄂
2026-01-04,大白菜,1.03,0.85,1.2,1,冀鄂
2026-01-05,大白菜,1.03,0.85,1.2,1,冀鄂
2026-01-06,大白菜,1.05,0.9,1.2,1,冀鄂
2026-01-07,大白菜,1.05,0.9,1.2,1,冀鄂
2026-01-08,大白菜,1.05,0.9,1.2,1,冀鄂
2026-01-09,大白菜,1.03,0.9,1.15,1,冀鄂
2026-01-10,大白菜,1.0,0.85,1.15,1,冀鄂
2026-01-11,大白菜,1.0,0.85,1.15,1,冀鄂
2026-01-12,大白菜,1.0,0.85,1.15,1,冀鄂
2026-01-13,大白菜,1.0,0.85,1.15,1,冀鄂
2026-01-14,大白菜,0.95,0.8,1.1,1,冀鄂
2026-01-15,大白菜,0.98,0.85,1.1,1,冀鄂
2026-01-16,大白菜,1.0,0.9,1.1,1,冀鄂
2026-01-17,大白菜,1.08,0.95,1.2,1,冀鄂
2026-01-18,大白菜,1.35,1.2,1.5,1,冀鄂
2026-01-19,大白菜,1.3,1.2,1.4,1,冀鄂
2026-01-20,大白菜,1.3,1.2,1.4,1,冀鄂
2026-01-21,大白菜,1.3,1.2,1.4,1,冀鄂
2026-01-22,大白菜,1.35,1.3,1.4,1,冀鄂
2026-01-23,大白菜,1.35,1.3,1.4,1,冀鄂
2026-01-24,大白菜,1.33,1.25,1.4,1,冀鄂
2026-01-25,大白菜,1.25,1.1,1.4,1,冀鄂
2026-01-26,大白菜,1.2,1.0,1.4,1,冀鄂
2026-01-27,大白菜,1.2,1.0,1.4,1,冀鄂
2026-01-28,大白菜,1.2,1.0,1.4,1,冀鄂
2026-01-29,大白菜,1.2,1.0,1.4,1,冀鄂
2026-01-30,大白菜,1.23,1.05,1.4,1,冀鄂
2026-01-31,大白菜,1.2,1.0,1.4,1,冀鄂
2026-02-01,大白菜,1.2,1.0,1.4,1,冀鄂
2026-02-02,大白菜,1.35,1.0,1.7,1,冀鄂
2026-02-03,大白菜,1.35,1.0,1.7,1,冀鄂
2026-02-04,大白菜,1.35,1.0,1.7,1,冀鄂
2026-02-05,大白菜,1.35,1.0,1.7,1,冀鄂
2026-02-06,大白菜,1.35,1.0,1.7,1,冀鄂
2026-02-07,大白菜,1.35,1.0,1.7,1,冀鄂
2026-02-08,大白菜,1.35,1.1,1.6,1,冀鄂
2026-02-09,大白菜,1.35,1.1,1.6,1,冀鄂
2026-02-10,大白菜,1.35,1.1,1.6,1,冀鄂
2026-02-11,大白菜,1.3,1.0,1.6,1,冀鄂
2026-02-12,大白菜,1.3,1.0,1.6,1,冀鄂
2026-02-13,大白菜,1.3,1.0,1.6,1,冀鄂
2026-02-14,大白菜,1.35,1.1,1.6,1,冀鄂
2026-02-15,大白菜,1.35,1.1,1.6,1,冀鄂
2026-02-16,大白菜,1.35,1.1,1.6,1,冀鄂
2026-02-24,大白菜,1.35,1.1,1.6,1,冀鄂
2026-02-25,大白菜,1.3,1.1,1.5,1,冀鄂
2026-02-26,大白菜,1.3,1.1,1.5,1,冀鄂
2026-02-27,大白菜,1.25,1.0,1.5,1,冀鄂
2026-02-28,大白菜,1.2,1.0,1.4,1,冀鄂
2026-03-01,大白菜,1.15,0.9,1.4,1,冀鄂
2026-03-02,大白菜,1.15,0.9,1.4,1,冀鄂
2026-03-03,大白菜,1.2,1.0,1.4,1,冀鄂
2026-03-04,大白菜,1.1,0.8,1.4,1,冀鄂
2026-03-05,大白菜,1.05,0.8,1.3,1,冀鄂
2026-03-06,大白菜,1.0,0.7,1.3,1,冀鄂
2026-03-07,大白菜,0.98,0.65,1.3,1,冀鄂
2026-03-08,大白菜,0.98,0.65,1.3,1,冀鄂
2026-03-09,大白菜,1.15,1.0,1.3,1,冀鄂鲁
2026-03-10,大白菜,1.15,1.0,1.3,1,冀鄂鲁
2026-03-11,大白菜,1.1,0.9,1.3,1,冀鄂鲁
2026-03-12,大白菜,1.08,0.95,1.2,1,冀鄂鲁
2026-03-13,大白菜,1.08,0.95,1.2,1,冀鄂鲁
2026-03-14,大白菜,1.08,0.95,1.2,1,冀鄂鲁
2026-03-15,大白菜,1.08,0.95,1.2,1,冀鄂鲁
2026-03-16,大白菜,1.08,0.95,1.2,1,冀鄂鲁
2026-03-17,大白菜,1.0,0.9,1.1,1,冀鄂鲁
2026-03-18,大白菜,1.0,0.9,1.1,1,冀鄂鲁
2026-03-19,大白菜,1.0,0.9,1.1,1,冀鄂鲁
2026-03-20,大白菜,1.0,0.9,1.1,1,冀鄂鲁
2026-03-21,大白菜,1.05,1.0,1.1,1,冀鄂鲁
2026-03-22,大白菜,1.05,1.0,1.1,1,冀鄂鲁
2026-03-23,大白菜,1.05,1.0,1.1,1,冀鄂鲁
2026-03-24,大白菜,1.05,1.0,1.1,1,冀鄂鲁
2026-03-25,大白菜,1.0,0.9,1.1,1,冀鄂鲁
2026-03-26,大白菜,1.0,0.9,1.1,1,冀鄂鲁
2026-03-27,大白菜,0.9,0.8,1.0,1,冀鄂鲁
2026-03-28,大白菜,0.9,0.8,1.0,1,冀鄂鲁
2026-03-29,大白菜,0.9,0.8,1.0,1,冀鄂鲁
2026-03-30,大白菜,0.75,0.6,0.9,1,冀鄂鲁
2026-03-31,大白菜,0.7,0.6,0.8,1,冀鄂鲁
2026-04-01,大白菜,0.7,0.6,0.8,1,冀鄂鲁
2026-04-02,大白菜,0.7,0.6,0.8,1,冀鄂鲁
2026-04-03,大白菜,0.7,0.6,0.8,1,冀鄂鲁
2026-04-04,大白菜,0.7,0.6,0.8,1,冀鄂鲁
2026-04-05,大白菜,0.6,0.5,0.7,1,冀鲁
2026-04-06,大白菜,0.6,0.5,0.7,1,冀鲁
2026-04-07,大白菜,0.58,0.5,0.65,1,冀鲁
2026-04-08,大白菜,0.53,0.4,0.65,1,冀鲁
2026-04-09,大白菜,0.5,0.4,0.6,1,冀鲁
2026-04-10,大白菜,0.5,0.4,0.6,1,冀鲁
2026-04-11,大白菜,0.45,0.4,0.5,1,冀鲁
2026-04-12,大白菜,0.43,0.35,0.5,1,冀鲁
2026-04-13,大白菜,0.43,0.35,0.5,1,冀鲁
2026-04-14,大白菜,0.43,0.35,0.5,1,冀鲁
2026-04-15,大白菜,0.45,0.4,0.5,1,冀鲁
2026-04-16,大白菜,0.5,0.45,0.55,1,冀鲁
2026-04-17,大白菜,0.5,0.45,0.55,1,冀鲁
2026-04-18,大白菜,0.5,0.45,0.55,1,冀鲁
2026-04-19,大白菜,0.45,0.4,0.5,1,冀鲁
2026-04-20,大白菜,0.4,0.35,0.45,1,冀鲁
2026-04-21,大白菜,0.4,0.35,0.45,1,冀鲁
2026-04-22,大白菜,0.4,0.35,0.45,1,冀鲁
2026-04-23,大白菜,0.4,0.35,0.45,1,冀鲁
2026-04-24,大白菜,0.4,0.35,0.45,1,冀鲁
2026-04-25,大白菜,0.4,0.35,0.45,1,冀鲁
2026-04-26,大白菜,0.43,0.4,0.45,1,冀鲁
2026-04-27,大白菜,0.43,0.4,0.45,1,冀
2026-04-28,大白菜,0.43,0.4,0.45,1,冀
2026-04-29,大白菜,0.43,0.4,0.45,1,冀
2026-04-30,大白菜,0.43,0.4,0.45,1,冀
2026-05-01,大白菜,0.45,0.4,0.5,1,冀
2026-05-02,大白菜,0.4,0.35,0.45,1,冀
2026-05-03,大白菜,0.4,0.35,0.45,1,冀
2026-05-04,大白菜,0.38,0.3,0.45,1,冀
2026-05-05,大白菜,0.38,0.3,0.45,1,冀
2026-05-06,大白菜,0.38,0.3,0.45,1,冀
2026-05-07,大白菜,0.38,0.3,0.45,1,冀
2026-05-08,大白菜,0.35,0.3,0.4,1,冀
2026-05-09,大白菜,0.35,0.3,0.4,1,冀
2026-05-10,大白菜,0.35,0.3,0.4,1,冀
2026-05-11,大白菜,0.35,0.3,0.4,1,冀
2026-05-12,大白菜,0.35,0.3,0.4,1,冀
2026-05-13,大白菜,0.35,0.3,0.4,1,冀
2026-05-14,大白菜,0.3,0.25,0.35,1,冀
2026-05-15,大白菜,0.3,0.25,0.35,1,冀
2026-05-16,大白菜,0.3,0.25,0.35,1,冀
2026-05-17,大白菜,0.3,0.25,0.35,1,冀
2026-05-18,大白菜,0.48,0.35,0.6,1,冀
2026-05-19,大白菜,0.35,0.3,0.4,1,冀
2026-05-20,大白菜,0.35,0.3,0.4,1,冀
2026-05-21,大白菜,0.35,0.3,0.4,1,冀
2026-05-22,大白菜,0.35,0.3,0.4,1,冀
2026-05-23,大白菜,0.3,0.25,0.35,1,冀
2026-05-24,大白菜,0.3,0.25,0.35,1,冀
2026-05-25,大白菜,0.33,0.3,0.35,1,冀
2026-05-26,大白菜,0.33,0.3,0.35,1,冀
2026-05-27,大白菜,0.35,0.3,0.4,1,冀
2026-05-28,大白菜,0.43,0.4,0.45,1,冀
2026-05-29,大白菜,0.35,0.3,0.4,1,冀
2026-05-30,大白菜,0.35,0.3,0.4,1,冀
2026-05-31,大白菜,0.35,0.3,0.4,1,冀
2026-06-01,大白菜,0.35,0.3,0.4,1,冀
2026-06-02,大白菜,0.35,0.3,0.4,1,冀
2026-06-03,大白菜,0.35,0.3,0.4,1,冀
2026-06-04,大白菜,0.35,0.3,0.4,1,冀
2026-06-05,大白菜,0.55,0.5,0.6,1,冀
2026-06-06,大白菜,0.5,0.45,0.55,1,冀
2026-06-07,大白菜,0.45,0.3,0.6,1,冀
2026-06-08,大白菜,0.5,0.4,0.6,1,冀
2026-06-09,大白菜,0.5,0.4,0.6,1,冀
2026-06-10,大白菜,0.5,0.4,0.6,1,冀
2026-06-11,大白菜,0.45,0.4,0.5,1,冀
2026-06-12,大白菜,0.45,0.4,0.5,1,冀
2026-06-13,大白菜,0.45,0.4,0.5,1,冀
2026-06-14,大白菜,0.45,0.4,0.5,1,冀
2026-06-15,大白菜,0.53,0.4,0.65,1,冀
2026-06-16,大白菜,0.5,0.4,0.6,1,冀
2026-06-17,大白菜,0.5,0.4,0.6,1,冀
2026-06-18,大白菜,0.4,0.35,0.45,1,冀
2026-06-19,大白菜,0.4,0.35,0.45,1,冀
2026-06-20,大白菜,0.4,0.35,0.45,1,冀
2026-06-21,大白菜,0.45,0.4,0.5,1,冀
2026-06-22,大白菜,0.45,0.4,0.5,1,冀
2026-06-23,大白菜,0.43,0.35,0.5,1,冀
2026-06-24,大白菜,0.43,0.35,0.5,1,冀
2026-06-25,大白菜,0.43,0.35,0.5,1,冀
2026-06-26,大白菜,0.43,0.35,0.5,1,冀
2026-06-27,大白菜,0.43,0.35,0.5,1,冀
2026-06-28,大白菜,0.4,0.3,0.5,1,冀
2026-06-29,大白菜,0.5,0.45,0.55,1,冀
2026-06-30,大白菜,0.5,0.45,0.55,1,冀
2026-07-01,大白菜,0.45,0.4,0.5,1,冀
2026-07-02,大白菜,0.45,0.4,0.5,1,冀
2026-07-03,大白菜,0.4,0.35,0.45,1,冀
2026-07-04,大白菜,0.4,0.35,0.45,1,冀
2026-07-05,大白菜,0.4,0.35,0.45,1,冀
2026-07-06,大白菜,0.4,0.35,0.45,1,冀
2026-07-07,大白菜,0.4,0.35,0.45,1,冀
2026-07-08,大白菜,0.4,0.35,0.45,1,冀
2026-07-09,大白菜,0.38,0.3,0.45,1,冀
2026-07-10,大白菜,0.38,0.3,0.45,1,冀
2026-07-11,大白菜,0.5,0.4,0.6,1,冀
2026-07-12,大白菜,0.75,0.7,0.8,1,冀
2026-07-13,大白菜,0.53,0.45,0.6,1,冀
2026-07-14,大白菜,0.45,0.4,0.5,1,冀
2026-07-15,大白菜,0.5,0.45,0.55,1,冀
2026-07-16,大白菜,0.7,0.6,0.8,1,冀
2026-07-17,大白菜,0.7,0.6,0.8,1,冀
2026-07-18,大白菜,0.7,0.6,0.8,1,冀
2026-07-19,大白菜,0.65,0.6,0.7,1,冀
2026-07-20,大白菜,0.65,0.6,0.7,1,冀
2026-07-21,大白菜,0.75,0.7,0.8,1,冀
2026-07-22,大白菜,0.75,0.6,0.9,1,冀
2026-07-23,大白菜,0.75,0.7,0.8,1,冀
2026-07-24,大白菜,0.7,0.6,0.8,1,冀
2026-07-25,大白菜,0.7,0.6,0.8,1,冀
2026-07-26,大白菜,0.7,0.6,0.8,1,冀
2026-07-27,大白菜,0.7,0.6,0.8,1,冀
2026-07-28,大白菜,0.65,0.6,0.7,1,冀
2026-07-29,大白菜,0.65,0.6,0.7,1,冀
2026-07-30,大白菜,0.7,0.6,0.8,1,冀
2026-07-31,大白菜,0.7,0.6,0.8,1,冀
2026-08-01,大白菜,0.7,0.6,0.8,1,冀
2026-08-02,大白菜,0.65,0.6,0.7,1,冀
2026-08-03,大白菜,0.55,0.5,0.6,1,冀
2026-08-04,大白菜,0.55,0.5,0.6,1,冀
2026-08-05,大白菜,0.55,0.5,0.6,1,冀
2026-08-06,大白菜,0.55,0.5,0.6,1,冀
2026-08-07,大白菜,0.55,0.5,0.6,1,冀
2026-08-08,大白菜,0.55,0.5,0.6,1,冀
2026-08-09,大白菜,0.53,0.4,0.65,1,冀
2026-08-10,大白菜,0.53,0.4,0.65,1,冀
2026-08-11,大白菜,0.75,0.7,0.8,1,冀
2026-01-01,大葱,1.9,1.8,2.0,1,冀鲁
2026-01-02,大葱,1.9,1.8,2.0,1,冀鲁
2026-01-03,大葱,1.9,1.8,2.0,1,冀鲁
2026-01-04,大葱,1.9,1.8,2.0,1,冀鲁
2026-01-05,大葱,1.9,1.8,2.0,1,冀鲁
2026-01-06,大葱,1.9,1.8,2.0,1,冀鲁
2026-01-07,大葱,1.9,1.8,2.0,1,冀鲁
2026-01-08,大葱,1.9,1.8,2.0,1,冀鲁
2026-01-09,大葱,1.9,1.8,2.0,1,冀鲁
2026-01-10,大葱,1.9,1.8,2.0,1,冀鲁
2026-01-11,大葱,1.9,1.8,2.0,1,冀鲁
2026-01-12,大葱,2.0,1.9,2.1,1,冀鲁
2026-01-13,大葱,2.0,1.9,2.1,1,冀鲁
2026-01-14,大葱,2.0,1.9,2.1,1,冀鲁
2026-01-15,大葱,2.0,1.9,2.1,1,冀鲁
2026-01-16,大葱,2.0,1.9,2.1,1,冀鲁
2026-01-17,大葱,2.0,1.9,2.1,1,冀鲁
2026-01-18,大葱,2.0,1.9,2.1,1,冀鲁
2026-01-19,大葱,2.0,1.9,2.1,1,冀鲁
2026-01-20,大葱,2.0,1.9,2.1,1,冀鲁
2026-01-21,大葱,2.0,1.9,2.1,1,冀鲁
2026-01-22,大葱,2.0,1.9,2.1,1,冀鲁
2026-01-23,大葱,2.0,1.9,2.1,1,冀鲁
2026-01-24,大葱,2.0,1.9,2.1,1,冀鲁
2026-01-25,大葱,2.0,1.9,2.1,1,冀鲁
2026-01-26,大葱,2.0,1.9,2.1,1,冀鲁
2026-01-27,大葱,2.0,1.9,2.1,1,冀鲁
2026-01-28,大葱,2.0,1.9,2.1,1,冀鲁
2026-01-29,大葱,2.0,1.9,2.1,1,冀鲁
2026-01-30,大葱,2.0,1.9,2.1,1,冀鲁
2026-01-31,大葱,2.0,1.9,2.1,1,冀鲁
2026-02-01,大葱,1.9,1.8,2.0,1,冀鲁
2026-02-02,大葱,1.9,1.8,2.0,1,冀鲁
2026-02-03,大葱,1.9,1.8,2.0,1,冀鲁
2026-02-04,大葱,1.9,1.8,2.0,1,冀鲁
2026-02-05,大葱,1.7,1.6,1.8,1,冀鲁
2026-02-06,大葱,1.7,1.6,1.8,1,冀鲁
2026-02-07,大葱,1.7,1.6,1.8,1,冀鲁
2026-02-08,大葱,1.7,1.6,1.8,1,冀鲁
2026-02-09,大葱,1.6,1.5,1.7,1,冀鲁
2026-02-10,大葱,1.6,1.5,1.7,1,冀鲁
2026-02-11,大葱,1.6,1.5,1.7,1,冀鲁
2026-02-12,大葱,1.6,1.5,1.7,1,冀鲁
2026-02-13,大葱,1.6,1.5,1.7,1,冀鲁
2026-02-14,大葱,1.6,1.5,1.7,1,冀鲁
2026-02-15,大葱,1.6,1.5,1.7,1,冀鲁
2026-02-16,大葱,1.6,1.5,1.7,1,冀鲁
2026-02-24,大葱,1.45,1.3,1.6,1,苏闽
2026-02-25,大葱,1.4,1.3,1.5,1,苏闽
2026-02-26,大葱,1.4,1.3,1.5,1,苏闽
2026-02-27,大葱,1.4,1.3,1.5,1,苏闽
2026-02-28,大葱,1.35,1.2,1.5,1,苏闽
2026-03-01,大葱,1.3,1.2,1.4,1,苏闽
2026-03-02,大葱,1.3,1.2,1.4,1,苏闽
2026-03-03,大葱,1.25,1.2,1.3,1,苏闽
2026-03-04,大葱,1.05,0.9,1.2,1,苏闽
2026-03-05,大葱,1.05,0.9,1.2,1,苏闽
2026-03-06,大葱,1.05,0.9,1.2,1,苏闽
2026-03-07,大葱,1.05,0.9,1.2,1,苏闽
2026-03-08,大葱,1.05,0.9,1.2,1,苏闽
2026-03-09,大葱,1.05,0.9,1.2,1,苏闽
2026-03-10,大葱,1.0,0.9,1.1,1,苏闽
2026-03-11,大葱,0.9,0.8,1.0,1,苏闽
2026-03-12,大葱,0.9,0.8,1.0,1,苏闽
2026-03-13,大葱,0.9,0.8,1.0,1,苏闽
2026-03-14,大葱,0.9,0.8,1.0,1,苏闽
2026-03-15,大葱,0.9,0.8,1.0,1,苏闽
2026-03-16,大葱,0.9,0.8,1.0,1,苏闽
2026-03-17,大葱,0.9,0.8,1.0,1,苏闽
2026-03-18,大葱,0.9,0.8,1.0,1,苏闽
2026-03-19,大葱,0.9,0.8,1.0,1,苏闽
2026-03-20,大葱,0.9,0.8,1.0,1,苏闽
2026-03-21,大葱,0.9,0.8,1.0,1,苏闽
2026-03-22,大葱,0.9,0.8,1.0,1,苏闽
2026-03-23,大葱,0.9,0.8,1.0,1,苏闽
2026-03-24,大葱,0.85,0.8,0.9,1,苏闽
2026-03-25,大葱,0.85,0.8,0.9,1,苏闽
2026-03-26,大葱,0.8,0.7,0.9,1,苏闽
2026-03-27,大葱,0.8,0.7,0.9,1,苏闽
2026-03-28,大葱,0.8,0.7,0.9,1,苏闽
2026-03-29,大葱,0.8,0.7,0.9,1,苏闽
2026-03-30,大葱,0.8,0.7,0.9,1,苏闽
2026-03-31,大葱,0.8,0.7,0.9,1,苏闽
2026-04-01,大葱,0.75,0.6,0.9,1,苏闽
2026-04-02,大葱,0.75,0.6,0.9,1,苏闽
2026-04-03,大葱,0.8,0.7,0.9,1,苏闽
2026-04-04,大葱,0.8,0.7,0.9,1,苏闽
2026-04-05,大葱,0.8,0.7,0.9,1,苏闽
2026-04-06,大葱,0.75,0.7,0.8,1,苏闽
2026-04-07,大葱,0.75,0.7,0.8,1,苏闽
2026-04-08,大葱,0.75,0.7,0.8,1,苏闽
2026-04-09,大葱,0.75,0.7,0.8,1,苏闽
2026-04-10,大葱,0.75,0.7,0.8,1,苏闽
2026-04-11,大葱,0.75,0.7,0.8,1,苏闽
2026-04-12,大葱,0.75,0.7,0.8,1,苏闽
2026-04-13,大葱,0.75,0.7,0.8,1,苏闽
2026-04-14,大葱,0.75,0.7,0.8,1,苏闽
2026-04-15,大葱,0.8,0.7,0.9,1,苏闽
2026-04-16,大葱,0.8,0.7,0.9,1,苏闽
2026-04-17,大葱,0.8,0.7,0.9,1,苏闽
2026-04-18,大葱,0.8,0.7,0.9,1,苏闽
2026-04-19,大葱,0.8,0.7,0.9,1,苏闽
2026-04-20,大葱,0.8,0.7,0.9,1,苏闽
2026-04-21,大葱,0.8,0.7,0.9,1,苏闽
2026-04-22,大葱,0.75,0.7,0.8,1,苏闽
2026-04-23,大葱,0.75,0.7,0.8,1,苏闽
2026-04-24,大葱,0.75,0.7,0.8,1,苏闽
2026-04-25,大葱,0.75,0.7,0.8,1,苏闽
2026-04-26,大葱,0.75,0.7,0.8,1,苏闽
2026-04-27,大葱,0.75,0.7,0.8,1,苏
2026-04-28,大葱,0.75,0.7,0.8,1,苏
2026-04-29,大葱,0.75,0.7,0.8,1,苏
2026-04-30,大葱,0.75,0.7,0.8,1,苏
2026-05-01,大葱,0.75,0.7,0.8,1,苏
2026-05-02,大葱,0.75,0.7,0.8,1,苏
2026-05-03,大葱,0.75,0.7,0.8,1,苏
2026-05-04,大葱,0.8,0.75,0.85,1,鲁
2026-05-05,大葱,0.85,0.8,0.9,1,鲁
2026-05-06,大葱,0.85,0.8,0.9,1,鲁
2026-05-07,大葱,0.85,0.8,0.9,1,鲁
2026-05-08,大葱,0.9,0.8,1.0,1,鲁
2026-05-09,大葱,0.9,0.8,1.0,1,鲁
2026-05-10,大葱,0.95,0.9,1.0,1,鲁
2026-05-11,大葱,0.95,0.9,1.0,1,鲁
2026-05-12,大葱,1.05,1.0,1.1,1,鲁
2026-05-13,大葱,1.15,1.1,1.2,1,鲁
2026-05-14,大葱,1.15,1.1,1.2,1,鲁
2026-05-15,大葱,1.15,1.1,1.2,1,鲁
2026-05-16,大葱,1.2,1.1,1.3,1,鲁
2026-05-17,大葱,1.3,1.2,1.4,1,鲁
2026-05-18,大葱,1.4,1.3,1.5,1,鲁
2026-05-19,大葱,1.4,1.3,1.5,1,鲁
2026-05-20,大葱,1.4,1.3,1.5,1,鲁
2026-05-21,大葱,1.7,1.6,1.8,1,鲁
2026-05-22,大葱,1.7,1.6,1.8,1,鲁
2026-05-23,大葱,1.8,1.7,1.9,1,鲁
2026-05-24,大葱,1.8,1.7,1.9,1,鲁
2026-05-25,大葱,1.8,1.7,1.9,1,鲁
2026-05-26,大葱,1.85,1.7,2.0,1,鲁
2026-05-27,大葱,2.05,1.9,2.2,1,鲁
2026-05-28,大葱,2.3,2.2,2.4,1,鲁
2026-05-29,大葱,2.3,2.2,2.4,1,鲁
2026-05-30,大葱,2.3,2.2,2.4,1,鲁
2026-05-31,大葱,2.0,1.9,2.1,1,鲁
2026-06-01,大葱,2.0,1.9,2.1,1,鲁
2026-06-02,大葱,1.9,1.8,2.0,1,鲁
2026-06-03,大葱,1.9,1.8,2.0,1,鲁
2026-06-04,大葱,1.7,1.6,1.8,1,鲁
2026-06-05,大葱,1.7,1.6,1.8,1,鲁
2026-06-06,大葱,1.7,1.6,1.8,1,鲁
2026-06-07,大葱,1.8,1.7,1.9,1,鲁
2026-06-08,大葱,1.9,1.8,2.0,1,鲁
2026-06-09,大葱,1.9,1.8,2.0,1,鲁
2026-06-10,大葱,1.9,1.8,2.0,1,鲁
2026-06-11,大葱,1.8,1.7,1.9,1,鲁
2026-06-12,大葱,1.8,1.7,1.9,1,鲁
2026-06-13,大葱,1.8,1.7,1.9,1,鲁
2026-06-14,大葱,1.8,1.7,1.9,1,鲁
2026-06-15,大葱,1.7,1.6,1.8,1,鲁
2026-06-16,大葱,1.7,1.6,1.8,1,鲁
2026-06-17,大葱,1.7,1.6,1.8,1,鲁
2026-06-18,大葱,1.7,1.6,1.8,1,鲁
2026-06-19,大葱,1.7,1.6,1.8,1,鲁
2026-06-20,大葱,1.7,1.6,1.8,1,鲁
2026-06-21,大葱,1.7,1.6,1.8,1,鲁
2026-06-22,大葱,1.7,1.6,1.8,1,鲁
2026-06-23,大葱,1.7,1.6,1.8,1,鲁冀
2026-06-24,大葱,1.7,1.6,1.8,1,鲁冀
2026-06-25,大葱,1.7,1.6,1.8,1,鲁冀
2026-06-26,大葱,1.7,1.6,1.8,1,鲁冀
2026-06-27,大葱,1.7,1.6,1.8,1,鲁冀
2026-06-28,大葱,1.7,1.6,1.8,1,鲁冀
2026-06-29,大葱,1.525,1.3,1.8,2,冀/鲁
2026-06-30,大葱,1.525,1.3,1.8,2,冀/鲁
2026-07-01,大葱,1.45,1.2,1.7,2,冀/鲁
2026-07-02,大葱,1.45,1.2,1.7,2,冀/鲁
2026-07-03,大葱,1.45,1.2,1.7,2,冀/鲁
2026-07-04,大葱,1.45,1.2,1.7,2,冀/鲁
2026-07-05,大葱,1.45,1.2,1.7,2,冀/鲁
2026-07-06,大葱,1.4,1.2,1.6,2,冀/鲁
2026-07-07,大葱,1.4,1.2,1.6,2,冀/鲁
2026-07-08,大葱,1.4,1.2,1.6,2,冀/鲁
2026-07-09,大葱,1.4,1.2,1.6,2,冀/鲁
2026-07-10,大葱,1.4,1.2,1.6,2,冀/鲁
2026-07-11,大葱,1.4,1.2,1.6,2,冀/鲁
2026-07-12,大葱,1.4,1.2,1.6,2,冀/鲁
2026-07-13,大葱,1.4,1.2,1.6,2,冀/鲁
2026-07-14,大葱,1.4,1.2,1.6,2,冀/鲁
2026-07-15,大葱,1.4,1.2,1.6,2,冀/鲁
2026-07-16,大葱,1.4,1.2,1.6,2,冀/鲁
2026-07-17,大葱,1.4,1.2,1.6,2,冀/鲁
2026-07-18,大葱,1.4,1.2,1.6,2,冀/鲁
2026-07-19,大葱,1.4,1.2,1.6,2,冀/鲁
2026-07-20,大葱,1.275,1.0,1.5,2,冀/鲁
2026-07-21,大葱,1.275,1.0,1.5,2,冀/鲁
2026-07-22,大葱,1.25,1.0,1.5,2,冀/鲁
2026-07-23,大葱,1.25,1.0,1.5,2,冀/鲁
2026-07-24,大葱,1.25,1.0,1.5,2,冀/鲁
2026-07-25,大葱,1.25,1.0,1.5,2,冀/鲁
2026-07-26,大葱,1.2,1.0,1.4,2,冀/鲁
2026-07-27,大葱,1.2,1.0,1.4,2,冀/鲁
2026-07-28,大葱,1.2,1.0,1.4,2,冀/鲁
2026-07-29,大葱,1.15,1.0,1.3,2,冀/鲁
2026-07-30,大葱,1.1,0.9,1.3,2,冀/鲁
2026-07-31,大葱,1.1,0.9,1.3,2,冀/鲁
2026-08-01,大葱,1.1,0.9,1.3,2,冀/鲁
2026-08-02,大葱,1.1,0.9,1.3,2,冀/鲁
2026-08-03,大葱,1.175,1.1,1.3,2,冀/鲁
2026-08-04,大葱,1.175,1.1,1.3,2,冀/鲁
2026-08-05,大葱,1.075,0.9,1.3,2,冀/鲁
2026-08-06,大葱,1.075,0.9,1.3,2,冀/鲁
2026-08-07,大葱,1.075,0.9,1.3,2,冀/鲁
2026-08-08,大葱,1.125,1.0,1.3,2,冀/鲁
2026-08-09,大葱,1.15,1.0,1.3,1,鲁冀
2026-08-10,大葱,1.15,1.0,1.3,1,鲁冀
2026-08-11,大葱,1.2,1.1,1.3,1,鲁冀
2026-01-01,大蒜,3.85,3.5,4.2,1,豫苏鲁
2026-01-02,大蒜,3.85,3.5,4.2,1,豫苏鲁
2026-01-03,大蒜,3.85,3.5,4.2,1,豫苏鲁
2026-01-04,大蒜,3.85,3.5,4.2,1,豫苏鲁
2026-01-05,大蒜,3.85,3.5,4.2,1,豫苏鲁
2026-01-06,大蒜,3.85,3.5,4.2,1,豫苏鲁
2026-01-07,大蒜,3.85,3.5,4.2,1,豫苏鲁
2026-01-08,大蒜,3.85,3.5,4.2,1,豫苏鲁
2026-01-09,大蒜,3.75,3.5,4.0,1,豫苏鲁
2026-01-10,大蒜,3.75,3.5,4.0,1,豫苏鲁
2026-01-11,大蒜,3.75,3.5,4.0,1,豫苏鲁
2026-01-12,大蒜,3.75,3.5,4.0,1,豫苏鲁
2026-01-13,大蒜,3.75,3.5,4.0,1,豫苏鲁
2026-01-14,大蒜,3.75,3.5,4.0,1,豫苏鲁
2026-01-15,大蒜,3.75,3.5,4.0,1,豫苏鲁
2026-01-16,大蒜,3.75,3.5,4.0,1,豫苏鲁
2026-01-17,大蒜,3.75,3.5,4.0,1,豫苏鲁
2026-01-18,大蒜,3.75,3.5,4.0,1,豫苏鲁
2026-01-19,大蒜,3.75,3.5,4.0,1,豫苏鲁
2026-01-20,大蒜,3.65,3.2,4.1,1,豫苏鲁
2026-01-21,大蒜,3.65,3.2,4.1,1,豫苏鲁
2026-01-22,大蒜,3.65,3.2,4.1,1,豫苏鲁
2026-01-23,大蒜,3.65,3.2,4.1,1,豫苏鲁
2026-01-24,大蒜,3.65,3.2,4.1,1,豫苏鲁
2026-01-25,大蒜,3.65,3.2,4.1,1,豫苏鲁
2026-01-26,大蒜,3.65,3.2,4.1,1,豫苏鲁
2026-01-27,大蒜,3.65,3.2,4.1,1,豫苏鲁
2026-01-28,大蒜,3.65,3.2,4.1,1,豫苏鲁
2026-01-29,大蒜,3.65,3.2,4.1,1,豫苏鲁
2026-01-30,大蒜,3.65,3.2,4.1,1,豫苏鲁
2026-01-31,大蒜,3.65,3.2,4.1,1,豫苏鲁
2026-02-01,大蒜,3.65,3.2,4.1,1,豫苏鲁
2026-02-02,大蒜,3.65,3.2,4.1,1,豫苏鲁
2026-02-03,大蒜,3.65,3.2,4.1,1,豫苏鲁
2026-02-04,大蒜,3.65,3.2,4.1,1,豫苏鲁
2026-02-05,大蒜,3.65,3.2,4.1,1,豫苏鲁
2026-02-06,大蒜,3.65,3.2,4.1,1,豫苏鲁
2026-02-07,大蒜,3.65,3.2,4.1,1,豫苏鲁
2026-02-08,大蒜,3.65,3.2,4.1,1,豫苏鲁
2026-02-09,大蒜,3.65,3.2,4.1,1,豫苏鲁
2026-02-10,大蒜,3.65,3.2,4.1,1,豫苏鲁
2026-02-11,大蒜,3.65,3.2,4.1,1,豫苏鲁
2026-02-12,大蒜,3.65,3.2,4.1,1,豫苏鲁
2026-02-13,大蒜,3.65,3.2,4.1,1,豫苏鲁
2026-02-14,大蒜,3.65,3.2,4.1,1,豫苏鲁
2026-02-15,大蒜,3.65,3.2,4.1,1,豫苏鲁
2026-02-16,大蒜,3.65,3.2,4.1,1,豫苏鲁
2026-02-24,大蒜,3.6,3.2,4.0,1,豫苏鲁
2026-02-25,大蒜,3.6,3.2,4.0,1,豫苏鲁
2026-02-26,大蒜,3.7,3.2,4.2,1,豫苏鲁
2026-02-27,大蒜,3.7,3.2,4.2,1,豫苏鲁
2026-02-28,大蒜,3.7,3.2,4.2,1,豫苏鲁
2026-03-01,大蒜,3.7,3.2,4.2,1,豫苏鲁
2026-03-02,大蒜,3.7,3.2,4.2,1,豫苏鲁
2026-03-03,大蒜,3.7,3.2,4.2,1,豫苏鲁
2026-03-04,大蒜,3.675,2.8,4.5,2,云/豫苏鲁
2026-03-05,大蒜,3.675,2.8,4.5,2,云/豫苏鲁
2026-03-06,大蒜,3.4,2.5,4.1,2,云/豫苏鲁
2026-03-07,大蒜,3.4,2.5,4.1,2,云/豫苏鲁
2026-03-08,大蒜,3.4,2.5,4.1,2,云/豫苏鲁
2026-03-09,大蒜,3.4,2.5,4.1,2,云/豫苏鲁
2026-03-10,大蒜,3.2,2.0,4.1,2,云/豫苏鲁
2026-03-11,大蒜,3.2,2.0,4.1,2,云/豫苏鲁
2026-03-12,大蒜,3.325,2.0,4.1,2,云/豫苏鲁
2026-03-13,大蒜,3.15,1.8,4.1,2,云/豫苏鲁
2026-03-14,大蒜,3.15,1.8,4.1,2,云/豫苏鲁
2026-03-15,大蒜,3.15,1.8,4.1,2,云/豫苏鲁
2026-03-16,大蒜,3.15,1.8,4.1,2,云/豫苏鲁
2026-03-17,大蒜,3.15,1.8,4.1,2,云/豫苏鲁
2026-03-18,大蒜,3.15,1.8,4.1,2,云/豫苏鲁
2026-03-19,大蒜,3.15,1.8,4.1,2,云/豫苏鲁
2026-03-20,大蒜,2.9,1.5,4.1,2,云/豫苏鲁
2026-03-21,大蒜,2.9,1.5,4.1,2,云/豫苏鲁
2026-03-22,大蒜,2.9,1.5,4.1,2,云/豫苏鲁
2026-03-23,大蒜,2.9,1.5,4.1,2,云/豫苏鲁
2026-03-24,大蒜,2.9,1.5,4.1,2,云/豫苏鲁
2026-03-25,大蒜,2.9,1.5,4.1,2,云/豫苏鲁
2026-03-26,大蒜,2.9,1.5,4.1,2,云/豫苏鲁
2026-03-27,大蒜,2.875,1.5,4.1,2,云/豫苏鲁
2026-03-28,大蒜,2.875,1.5,4.1,2,云/豫苏鲁
2026-03-29,大蒜,2.875,1.5,4.1,2,云/豫苏鲁
2026-03-30,大蒜,2.925,1.5,4.1,2,云/豫苏鲁
2026-03-31,大蒜,2.9,1.5,4.1,2,云/豫苏鲁
2026-04-01,大蒜,2.9,1.5,4.1,2,云/豫苏鲁
2026-04-02,大蒜,2.95,1.5,4.1,2,云/豫苏鲁
2026-04-03,大蒜,2.95,1.5,4.1,2,云/豫苏鲁
2026-04-04,大蒜,2.95,1.5,4.1,2,云/豫苏鲁
2026-04-05,大蒜,2.95,1.5,4.1,2,云/豫苏鲁
2026-04-06,大蒜,2.95,1.5,4.1,2,云/豫苏鲁
2026-04-07,大蒜,2.95,1.5,4.1,2,云/豫苏鲁
2026-04-08,大蒜,2.95,1.5,4.1,2,云/豫苏鲁
2026-04-09,大蒜,2.95,1.5,4.1,2,云/豫苏鲁
2026-04-10,大蒜,2.95,1.5,4.1,2,云/豫苏鲁
2026-04-11,大蒜,2.95,1.5,4.1,2,云/豫苏鲁
2026-04-12,大蒜,2.95,1.5,4.1,2,云/豫苏鲁
2026-04-13,大蒜,2.95,1.5,4.1,2,云/豫苏鲁
2026-04-14,大蒜,2.95,1.5,4.1,2,云/豫苏鲁
2026-04-15,大蒜,2.95,1.5,4.1,2,云/豫苏鲁
2026-04-16,大蒜,2.95,1.5,4.1,2,云/豫苏鲁
2026-04-17,大蒜,2.95,1.5,4.1,2,云/豫苏鲁
2026-04-18,大蒜,2.95,1.5,4.1,2,云/豫苏鲁
2026-04-19,大蒜,2.95,1.5,4.1,2,云/豫苏鲁
2026-04-20,大蒜,2.9,1.5,4.1,2,豫/豫苏鲁
2026-04-21,大蒜,2.9,1.5,4.1,2,豫/豫苏鲁
2026-04-22,大蒜,2.9,1.5,4.1,2,豫/豫苏鲁
2026-04-23,大蒜,2.9,1.5,4.1,2,豫/豫苏鲁
2026-04-24,大蒜,2.775,1.5,4.1,2,豫/豫苏鲁
2026-04-25,大蒜,2.775,1.5,4.1,2,豫/豫苏鲁
2026-04-26,大蒜,2.775,1.5,4.1,2,豫/豫苏鲁
2026-04-27,大蒜,2.775,1.5,4.1,2,豫/豫苏鲁
2026-04-28,大蒜,2.775,1.5,4.1,2,豫/豫苏鲁
2026-04-29,大蒜,2.775,1.5,4.1,2,豫/豫苏鲁
2026-04-30,大蒜,2.775,1.5,4.1,2,豫/豫苏鲁
2026-05-01,大蒜,2.775,1.5,4.1,2,豫/豫苏鲁
2026-05-02,大蒜,2.775,1.5,4.1,2,豫/豫苏鲁
2026-05-03,大蒜,2.775,1.5,4.1,2,豫/豫苏鲁
2026-05-04,大蒜,2.775,1.5,4.1,2,豫/豫苏鲁
2026-05-05,大蒜,2.525,1.3,3.8,2,豫/豫苏鲁
2026-05-06,大蒜,2.525,1.3,3.8,2,豫/豫苏鲁
2026-05-07,大蒜,2.525,1.3,3.8,2,豫/豫苏鲁
2026-05-08,大蒜,2.525,1.3,3.8,2,豫/豫苏鲁
2026-05-09,大蒜,2.525,1.3,3.8,2,豫/豫苏鲁
2026-05-10,大蒜,2.525,1.3,3.8,2,豫/豫苏鲁
2026-05-11,大蒜,2.525,1.3,3.8,2,豫/豫苏鲁
2026-05-12,大蒜,2.525,1.3,3.8,2,豫/豫苏鲁
2026-05-13,大蒜,2.525,1.3,3.8,2,豫/豫苏鲁
2026-05-14,大蒜,2.525,1.3,3.8,2,豫/豫苏鲁
2026-05-15,大蒜,2.4,1.3,3.6,2,豫/豫苏鲁
2026-05-16,大蒜,2.4,1.3,3.6,2,豫/豫苏鲁
2026-05-17,大蒜,2.4,1.3,3.6,2,豫/豫苏鲁
2026-05-18,大蒜,2.4,1.3,3.6,2,豫/豫苏鲁
2026-05-19,大蒜,2.4,1.3,3.6,2,豫/豫苏鲁
2026-05-20,大蒜,2.4,1.3,3.6,2,豫/豫苏鲁
2026-05-21,大蒜,2.4,1.3,3.6,2,豫/豫苏鲁
2026-05-22,大蒜,2.4,1.3,3.6,2,豫/豫苏鲁
2026-05-23,大蒜,2.4,1.3,3.6,2,豫/豫苏鲁
2026-05-24,大蒜,2.4,1.3,3.6,2,豫/豫苏鲁
2026-05-25,大蒜,2.325,1.0,3.6,2,豫/豫苏鲁
2026-05-26,大蒜,2.325,1.0,3.6,2,豫/豫苏鲁
2026-05-27,大蒜,2.325,1.0,3.6,2,豫/豫苏鲁
2026-05-28,大蒜,2.325,1.0,3.6,2,豫/豫苏鲁
2026-05-29,大蒜,2.325,1.0,3.6,2,豫/豫苏鲁
2026-05-30,大蒜,2.325,1.0,3.6,2,豫/豫苏鲁
2026-05-31,大蒜,2.325,1.0,3.6,2,豫/豫苏鲁
2026-06-01,大蒜,2.325,1.0,3.6,2,豫/豫苏鲁
2026-06-02,大蒜,2.9,1.5,4.8,2,豫苏鲁
2026-06-03,大蒜,2.9,1.5,4.8,2,豫苏鲁
2026-06-04,大蒜,2.825,1.5,4.5,2,豫苏鲁
2026-06-05,大蒜,2.825,1.5,4.5,2,豫苏鲁
2026-06-06,大蒜,2.825,1.5,4.5,2,豫苏鲁
2026-06-07,大蒜,2.825,1.5,4.5,2,豫苏鲁
2026-06-08,大蒜,2.825,1.5,4.5,2,豫苏鲁
2026-06-09,大蒜,2.825,1.5,4.5,2,豫苏鲁
2026-06-10,大蒜,2.825,1.5,4.5,2,豫苏鲁
2026-06-11,大蒜,2.825,1.5,4.5,2,豫苏鲁
2026-06-12,大蒜,2.825,1.5,4.5,2,豫苏鲁
2026-06-13,大蒜,2.825,1.5,4.5,2,豫苏鲁
2026-06-14,大蒜,2.825,1.5,4.5,2,豫苏鲁
2026-06-15,大蒜,2.825,1.5,4.5,2,豫苏鲁
2026-06-16,大蒜,2.825,1.5,4.5,2,豫苏鲁
2026-06-17,大蒜,2.95,1.5,5.0,2,豫苏鲁
2026-06-18,大蒜,2.95,1.5,5.0,2,豫苏鲁
2026-06-19,大蒜,2.95,1.5,5.0,2,豫苏鲁
2026-06-20,大蒜,2.95,1.5,5.0,2,豫苏鲁
2026-06-21,大蒜,2.95,1.5,5.0,2,豫苏鲁
2026-06-22,大蒜,2.95,1.5,5.0,2,豫苏鲁
2026-06-23,大蒜,2.95,1.5,5.0,2,豫苏鲁
2026-06-24,大蒜,2.95,1.5,5.0,2,豫苏鲁
2026-06-25,大蒜,2.95,1.5,5.0,2,豫苏鲁
2026-06-26,大蒜,2.95,1.5,5.0,2,豫苏鲁
2026-06-27,大蒜,2.95,1.5,5.0,2,豫苏鲁
2026-06-28,大蒜,3.5,2.0,6.0,2,豫苏鲁
2026-06-29,大蒜,3.5,2.2,6.0,2,豫苏鲁
2026-06-30,大蒜,3.6,2.2,6.3,2,豫苏鲁
2026-07-01,大蒜,3.6,2.2,6.3,2,豫苏鲁
2026-07-02,大蒜,3.6,2.2,6.3,2,豫苏鲁
2026-07-03,大蒜,3.6,2.2,6.3,2,豫苏鲁
2026-07-04,大蒜,3.6,2.2,6.3,2,豫苏鲁
2026-07-05,大蒜,3.6,2.2,6.3,2,豫苏鲁
2026-07-06,大蒜,3.6,2.2,6.3,2,豫苏鲁
2026-07-07,大蒜,3.6,2.2,6.3,2,豫苏鲁
2026-07-08,大蒜,3.6,2.2,6.3,2,豫苏鲁
2026-07-09,大蒜,3.6,2.2,6.3,2,豫苏鲁
2026-07-10,大蒜,3.6,2.2,6.3,2,豫苏鲁
2026-07-11,大蒜,3.6,2.2,6.3,2,豫苏鲁
2026-07-12,大蒜,3.6,2.2,6.3,2,豫苏鲁
2026-07-13,大蒜,3.6,2.2,6.3,2,豫苏鲁
2026-07-14,大蒜,3.6,2.2,6.3,2,豫苏鲁
2026-07-15,大蒜,3.6,2.2,6.3,2,豫苏鲁
2026-07-16,大蒜,3.6,2.2,6.3,2,豫苏鲁
2026-07-17,大蒜,3.6,2.2,6.3,2,豫苏鲁
2026-07-18,大蒜,3.6,2.2,6.3,2,豫苏鲁
2026-07-19,大蒜,3.6,2.2,6.3,2,豫苏鲁
2026-07-20,大蒜,3.6,2.2,6.3,2,豫苏鲁
2026-07-21,大蒜,3.6,2.2,6.3,2,豫苏鲁
2026-07-22,大蒜,3.6,2.2,6.3,2,豫苏鲁
2026-07-23,大蒜,3.6,2.2,6.3,2,豫苏鲁
2026-07-24,大蒜,3.6,2.2,6.3,2,豫苏鲁
2026-07-25,大蒜,3.6,2.2,6.3,2,豫苏鲁
2026-07-26,大蒜,3.6,2.2,6.3,2,豫苏鲁
2026-07-27,大蒜,3.6,2.2,6.3,2,豫苏鲁
2026-07-28,大蒜,3.65,2.2,6.3,2,豫苏鲁
2026-07-29,大蒜,3.65,2.2,6.3,2,豫苏鲁
2026-07-30,大蒜,3.65,2.2,6.3,2,豫苏鲁
2026-07-31,大蒜,3.65,2.2,6.3,2,豫苏鲁
2026-08-01,大蒜,3.65,2.2,6.3,2,豫苏鲁
2026-08-02,大蒜,3.65,2.2,6.3,2,豫苏鲁
2026-08-03,大蒜,3.65,2.2,6.3,2,豫苏鲁
2026-08-04,大蒜,3.65,2.2,6.3,2,豫苏鲁
2026-08-05,大蒜,3.65,2.2,6.3,2,豫苏鲁
2026-08-06,大蒜,3.65,2.2,6.3,2,豫苏鲁
2026-08-07,大蒜,3.575,2.2,6.0,2,豫苏鲁
2026-08-08,大蒜,3.575,2.2,6.0,2,豫苏鲁
2026-08-09,大蒜,3.575,2.2,6.0,2,豫苏鲁
2026-08-10,大蒜,3.575,2.2,6.0,2,豫苏鲁
2026-08-11,大蒜,3.575,2.2,6.0,2,豫苏鲁
2026-01-10,夹豆,12.5,12.0,13.0,1,
2026-01-20,夹豆,12.5,12.0,13.0,1,
2026-01-31,夹豆,11.5,11.0,12.0,1,
2026-02-10,夹豆,11.5,11.0,12.0,1,
2026-02-28,夹豆,11.5,11.0,12.0,1,
2026-03-10,夹豆,11.5,11.0,12.0,1,
2026-03-20,夹豆,10.5,10.0,11.0,1,
2026-03-31,夹豆,10.5,10.0,11.0,1,
2026-04-10,夹豆,9.5,9.0,10.0,1,
2026-04-20,夹豆,9.5,9.0,10.0,1,
2026-04-30,夹豆,9.5,9.0,10.0,1,
2026-05-10,夹豆,10.25,10.0,10.5,1,
2026-05-20,夹豆,10.25,10.0,10.5,1,
2026-05-31,夹豆,10.5,10.0,11.0,1,
2026-06-10,夹豆,11.25,11.0,11.5,1,
2026-06-20,夹豆,10.5,10.0,11.0,1,
2026-06-30,夹豆,11.25,11.0,11.5,1,
2026-07-10,夹豆,9.5,9.0,10.0,1,
2026-07-20,夹豆,10.25,10.0,10.5,1,
2026-07-31,夹豆,9.5,9.0,10.0,1,
2026-08-10,夹豆,8.5,8.0,9.0,1,
2026-01-01,奶白菜,3.25,3.0,3.5,1,
2026-01-02,奶白菜,3.25,3.0,3.5,1,
2026-01-05,奶白菜,3.45,3.3,3.6,1,
2026-01-06,奶白菜,3.05,2.5,3.6,1,
2026-01-07,奶白菜,2.8,2.3,3.3,1,
2026-01-08,奶白菜,2.8,2.3,3.3,1,
2026-01-09,奶白菜,2.15,1.8,2.5,1,
2026-01-12,奶白菜,2.75,2.5,3.0,1,
2026-01-13,奶白菜,2.55,2.3,2.8,1,
2026-01-14,奶白菜,2.75,2.5,3.0,1,
2026-01-15,奶白菜,2.8,2.6,3.0,1,
2026-01-16,奶白菜,2.5,2.0,3.0,1,
2026-01-19,奶白菜,3.15,2.5,3.8,1,
2026-01-20,奶白菜,3.15,2.5,3.8,1,
2026-01-21,奶白菜,3.15,2.5,3.8,1,
2026-01-22,奶白菜,3.15,2.5,3.8,1,
2026-01-23,奶白菜,3.15,2.5,3.8,1,
2026-01-26,奶白菜,3.15,2.5,3.8,1,
2026-01-27,奶白菜,3.15,2.5,3.8,1,
2026-01-28,奶白菜,3.15,2.5,3.8,1,
2026-01-29,奶白菜,3.15,2.5,3.8,1,
2026-01-30,奶白菜,3.15,2.5,3.8,1,
2026-02-02,奶白菜,3.4,2.8,4.0,1,
2026-02-03,奶白菜,3.4,2.8,4.0,1,
2026-02-04,奶白菜,3.15,2.8,3.5,1,
2026-02-05,奶白菜,3.15,2.8,3.5,1,
2026-02-06,奶白菜,3.5,3.0,4.0,1,
2026-02-09,奶白菜,3.5,3.0,4.0,1,
2026-02-10,奶白菜,3.65,3.0,4.3,1,
2026-02-11,奶白菜,3.75,3.0,4.5,1,
2026-02-12,奶白菜,3.75,3.0,4.5,1,
2026-02-13,奶白菜,3.25,2.5,4.5,3,
2026-02-24,奶白菜,3.5,3.0,4.0,1,
2026-02-25,奶白菜,3.4,3.0,3.8,1,
2026-02-26,奶白菜,3.25,3.0,3.5,1,
2026-02-27,奶白菜,3.25,3.0,3.5,1,
2026-03-02,奶白菜,3.0,2.5,3.5,1,
2026-03-03,奶白菜,3.0,2.5,3.5,1,
2026-03-04,奶白菜,3.0,2.5,3.5,1,
2026-03-05,奶白菜,3.0,2.5,3.5,1,
2026-03-06,奶白菜,3.0,2.5,3.5,1,
2026-03-09,奶白菜,3.5,3.0,4.0,1,
2026-03-10,奶白菜,3.5,3.0,4.0,1,
2026-03-11,奶白菜,3.5,3.0,4.0,1,
2026-03-12,奶白菜,3.5,3.0,4.0,1,
2026-03-13,奶白菜,3.5,3.0,4.0,1,
2026-03-16,奶白菜,3.5,3.0,4.0,1,
2026-03-17,奶白菜,3.5,3.0,4.0,1,
2026-03-18,奶白菜,3.5,3.0,4.0,1,
2026-03-19,奶白菜,3.5,3.0,4.0,1,
2026-03-20,奶白菜,3.5,3.0,4.0,1,
2026-03-23,奶白菜,4.5,4.0,5.0,1,
2026-03-24,奶白菜,4.5,4.0,5.0,1,
2026-03-25,奶白菜,5.25,4.5,6.0,1,
2026-03-26,奶白菜,5.75,5.3,6.2,1,
2026-03-27,奶白菜,5.75,5.3,6.2,1,
2026-03-30,奶白菜,5.75,5.3,6.2,1,
2026-03-31,奶白菜,5.75,5.3,6.2,1,
2026-04-01,奶白菜,5.0,4.5,5.5,1,
2026-04-02,奶白菜,4.75,4.5,5.0,1,
2026-04-03,奶白菜,4.75,4.5,5.0,1,
2026-04-06,奶白菜,3.9,3.5,4.3,1,
2026-04-07,奶白菜,3.5,3.0,4.0,1,
2026-04-08,奶白菜,3.25,3.0,3.5,1,
2026-04-09,奶白菜,3.25,3.0,3.5,1,
2026-04-10,奶白菜,2.75,2.5,3.0,1,
2026-04-13,奶白菜,2.9,2.6,3.2,1,
2026-04-14,奶白菜,2.5,2.0,3.0,1,
2026-04-15,奶白菜,2.25,2.0,2.5,1,
2026-04-16,奶白菜,2.25,2.0,2.5,1,
2026-04-17,奶白菜,2.25,2.0,2.5,1,
2026-04-20,奶白菜,2.75,2.5,3.0,1,
2026-04-21,奶白菜,2.25,2.0,2.5,1,
2026-04-22,奶白菜,2.25,2.0,2.5,1,
2026-04-23,奶白菜,1.9,1.8,2.0,1,
2026-04-24,奶白菜,1.9,1.8,2.0,1,
2026-04-27,奶白菜,2.15,2.0,2.3,1,
2026-04-28,奶白菜,2.15,2.0,2.3,1,
2026-04-29,奶白菜,1.9,1.8,2.0,1,
2026-04-30,奶白菜,2.15,1.8,2.5,1,
2026-05-01,奶白菜,2.15,1.8,2.5,1,
2026-05-04,奶白菜,2.15,1.8,2.5,1,
2026-05-05,奶白菜,2.15,1.8,2.5,1,
2026-05-06,奶白菜,2.15,1.8,2.5,1,
2026-05-07,奶白菜,2.15,1.8,2.5,1,
2026-05-08,奶白菜,3.25,1.5,5.0,1,
2026-05-11,奶白菜,2.1,1.5,2.7,1,
2026-05-12,奶白菜,2.0,1.5,2.5,1,
2026-05-13,奶白菜,2.15,1.7,2.6,1,
2026-05-14,奶白菜,2.15,1.7,2.6,1,
2026-05-15,奶白菜,1.65,1.3,2.0,1,
2026-05-18,奶白菜,2.4,2.0,2.8,1,
2026-05-19,奶白菜,2.65,2.3,3.0,1,
2026-05-20,奶白菜,2.65,2.3,3.0,1,
2026-05-21,奶白菜,2.7,2.5,2.9,1,
2026-05-22,奶白菜,2.7,2.5,2.9,1,
2026-05-25,奶白菜,2.7,2.5,2.9,1,
2026-05-26,奶白菜,2.7,2.5,2.9,1,
2026-05-27,奶白菜,2.85,2.7,3.0,1,
2026-05-28,奶白菜,2.85,2.7,3.0,1,
2026-05-29,奶白菜,2.85,2.7,3.0,1,
2026-06-01,奶白菜,2.85,2.7,3.0,1,
2026-06-02,奶白菜,2.25,2.0,2.5,1,
2026-06-03,奶白菜,2.25,2.0,2.5,1,
2026-06-04,奶白菜,2.5,2.0,3.0,1,
2026-06-05,奶白菜,2.25,2.0,2.5,1,
2026-06-08,奶白菜,2.75,2.5,3.0,1,
2026-06-09,奶白菜,2.25,2.0,2.5,1,
2026-06-10,奶白菜,1.75,1.5,2.0,1,
2026-06-11,奶白菜,1.75,1.5,2.0,1,
2026-06-12,奶白菜,1.75,1.5,2.0,1,
2026-06-15,奶白菜,2.3,2.0,2.6,1,
2026-06-16,奶白菜,2.15,1.8,2.5,1,
2026-06-17,奶白菜,2.15,1.8,2.5,1,
2026-06-18,奶白菜,1.9,1.8,2.0,1,
2026-06-19,奶白菜,1.9,1.8,2.0,1,
2026-06-22,奶白菜,2.35,2.1,2.6,1,
2026-06-23,奶白菜,2.3,2.1,2.5,1,
2026-06-24,奶白菜,1.9,1.8,2.0,1,
2026-06-25,奶白菜,1.75,1.5,2.0,1,
2026-06-26,奶白菜,1.75,1.5,2.0,1,
2026-06-29,奶白菜,2.25,2.0,2.5,1,
2026-06-30,奶白菜,1.75,1.5,2.0,1,
2026-07-01,奶白菜,2.0,1.7,2.3,1,
2026-07-02,奶白菜,2.0,1.7,2.3,1,
2026-07-03,奶白菜,2.0,1.7,2.3,1,
2026-07-06,奶白菜,2.3,2.0,2.6,1,
2026-07-07,奶白菜,2.55,2.3,2.8,1,
2026-07-08,奶白菜,2.55,2.3,2.8,1,
2026-07-09,奶白菜,2.55,2.3,2.8,1,
2026-07-10,奶白菜,2.55,2.3,2.8,1,
2026-07-13,奶白菜,2.85,2.5,3.2,1,
2026-07-14,奶白菜,2.8,2.5,3.1,1,
2026-07-15,奶白菜,3.15,2.8,3.5,1,
2026-07-16,奶白菜,3.15,2.8,3.5,1,
2026-07-17,奶白菜,2.65,2.3,3.0,1,
2026-07-20,奶白菜,3.5,3.0,4.0,1,
2026-07-21,奶白菜,3.5,3.0,4.0,1,
2026-07-22,奶白菜,3.6,3.2,4.0,1,
2026-07-23,奶白菜,3.6,3.2,4.0,1,
2026-07-24,奶白菜,3.6,3.2,4.0,1,
2026-07-27,奶白菜,3.6,3.2,4.0,1,
2026-07-28,奶白菜,3.5,3.0,4.0,1,
2026-07-29,奶白菜,3.5,3.0,4.0,1,
2026-07-30,奶白菜,3.5,3.0,4.0,1,
2026-07-31,奶白菜,3.0,2.5,3.5,1,
2026-08-03,奶白菜,3.5,3.0,4.0,1,
2026-08-04,奶白菜,3.25,3.0,3.5,1,
2026-08-05,奶白菜,3.0,2.5,3.5,1,
2026-08-06,奶白菜,3.0,2.5,3.5,1,
2026-08-07,奶白菜,2.75,2.5,3.0,1,
2026-08-10,奶白菜,3.65,3.5,3.8,1,
2026-08-11,奶白菜,3.75,3.5,4.0,1,
2026-01-01,姜,3.875,2.5,5.5,2,鲁
2026-01-02,姜,3.875,2.5,5.5,2,鲁
2026-01-03,姜,3.875,2.5,5.5,2,鲁
2026-01-04,姜,3.875,2.5,5.5,2,鲁
2026-01-05,姜,3.875,2.5,5.5,2,鲁
2026-01-06,姜,3.875,2.5,5.5,2,鲁
2026-01-07,姜,3.875,2.5,5.5,2,鲁
2026-01-08,姜,3.875,2.5,5.5,2,鲁
2026-01-09,姜,3.875,2.5,5.5,2,鲁
2026-01-10,姜,3.875,2.5,5.5,2,鲁
2026-01-11,姜,3.875,2.5,5.5,2,鲁
2026-01-12,姜,3.875,2.5,5.5,2,鲁
2026-01-13,姜,3.875,2.5,5.5,2,鲁
2026-01-14,姜,3.875,2.5,5.5,2,鲁
2026-01-15,姜,3.875,2.5,5.5,2,鲁
2026-01-16,姜,3.875,2.5,5.5,2,鲁
2026-01-17,姜,3.875,2.5,5.5,2,鲁
2026-01-18,姜,3.875,2.5,5.5,2,鲁
2026-01-19,姜,3.875,2.5,5.5,2,鲁
2026-01-20,姜,3.875,2.5,5.5,2,鲁
2026-01-21,姜,3.875,2.5,5.5,2,鲁
2026-01-22,姜,3.875,2.5,5.5,2,鲁
2026-01-23,姜,3.875,2.5,5.5,2,鲁
2026-01-24,姜,3.875,2.5,5.5,2,鲁
2026-01-25,姜,3.875,2.5,5.5,2,鲁
2026-01-26,姜,3.875,2.5,5.5,2,鲁
2026-01-27,姜,3.875,2.5,5.5,2,鲁
2026-01-28,姜,3.875,2.5,5.5,2,鲁
2026-01-29,姜,3.875,2.5,5.5,2,鲁
2026-01-30,姜,3.875,2.5,5.5,2,鲁
2026-01-31,姜,3.875,2.5,5.5,2,鲁
2026-02-01,姜,3.875,2.5,5.5,2,鲁
2026-02-02,姜,3.875,2.5,5.5,2,鲁
2026-02-03,姜,3.875,2.5,5.5,2,鲁
2026-02-04,姜,3.875,2.5,5.5,2,鲁
2026-02-05,姜,3.875,2.5,5.5,2,鲁
2026-02-06,姜,3.875,2.5,5.5,2,鲁
2026-02-07,姜,3.875,2.5,5.5,2,鲁
2026-02-08,姜,3.875,2.5,5.5,2,鲁
2026-02-09,姜,3.875,2.5,5.5,2,鲁
2026-02-10,姜,3.875,2.5,5.5,2,鲁
2026-02-11,姜,3.875,2.5,5.5,2,鲁
2026-02-12,姜,3.875,2.5,5.5,2,鲁
2026-02-13,姜,3.875,2.5,5.5,2,鲁
2026-02-14,姜,3.875,2.5,5.5,2,鲁
2026-02-15,姜,3.875,2.5,5.5,2,鲁
2026-02-16,姜,3.875,2.5,5.5,2,鲁
2026-02-24,姜,3.875,2.5,5.5,2,鲁
2026-02-25,姜,3.875,2.5,5.5,2,鲁
2026-02-26,姜,4.0,2.5,6.0,2,鲁
2026-02-27,姜,4.0,2.5,6.0,2,鲁
2026-02-28,姜,4.0,2.5,6.0,2,鲁
2026-03-01,姜,4.0,2.5,6.0,2,鲁
2026-03-02,姜,4.0,2.5,6.0,2,鲁
2026-03-03,姜,4.0,2.5,6.0,2,鲁
2026-03-04,姜,4.0,2.5,6.0,2,鲁
2026-03-05,姜,4.0,2.5,6.0,2,鲁
2026-03-06,姜,3.75,2.0,5.5,2,鲁
2026-03-07,姜,3.75,2.0,5.5,2,鲁
2026-03-08,姜,3.75,2.0,5.5,2,鲁
2026-03-09,姜,3.75,2.0,5.5,2,鲁
2026-03-10,姜,3.75,2.0,5.5,2,鲁
2026-03-11,姜,3.75,2.0,5.5,2,鲁
2026-03-12,姜,3.75,2.0,5.5,2,鲁
2026-03-13,姜,3.75,2.0,5.5,2,鲁
2026-03-14,姜,3.75,2.0,5.5,2,鲁
2026-03-15,姜,3.75,2.0,5.5,2,鲁
2026-03-16,姜,3.75,2.0,5.5,2,鲁
2026-03-17,姜,3.75,2.0,5.5,2,鲁
2026-03-18,姜,3.75,2.0,5.5,2,鲁
2026-03-19,姜,3.75,2.0,5.5,2,鲁
2026-03-20,姜,3.75,2.0,5.5,2,鲁
2026-03-21,姜,3.75,2.0,5.5,2,鲁
2026-03-22,姜,3.75,2.0,5.5,2,鲁
2026-03-23,姜,3.75,2.0,5.5,2,鲁
2026-03-24,姜,3.75,2.0,5.5,2,鲁
2026-03-25,姜,3.75,2.0,5.5,2,鲁
2026-03-26,姜,3.75,2.0,5.5,2,鲁
2026-03-27,姜,3.75,2.0,5.5,2,鲁
2026-03-28,姜,3.75,2.0,5.5,2,鲁
2026-03-29,姜,3.75,2.0,5.5,2,鲁
2026-03-30,姜,3.75,2.0,5.5,2,鲁
2026-03-31,姜,3.75,2.0,5.5,2,鲁
2026-04-01,姜,3.75,2.0,5.5,2,鲁
2026-04-02,姜,3.225,1.0,5.7,2,云鲁/鲁
2026-04-03,姜,3.225,1.0,5.7,2,云鲁/鲁
2026-04-04,姜,3.175,1.0,5.5,2,云鲁/鲁
2026-04-05,姜,3.3,1.5,5.5,2,云鲁/鲁
2026-04-06,姜,3.25,1.5,5.5,2,云鲁/鲁
2026-04-07,姜,3.25,1.5,5.5,2,云鲁/鲁
2026-04-08,姜,3.25,1.5,5.5,2,云鲁/鲁
2026-04-09,姜,3.25,1.5,5.5,2,云鲁/鲁
2026-04-10,姜,3.25,1.5,5.5,2,云鲁/鲁
2026-04-11,姜,3.25,1.5,5.5,2,云鲁/鲁
2026-04-12,姜,3.25,1.5,5.5,2,云鲁/鲁
2026-04-13,姜,3.25,1.5,5.5,2,云鲁/鲁
2026-04-14,姜,3.25,1.5,5.5,2,云鲁/鲁
2026-04-15,姜,3.25,1.5,5.5,2,云鲁/鲁
2026-04-16,姜,3.25,1.5,5.5,2,云鲁/鲁
2026-04-17,姜,3.25,1.5,5.5,2,云鲁/鲁
2026-04-18,姜,3.25,1.5,5.5,2,云鲁/鲁
2026-04-19,姜,3.25,1.5,5.5,2,云鲁/鲁
2026-04-20,姜,3.25,1.5,5.5,2,云鲁/鲁
2026-04-21,姜,3.25,1.5,5.5,2,云鲁/鲁
2026-04-22,姜,3.25,1.5,5.5,2,云鲁/鲁
2026-04-23,姜,3.25,1.5,5.5,2,云鲁/鲁
2026-04-24,姜,3.25,1.5,5.5,2,云鲁/鲁
2026-04-25,姜,3.25,1.5,5.5,2,云鲁/鲁
2026-04-26,姜,3.25,1.5,5.5,2,云鲁/鲁
2026-04-27,姜,3.25,1.5,5.5,2,云鲁/鲁
2026-04-28,姜,3.25,1.5,5.5,2,云鲁/鲁
2026-04-29,姜,3.25,1.5,5.5,2,云鲁/鲁
2026-04-30,姜,3.25,1.5,5.5,2,云鲁/鲁
2026-05-01,姜,3.25,1.5,5.5,2,云鲁/鲁
2026-05-02,姜,3.25,1.5,5.5,2,云鲁/鲁
2026-05-03,姜,3.25,1.5,5.5,2,云鲁/鲁
2026-05-04,姜,3.25,1.5,5.5,2,云鲁/鲁
2026-05-05,姜,3.25,1.5,5.5,2,云鲁/鲁
2026-05-06,姜,3.25,1.5,5.5,2,云鲁/鲁
2026-05-07,姜,3.25,1.5,5.5,2,云鲁/鲁
2026-05-08,姜,3.25,1.5,5.5,2,云鲁/鲁
2026-05-09,姜,3.25,1.5,5.5,2,云鲁/鲁
2026-05-10,姜,3.25,1.5,5.5,2,云鲁/鲁
2026-05-11,姜,3.25,1.5,5.5,2,云鲁/鲁
2026-05-12,姜,3.25,1.5,5.5,2,云鲁/鲁
2026-05-13,姜,3.25,1.5,5.5,2,云鲁/鲁
2026-05-14,姜,3.25,1.5,5.5,2,云鲁/鲁
2026-05-15,姜,3.25,1.5,5.5,2,云鲁/鲁
2026-05-16,姜,3.25,1.5,5.5,2,云鲁/鲁
2026-05-17,姜,3.25,1.5,5.5,2,云鲁/鲁
2026-05-18,姜,3.25,1.5,5.5,2,云鲁/鲁
2026-05-19,姜,3.25,1.5,5.5,2,云鲁/鲁
2026-05-20,姜,3.25,1.5,5.5,2,云鲁/鲁
2026-05-21,姜,3.25,1.5,5.5,2,云鲁/鲁
2026-05-22,姜,3.25,1.5,5.5,2,云鲁/鲁
2026-05-23,姜,3.25,1.5,5.5,2,云鲁/鲁
2026-05-24,姜,3.25,1.5,5.5,2,云鲁/鲁
2026-05-25,姜,3.25,1.5,5.5,2,云鲁/鲁
2026-05-26,姜,3.25,1.5,5.5,2,云鲁/鲁
2026-05-27,姜,3.25,1.5,5.5,2,云鲁/鲁
2026-05-28,姜,3.25,1.5,5.5,2,云鲁/鲁
2026-05-29,姜,3.25,1.5,5.5,2,云鲁/鲁
2026-05-30,姜,3.25,1.5,5.5,2,云鲁/鲁
2026-05-31,姜,3.25,1.5,5.5,2,云鲁/鲁
2026-06-01,姜,3.25,1.5,5.5,2,云鲁/鲁
2026-06-02,姜,3.0,1.5,5.0,2,云鲁/鲁
2026-06-03,姜,3.0,1.5,5.0,2,云鲁/鲁
2026-06-04,姜,3.0,1.5,5.0,2,云鲁/鲁
2026-06-05,姜,3.0,1.5,5.0,2,云鲁/鲁
2026-06-06,姜,3.0,1.5,5.0,2,云鲁/鲁
2026-06-07,姜,3.0,1.5,5.0,2,云鲁/鲁
2026-06-08,姜,3.0,1.5,5.0,2,云鲁/鲁
2026-06-09,姜,3.0,1.5,5.0,2,云鲁/鲁
2026-06-10,姜,3.0,1.5,5.0,2,云鲁/鲁
2026-06-11,姜,3.0,1.5,5.0,2,云鲁/鲁
2026-06-12,姜,3.0,1.5,5.0,2,云鲁/鲁
2026-06-13,姜,3.0,1.5,5.0,2,云鲁/鲁
2026-06-14,姜,3.0,1.5,5.0,2,云鲁/鲁
2026-06-15,姜,3.0,1.5,5.0,2,云鲁/鲁
2026-06-16,姜,3.0,1.5,5.0,2,云鲁/鲁
2026-06-17,姜,3.0,1.5,5.0,2,云鲁/鲁
2026-06-18,姜,3.125,1.5,5.0,2,云鲁/鲁
2026-06-19,姜,3.125,1.5,5.0,2,云鲁/鲁
2026-06-20,姜,3.125,1.5,5.0,2,云鲁/鲁
2026-06-21,姜,3.125,1.5,5.0,2,云鲁/鲁
2026-06-22,姜,3.125,1.5,5.0,2,云鲁/鲁
2026-06-23,姜,3.125,1.5,5.0,2,云鲁/鲁
2026-06-24,姜,3.125,1.5,5.0,2,云鲁/鲁
2026-06-25,姜,3.125,1.5,5.0,2,云鲁/鲁
2026-06-26,姜,3.125,1.5,5.0,2,云鲁/鲁
2026-06-27,姜,3.125,1.5,5.0,2,云鲁/鲁
2026-06-28,姜,3.125,1.5,5.0,2,云鲁/鲁
2026-06-29,姜,3.125,1.5,5.0,2,云鲁/鲁
2026-06-30,姜,3.125,1.5,5.0,2,云鲁/鲁
2026-07-01,姜,3.125,1.5,5.0,2,云鲁/鲁
2026-07-02,姜,3.125,1.5,5.0,2,云鲁/鲁
2026-07-03,姜,3.125,1.5,5.0,2,云鲁/鲁
2026-07-04,姜,3.125,1.5,5.0,2,云鲁/鲁
2026-07-05,姜,3.125,1.5,5.0,2,云鲁/鲁
2026-07-06,姜,3.125,1.5,5.0,2,云鲁/鲁
2026-07-07,姜,3.125,1.5,5.0,2,云鲁/鲁
2026-07-08,姜,3.125,1.5,5.0,2,云鲁/鲁
2026-07-09,姜,3.125,1.5,5.0,2,云鲁/鲁
2026-07-10,姜,3.125,1.5,5.0,2,云鲁/鲁
2026-07-11,姜,3.125,1.5,5.0,2,云鲁/鲁
2026-07-12,姜,3.125,1.5,5.0,2,云鲁/鲁
2026-07-13,姜,3.125,1.5,5.0,2,云鲁/鲁
2026-07-14,姜,3.125,1.5,5.0,2,云鲁/鲁
2026-07-15,姜,3.125,1.5,5.0,2,云鲁/鲁
2026-07-16,姜,3.125,1.5,5.0,2,云鲁/鲁
2026-07-17,姜,3.125,1.5,5.0,2,云鲁/鲁
2026-07-18,姜,3.125,1.5,5.0,2,云鲁/鲁
2026-07-19,姜,3.125,1.5,5.0,2,云鲁/鲁
2026-07-20,姜,3.125,1.5,5.0,2,云鲁/鲁
2026-07-21,姜,3.125,1.5,5.0,2,云鲁/鲁
2026-07-22,姜,3.125,1.5,5.0,2,云鲁/鲁
2026-07-23,姜,3.125,1.5,5.0,2,云鲁/鲁
2026-07-24,姜,3.125,1.5,5.0,2,云鲁/鲁
2026-07-25,姜,3.125,1.5,5.0,2,云鲁/鲁
2026-07-26,姜,3.125,1.5,5.0,2,云鲁/鲁
2026-07-27,姜,3.125,1.5,5.0,2,云鲁/鲁
2026-07-28,姜,3.125,1.5,5.0,2,云鲁/鲁
2026-07-29,姜,3.125,1.5,5.0,2,云鲁/鲁
2026-07-30,姜,3.125,1.5,5.0,2,云鲁/鲁
2026-07-31,姜,3.125,1.5,5.0,2,云鲁/鲁
2026-08-01,姜,3.125,1.5,5.0,2,云鲁/鲁
2026-08-02,姜,3.125,1.5,5.0,2,云鲁/鲁
2026-08-03,姜,3.125,1.5,5.0,2,云鲁/鲁
2026-08-04,姜,3.125,1.5,5.0,2,云鲁/鲁
2026-08-05,姜,3.125,1.5,5.0,2,云鲁/鲁
2026-08-06,姜,3.125,1.5,5.0,2,云鲁/鲁
2026-08-07,姜,3.125,1.5,5.0,2,云鲁/鲁
2026-08-08,姜,3.125,1.5,5.0,2,云鲁/鲁
2026-08-09,姜,3.125,1.5,5.0,2,云鲁/鲁
2026-08-10,姜,3.125,1.5,5.0,2,云鲁/鲁
2026-08-11,姜,3.125,1.5,5.0,2,云鲁/鲁
2026-01-01,娃娃菜,1.35,1.2,1.5,1,豫鄂
2026-01-02,娃娃菜,1.35,1.2,1.5,1,豫鄂
2026-01-03,娃娃菜,1.35,1.2,1.5,1,豫鄂
2026-01-04,娃娃菜,1.35,1.2,1.5,1,豫鄂
2026-01-05,娃娃菜,1.35,1.2,1.5,1,豫鄂
2026-01-06,娃娃菜,1.35,1.2,1.5,1,豫鄂
2026-01-07,娃娃菜,1.35,1.2,1.5,1,豫鄂
2026-01-08,娃娃菜,1.3,1.2,1.4,1,豫鄂
2026-01-09,娃娃菜,1.3,1.2,1.4,1,豫鄂
2026-01-10,娃娃菜,1.3,1.2,1.4,1,豫鄂
2026-01-11,娃娃菜,1.3,1.2,1.4,1,豫鄂
2026-01-12,娃娃菜,1.3,1.2,1.4,1,豫鄂
2026-01-13,娃娃菜,1.3,1.2,1.4,1,豫鄂
2026-01-14,娃娃菜,1.3,1.2,1.4,1,豫鄂
2026-01-15,娃娃菜,1.3,1.2,1.4,1,豫鄂
2026-01-16,娃娃菜,1.3,1.2,1.4,1,豫鄂
2026-01-17,娃娃菜,1.3,1.2,1.4,1,豫鄂
2026-01-18,娃娃菜,1.4,1.3,1.5,1,豫鄂
2026-01-19,娃娃菜,1.5,1.4,1.6,1,豫鄂
2026-01-20,娃娃菜,1.5,1.4,1.6,1,豫鄂
2026-01-21,娃娃菜,1.5,1.4,1.6,1,豫鄂
2026-01-22,娃娃菜,1.5,1.4,1.6,1,豫鄂
2026-01-23,娃娃菜,1.5,1.4,1.6,1,豫鄂
2026-01-24,娃娃菜,1.5,1.4,1.6,1,豫鄂
2026-01-25,娃娃菜,1.5,1.4,1.6,1,豫鄂
2026-01-26,娃娃菜,1.5,1.4,1.6,1,豫鄂
2026-01-27,娃娃菜,1.4,1.3,1.5,1,豫鄂
2026-01-28,娃娃菜,1.4,1.3,1.5,1,豫鄂
2026-01-29,娃娃菜,1.4,1.3,1.5,1,豫鄂
2026-01-30,娃娃菜,1.4,1.3,1.5,1,豫鄂
2026-01-31,娃娃菜,1.4,1.3,1.5,1,豫鄂
2026-02-01,娃娃菜,1.45,1.4,1.5,1,豫鄂
2026-02-02,娃娃菜,1.4,1.3,1.5,1,豫鄂
2026-02-03,娃娃菜,1.4,1.3,1.5,1,豫鄂云
2026-02-04,娃娃菜,1.4,1.3,1.5,1,豫鄂云
2026-02-05,娃娃菜,1.4,1.3,1.5,1,豫鄂云
2026-02-06,娃娃菜,1.4,1.3,1.5,1,豫鄂云
2026-02-07,娃娃菜,1.4,1.3,1.5,1,豫鄂云
2026-02-08,娃娃菜,1.4,1.3,1.5,1,豫鄂云
2026-02-09,娃娃菜,1.35,1.2,1.5,1,豫鄂云
2026-02-10,娃娃菜,1.35,1.2,1.5,1,豫鄂云
2026-02-11,娃娃菜,1.35,1.2,1.5,1,豫鄂云
2026-02-12,娃娃菜,1.35,1.2,1.5,1,豫鄂云
2026-02-13,娃娃菜,1.35,1.2,1.5,1,豫鄂云
2026-02-14,娃娃菜,1.45,1.3,1.6,1,豫鄂云
2026-02-15,娃娃菜,1.45,1.3,1.6,1,豫鄂云
2026-02-16,娃娃菜,1.45,1.3,1.6,1,豫鄂云
2026-02-24,娃娃菜,1.4,1.2,1.6,1,豫鄂云
2026-02-25,娃娃菜,1.4,1.2,1.6,1,豫鄂云
2026-02-26,娃娃菜,1.4,1.2,1.6,1,豫鄂云
2026-02-27,娃娃菜,1.55,1.3,1.8,1,豫鄂云
2026-02-28,娃娃菜,1.55,1.3,1.8,1,豫鄂云
2026-03-01,娃娃菜,1.45,1.3,1.6,1,豫鄂云
2026-03-02,娃娃菜,1.45,1.3,1.6,1,豫鄂云
2026-03-03,娃娃菜,1.45,1.3,1.6,1,豫鄂云
2026-03-04,娃娃菜,1.45,1.3,1.6,1,豫鄂云
2026-03-05,娃娃菜,1.45,1.3,1.6,1,豫鄂云
2026-03-06,娃娃菜,1.35,1.2,1.5,1,豫鄂云
2026-03-07,娃娃菜,1.35,1.2,1.5,1,豫鄂云
2026-03-08,娃娃菜,1.35,1.2,1.5,1,豫鄂云
2026-03-09,娃娃菜,1.3,1.2,1.4,1,豫鄂云
2026-03-10,娃娃菜,1.3,1.2,1.4,1,豫鄂云
2026-03-11,娃娃菜,1.3,1.2,1.4,1,豫云
2026-03-12,娃娃菜,1.3,1.2,1.4,1,豫云
2026-03-13,娃娃菜,1.3,1.2,1.4,1,豫云
2026-03-14,娃娃菜,1.3,1.2,1.4,1,豫云
2026-03-15,娃娃菜,1.25,1.2,1.3,1,豫云
2026-03-16,娃娃菜,1.25,1.2,1.3,1,豫云
2026-03-17,娃娃菜,1.25,1.2,1.3,1,豫云
2026-03-18,娃娃菜,1.25,1.2,1.3,1,豫云
2026-03-19,娃娃菜,1.25,1.2,1.3,1,豫云
2026-03-20,娃娃菜,1.25,1.2,1.3,1,豫云
2026-03-21,娃娃菜,1.2,1.1,1.3,1,豫云
2026-03-22,娃娃菜,1.2,1.1,1.3,1,豫云
2026-03-23,娃娃菜,1.15,1.1,1.2,1,鄂云
2026-03-24,娃娃菜,1.15,1.1,1.2,1,鄂云
2026-03-25,娃娃菜,1.15,1.1,1.2,1,鄂云
2026-03-26,娃娃菜,1.15,1.1,1.2,1,鄂云
2026-03-27,娃娃菜,1.15,1.1,1.2,1,豫云
2026-03-28,娃娃菜,1.15,1.1,1.2,1,豫云
2026-03-29,娃娃菜,1.15,1.1,1.2,1,豫云
2026-03-30,娃娃菜,1.15,1.1,1.2,1,豫云
2026-03-31,娃娃菜,1.15,1.1,1.2,1,豫云
2026-04-01,娃娃菜,1.15,1.1,1.2,1,豫云
2026-04-02,娃娃菜,1.15,1.1,1.2,1,豫云
2026-04-03,娃娃菜,1.15,1.1,1.2,1,豫云
2026-04-04,娃娃菜,1.15,1.1,1.2,1,豫云
2026-04-05,娃娃菜,1.1,1.0,1.2,1,云
2026-04-06,娃娃菜,1.05,1.0,1.1,1,云
2026-04-07,娃娃菜,1.05,1.0,1.1,1,云
2026-04-08,娃娃菜,1.05,1.0,1.1,1,云
2026-04-09,娃娃菜,0.95,0.9,1.0,1,云
2026-04-10,娃娃菜,0.95,0.9,1.0,1,云
2026-04-11,娃娃菜,0.95,0.9,1.0,1,云
2026-04-12,娃娃菜,0.9,0.8,1.0,1,云
2026-04-13,娃娃菜,0.9,0.8,1.0,1,云
2026-04-14,娃娃菜,0.9,0.8,1.0,1,云
2026-04-15,娃娃菜,0.9,0.8,1.0,1,云
2026-04-16,娃娃菜,0.9,0.8,1.0,1,云
2026-04-17,娃娃菜,0.85,0.8,0.9,1,冀豫
2026-04-18,娃娃菜,0.85,0.8,0.9,1,冀豫
2026-04-19,娃娃菜,0.85,0.8,0.9,1,冀豫
2026-04-20,娃娃菜,0.85,0.8,0.9,1,冀豫
2026-04-21,娃娃菜,0.85,0.8,0.9,1,冀豫
2026-04-22,娃娃菜,0.85,0.8,0.9,1,冀豫
2026-04-23,娃娃菜,0.7,0.6,0.8,1,冀豫
2026-04-24,娃娃菜,0.7,0.6,0.8,1,冀豫
2026-04-25,娃娃菜,0.7,0.6,0.8,1,冀豫
2026-04-26,娃娃菜,0.65,0.6,0.7,1,冀豫
2026-04-27,娃娃菜,0.65,0.6,0.7,1,冀
2026-04-28,娃娃菜,0.65,0.6,0.7,1,冀
2026-04-29,娃娃菜,0.65,0.6,0.7,1,冀
2026-04-30,娃娃菜,0.65,0.6,0.7,1,冀
2026-05-01,娃娃菜,0.65,0.6,0.7,1,冀
2026-05-02,娃娃菜,0.65,0.6,0.7,1,冀
2026-05-03,娃娃菜,0.65,0.6,0.7,1,冀
2026-05-04,娃娃菜,0.65,0.6,0.7,1,冀
2026-05-05,娃娃菜,0.65,0.6,0.7,1,冀
2026-05-06,娃娃菜,0.65,0.6,0.7,1,冀
2026-05-07,娃娃菜,0.65,0.6,0.7,1,冀
2026-05-08,娃娃菜,0.65,0.6,0.7,1,冀
2026-05-09,娃娃菜,0.65,0.6,0.7,1,冀
2026-05-10,娃娃菜,0.65,0.6,0.7,1,冀
2026-05-11,娃娃菜,0.65,0.6,0.7,1,冀
2026-05-12,娃娃菜,0.65,0.6,0.7,1,冀
2026-05-13,娃娃菜,0.65,0.6,0.7,1,冀
2026-05-14,娃娃菜,0.65,0.6,0.7,1,冀
2026-05-15,娃娃菜,0.65,0.6,0.7,1,冀
2026-05-16,娃娃菜,0.65,0.6,0.7,1,冀
2026-05-17,娃娃菜,0.65,0.6,0.7,1,冀
2026-05-18,娃娃菜,0.65,0.6,0.7,1,冀
2026-05-19,娃娃菜,0.65,0.6,0.7,1,冀
2026-05-20,娃娃菜,0.65,0.6,0.7,1,冀
2026-05-21,娃娃菜,0.6,0.5,0.7,1,冀
2026-05-22,娃娃菜,0.6,0.5,0.7,1,冀
2026-05-23,娃娃菜,0.55,0.5,0.6,1,冀
2026-05-24,娃娃菜,0.55,0.5,0.6,1,冀
2026-05-25,娃娃菜,0.6,0.5,0.7,1,冀
2026-05-26,娃娃菜,0.6,0.5,0.7,1,冀
2026-05-27,娃娃菜,0.6,0.5,0.7,1,冀
2026-05-28,娃娃菜,0.7,0.6,0.8,1,冀
2026-05-29,娃娃菜,0.7,0.6,0.8,1,冀
2026-05-30,娃娃菜,0.7,0.6,0.8,1,冀
2026-05-31,娃娃菜,0.7,0.6,0.8,1,冀
2026-06-01,娃娃菜,0.7,0.6,0.8,1,冀
2026-06-02,娃娃菜,0.7,0.6,0.8,1,冀
2026-06-03,娃娃菜,0.7,0.6,0.8,1,冀
2026-06-04,娃娃菜,0.7,0.6,0.8,1,冀
2026-06-05,娃娃菜,0.7,0.6,0.8,1,冀
2026-06-06,娃娃菜,0.7,0.6,0.8,1,冀
2026-06-07,娃娃菜,0.8,0.7,0.9,1,冀
2026-06-08,娃娃菜,0.95,0.9,1.0,1,冀
2026-06-09,娃娃菜,0.95,0.9,1.0,1,冀
2026-06-10,娃娃菜,0.95,0.9,1.0,1,冀
2026-06-11,娃娃菜,0.95,0.9,1.0,1,冀
2026-06-12,娃娃菜,0.95,0.9,1.0,1,冀
2026-06-13,娃娃菜,0.95,0.9,1.0,1,冀
2026-06-14,娃娃菜,0.85,0.8,0.9,1,冀
2026-06-15,娃娃菜,0.9,0.8,1.0,1,冀
2026-06-16,娃娃菜,0.9,0.8,1.0,1,冀
2026-06-17,娃娃菜,0.9,0.8,1.0,1,冀
2026-06-18,娃娃菜,0.85,0.8,0.9,1,冀
2026-06-19,娃娃菜,0.85,0.8,0.9,1,冀
2026-06-20,娃娃菜,0.85,0.8,0.9,1,冀
2026-06-21,娃娃菜,0.85,0.8,0.9,1,冀
2026-06-22,娃娃菜,0.85,0.8,0.9,1,冀
2026-06-23,娃娃菜,0.8,0.7,0.9,1,冀
2026-06-24,娃娃菜,0.8,0.7,0.9,1,冀
2026-06-25,娃娃菜,0.8,0.7,0.9,1,冀
2026-06-26,娃娃菜,0.8,0.7,0.9,1,冀
2026-06-27,娃娃菜,0.8,0.7,0.9,1,冀
2026-06-28,娃娃菜,0.8,0.7,0.9,1,冀
2026-06-29,娃娃菜,0.8,0.7,0.9,1,冀
2026-06-30,娃娃菜,0.8,0.7,0.9,1,冀
2026-07-01,娃娃菜,0.8,0.7,0.9,1,冀
2026-07-02,娃娃菜,0.8,0.7,0.9,1,冀
2026-07-03,娃娃菜,0.8,0.7,0.9,1,冀
2026-07-04,娃娃菜,0.8,0.7,0.9,1,冀
2026-07-05,娃娃菜,0.8,0.7,0.9,1,冀
2026-07-06,娃娃菜,0.8,0.7,0.9,1,冀
2026-07-07,娃娃菜,0.8,0.7,0.9,1,冀
2026-07-08,娃娃菜,0.8,0.7,0.9,1,冀
2026-07-09,娃娃菜,0.8,0.7,0.9,1,冀
2026-07-10,娃娃菜,0.8,0.7,0.9,1,冀
2026-07-11,娃娃菜,0.9,0.8,1.0,1,冀
2026-07-12,娃娃菜,0.95,0.9,1.0,1,冀
2026-07-13,娃娃菜,0.95,0.9,1.0,1,冀
2026-07-14,娃娃菜,0.95,0.9,1.0,1,冀
2026-07-15,娃娃菜,0.95,0.9,1.0,1,冀
2026-07-16,娃娃菜,0.85,0.7,1.0,1,冀
2026-07-17,娃娃菜,0.85,0.7,1.0,1,冀
2026-07-18,娃娃菜,0.85,0.7,1.0,1,冀
2026-07-19,娃娃菜,0.8,0.7,0.9,1,冀
2026-07-20,娃娃菜,0.95,0.9,1.0,1,冀
2026-07-21,娃娃菜,1.1,1.0,1.2,1,冀
2026-07-22,娃娃菜,1.1,1.0,1.2,1,冀
2026-07-23,娃娃菜,1.1,1.0,1.2,1,冀
2026-07-24,娃娃菜,1.1,1.0,1.2,1,冀
2026-07-25,娃娃菜,1.1,1.0,1.2,1,冀
2026-07-26,娃娃菜,1.15,1.1,1.2,1,冀
2026-07-27,娃娃菜,1.15,1.1,1.2,1,冀
2026-07-28,娃娃菜,1.15,1.1,1.2,1,冀
2026-07-29,娃娃菜,1.15,1.1,1.2,1,冀
2026-07-30,娃娃菜,1.15,1.1,1.2,1,冀
2026-07-31,娃娃菜,1.15,1.1,1.2,1,冀
2026-08-01,娃娃菜,1.15,1.1,1.2,1,冀
2026-08-02,娃娃菜,1.15,1.1,1.2,1,冀
2026-08-03,娃娃菜,1.05,1.0,1.1,1,冀
2026-08-04,娃娃菜,1.05,1.0,1.1,1,冀
2026-08-05,娃娃菜,1.05,1.0,1.1,1,冀
2026-08-06,娃娃菜,1.05,1.0,1.1,1,冀
2026-08-07,娃娃菜,1.05,1.0,1.1,1,冀
2026-08-08,娃娃菜,1.05,1.0,1.1,1,冀
2026-08-09,娃娃菜,1.05,1.0,1.1,1,冀
2026-08-10,娃娃菜,1.05,1.0,1.1,1,冀
2026-08-11,娃娃菜,1.1,1.0,1.2,1,冀
2026-01-10,孢子甘蓝,22.5,22.0,23.0,1,
2026-01-20,孢子甘蓝,20.5,20.0,21.0,1,
2026-01-31,孢子甘蓝,18.5,18.0,19.0,1,
2026-02-10,孢子甘蓝,17.5,17.0,18.0,1,
2026-02-28,孢子甘蓝,17.5,17.0,18.0,1,
2026-03-10,孢子甘蓝,15.5,15.0,16.0,1,
2026-03-20,孢子甘蓝,14.5,14.0,15.0,1,
2026-03-31,孢子甘蓝,12.5,12.0,13.0,1,
2026-04-10,孢子甘蓝,12.5,12.0,13.0,1,
2026-04-20,孢子甘蓝,12.5,12.0,13.0,1,
2026-04-30,孢子甘蓝,13.5,13.0,14.0,1,
2026-05-10,孢子甘蓝,14.25,14.0,14.5,1,
2026-05-20,孢子甘蓝,12.5,12.0,13.0,1,
2026-05-31,孢子甘蓝,14.5,14.0,15.0,1,
2026-06-10,孢子甘蓝,15.5,15.0,16.0,1,
2026-06-20,孢子甘蓝,14.5,14.0,15.0,1,
2026-06-30,孢子甘蓝,13.5,13.0,14.0,1,
2026-07-10,孢子甘蓝,13.5,13.0,14.0,1,
2026-07-20,孢子甘蓝,15.5,15.0,16.0,1,
2026-07-31,孢子甘蓝,14.0,13.0,15.0,1,
2026-08-10,孢子甘蓝,11.5,11.0,12.0,1,
2026-01-01,小白菜,2.475,1.6,3.7,2,冀鲁
2026-01-02,小白菜,2.525,1.6,3.7,2,冀鲁
2026-01-03,小白菜,1.8,1.6,2.0,1,冀鲁
2026-01-04,小白菜,2.25,2.0,2.5,1,冀鲁
2026-01-05,小白菜,2.975,2.5,3.8,2,冀鲁
2026-01-06,小白菜,2.825,2.4,3.6,2,冀鲁
2026-01-07,小白菜,2.825,2.4,3.6,2,冀鲁
2026-01-08,小白菜,2.775,2.4,3.5,2,冀鲁
2026-01-09,小白菜,2.775,2.4,3.5,2,冀鲁
2026-01-10,小白菜,2.45,2.4,2.5,1,冀鲁
2026-01-11,小白菜,2.45,2.4,2.5,1,冀鲁
2026-01-12,小白菜,2.725,2.0,3.6,2,冀鲁
2026-01-13,小白菜,2.725,2.0,3.6,2,冀鲁
2026-01-14,小白菜,2.75,2.0,3.5,2,冀鲁
2026-01-15,小白菜,2.9,2.0,3.8,2,冀鲁
2026-01-16,小白菜,2.9,2.0,3.8,2,冀鲁
2026-01-17,小白菜,2.4,2.3,2.5,1,冀鲁
2026-01-18,小白菜,2.25,2.0,2.5,1,冀鲁
2026-01-19,小白菜,3.075,2.0,4.3,2,冀鲁
2026-01-20,小白菜,3.075,2.0,4.3,2,冀鲁
2026-01-21,小白菜,3.175,2.0,4.5,2,冀鲁
2026-01-22,小白菜,3.225,2.0,4.4,2,冀鲁
2026-01-23,小白菜,3.225,2.0,4.4,2,冀鲁
2026-01-24,小白菜,2.25,2.0,2.5,1,冀鲁
2026-01-25,小白菜,2.25,2.0,2.5,1,冀鲁
2026-01-26,小白菜,3.125,1.8,4.4,2,冀鲁
2026-01-27,小白菜,3.125,1.8,4.4,2,冀鲁
2026-01-28,小白菜,3.125,1.8,4.4,2,冀鲁
2026-01-29,小白菜,3.125,1.8,4.4,2,冀鲁
2026-01-30,小白菜,3.125,1.8,4.4,2,冀鲁
2026-01-31,小白菜,2.05,1.8,2.3,1,冀鲁
2026-02-01,小白菜,1.75,1.5,2.0,1,冀鲁
2026-02-02,小白菜,2.925,1.5,4.4,2,冀鲁
2026-02-03,小白菜,2.85,1.3,4.5,2,冀鲁
2026-02-04,小白菜,2.9,1.3,4.5,2,冀鲁
2026-02-05,小白菜,2.9,1.5,4.5,2,冀鲁
2026-02-06,小白菜,2.9,1.5,4.5,2,冀鲁
2026-02-07,小白菜,1.65,1.5,1.8,1,冀鲁
2026-02-08,小白菜,1.65,1.5,1.8,1,冀鲁
2026-02-09,小白菜,2.9,1.5,4.5,2,冀鲁
2026-02-10,小白菜,2.975,1.5,4.8,2,冀鲁
2026-02-11,小白菜,2.975,1.5,4.8,2,冀鲁
2026-02-12,小白菜,3.075,1.5,5.0,2,冀鲁
2026-02-13,小白菜,2.875,1.5,5.5,4,冀鲁
2026-02-14,小白菜,1.75,1.5,2.0,1,冀鲁
2026-02-15,小白菜,1.75,1.5,2.0,1,冀鲁
2026-02-16,小白菜,1.75,1.5,2.0,1,冀鲁
2026-02-24,小白菜,2.875,1.5,4.5,2,冀鲁
2026-02-25,小白菜,2.825,1.5,4.5,2,冀鲁
2026-02-26,小白菜,2.575,1.2,4.0,2,冀鲁
2026-02-27,小白菜,2.325,1.2,3.5,2,冀鲁
2026-02-28,小白菜,1.4,1.2,1.6,1,冀鲁
2026-03-01,小白菜,1.25,1.0,1.5,1,冀鲁
2026-03-02,小白菜,2.05,1.0,3.2,2,冀鲁
2026-03-03,小白菜,1.95,0.8,3.2,2,冀鲁
2026-03-04,小白菜,2.0,0.8,3.3,2,冀鲁
2026-03-05,小白菜,1.85,1.0,2.8,2,冀鲁
2026-03-06,小白菜,1.95,1.2,2.8,2,冀鲁
2026-03-07,小白菜,1.15,1.0,1.3,1,冀鲁
2026-03-08,小白菜,1.15,1.0,1.3,1,冀鲁
2026-03-09,小白菜,1.975,0.9,3.3,2,冀鲁
2026-03-10,小白菜,2.0,1.0,3.3,2,冀鲁
2026-03-11,小白菜,1.9,0.9,3.2,2,冀鲁
2026-03-12,小白菜,1.9,0.9,3.2,2,冀鲁
2026-03-13,小白菜,1.9,0.9,3.2,2,冀鲁
2026-03-14,小白菜,1.05,0.9,1.2,1,冀鲁
2026-03-15,小白菜,1.05,0.9,1.2,1,冀鲁
2026-03-16,小白菜,1.75,0.8,3.0,2,冀鲁
2026-03-17,小白菜,1.75,0.8,3.0,2,冀鲁
2026-03-18,小白菜,1.75,0.8,3.0,2,冀鲁
2026-03-19,小白菜,1.7,0.8,2.8,2,冀鲁
2026-03-20,小白菜,1.7,0.8,2.8,2,冀鲁
2026-03-21,小白菜,0.9,0.8,1.0,1,冀鲁
2026-03-22,小白菜,0.7,0.6,0.8,1,冀鲁
2026-03-23,小白菜,1.475,0.6,2.5,2,冀鲁
2026-03-24,小白菜,1.3,0.6,2.0,2,冀鲁
2026-03-25,小白菜,1.275,0.6,2.0,2,冀鲁
2026-03-26,小白菜,1.35,0.6,2.0,2,冀鲁
2026-03-27,小白菜,1.15,0.6,2.0,2,冀鲁
2026-03-28,小白菜,0.8,0.6,1.0,1,冀鲁
2026-03-29,小白菜,0.7,0.6,0.8,1,冀鲁
2026-03-30,小白菜,1.05,0.5,2.0,2,冀鲁
2026-03-31,小白菜,1.125,0.5,2.0,2,冀鲁
2026-04-01,小白菜,1.125,0.5,2.0,2,冀鲁
2026-04-02,小白菜,1.25,0.7,2.0,2,冀鲁
2026-04-03,小白菜,1.25,0.7,2.0,2,冀鲁
2026-04-04,小白菜,0.85,0.7,1.0,1,冀鲁
2026-04-05,小白菜,0.8,0.7,0.9,1,冀鲁
2026-04-06,小白菜,1.275,0.7,2.0,2,冀鲁
2026-04-07,小白菜,1.475,0.7,2.5,2,冀鲁
2026-04-08,小白菜,1.475,0.7,2.5,2,冀鲁
2026-04-09,小白菜,1.475,0.7,2.5,2,冀鲁
2026-04-10,小白菜,1.475,0.7,2.5,2,冀鲁
2026-04-11,小白菜,0.8,0.7,0.9,1,冀鲁
2026-04-12,小白菜,0.8,0.7,0.9,1,冀鲁
2026-04-13,小白菜,1.35,0.7,2.3,2,冀鲁
2026-04-14,小白菜,1.275,0.5,2.3,2,冀鲁
2026-04-15,小白菜,1.3,0.6,2.3,2,冀鲁
2026-04-16,小白菜,1.3,0.6,2.3,2,冀鲁
2026-04-17,小白菜,1.35,0.6,2.5,2,冀鲁
2026-04-18,小白菜,0.65,0.5,0.8,1,冀鲁
2026-04-19,小白菜,0.65,0.5,0.8,1,冀鲁
2026-04-20,小白菜,1.3,0.5,2.4,2,冀鲁
2026-04-21,小白菜,1.3,0.5,2.4,2,冀鲁
2026-04-22,小白菜,1.3,0.5,2.4,2,冀鲁
2026-04-23,小白菜,1.3,0.5,2.4,2,冀鲁
2026-04-24,小白菜,1.325,0.5,2.5,2,冀鲁
2026-04-25,小白菜,0.65,0.5,0.8,1,冀鲁
2026-04-26,小白菜,0.8,0.7,0.9,1,冀鲁
2026-04-27,小白菜,1.175,0.7,1.9,2,冀
2026-04-28,小白菜,1.275,0.7,2.3,2,冀
2026-04-29,小白菜,1.325,0.7,2.5,2,冀
2026-04-30,小白菜,1.4,0.6,3.0,2,冀
2026-05-01,小白菜,1.6,0.6,3.0,2,冀
2026-05-02,小白菜,0.7,0.6,0.8,1,冀
2026-05-03,小白菜,0.7,0.6,0.8,1,冀
2026-05-04,小白菜,1.6,0.6,3.0,2,冀
2026-05-05,小白菜,1.55,0.7,2.8,2,冀
2026-05-06,小白菜,1.65,0.7,3.0,2,冀
2026-05-07,小白菜,1.775,0.7,3.0,2,冀
2026-05-08,小白菜,1.65,0.7,3.0,2,冀
2026-05-09,小白菜,0.8,0.7,0.9,1,冀
2026-05-10,小白菜,0.8,0.7,0.9,1,冀
2026-05-11,小白菜,1.6,0.6,3.0,2,冀
2026-05-12,小白菜,1.5,0.6,2.8,2,冀
2026-05-13,小白菜,1.5,0.6,2.8,2,冀
2026-05-14,小白菜,1.5,0.6,2.8,2,冀
2026-05-15,小白菜,1.5,0.6,2.8,2,冀
2026-05-16,小白菜,0.7,0.6,0.8,1,冀
2026-05-17,小白菜,0.7,0.6,0.8,1,冀
2026-05-18,小白菜,1.525,0.6,2.7,2,冀
2026-05-19,小白菜,1.525,0.6,2.7,2,冀
2026-05-20,小白菜,1.5,0.6,2.6,2,冀
2026-05-21,小白菜,1.725,0.6,3.0,2,冀
2026-05-22,小白菜,1.775,0.6,3.0,2,冀
2026-05-23,小白菜,0.8,0.6,1.0,1,冀
2026-05-24,小白菜,0.8,0.6,1.0,1,冀
2026-05-25,小白菜,1.825,0.6,3.1,2,冀
2026-05-26,小白菜,1.825,0.6,3.1,2,冀
2026-05-27,小白菜,1.825,0.6,3.1,2,冀
2026-05-28,小白菜,1.825,0.6,3.1,2,冀
2026-05-29,小白菜,1.625,0.6,2.8,2,冀
2026-05-30,小白菜,0.7,0.6,0.8,1,冀
2026-05-31,小白菜,0.9,0.8,1.0,1,冀
2026-06-01,小白菜,1.9,1.0,2.9,2,冀
2026-06-02,小白菜,1.9,1.0,2.9,2,冀
2026-06-03,小白菜,1.925,1.0,3.0,2,冀
2026-06-04,小白菜,1.75,1.0,2.7,2,冀
2026-06-05,小白菜,1.7,1.0,2.5,2,冀
2026-06-06,小白菜,1.25,1.0,1.5,1,冀
2026-06-07,小白菜,0.9,0.8,1.0,1,冀
2026-06-08,小白菜,1.45,0.7,2.5,2,冀
2026-06-09,小白菜,1.35,0.6,2.5,2,冀
2026-06-10,小白菜,1.275,0.6,2.2,2,冀
2026-06-11,小白菜,1.275,0.6,2.2,2,冀
2026-06-12,小白菜,1.225,0.6,2.0,2,冀
2026-06-13,小白菜,0.7,0.6,0.8,1,冀
2026-06-14,小白菜,0.8,0.7,0.9,1,冀
2026-06-15,小白菜,1.425,1.0,2.0,2,冀
2026-06-16,小白菜,1.425,1.0,2.0,2,冀
2026-06-17,小白菜,1.475,1.0,2.2,2,冀
2026-06-18,小白菜,1.425,1.0,2.0,2,冀
2026-06-19,小白菜,1.325,0.8,2.0,2,冀
2026-06-20,小白菜,0.9,0.8,1.0,1,冀
2026-06-21,小白菜,1.25,1.0,1.5,1,冀
2026-06-22,小白菜,1.325,0.8,2.0,2,冀
2026-06-23,小白菜,1.375,0.8,2.2,2,冀
2026-06-24,小白菜,1.45,0.8,2.5,2,冀
2026-06-25,小白菜,1.45,0.8,2.5,2,冀
2026-06-26,小白菜,1.45,0.8,2.5,2,冀
2026-06-27,小白菜,0.9,0.8,1.0,1,冀
2026-06-28,小白菜,0.9,0.8,1.0,1,冀
2026-06-29,小白菜,1.45,0.8,2.5,2,冀
2026-06-30,小白菜,1.325,0.8,2.2,2,冀
2026-07-01,小白菜,1.175,0.8,1.7,2,冀
2026-07-02,小白菜,1.225,0.8,1.8,2,冀
2026-07-03,小白菜,1.225,0.8,1.8,2,冀
2026-07-04,小白菜,0.9,0.8,1.0,1,冀
2026-07-05,小白菜,0.9,0.8,1.0,1,冀
2026-07-06,小白菜,1.275,0.6,2.0,2,冀
2026-07-07,小白菜,1.375,0.6,2.1,2,冀
2026-07-08,小白菜,1.375,0.6,2.1,2,冀
2026-07-09,小白菜,1.375,0.6,2.1,2,冀
2026-07-10,小白菜,1.375,0.6,2.1,2,冀
2026-07-11,小白菜,0.8,0.6,1.0,1,冀
2026-07-12,小白菜,0.8,0.6,1.0,1,冀
2026-07-13,小白菜,1.675,0.8,2.8,2,冀
2026-07-14,小白菜,1.85,0.8,2.8,2,冀
2026-07-15,小白菜,2.5,0.8,4.5,2,冀
2026-07-16,小白菜,2.85,1.2,4.6,2,冀
2026-07-17,小白菜,2.925,1.5,4.6,2,冀
2026-07-18,小白菜,1.65,1.5,1.8,1,冀
2026-07-19,小白菜,1.9,1.8,2.0,1,冀
2026-07-20,小白菜,2.7,1.5,4.0,2,冀
2026-07-21,小白菜,2.325,1.5,3.5,2,冀
2026-07-22,小白菜,2.275,1.5,3.4,2,冀
2026-07-23,小白菜,2.175,1.0,3.5,2,冀
2026-07-24,小白菜,2.175,1.0,3.5,2,冀
2026-07-25,小白菜,1.25,1.0,1.5,1,冀
2026-07-26,小白菜,1.25,1.0,1.5,1,冀
2026-07-27,小白菜,2.175,1.0,3.5,2,冀
2026-07-28,小白菜,2.25,1.0,3.5,2,冀
2026-07-29,小白菜,3.0,2.5,3.5,2,冀
2026-07-30,小白菜,2.75,2.2,3.5,2,冀
2026-07-31,小白菜,2.8,2.2,3.5,2,冀
2026-08-01,小白菜,2.75,2.5,3.0,1,冀
2026-08-02,小白菜,1.75,1.5,2.0,1,冀
2026-08-03,小白菜,2.6,2.0,3.6,2,冀
2026-08-04,小白菜,2.25,1.5,3.5,2,冀
2026-08-05,小白菜,2.3,1.5,3.5,2,冀
2026-08-06,小白菜,2.375,1.5,3.5,2,冀蒙
2026-08-07,小白菜,2.375,1.5,3.5,2,冀蒙
2026-08-08,小白菜,1.75,1.5,2.0,1,冀蒙
2026-08-09,小白菜,1.75,1.5,2.0,1,冀蒙
2026-08-10,小白菜,2.275,1.5,3.3,2,冀蒙
2026-08-11,小白菜,2.325,1.5,3.5,2,冀蒙
2026-01-01,小米椒,16.5,15.0,18.0,1,云
2026-01-02,小米椒,18.0,17.0,19.0,1,云
2026-01-03,小米椒,18.0,17.0,19.0,1,云
2026-01-04,小米椒,21.0,20.0,22.0,1,云
2026-01-05,小米椒,21.0,20.0,22.0,1,云
2026-01-06,小米椒,21.0,20.0,22.0,1,云
2026-01-07,小米椒,21.0,20.0,22.0,1,云
2026-01-08,小米椒,21.0,20.0,22.0,1,云
2026-01-09,小米椒,21.0,20.0,22.0,1,云
2026-01-10,小米椒,21.0,20.0,22.0,1,云
2026-01-11,小米椒,21.0,20.0,22.0,1,云
2026-01-12,小米椒,21.0,20.0,22.0,1,云
2026-01-13,小米椒,21.0,20.0,22.0,1,云
2026-01-14,小米椒,21.0,20.0,22.0,1,云
2026-01-15,小米椒,21.0,20.0,22.0,1,云
2026-01-16,小米椒,21.0,20.0,22.0,1,云
2026-01-17,小米椒,21.0,20.0,22.0,1,云
2026-01-18,小米椒,21.0,20.0,22.0,1,云
2026-01-19,小米椒,21.0,20.0,22.0,1,云
2026-01-20,小米椒,21.0,20.0,22.0,1,云
2026-01-21,小米椒,21.0,20.0,22.0,1,云
2026-01-22,小米椒,19.5,19.0,20.0,1,云
2026-01-23,小米椒,18.5,18.0,19.0,1,云
2026-01-24,小米椒,18.5,18.0,19.0,1,云
2026-01-25,小米椒,17.5,17.0,18.0,1,云
2026-01-26,小米椒,16.0,15.0,17.0,1,云
2026-01-27,小米椒,16.0,15.0,17.0,1,云
2026-01-28,小米椒,16.0,15.0,17.0,1,云
2026-01-29,小米椒,16.0,15.0,17.0,1,云
2026-01-30,小米椒,16.0,15.0,17.0,1,云
2026-01-31,小米椒,16.0,15.0,17.0,1,云
2026-02-01,小米椒,16.0,15.0,17.0,1,云
2026-02-02,小米椒,16.0,15.0,17.0,1,云
2026-02-03,小米椒,16.0,15.0,17.0,1,云
2026-02-04,小米椒,16.0,15.0,17.0,1,云
2026-02-05,小米椒,16.0,15.0,17.0,1,云
2026-02-06,小米椒,16.0,15.0,17.0,1,云
2026-02-07,小米椒,16.0,15.0,17.0,1,云
2026-02-08,小米椒,16.0,15.0,17.0,1,云
2026-02-09,小米椒,16.0,15.0,17.0,1,云
2026-02-10,小米椒,16.0,15.0,17.0,1,云
2026-02-11,小米椒,16.0,15.0,17.0,1,云
2026-02-12,小米椒,16.0,15.0,17.0,1,云
2026-02-13,小米椒,16.0,15.0,17.0,1,云
2026-02-14,小米椒,16.0,15.0,17.0,1,云
2026-02-15,小米椒,16.0,15.0,17.0,1,云
2026-02-16,小米椒,16.0,15.0,17.0,1,云
2026-02-24,小米椒,16.0,15.0,17.0,1,云
2026-02-25,小米椒,16.0,15.0,17.0,1,云
2026-02-26,小米椒,16.0,15.0,17.0,1,云
2026-02-27,小米椒,9.5,9.0,10.0,1,云
2026-02-28,小米椒,9.5,9.0,10.0,1,云
2026-03-01,小米椒,9.5,9.0,10.0,1,云
2026-03-02,小米椒,9.5,9.0,10.0,1,云
2026-03-03,小米椒,9.5,9.0,10.0,1,云
2026-03-04,小米椒,9.5,9.0,10.0,1,云
2026-03-05,小米椒,9.5,9.0,10.0,1,云
2026-03-06,小米椒,9.5,9.0,10.0,1,云
2026-03-07,小米椒,9.5,9.0,10.0,1,云
2026-03-08,小米椒,9.5,9.0,10.0,1,云
2026-03-09,小米椒,9.5,9.0,10.0,1,云
2026-03-10,小米椒,7.5,7.0,8.0,1,云
2026-03-11,小米椒,7.5,7.0,8.0,1,云
2026-03-12,小米椒,7.5,7.0,8.0,1,云
2026-03-13,小米椒,7.5,7.0,8.0,1,云
2026-03-14,小米椒,7.5,7.0,8.0,1,云
2026-03-15,小米椒,6.5,6.0,7.0,1,云
2026-03-16,小米椒,6.5,6.0,7.0,1,云
2026-03-17,小米椒,6.5,6.0,7.0,1,云
2026-03-18,小米椒,6.5,6.0,7.0,1,云
2026-03-19,小米椒,6.5,6.0,7.0,1,云
2026-03-20,小米椒,5.0,4.0,6.0,1,云
2026-03-21,小米椒,5.0,4.0,6.0,1,云
2026-03-22,小米椒,5.0,4.0,6.0,1,云
2026-03-23,小米椒,5.0,4.0,6.0,1,云
2026-03-24,小米椒,5.0,4.0,6.0,1,云
2026-03-25,小米椒,5.0,4.0,6.0,1,云
2026-03-26,小米椒,5.0,4.0,6.0,1,云
2026-03-27,小米椒,5.0,4.0,6.0,1,云
2026-03-28,小米椒,5.0,4.0,6.0,1,云
2026-03-29,小米椒,5.0,4.0,6.0,1,云
2026-03-30,小米椒,5.0,4.0,6.0,1,云
2026-03-31,小米椒,5.0,4.0,6.0,1,云
2026-04-01,小米椒,5.0,4.0,6.0,1,云
2026-04-02,小米椒,5.0,4.0,6.0,1,云
2026-04-03,小米椒,5.0,4.0,6.0,1,云
2026-04-04,小米椒,5.0,4.0,6.0,1,云
2026-04-05,小米椒,5.0,4.0,6.0,1,云
2026-04-06,小米椒,5.0,4.0,6.0,1,云
2026-04-07,小米椒,5.0,4.0,6.0,1,云
2026-04-08,小米椒,5.0,4.0,6.0,1,云
2026-04-09,小米椒,5.0,4.0,6.0,1,云
2026-04-10,小米椒,5.0,4.0,6.0,1,云
2026-04-11,小米椒,5.0,4.0,6.0,1,云
2026-04-12,小米椒,5.0,4.0,6.0,1,云
2026-04-13,小米椒,5.0,4.0,6.0,1,云
2026-04-14,小米椒,5.0,4.0,6.0,1,云
2026-04-15,小米椒,5.0,4.0,6.0,1,云
2026-04-16,小米椒,5.0,4.0,6.0,1,云
2026-04-17,小米椒,5.0,4.0,6.0,1,云
2026-04-18,小米椒,5.0,4.0,6.0,1,云
2026-04-19,小米椒,5.0,4.0,6.0,1,云
2026-04-20,小米椒,5.0,4.0,6.0,1,云
2026-04-21,小米椒,5.0,4.0,6.0,1,云
2026-04-22,小米椒,5.0,4.0,6.0,1,云
2026-04-23,小米椒,5.0,4.0,6.0,1,云
2026-04-24,小米椒,5.0,4.0,6.0,1,云
2026-04-25,小米椒,5.0,4.0,6.0,1,云
2026-04-26,小米椒,5.0,4.0,6.0,1,云
2026-04-27,小米椒,5.0,4.0,6.0,1,云
2026-04-28,小米椒,5.0,4.0,6.0,1,云
2026-04-29,小米椒,5.0,4.0,6.0,1,云
2026-04-30,小米椒,5.0,4.0,6.0,1,云
2026-05-01,小米椒,5.0,4.0,6.0,1,云
2026-05-02,小米椒,5.0,4.0,6.0,1,云
2026-05-03,小米椒,5.0,4.0,6.0,1,云
2026-05-04,小米椒,5.0,4.0,6.0,1,云
2026-05-05,小米椒,5.0,4.0,6.0,1,云
2026-05-06,小米椒,5.0,4.0,6.0,1,云
2026-05-07,小米椒,5.0,4.0,6.0,1,云
2026-05-08,小米椒,5.0,4.0,6.0,1,云
2026-05-09,小米椒,5.0,4.0,6.0,1,云
2026-05-10,小米椒,5.0,4.0,6.0,1,云
2026-05-11,小米椒,5.0,4.0,6.0,1,云
2026-05-12,小米椒,5.0,4.0,6.0,1,云
2026-05-13,小米椒,5.0,4.0,6.0,1,云
2026-05-14,小米椒,5.0,4.0,6.0,1,云
2026-05-15,小米椒,6.5,6.0,7.0,1,云
2026-05-16,小米椒,6.5,6.0,7.0,1,云
2026-05-17,小米椒,6.5,6.0,7.0,1,云琼
2026-05-18,小米椒,7.0,6.0,8.0,1,云琼
2026-05-19,小米椒,7.0,6.0,8.0,1,云琼
2026-05-20,小米椒,7.0,6.0,8.0,1,云琼
2026-05-21,小米椒,7.0,6.0,8.0,1,云琼
2026-05-22,小米椒,7.0,6.0,8.0,1,云琼
2026-05-23,小米椒,7.0,6.0,8.0,1,云琼
2026-05-24,小米椒,7.0,6.0,8.0,1,云琼
2026-05-25,小米椒,7.0,6.0,8.0,1,云琼
2026-05-26,小米椒,7.0,6.0,8.0,1,云琼
2026-05-27,小米椒,7.0,6.0,8.0,1,桂
2026-05-28,小米椒,7.0,6.0,8.0,1,桂
2026-05-29,小米椒,7.0,6.0,8.0,1,桂
2026-05-30,小米椒,7.0,6.0,8.0,1,桂
2026-05-31,小米椒,7.0,6.0,8.0,1,桂
2026-06-01,小米椒,7.0,6.0,8.0,1,桂
2026-06-02,小米椒,7.0,6.0,8.0,1,桂
2026-06-03,小米椒,7.0,6.0,8.0,1,桂
2026-06-04,小米椒,7.0,6.0,8.0,1,桂
2026-06-05,小米椒,7.0,6.0,8.0,1,桂
2026-06-06,小米椒,7.0,6.0,8.0,1,桂
2026-06-07,小米椒,7.0,6.0,8.0,1,桂
2026-06-08,小米椒,7.0,6.0,8.0,1,桂
2026-06-09,小米椒,7.0,6.0,8.0,1,桂
2026-06-10,小米椒,7.0,6.0,8.0,1,桂
2026-06-11,小米椒,7.0,6.0,8.0,1,桂
2026-06-12,小米椒,7.0,6.0,8.0,1,桂
2026-06-13,小米椒,7.0,6.0,8.0,1,桂
2026-06-14,小米椒,7.0,6.0,8.0,1,桂
2026-06-15,小米椒,7.0,6.0,8.0,1,桂
2026-06-16,小米椒,7.0,6.0,8.0,1,桂
2026-06-17,小米椒,7.0,6.0,8.0,1,桂
2026-06-18,小米椒,7.0,6.0,8.0,1,桂
2026-06-19,小米椒,7.0,6.0,8.0,1,桂
2026-06-20,小米椒,7.0,6.0,8.0,1,桂
2026-06-21,小米椒,7.0,6.0,8.0,1,桂
2026-06-22,小米椒,6.5,6.0,7.0,1,桂
2026-06-23,小米椒,6.5,6.0,7.0,1,桂
2026-06-24,小米椒,6.5,6.0,7.0,1,桂
2026-06-25,小米椒,6.5,6.0,7.0,1,桂
2026-06-26,小米椒,6.5,6.0,7.0,1,桂
2026-06-27,小米椒,6.5,6.0,7.0,1,桂
2026-06-28,小米椒,6.5,6.0,7.0,1,桂
2026-06-29,小米椒,6.5,6.0,7.0,1,桂
2026-06-30,小米椒,6.5,6.0,7.0,1,桂
2026-07-01,小米椒,6.5,6.0,7.0,1,桂
2026-07-02,小米椒,6.5,6.0,7.0,1,桂
2026-07-03,小米椒,6.5,6.0,7.0,1,桂
2026-07-04,小米椒,6.5,6.0,7.0,1,桂
2026-07-05,小米椒,6.5,6.0,7.0,1,桂
2026-07-06,小米椒,6.5,6.0,7.0,1,桂
2026-07-07,小米椒,6.5,6.0,7.0,1,桂
2026-07-08,小米椒,6.5,6.0,7.0,1,桂
2026-07-09,小米椒,6.5,6.0,7.0,1,桂
2026-07-10,小米椒,6.5,6.0,7.0,1,桂
2026-07-11,小米椒,6.5,6.0,7.0,1,桂
2026-07-12,小米椒,6.5,6.0,7.0,1,桂
2026-07-13,小米椒,6.5,6.0,7.0,1,桂
2026-07-14,小米椒,6.5,6.0,7.0,1,桂
2026-07-15,小米椒,6.5,6.0,7.0,1,桂
2026-07-16,小米椒,6.5,6.0,7.0,1,桂
2026-07-17,小米椒,6.5,6.0,7.0,1,桂
2026-07-18,小米椒,6.5,6.0,7.0,1,桂
2026-07-19,小米椒,6.5,6.0,7.0,1,桂
2026-07-20,小米椒,6.5,6.0,7.0,1,桂
2026-07-21,小米椒,6.5,6.0,7.0,1,桂
2026-07-22,小米椒,6.5,6.0,7.0,1,桂
2026-07-23,小米椒,6.5,6.0,7.0,1,桂
2026-07-24,小米椒,6.5,6.0,7.0,1,桂
2026-07-25,小米椒,6.5,6.0,7.0,1,桂
2026-07-26,小米椒,6.5,6.0,7.0,1,桂
2026-07-27,小米椒,6.5,6.0,7.0,1,桂
2026-07-28,小米椒,6.5,6.0,7.0,1,桂
2026-07-29,小米椒,6.5,6.0,7.0,1,桂
2026-07-30,小米椒,6.5,6.0,7.0,1,桂
2026-07-31,小米椒,6.5,6.0,7.0,1,桂
2026-08-01,小米椒,6.5,6.0,7.0,1,桂
2026-08-02,小米椒,5.5,5.0,6.0,1,桂
2026-08-03,小米椒,5.5,5.0,6.0,1,桂
2026-08-04,小米椒,5.5,5.0,6.0,1,桂
2026-08-05,小米椒,5.5,5.0,6.0,1,桂
2026-08-06,小米椒,5.5,5.0,6.0,1,桂
2026-08-07,小米椒,5.5,5.0,6.0,1,桂
2026-08-08,小米椒,5.5,5.0,6.0,1,桂
2026-08-09,小米椒,5.5,5.0,6.0,1,桂
2026-08-10,小米椒,5.5,5.0,6.0,1,桂
2026-08-11,小米椒,5.5,5.0,6.0,1,桂
2026-01-01,小葱,3.9,3.8,4.0,1,冀辽
2026-01-02,小葱,3.9,3.8,4.0,1,冀辽
2026-01-03,小葱,3.9,3.8,4.0,1,冀辽
2026-01-04,小葱,3.9,3.8,4.0,1,冀辽
2026-01-05,小葱,3.65,3.5,3.8,1,冀辽
2026-01-06,小葱,3.65,3.5,3.8,1,冀辽
2026-01-07,小葱,3.65,3.5,3.8,1,冀辽
2026-01-08,小葱,3.65,3.5,3.8,1,冀辽
2026-01-09,小葱,3.65,3.5,3.8,1,冀辽
2026-01-10,小葱,3.65,3.5,3.8,1,冀辽
2026-01-11,小葱,3.65,3.5,3.8,1,冀辽
2026-01-12,小葱,3.65,3.5,3.8,1,冀辽
2026-01-13,小葱,3.65,3.5,3.8,1,冀辽
2026-01-14,小葱,3.65,3.5,3.8,1,冀辽
2026-01-15,小葱,3.65,3.5,3.8,1,冀辽
2026-01-16,小葱,3.65,3.5,3.8,1,冀辽
2026-01-17,小葱,3.65,3.5,3.8,1,冀辽
2026-01-18,小葱,3.65,3.5,3.8,1,冀辽
2026-01-19,小葱,4.1,4.0,4.2,1,冀辽
2026-01-20,小葱,4.1,4.0,4.2,1,冀辽
2026-01-21,小葱,4.1,4.0,4.2,1,冀辽
2026-01-22,小葱,4.1,4.0,4.2,1,冀辽
2026-01-23,小葱,4.1,4.0,4.2,1,冀辽
2026-01-24,小葱,4.1,4.0,4.2,1,冀辽
2026-01-25,小葱,4.1,4.0,4.2,1,冀辽
2026-01-26,小葱,4.1,4.0,4.2,1,冀辽
2026-01-27,小葱,4.1,4.0,4.2,1,冀辽
2026-01-28,小葱,4.1,4.0,4.2,1,冀辽
2026-01-29,小葱,4.1,4.0,4.2,1,冀辽
2026-01-30,小葱,4.9,4.8,5.0,1,冀辽
2026-01-31,小葱,4.9,4.8,5.0,1,冀辽
2026-02-01,小葱,4.9,4.8,5.0,1,冀辽
2026-02-02,小葱,4.9,4.8,5.0,1,冀辽
2026-02-03,小葱,4.5,4.4,4.6,1,冀辽
2026-02-04,小葱,4.5,4.4,4.6,1,冀辽
2026-02-05,小葱,4.5,4.4,4.6,1,冀辽
2026-02-06,小葱,4.5,4.4,4.6,1,冀辽
2026-02-07,小葱,4.5,4.4,4.6,1,冀辽
2026-02-08,小葱,4.5,4.4,4.6,1,冀辽
2026-02-09,小葱,4.5,4.4,4.6,1,冀辽
2026-02-10,小葱,4.5,4.4,4.6,1,冀辽
2026-02-11,小葱,4.5,4.4,4.6,1,冀辽
2026-02-12,小葱,4.5,4.4,4.6,1,冀辽
2026-02-13,小葱,4.5,4.4,4.6,1,冀辽
2026-02-14,小葱,4.5,4.4,4.6,1,冀辽
2026-02-15,小葱,4.5,4.4,4.6,1,冀辽
2026-02-16,小葱,4.5,4.4,4.6,1,冀辽
2026-02-24,小葱,3.75,3.0,4.5,1,冀辽
2026-02-25,小葱,3.75,3.0,4.5,1,冀辽
2026-02-26,小葱,3.75,3.0,4.5,1,冀辽
2026-02-27,小葱,3.75,3.0,4.5,1,冀辽
2026-02-28,小葱,3.75,3.0,4.5,1,冀辽
2026-03-01,小葱,3.65,3.0,4.3,1,冀辽
2026-03-02,小葱,3.65,3.0,4.3,1,冀辽
2026-03-03,小葱,3.5,3.0,4.0,1,冀辽
2026-03-04,小葱,3.25,2.5,4.0,1,冀辽
2026-03-05,小葱,3.25,2.5,4.0,1,冀辽
2026-03-06,小葱,3.25,2.5,4.0,1,冀辽
2026-03-07,小葱,3.25,2.5,4.0,1,冀辽
2026-03-08,小葱,3.25,2.5,4.0,1,冀辽
2026-03-09,小葱,3.0,2.5,3.5,1,冀辽
2026-03-10,小葱,2.9,2.3,3.5,1,冀辽
2026-03-11,小葱,2.9,2.3,3.5,1,冀辽
2026-03-12,小葱,2.9,2.3,3.5,1,冀辽
2026-03-13,小葱,2.8,2.3,3.3,1,冀辽
2026-03-14,小葱,2.8,2.3,3.3,1,冀辽
2026-03-15,小葱,2.5,2.0,3.0,1,冀辽
2026-03-16,小葱,2.5,2.0,3.0,1,冀辽
2026-03-17,小葱,2.5,2.0,3.0,1,冀辽
2026-03-18,小葱,2.5,2.0,3.0,1,冀辽
2026-03-19,小葱,2.5,2.0,3.0,1,冀辽
2026-03-20,小葱,2.5,2.0,3.0,1,冀辽
2026-03-21,小葱,2.5,2.0,3.0,1,冀辽
2026-03-22,小葱,2.4,1.8,3.0,1,冀辽
2026-03-23,小葱,2.4,1.8,3.0,1,冀辽
2026-03-24,小葱,2.4,1.8,3.0,1,冀辽
2026-03-25,小葱,2.4,1.8,3.0,1,冀辽
2026-03-26,小葱,2.25,1.5,3.0,1,冀辽
2026-03-27,小葱,2.25,1.5,3.0,1,冀辽
2026-03-28,小葱,2.25,1.5,3.0,1,冀辽
2026-03-29,小葱,2.25,1.5,3.0,1,冀辽
2026-03-30,小葱,2.25,1.5,3.0,1,冀辽
2026-03-31,小葱,2.25,1.5,3.0,1,冀辽
2026-04-01,小葱,2.25,1.5,3.0,1,冀辽
2026-04-02,小葱,2.25,1.5,3.0,1,冀辽
2026-04-03,小葱,2.25,1.5,3.0,1,冀辽
2026-04-04,小葱,2.25,1.5,3.0,1,冀辽
2026-04-05,小葱,2.15,1.3,3.0,1,冀辽
2026-04-06,小葱,2.15,1.3,3.0,1,冀辽
2026-04-07,小葱,2.15,1.3,3.0,1,冀辽
2026-04-08,小葱,2.15,1.3,3.0,1,冀辽
2026-04-09,小葱,2.25,1.5,3.0,1,冀辽
2026-04-10,小葱,2.15,1.3,3.0,1,冀辽
2026-04-11,小葱,2.15,1.3,3.0,1,冀辽
2026-04-12,小葱,2.15,1.3,3.0,1,冀辽
2026-04-13,小葱,2.15,1.3,3.0,1,冀辽
2026-04-14,小葱,2.15,1.3,3.0,1,冀辽
2026-04-15,小葱,2.15,1.3,3.0,1,冀辽
2026-04-16,小葱,2.15,1.3,3.0,1,冀辽
2026-04-17,小葱,2.15,1.3,3.0,1,冀辽
2026-04-18,小葱,1.9,1.3,2.5,1,冀辽
2026-04-19,小葱,1.9,1.3,2.5,1,冀辽
2026-04-20,小葱,1.9,1.3,2.5,1,冀辽
2026-04-21,小葱,1.9,1.3,2.5,1,冀辽
2026-04-22,小葱,1.9,1.3,2.5,1,冀辽
2026-04-23,小葱,1.9,1.3,2.5,1,冀辽
2026-04-24,小葱,1.9,1.3,2.5,1,冀辽
2026-04-25,小葱,1.9,1.3,2.5,1,冀辽
2026-04-26,小葱,1.9,1.3,2.5,1,冀辽
2026-04-27,小葱,1.9,1.3,2.5,1,冀辽
2026-04-28,小葱,1.9,1.3,2.5,1,冀辽
2026-04-29,小葱,1.9,1.3,2.5,1,冀辽
2026-04-30,小葱,1.9,1.3,2.5,1,冀辽
2026-05-01,小葱,2.05,1.3,2.8,1,冀辽
2026-05-02,小葱,2.05,1.3,2.8,1,冀辽
2026-05-03,小葱,2.05,1.3,2.8,1,冀辽
2026-05-04,小葱,2.05,1.3,2.8,1,冀辽
2026-05-05,小葱,2.25,1.5,3.0,1,冀辽
2026-05-06,小葱,2.25,1.5,3.0,1,冀辽
2026-05-07,小葱,2.25,1.5,3.0,1,冀辽
2026-05-08,小葱,2.25,1.5,3.0,1,冀辽
2026-05-09,小葱,2.25,1.5,3.0,1,冀辽
2026-05-10,小葱,2.25,1.5,3.0,1,冀辽
2026-05-11,小葱,2.25,1.5,3.0,1,冀辽
2026-05-12,小葱,2.25,1.5,3.0,1,冀辽
2026-05-13,小葱,2.1,1.2,3.0,1,冀辽
2026-05-14,小葱,2.0,1.2,2.8,1,冀辽
2026-05-15,小葱,2.0,1.2,2.8,1,冀辽
2026-05-16,小葱,2.0,1.2,2.8,1,冀辽
2026-05-17,小葱,2.0,1.2,2.8,1,冀辽
2026-05-18,小葱,2.0,1.2,2.8,1,冀辽
2026-05-19,小葱,2.0,1.2,2.8,1,冀辽
2026-05-20,小葱,2.0,1.2,2.8,1,冀辽
2026-05-21,小葱,2.15,1.5,2.8,1,冀辽
2026-05-22,小葱,2.15,1.5,2.8,1,冀辽
2026-05-23,小葱,2.15,1.5,2.8,1,冀辽
2026-05-24,小葱,2.15,1.5,2.8,1,冀辽
2026-05-25,小葱,2.15,1.5,2.8,1,冀辽
2026-05-26,小葱,2.15,1.5,2.8,1,冀辽
2026-05-27,小葱,2.15,1.5,2.8,1,冀辽
2026-05-28,小葱,2.15,1.5,2.8,1,冀辽
2026-05-29,小葱,2.0,1.5,2.5,1,冀辽
2026-05-30,小葱,2.0,1.5,2.5,1,冀辽
2026-05-31,小葱,2.0,1.5,2.5,1,冀辽
2026-06-01,小葱,2.0,1.5,2.5,1,冀辽
2026-06-02,小葱,2.3,1.8,2.8,1,冀辽
2026-06-03,小葱,2.3,1.8,2.8,1,冀辽
2026-06-04,小葱,2.3,1.8,2.8,1,冀辽
2026-06-05,小葱,2.55,1.8,3.3,1,冀辽
2026-06-06,小葱,2.65,1.8,3.5,1,冀辽
2026-06-07,小葱,2.65,1.8,3.5,1,冀辽
2026-06-08,小葱,2.65,1.8,3.5,1,冀辽
2026-06-09,小葱,2.65,1.8,3.5,1,冀辽
2026-06-10,小葱,2.8,1.8,3.8,1,冀辽
2026-06-11,小葱,2.9,2.0,3.8,1,冀辽
2026-06-12,小葱,2.9,2.0,3.8,1,冀辽
2026-06-13,小葱,2.9,2.0,3.8,1,冀辽
2026-06-14,小葱,2.9,2.0,3.8,1,冀辽
2026-06-15,小葱,2.9,2.0,3.8,1,冀辽
2026-06-16,小葱,2.75,2.0,3.5,1,冀辽
2026-06-17,小葱,2.75,2.0,3.5,1,冀辽
2026-06-18,小葱,2.75,2.0,3.5,1,冀辽
2026-06-19,小葱,2.75,2.0,3.5,1,冀辽
2026-06-20,小葱,2.75,2.0,3.5,1,冀辽
2026-06-21,小葱,2.75,2.0,3.5,1,冀辽
2026-06-22,小葱,1.9,1.3,2.5,1,冀辽
2026-06-23,小葱,1.9,1.3,2.5,1,冀辽
2026-06-24,小葱,1.9,1.3,2.5,1,冀辽
2026-06-25,小葱,1.9,1.3,2.5,1,冀辽
2026-06-26,小葱,1.9,1.3,2.5,1,冀辽
2026-06-27,小葱,1.9,1.3,2.5,1,冀辽
2026-06-28,小葱,1.9,1.3,2.5,1,冀辽
2026-06-29,小葱,1.9,1.3,2.5,1,冀辽
2026-06-30,小葱,1.9,1.3,2.5,1,冀辽
2026-07-01,小葱,1.9,1.3,2.5,1,冀辽
2026-07-02,小葱,1.9,1.3,2.5,1,冀辽
2026-07-03,小葱,1.9,1.3,2.5,1,冀辽
2026-07-04,小葱,1.9,1.3,2.5,1,冀辽
2026-07-05,小葱,1.9,1.3,2.5,1,冀辽
2026-07-06,小葱,1.9,1.3,2.5,1,冀辽
2026-07-07,小葱,1.8,1.3,2.3,1,冀辽
2026-07-08,小葱,1.8,1.3,2.3,1,冀辽
2026-07-09,小葱,1.8,1.3,2.3,1,冀辽
2026-07-10,小葱,1.8,1.3,2.3,1,冀辽
2026-07-11,小葱,1.8,1.3,2.3,1,冀辽
2026-07-12,小葱,1.8,1.3,2.3,1,冀辽
2026-07-13,小葱,1.8,1.3,2.3,1,冀辽
2026-07-14,小葱,1.8,1.3,2.3,1,冀辽
2026-07-15,小葱,1.8,1.3,2.3,1,冀辽
2026-07-16,小葱,2.25,1.5,3.0,1,冀辽
2026-07-17,小葱,2.5,2.0,3.0,1,冀辽
2026-07-18,小葱,2.5,2.0,3.0,1,冀辽
2026-07-19,小葱,2.5,2.0,3.0,1,冀辽
2026-07-20,小葱,2.4,2.0,2.8,1,冀辽
2026-07-21,小葱,2.4,2.0,2.8,1,冀辽
2026-07-22,小葱,2.4,2.0,2.8,1,冀辽
2026-07-23,小葱,2.4,2.0,2.8,1,冀辽
2026-07-24,小葱,2.4,2.0,2.8,1,冀辽
2026-07-25,小葱,2.4,2.0,2.8,1,冀辽
2026-07-26,小葱,2.4,2.0,2.8,1,冀辽
2026-07-27,小葱,2.4,2.0,2.8,1,冀辽
2026-07-28,小葱,2.4,2.0,2.8,1,冀辽
2026-07-29,小葱,3.4,3.3,3.5,1,冀辽
2026-07-30,小葱,3.4,3.3,3.5,1,冀辽
2026-07-31,小葱,3.4,3.3,3.5,1,冀辽
2026-08-01,小葱,3.4,3.3,3.5,1,冀辽
2026-08-02,小葱,3.4,3.3,3.5,1,冀辽
2026-08-03,小葱,3.4,3.3,3.5,1,冀辽
2026-08-04,小葱,3.4,3.3,3.5,1,冀辽
2026-08-05,小葱,3.4,3.3,3.5,1,冀辽
2026-08-06,小葱,3.4,3.3,3.5,1,冀辽
2026-08-07,小葱,3.4,3.3,3.5,1,冀辽
2026-08-08,小葱,3.4,3.3,3.5,1,冀辽
2026-08-09,小葱,3.65,3.5,3.8,1,冀辽
2026-08-10,小葱,3.65,3.5,3.8,1,冀辽
2026-08-11,小葱,3.65,3.5,3.8,1,冀辽
2026-01-01,小黄瓜,5.775,5.5,6.0,2,辽鲁
2026-01-02,小黄瓜,5.775,5.5,6.0,2,辽鲁
2026-01-03,小黄瓜,5.775,5.5,6.0,2,辽鲁
2026-01-04,小黄瓜,5.775,5.5,6.0,2,辽鲁
2026-01-05,小黄瓜,5.775,5.5,6.0,2,辽鲁
2026-01-06,小黄瓜,5.775,5.5,6.0,2,辽鲁
2026-01-07,小黄瓜,5.025,4.8,5.3,2,辽鲁
2026-01-08,小黄瓜,5.025,4.8,5.3,2,辽鲁
2026-01-09,小黄瓜,5.025,4.8,5.3,2,辽鲁
2026-01-10,小黄瓜,5.0,4.8,5.2,2,辽鲁
2026-01-11,小黄瓜,5.0,4.8,5.2,2,辽鲁
2026-01-12,小黄瓜,4.8,4.6,5.0,2,辽鲁
2026-01-13,小黄瓜,4.8,4.6,5.0,2,辽鲁
2026-01-14,小黄瓜,4.475,4.2,4.7,2,辽鲁
2026-01-15,小黄瓜,4.475,4.2,4.7,2,辽鲁
2026-01-16,小黄瓜,4.65,4.5,5.0,2,辽鲁
2026-01-17,小黄瓜,5.175,5.0,5.3,2,辽鲁
2026-01-18,小黄瓜,5.175,5.0,5.3,2,辽鲁
2026-01-19,小黄瓜,5.6,5.2,6.0,2,辽鲁
2026-01-20,小黄瓜,5.7,5.2,6.2,2,辽鲁
2026-01-21,小黄瓜,5.9,5.4,6.5,2,辽鲁
2026-01-22,小黄瓜,5.55,5.0,6.0,2,辽鲁
2026-01-23,小黄瓜,4.925,2.9,6.0,2,辽鲁
2026-01-24,小黄瓜,5.9,5.3,6.5,2,辽鲁
2026-01-25,小黄瓜,5.9,5.3,6.5,2,辽鲁
2026-01-26,小黄瓜,5.7,5.3,6.5,2,辽鲁
2026-01-27,小黄瓜,5.575,5.3,6.0,2,辽鲁
2026-01-28,小黄瓜,5.1,4.8,5.6,2,辽鲁
2026-01-29,小黄瓜,5.1,4.8,5.6,2,辽鲁
2026-01-30,小黄瓜,5.1,4.8,5.6,2,辽鲁
2026-01-31,小黄瓜,5.1,4.8,5.6,2,辽鲁
2026-02-01,小黄瓜,5.025,4.5,5.6,2,辽鲁
2026-02-02,小黄瓜,5.1,4.5,5.9,2,辽鲁
2026-02-03,小黄瓜,5.1,4.5,5.9,2,辽鲁
2026-02-04,小黄瓜,5.1,4.5,5.9,2,辽鲁
2026-02-05,小黄瓜,5.1,4.5,5.9,2,辽鲁
2026-02-06,小黄瓜,5.1,4.5,5.9,2,辽鲁
2026-02-07,小黄瓜,5.1,4.5,5.9,2,辽鲁
2026-02-08,小黄瓜,5.1,4.5,5.9,2,辽鲁
2026-02-09,小黄瓜,5.5,5.0,6.0,2,辽鲁
2026-02-10,小黄瓜,6.05,5.0,6.9,2,辽鲁
2026-02-11,小黄瓜,6.225,5.5,6.9,2,辽鲁
2026-02-12,小黄瓜,6.225,5.5,6.9,2,辽鲁
2026-02-13,小黄瓜,6.225,5.5,6.9,2,辽鲁
2026-02-14,小黄瓜,6.225,5.5,6.9,2,辽鲁
2026-02-15,小黄瓜,6.225,5.5,6.9,2,辽鲁
2026-02-16,小黄瓜,6.225,5.5,6.9,2,辽鲁
2026-02-24,小黄瓜,4.4,3.5,5.0,2,辽鲁
2026-02-25,小黄瓜,4.4,3.5,4.8,2,辽鲁
2026-02-26,小黄瓜,4.625,3.5,5.5,2,辽鲁
2026-02-27,小黄瓜,4.875,3.5,5.5,2,辽鲁
2026-02-28,小黄瓜,4.875,3.5,5.5,2,辽鲁
2026-03-01,小黄瓜,4.875,3.5,5.5,2,辽鲁
2026-03-02,小黄瓜,4.875,3.5,5.5,2,辽鲁
2026-03-03,小黄瓜,5.375,4.5,6.0,2,辽鲁
2026-03-04,小黄瓜,5.7,5.3,6.0,2,辽鲁
2026-03-05,小黄瓜,6.0,5.5,6.5,2,辽鲁
2026-03-06,小黄瓜,6.375,6.0,6.7,2,辽鲁
2026-03-07,小黄瓜,6.375,6.0,6.7,2,辽鲁
2026-03-08,小黄瓜,6.375,6.0,6.7,2,辽鲁
2026-03-09,小黄瓜,6.175,5.8,6.5,2,辽鲁
2026-03-10,小黄瓜,6.175,5.8,6.5,2,辽鲁
2026-03-11,小黄瓜,5.6,5.4,6.0,2,辽鲁
2026-03-12,小黄瓜,5.0,4.5,5.5,2,辽鲁
2026-03-13,小黄瓜,5.0,4.5,5.5,2,辽鲁
2026-03-14,小黄瓜,4.5,4.0,5.0,2,辽鲁
2026-03-15,小黄瓜,4.75,4.5,5.0,2,辽鲁
2026-03-16,小黄瓜,4.75,4.5,5.0,2,辽鲁
2026-03-17,小黄瓜,4.75,4.5,5.0,2,辽鲁
2026-03-18,小黄瓜,4.75,4.5,5.0,2,辽鲁
2026-03-19,小黄瓜,4.75,4.5,5.0,2,辽鲁
2026-03-20,小黄瓜,4.0,3.5,4.3,2,辽鲁
2026-03-21,小黄瓜,4.0,3.5,4.3,2,辽鲁
2026-03-22,小黄瓜,4.0,3.5,4.3,2,辽鲁
2026-03-23,小黄瓜,3.675,3.4,4.2,2,辽鲁
2026-03-24,小黄瓜,3.625,3.4,4.0,2,辽鲁
2026-03-25,小黄瓜,3.625,3.4,4.0,2,辽鲁
2026-03-26,小黄瓜,3.625,3.4,4.0,2,辽鲁
2026-03-27,小黄瓜,3.625,3.4,4.0,2,辽鲁
2026-03-28,小黄瓜,3.625,3.4,4.0,2,辽鲁
2026-03-29,小黄瓜,3.625,3.4,4.0,2,辽鲁
2026-03-30,小黄瓜,3.625,3.4,4.0,2,辽鲁
2026-03-31,小黄瓜,3.625,3.4,4.0,2,辽鲁
2026-04-01,小黄瓜,3.625,3.4,4.0,2,辽鲁
2026-04-02,小黄瓜,3.625,3.4,4.0,2,辽鲁
2026-04-03,小黄瓜,3.625,3.4,4.0,2,辽鲁
2026-04-04,小黄瓜,3.625,3.4,4.0,2,辽鲁
2026-04-05,小黄瓜,3.625,3.4,4.0,2,辽鲁
2026-04-06,小黄瓜,3.8,3.4,4.3,2,辽鲁
2026-04-07,小黄瓜,2.875,2.0,3.5,2,辽鲁
2026-04-08,小黄瓜,2.875,2.0,3.5,2,辽鲁
2026-04-09,小黄瓜,2.875,2.0,3.5,2,辽鲁
2026-04-10,小黄瓜,2.875,2.0,3.5,2,辽鲁
2026-04-11,小黄瓜,2.875,2.0,3.5,2,辽鲁
2026-04-12,小黄瓜,3.075,2.0,3.8,2,辽鲁
2026-04-13,小黄瓜,3.3,2.0,4.1,2,辽鲁
2026-04-14,小黄瓜,3.3,2.0,4.1,2,辽鲁
2026-04-15,小黄瓜,3.3,2.0,4.1,2,辽鲁
2026-04-16,小黄瓜,2.95,2.0,3.5,2,辽鲁
2026-04-17,小黄瓜,2.9,2.0,3.5,2,辽鲁
2026-04-18,小黄瓜,2.9,2.0,3.5,2,辽鲁
2026-04-19,小黄瓜,2.7,2.0,3.3,2,辽鲁
2026-04-20,小黄瓜,2.7,2.0,3.3,2,辽鲁
2026-04-21,小黄瓜,2.7,2.0,3.3,2,辽鲁
2026-04-22,小黄瓜,2.7,2.0,3.3,2,辽鲁
2026-04-23,小黄瓜,2.65,2.0,3.1,2,辽鲁
2026-04-24,小黄瓜,2.65,2.0,3.1,2,辽鲁
2026-04-25,小黄瓜,2.65,2.0,3.1,2,辽鲁
2026-04-26,小黄瓜,2.65,2.0,3.1,2,辽鲁
2026-04-27,小黄瓜,2.65,2.0,3.1,2,辽鲁
2026-04-28,小黄瓜,2.65,2.0,3.1,2,辽鲁
2026-04-29,小黄瓜,2.65,2.0,3.1,2,辽鲁
2026-04-30,小黄瓜,2.65,2.0,3.1,2,辽鲁
2026-05-01,小黄瓜,2.65,2.0,3.1,2,辽鲁
2026-05-02,小黄瓜,2.65,2.0,3.1,2,辽鲁
2026-05-03,小黄瓜,2.65,2.0,3.1,2,辽鲁
2026-05-04,小黄瓜,2.225,1.7,2.7,2,辽鲁
2026-05-05,小黄瓜,2.35,1.7,3.2,2,辽鲁
2026-05-06,小黄瓜,2.35,1.7,3.2,2,辽鲁
2026-05-07,小黄瓜,2.35,1.7,3.2,2,辽鲁
2026-05-08,小黄瓜,2.3,1.7,3.0,2,辽鲁
2026-05-09,小黄瓜,2.2,1.7,2.6,2,辽鲁
2026-05-10,小黄瓜,2.2,1.7,2.6,2,辽鲁
2026-05-11,小黄瓜,2.2,1.7,2.6,2,辽鲁
2026-05-12,小黄瓜,2.2,1.7,2.6,2,辽鲁
2026-05-13,小黄瓜,2.2,1.7,2.6,2,辽鲁
2026-05-14,小黄瓜,2.2,1.7,2.6,2,辽鲁
2026-05-15,小黄瓜,2.2,1.7,2.6,2,辽鲁
2026-05-16,小黄瓜,2.2,1.7,2.6,2,辽鲁
2026-05-17,小黄瓜,2.2,1.7,2.6,2,辽鲁
2026-05-18,小黄瓜,2.2,1.7,2.6,2,辽鲁
2026-05-19,小黄瓜,2.2,1.7,2.6,2,辽鲁
2026-05-20,小黄瓜,2.45,1.7,3.0,2,辽鲁
2026-05-21,小黄瓜,2.8,2.0,3.5,2,辽鲁
2026-05-22,小黄瓜,3.0,2.0,3.8,2,辽鲁
2026-05-23,小黄瓜,2.95,2.0,3.8,2,辽鲁
2026-05-24,小黄瓜,2.95,2.0,3.8,2,辽鲁
2026-05-25,小黄瓜,2.95,2.0,3.8,2,辽鲁
2026-05-26,小黄瓜,2.95,2.0,3.8,2,辽鲁
2026-05-27,小黄瓜,2.95,2.0,3.8,2,辽鲁
2026-05-28,小黄瓜,3.125,2.5,3.8,2,辽鲁
2026-05-29,小黄瓜,3.475,2.5,4.7,2,辽鲁
2026-05-30,小黄瓜,3.55,2.5,4.7,2,辽鲁
2026-05-31,小黄瓜,3.55,2.5,4.7,2,辽鲁
2026-06-01,小黄瓜,3.55,2.5,4.7,2,辽鲁
2026-06-02,小黄瓜,3.5,2.5,4.5,2,辽鲁
2026-06-03,小黄瓜,3.5,2.5,4.5,2,辽鲁
2026-06-04,小黄瓜,3.25,2.5,4.2,2,辽鲁
2026-06-05,小黄瓜,3.25,2.5,4.2,2,辽鲁
2026-06-06,小黄瓜,3.375,2.5,4.5,2,辽鲁
2026-06-07,小黄瓜,3.375,2.5,4.5,2,辽鲁
2026-06-08,小黄瓜,3.375,2.5,4.5,2,辽鲁
2026-06-09,小黄瓜,3.375,2.5,4.5,2,辽鲁
2026-06-10,小黄瓜,3.425,2.5,4.5,2,辽鲁
2026-06-11,小黄瓜,3.425,2.5,4.5,2,辽鲁
2026-06-12,小黄瓜,3.425,2.5,4.5,2,辽鲁
2026-06-13,小黄瓜,3.425,2.5,4.5,2,辽鲁
2026-06-14,小黄瓜,3.425,2.5,4.5,2,辽鲁
2026-06-15,小黄瓜,3.425,2.5,4.5,2,辽鲁
2026-06-16,小黄瓜,3.425,2.5,4.5,2,辽鲁
2026-06-17,小黄瓜,2.85,2.0,3.8,2,辽鲁
2026-06-18,小黄瓜,2.85,2.0,3.8,2,辽鲁
2026-06-19,小黄瓜,2.7,2.0,3.5,2,辽鲁
2026-06-20,小黄瓜,2.7,2.0,3.5,2,辽鲁
2026-06-21,小黄瓜,2.7,2.0,3.5,2,辽鲁
2026-06-22,小黄瓜,2.7,2.0,3.5,2,辽鲁
2026-06-23,小黄瓜,2.7,2.0,3.5,2,辽鲁
2026-06-24,小黄瓜,2.7,2.0,3.5,2,辽鲁
2026-06-25,小黄瓜,2.9,2.0,3.6,2,辽鲁
2026-06-26,小黄瓜,2.9,2.0,3.6,2,辽鲁
2026-06-27,小黄瓜,3.0,2.0,3.8,2,辽鲁
2026-06-28,小黄瓜,3.0,2.5,3.5,2,辽鲁
2026-06-29,小黄瓜,3.0,2.5,3.5,2,辽鲁
2026-06-30,小黄瓜,3.175,2.5,3.8,2,辽鲁
2026-07-01,小黄瓜,3.175,2.5,3.8,2,辽鲁
2026-07-02,小黄瓜,3.4,3.0,3.8,2,辽鲁
2026-07-03,小黄瓜,3.4,3.0,3.8,2,辽鲁
2026-07-04,小黄瓜,3.4,3.0,3.8,2,辽鲁
2026-07-05,小黄瓜,3.4,3.0,3.8,2,辽鲁
2026-07-06,小黄瓜,2.95,2.5,3.3,2,辽鲁
2026-07-07,小黄瓜,2.95,2.5,3.3,2,辽鲁
2026-07-08,小黄瓜,2.95,2.5,3.3,2,辽鲁
2026-07-09,小黄瓜,2.95,2.5,3.3,2,辽鲁
2026-07-10,小黄瓜,3.375,3.0,3.7,2,辽鲁
2026-07-11,小黄瓜,4.2,4.0,4.5,2,辽鲁
2026-07-12,小黄瓜,4.2,4.0,4.5,2,辽鲁
2026-07-13,小黄瓜,4.45,4.0,5.0,2,辽鲁
2026-07-14,小黄瓜,5.0,4.0,6.1,2,辽鲁
2026-07-15,小黄瓜,4.8,4.0,5.5,2,辽鲁
2026-07-16,小黄瓜,4.925,4.0,5.8,2,辽鲁
2026-07-17,小黄瓜,5.425,4.8,6.1,2,辽鲁
2026-07-18,小黄瓜,5.55,5.0,6.1,2,辽鲁
2026-07-19,小黄瓜,6.1,5.0,7.1,2,辽鲁
2026-07-20,小黄瓜,6.1,5.0,7.1,2,辽鲁
2026-07-21,小黄瓜,6.1,5.0,7.1,2,辽鲁
2026-07-22,小黄瓜,5.875,5.0,6.5,2,辽鲁
2026-07-23,小黄瓜,5.7,5.0,6.2,2,辽鲁
2026-07-24,小黄瓜,5.575,5.0,6.0,2,辽鲁
2026-07-25,小黄瓜,5.5,5.0,6.0,2,辽冀/辽鲁
2026-07-26,小黄瓜,5.275,5.0,5.6,2,辽冀/辽鲁
2026-07-27,小黄瓜,5.275,5.0,5.6,2,辽冀/辽鲁
2026-07-28,小黄瓜,4.4,3.8,4.8,2,辽冀/辽鲁
2026-07-29,小黄瓜,4.4,3.8,4.8,2,辽冀/辽鲁
2026-07-30,小黄瓜,3.975,3.5,4.5,2,辽冀/辽鲁
2026-07-31,小黄瓜,3.725,3.3,4.5,2,辽冀/辽鲁
2026-08-01,小黄瓜,3.775,3.3,4.7,2,辽冀/辽鲁
2026-08-02,小黄瓜,3.825,3.3,4.7,2,辽冀/辽鲁
2026-08-03,小黄瓜,4.45,3.8,5.2,2,辽冀/辽鲁
2026-08-04,小黄瓜,4.45,3.8,5.2,2,辽冀/辽鲁
2026-08-05,小黄瓜,4.35,3.8,5.0,2,辽冀/辽鲁
2026-08-06,小黄瓜,4.75,3.9,5.6,2,辽冀/辽鲁
2026-08-07,小黄瓜,5.975,5.0,7.2,2,辽冀/辽鲁
2026-08-08,小黄瓜,6.25,5.5,7.2,2,辽冀/辽鲁
2026-08-09,小黄瓜,6.1,5.5,7.0,2,辽冀/辽鲁
2026-08-10,小黄瓜,6.275,5.5,7.5,2,辽冀/辽鲁
2026-08-11,小黄瓜,6.275,5.5,7.5,2,辽冀/辽鲁
2026-01-01,尖椒,4.75,4.0,5.5,1,辽鲁粤闽
2026-01-02,尖椒,4.75,4.0,5.5,1,辽鲁粤闽
2026-01-03,尖椒,4.75,4.0,5.5,1,辽鲁粤闽
2026-01-04,尖椒,4.75,4.0,5.5,1,辽鲁粤闽
2026-01-05,尖椒,4.75,4.0,5.5,1,辽鲁粤闽
2026-01-06,尖椒,4.75,4.0,5.5,1,辽鲁粤闽
2026-01-07,尖椒,4.75,4.0,5.5,1,辽鲁粤闽
2026-01-08,尖椒,4.75,4.0,5.5,1,辽鲁粤闽
2026-01-09,尖椒,4.75,4.0,5.5,1,辽鲁粤闽
2026-01-10,尖椒,4.75,4.0,5.5,1,辽鲁粤闽
2026-01-11,尖椒,4.75,4.0,5.5,1,辽鲁粤闽
2026-01-12,尖椒,4.75,4.0,5.5,1,辽鲁粤闽
2026-01-13,尖椒,4.75,4.0,5.5,1,辽鲁粤闽
2026-01-14,尖椒,4.75,4.0,5.5,1,辽鲁粤闽
2026-01-15,尖椒,4.75,4.0,5.5,1,辽鲁粤闽
2026-01-16,尖椒,4.75,4.0,5.5,1,辽鲁粤闽
2026-01-17,尖椒,4.75,4.0,5.5,1,辽鲁粤闽
2026-01-18,尖椒,5.15,4.5,5.8,1,辽鲁粤闽
2026-01-19,尖椒,5.15,4.5,5.8,1,辽鲁粤闽
2026-01-20,尖椒,5.15,4.5,5.8,1,辽鲁粤闽
2026-01-21,尖椒,5.15,4.5,5.8,1,辽鲁粤闽
2026-01-22,尖椒,5.15,4.5,5.8,1,辽鲁粤闽
2026-01-23,尖椒,5.15,4.5,5.8,1,辽鲁粤闽
2026-01-24,尖椒,5.15,4.5,5.8,1,辽鲁粤闽
2026-01-25,尖椒,5.5,4.5,6.5,1,辽鲁粤闽
2026-01-26,尖椒,6.25,5.0,7.5,1,辽鲁粤闽
2026-01-27,尖椒,6.25,5.0,7.5,1,辽鲁粤闽
2026-01-28,尖椒,6.25,5.0,7.5,1,辽鲁粤闽
2026-01-29,尖椒,6.25,5.0,7.5,1,辽鲁粤闽
2026-01-30,尖椒,6.25,5.0,7.5,1,辽鲁粤闽
2026-01-31,尖椒,6.0,4.5,7.5,1,辽鲁粤闽
2026-02-01,尖椒,6.0,4.5,7.5,1,辽鲁粤闽
2026-02-02,尖椒,5.75,4.0,7.5,1,辽鲁粤闽
2026-02-03,尖椒,5.75,4.0,7.5,1,辽鲁粤闽
2026-02-04,尖椒,5.5,4.0,7.0,1,辽鲁粤闽
2026-02-05,尖椒,5.5,4.0,7.0,1,辽鲁粤闽
2026-02-06,尖椒,5.5,4.0,7.0,1,辽鲁粤闽
2026-02-07,尖椒,5.5,4.0,7.0,1,辽鲁粤闽
2026-02-08,尖椒,5.5,4.0,7.0,1,辽鲁粤闽
2026-02-09,尖椒,5.05,3.6,6.5,1,辽鲁粤闽
2026-02-10,尖椒,5.05,3.6,6.5,1,辽鲁粤闽
2026-02-11,尖椒,4.8,3.1,6.5,1,辽鲁粤闽
2026-02-12,尖椒,4.8,3.1,6.5,1,辽鲁粤闽
2026-02-13,尖椒,4.8,3.1,6.5,1,辽鲁粤闽
2026-02-14,尖椒,4.8,3.1,6.5,1,辽鲁粤闽
2026-02-15,尖椒,4.8,3.1,6.5,1,辽鲁粤闽
2026-02-16,尖椒,4.8,3.1,6.5,1,辽鲁粤闽
2026-02-24,尖椒,3.25,2.5,4.0,1,辽鲁粤闽
2026-02-25,尖椒,3.25,2.5,4.0,1,辽鲁粤闽
2026-02-26,尖椒,3.25,2.5,4.0,1,辽鲁粤闽
2026-02-27,尖椒,3.25,2.5,4.0,1,辽鲁粤闽
2026-02-28,尖椒,3.25,2.5,4.0,1,辽鲁粤闽
2026-03-01,尖椒,3.0,2.0,4.0,1,辽鲁粤闽
2026-03-02,尖椒,3.0,2.0,4.0,1,辽鲁粤闽
2026-03-03,尖椒,3.0,2.0,4.0,1,辽鲁粤闽
2026-03-04,尖椒,3.0,2.0,4.0,1,辽鲁粤闽
2026-03-05,尖椒,3.0,2.0,4.0,1,辽鲁粤闽
2026-03-06,尖椒,3.0,2.0,4.0,1,辽鲁粤闽
2026-03-07,尖椒,3.0,2.0,4.0,1,辽鲁粤闽
2026-03-08,尖椒,3.0,2.0,4.0,1,辽鲁粤闽
2026-03-09,尖椒,3.0,2.0,4.0,1,辽鲁粤闽
2026-03-10,尖椒,3.25,2.2,4.3,1,辽鲁粤闽
2026-03-11,尖椒,3.25,2.2,4.3,1,辽鲁粤闽
2026-03-12,尖椒,3.25,2.2,4.3,1,辽鲁粤闽
2026-03-13,尖椒,3.0,2.0,4.0,1,辽鲁粤闽
2026-03-14,尖椒,2.8,2.0,3.6,1,辽鲁粤闽
2026-03-15,尖椒,2.8,2.0,3.6,1,辽鲁粤闽
2026-03-16,尖椒,2.8,2.0,3.6,1,辽鲁粤闽
2026-03-17,尖椒,2.8,2.0,3.6,1,辽鲁粤闽
2026-03-18,尖椒,2.8,2.0,3.6,1,辽鲁粤闽
2026-03-19,尖椒,2.8,2.0,3.6,1,辽鲁粤闽
2026-03-20,尖椒,2.8,2.0,3.6,1,辽鲁粤闽
2026-03-21,尖椒,2.8,2.0,3.6,1,辽鲁粤闽
2026-03-22,尖椒,2.8,2.0,3.6,1,辽鲁粤闽
2026-03-23,尖椒,2.8,2.0,3.6,1,辽鲁粤闽
2026-03-24,尖椒,2.8,2.0,3.6,1,辽鲁粤闽
2026-03-25,尖椒,2.65,2.0,3.3,1,辽鲁粤闽
2026-03-26,尖椒,2.65,2.0,3.3,1,辽鲁粤闽
2026-03-27,尖椒,2.65,2.0,3.3,1,辽鲁粤闽
2026-03-28,尖椒,2.65,2.0,3.3,1,辽鲁粤闽
2026-03-29,尖椒,2.65,2.0,3.3,1,辽鲁粤闽
2026-03-30,尖椒,2.65,2.0,3.3,1,辽鲁粤闽
2026-03-31,尖椒,2.65,2.0,3.3,1,辽鲁粤闽
2026-04-01,尖椒,2.65,2.0,3.3,1,辽鲁粤闽
2026-04-02,尖椒,2.65,2.0,3.3,1,辽鲁粤闽
2026-04-03,尖椒,2.75,2.2,3.3,1,辽鲁粤闽
2026-04-04,尖椒,2.75,2.2,3.3,1,辽鲁粤闽
2026-04-05,尖椒,2.75,2.2,3.3,1,辽鲁粤闽
2026-04-06,尖椒,2.85,2.2,3.5,1,辽鲁粤闽
2026-04-07,尖椒,3.4,2.8,4.0,1,辽鲁粤闽
2026-04-08,尖椒,3.5,3.0,4.0,1,辽鲁粤闽
2026-04-09,尖椒,3.7,3.0,4.4,1,辽鲁粤闽
2026-04-10,尖椒,3.7,3.0,4.4,1,辽鲁粤闽
2026-04-11,尖椒,3.7,3.0,4.4,1,辽鲁粤闽
2026-04-12,尖椒,3.7,3.0,4.4,1,辽鲁粤闽
2026-04-13,尖椒,3.7,3.0,4.4,1,辽鲁粤闽
2026-04-14,尖椒,3.7,3.0,4.4,1,辽鲁粤闽
2026-04-15,尖椒,3.15,2.5,3.8,1,辽鲁粤闽
2026-04-16,尖椒,3.15,2.5,3.8,1,辽鲁粤闽
2026-04-17,尖椒,3.15,2.5,3.8,1,辽鲁粤闽
2026-04-18,尖椒,3.0,2.2,3.8,1,辽鲁粤闽
2026-04-19,尖椒,3.0,2.2,3.8,1,辽鲁粤闽
2026-04-20,尖椒,2.9,2.0,3.8,1,辽鲁粤闽
2026-04-21,尖椒,2.9,2.0,3.8,1,辽鲁粤闽
2026-04-22,尖椒,2.9,2.0,3.8,1,辽鲁粤闽
2026-04-23,尖椒,2.8,1.8,3.8,1,辽鲁粤闽
2026-04-24,尖椒,2.8,1.8,3.8,1,辽鲁粤闽
2026-04-25,尖椒,2.7,1.6,3.8,1,辽鲁粤闽
2026-04-26,尖椒,2.7,1.6,3.8,1,辽鲁粤闽
2026-04-27,尖椒,2.7,1.6,3.8,1,辽鲁粤闽
2026-04-28,尖椒,2.7,1.6,3.8,1,辽鲁粤闽
2026-04-29,尖椒,2.7,1.6,3.8,1,辽鲁粤闽
2026-04-30,尖椒,2.7,1.6,3.8,1,辽鲁粤闽
2026-05-01,尖椒,2.7,1.6,3.8,1,辽鲁粤闽
2026-05-02,尖椒,2.7,1.6,3.8,1,辽鲁粤闽
2026-05-03,尖椒,2.2,1.6,2.8,1,辽鲁粤闽
2026-05-04,尖椒,2.2,1.6,2.8,1,辽鲁粤闽
2026-05-05,尖椒,2.2,1.6,2.8,1,辽鲁粤闽
2026-05-06,尖椒,2.3,1.8,2.8,1,辽鲁粤闽
2026-05-07,尖椒,2.3,1.8,2.8,1,辽鲁粤闽
2026-05-08,尖椒,2.3,1.8,2.8,1,辽鲁粤闽
2026-05-09,尖椒,2.3,1.8,2.8,1,辽鲁粤闽
2026-05-10,尖椒,2.4,2.0,2.8,1,辽鲁粤闽
2026-05-11,尖椒,2.4,2.0,2.8,1,辽鲁粤闽
2026-05-12,尖椒,2.4,2.0,2.8,1,辽鲁粤闽
2026-05-13,尖椒,2.4,2.0,2.8,1,辽鲁粤闽
2026-05-14,尖椒,2.3,1.8,2.8,1,辽鲁粤闽
2026-05-15,尖椒,2.3,1.8,2.8,1,辽鲁粤闽
2026-05-16,尖椒,2.05,1.6,2.5,1,辽鲁粤闽
2026-05-17,尖椒,2.05,1.6,2.5,1,辽鲁蒙
2026-05-18,尖椒,2.3,1.8,2.8,1,辽鲁蒙
2026-05-19,尖椒,2.4,2.0,2.8,1,辽鲁蒙
2026-05-20,尖椒,2.4,2.0,2.8,1,辽鲁蒙
2026-05-21,尖椒,2.3,1.8,2.8,1,辽鲁蒙
2026-05-22,尖椒,2.05,1.6,2.5,1,辽鲁蒙
2026-05-23,尖椒,2.05,1.6,2.5,1,辽鲁蒙
2026-05-24,尖椒,2.05,1.6,2.5,1,辽鲁蒙
2026-05-25,尖椒,1.95,1.4,2.5,1,辽鲁蒙
2026-05-26,尖椒,1.95,1.4,2.5,1,辽鲁蒙
2026-05-27,尖椒,1.95,1.4,2.5,1,鲁冀
2026-05-28,尖椒,1.95,1.4,2.5,1,鲁冀
2026-05-29,尖椒,1.95,1.4,2.5,1,鲁冀
2026-05-30,尖椒,1.95,1.4,2.5,1,鲁冀
2026-05-31,尖椒,1.85,1.2,2.5,1,鲁冀
2026-06-01,尖椒,1.85,1.2,2.5,1,鲁冀
2026-06-02,尖椒,1.85,1.2,2.5,1,鲁冀
2026-06-03,尖椒,1.95,1.4,2.5,1,鲁冀
2026-06-04,尖椒,1.95,1.4,2.5,1,鲁冀
2026-06-05,尖椒,1.95,1.4,2.5,1,鲁冀
2026-06-06,尖椒,1.95,1.4,2.5,1,鲁冀
2026-06-07,尖椒,1.95,1.4,2.5,1,鲁冀
2026-06-08,尖椒,1.95,1.4,2.5,1,鲁冀
2026-06-09,尖椒,1.95,1.4,2.5,1,鲁冀
2026-06-10,尖椒,1.95,1.4,2.5,1,鲁冀
2026-06-11,尖椒,1.95,1.4,2.5,1,鲁冀
2026-06-12,尖椒,1.95,1.4,2.5,1,鲁冀
2026-06-13,尖椒,1.95,1.4,2.5,1,鲁冀
2026-06-14,尖椒,1.95,1.4,2.5,1,鲁冀
2026-06-15,尖椒,1.95,1.4,2.5,1,鲁冀
2026-06-16,尖椒,1.95,1.4,2.5,1,鲁冀
2026-06-17,尖椒,2.15,1.5,2.8,1,鲁冀
2026-06-18,尖椒,2.15,1.5,2.8,1,鲁冀
2026-06-19,尖椒,2.15,1.5,2.8,1,鲁冀
2026-06-20,尖椒,2.15,1.5,2.8,1,鲁冀
2026-06-21,尖椒,2.15,1.5,2.8,1,鲁冀
2026-06-22,尖椒,2.15,1.5,2.8,1,鲁冀
2026-06-23,尖椒,2.15,1.5,2.8,1,鲁冀
2026-06-24,尖椒,2.15,1.5,2.8,1,鲁冀
2026-06-25,尖椒,2.15,1.5,2.8,1,鲁冀
2026-06-26,尖椒,1.9,1.3,2.5,1,鲁冀
2026-06-27,尖椒,1.9,1.3,2.5,1,鲁冀
2026-06-28,尖椒,1.9,1.3,2.5,1,鲁冀
2026-06-29,尖椒,1.9,1.3,2.5,1,鲁冀
2026-06-30,尖椒,1.9,1.3,2.5,1,鲁冀
2026-07-01,尖椒,1.9,1.3,2.5,1,鲁冀
2026-07-02,尖椒,1.9,1.3,2.5,1,鲁冀
2026-07-03,尖椒,1.75,1.2,2.3,1,鲁冀
2026-07-04,尖椒,1.75,1.2,2.3,1,鲁冀
2026-07-05,尖椒,1.75,1.2,2.3,1,鲁冀
2026-07-06,尖椒,1.75,1.2,2.3,1,鲁冀
2026-07-07,尖椒,1.6,1.0,2.2,1,鲁冀
2026-07-08,尖椒,1.6,1.0,2.2,1,鲁冀
2026-07-09,尖椒,1.6,1.0,2.2,1,鲁冀
2026-07-10,尖椒,1.6,1.0,2.2,1,鲁冀
2026-07-11,尖椒,1.6,1.0,2.2,1,鲁冀
2026-07-12,尖椒,1.6,1.0,2.2,1,鲁冀
2026-07-13,尖椒,1.6,1.0,2.2,1,鲁冀
2026-07-14,尖椒,1.7,1.2,2.2,1,鲁冀
2026-07-15,尖椒,1.7,1.2,2.2,1,鲁冀
2026-07-16,尖椒,1.6,1.0,2.2,1,鲁冀
2026-07-17,尖椒,1.6,1.0,2.2,1,鲁冀
2026-07-18,尖椒,1.5,1.0,2.0,1,鲁冀
2026-07-19,尖椒,1.5,1.0,2.0,1,鲁冀
2026-07-20,尖椒,1.5,1.0,2.0,1,鲁冀
2026-07-21,尖椒,1.75,1.3,2.2,1,鲁冀
2026-07-22,尖椒,1.75,1.3,2.2,1,鲁冀
2026-07-23,尖椒,1.75,1.3,2.2,1,鲁冀
2026-07-24,尖椒,1.75,1.3,2.2,1,鲁冀
2026-07-25,尖椒,1.75,1.3,2.2,1,鲁冀
2026-07-26,尖椒,1.75,1.3,2.2,1,鲁冀
2026-07-27,尖椒,1.75,1.3,2.2,1,鲁冀
2026-07-28,尖椒,1.6,1.0,2.2,1,鲁冀
2026-07-29,尖椒,1.6,1.0,2.2,1,鲁冀
2026-07-30,尖椒,1.5,1.0,2.0,1,鲁冀
2026-07-31,尖椒,1.5,1.0,2.0,1,鲁冀
2026-08-01,尖椒,1.5,1.0,2.0,1,鲁冀
2026-08-02,尖椒,1.5,1.0,2.0,1,鲁冀
2026-08-03,尖椒,1.5,1.0,2.0,1,鲁冀
2026-08-04,尖椒,1.5,1.0,2.0,1,鲁冀
2026-08-05,尖椒,1.5,1.0,2.0,1,鲁冀
2026-08-06,尖椒,1.6,1.2,2.0,1,鲁冀
2026-08-07,尖椒,1.7,1.2,2.2,1,鲁冀
2026-08-08,尖椒,1.7,1.2,2.2,1,鲁冀
2026-08-09,尖椒,1.85,1.5,2.2,1,鲁冀晋
2026-08-10,尖椒,1.85,1.5,2.2,1,鲁冀晋
2026-08-11,尖椒,1.85,1.5,2.2,1,鲁冀
2026-01-01,山药,4.1,2.8,6.5,3,冀/豫冀/豫鲁
2026-01-02,山药,4.1,2.8,6.5,3,冀/豫冀/豫鲁
2026-01-03,山药,4.1,2.8,6.5,3,冀/豫冀/豫鲁
2026-01-04,山药,4.1,2.8,6.5,3,冀/豫冀/豫鲁
2026-01-05,山药,4.1,2.8,6.5,3,冀/豫冀/豫鲁
2026-01-06,山药,4.1,2.8,6.5,3,冀/豫冀/豫鲁
2026-01-07,山药,4.1,2.8,6.5,3,冀/豫冀/豫鲁
2026-01-08,山药,4.1,2.8,6.5,3,冀/豫冀/豫鲁
2026-01-09,山药,4.1,2.8,6.5,3,冀/豫冀/豫鲁
2026-01-10,山药,4.1,2.8,6.5,3,冀/豫冀/豫鲁
2026-01-11,山药,4.1,2.8,6.5,3,冀/豫冀/豫鲁
2026-01-12,山药,4.133,2.8,6.5,3,冀/豫冀/豫鲁
2026-01-13,山药,4.133,2.8,6.5,3,冀/豫冀/豫鲁
2026-01-14,山药,4.133,2.8,6.5,3,冀/豫冀/豫鲁
2026-01-15,山药,4.133,2.8,6.5,3,冀/豫冀/豫鲁
2026-01-16,山药,4.133,2.8,6.5,3,冀/豫冀/豫鲁
2026-01-17,山药,4.133,2.8,6.5,3,冀/豫冀/豫鲁
2026-01-18,山药,4.133,2.8,6.5,3,冀/豫冀/豫鲁
2026-01-19,山药,4.133,2.8,6.5,3,冀/豫冀/豫鲁
2026-01-20,山药,4.133,2.8,6.5,3,冀/豫冀/豫鲁
2026-01-21,山药,4.133,2.8,6.5,3,冀/豫冀/豫鲁
2026-01-22,山药,4.133,2.8,6.5,3,冀/豫冀/豫鲁
2026-01-23,山药,4.133,2.8,6.5,3,冀/豫冀/豫鲁
2026-01-24,山药,4.133,2.8,6.5,3,冀/豫冀/豫鲁
2026-01-25,山药,4.133,2.8,6.5,3,冀/豫冀/豫鲁
2026-01-26,山药,4.133,2.8,6.5,3,冀/豫冀/豫鲁
2026-01-27,山药,4.133,2.8,6.5,3,冀/豫冀/豫鲁
2026-01-28,山药,4.133,2.8,6.5,3,冀/豫冀/豫鲁
2026-01-29,山药,4.133,2.8,6.5,3,冀/豫冀/豫鲁
2026-01-30,山药,4.133,2.8,6.5,3,冀/豫冀/豫鲁
2026-01-31,山药,4.133,2.8,6.5,3,冀/豫冀/豫鲁
2026-02-01,山药,4.133,2.8,6.5,3,冀/豫冀/豫鲁
2026-02-02,山药,4.133,2.8,6.5,3,冀/豫冀/豫鲁
2026-02-03,山药,4.133,2.8,6.5,3,冀/豫冀/豫鲁
2026-02-04,山药,4.133,2.8,6.5,3,冀/豫冀/豫鲁
2026-02-05,山药,4.133,2.8,6.5,3,冀/豫冀/豫鲁
2026-02-06,山药,4.133,2.8,6.5,3,冀/豫冀/豫鲁
2026-02-07,山药,4.133,2.8,6.5,3,冀/豫冀/豫鲁
2026-02-08,山药,4.133,2.8,6.5,3,冀/豫冀/豫鲁
2026-02-09,山药,4.133,2.8,6.5,3,冀/豫冀/豫鲁
2026-02-10,山药,4.133,2.8,6.5,3,冀/豫冀/豫鲁
2026-02-11,山药,4.133,2.8,6.5,3,冀/豫冀/豫鲁
2026-02-12,山药,4.133,2.8,6.5,3,冀/豫冀/豫鲁
2026-02-13,山药,4.133,2.8,6.5,3,冀/豫冀/豫鲁
2026-02-14,山药,4.133,2.8,6.5,3,冀/豫冀/豫鲁
2026-02-15,山药,4.133,2.8,6.5,3,冀/豫冀/豫鲁
2026-02-16,山药,4.133,2.8,6.5,3,冀/豫冀/豫鲁
2026-02-24,山药,4.133,2.8,6.5,3,冀/豫冀/豫鲁
2026-02-25,山药,4.133,2.8,6.5,3,冀/豫冀/豫鲁
2026-02-26,山药,4.133,2.8,6.5,3,冀/豫冀/豫鲁
2026-02-27,山药,4.133,2.8,6.5,3,冀/豫冀/豫鲁
2026-02-28,山药,4.133,2.8,6.5,3,冀/豫冀/豫鲁
2026-03-01,山药,4.133,2.8,6.5,3,冀/豫冀/豫鲁
2026-03-02,山药,4.133,2.8,6.5,3,冀/豫冀/豫鲁
2026-03-03,山药,4.133,2.8,6.5,3,冀/豫冀/豫鲁
2026-03-04,山药,4.133,2.8,6.5,3,冀/豫冀/豫鲁
2026-03-05,山药,4.133,2.8,6.5,3,冀/豫冀/豫鲁
2026-03-06,山药,4.133,2.8,6.5,3,冀/豫冀/豫鲁
2026-03-07,山药,4.133,2.8,6.5,3,冀/豫冀/豫鲁
2026-03-08,山药,4.133,2.8,6.5,3,冀/豫冀/豫鲁
2026-03-09,山药,4.133,2.8,6.5,3,冀/豫冀/豫鲁
2026-03-10,山药,4.133,2.8,6.5,3,冀/豫冀/豫鲁
2026-03-11,山药,4.133,2.8,6.5,3,冀/豫冀/豫鲁
2026-03-12,山药,4.133,2.8,6.5,3,冀/豫冀/豫鲁
2026-03-13,山药,4.133,2.8,6.5,3,冀/豫冀/豫鲁
2026-03-14,山药,4.133,2.8,6.5,3,冀/豫冀/豫鲁
2026-03-15,山药,4.133,2.8,6.5,3,冀/豫冀/豫鲁
2026-03-16,山药,4.133,2.8,6.5,3,冀/豫冀/豫鲁
2026-03-17,山药,4.133,2.8,6.5,3,冀/豫冀/豫鲁
2026-03-18,山药,4.133,2.8,6.5,3,冀/豫冀/豫鲁
2026-03-19,山药,4.133,2.8,6.5,3,冀/豫冀/豫鲁
2026-03-20,山药,4.133,2.8,6.5,3,冀/豫冀/豫鲁
2026-03-21,山药,4.133,2.8,6.5,3,冀/豫冀/豫鲁
2026-03-22,山药,4.133,2.8,6.5,3,冀/豫冀/豫鲁
2026-03-23,山药,4.133,2.8,6.5,3,冀/豫冀/豫鲁
2026-03-24,山药,4.133,2.8,6.5,3,冀/豫冀/豫鲁
2026-03-25,山药,4.133,2.8,6.5,3,冀/豫冀/豫鲁
2026-03-26,山药,4.133,2.8,6.5,3,冀/豫冀/豫鲁
2026-03-27,山药,4.133,2.8,6.5,3,冀/豫冀/豫鲁
2026-03-28,山药,4.133,2.8,6.5,3,冀/豫冀/豫鲁
2026-03-29,山药,4.133,2.8,6.5,3,冀/豫冀/豫鲁
2026-03-30,山药,4.05,2.8,6.0,3,冀/豫冀/豫鲁
2026-03-31,山药,4.05,2.8,6.0,3,冀/豫冀/豫鲁
2026-04-01,山药,4.05,2.8,6.0,3,冀/豫冀/豫鲁
2026-04-02,山药,4.05,2.8,6.0,3,冀/豫冀/豫鲁
2026-04-03,山药,4.05,2.8,6.0,3,冀/豫冀/豫鲁
2026-04-04,山药,4.05,2.8,6.0,3,冀/豫冀/豫鲁
2026-04-05,山药,4.05,2.8,6.0,3,冀/豫冀/豫鲁
2026-04-06,山药,4.05,2.8,6.0,3,冀/豫冀/豫鲁
2026-04-07,山药,4.05,2.8,6.0,3,冀/豫冀/豫鲁
2026-04-08,山药,4.05,2.8,6.0,3,冀/豫冀/豫鲁
2026-04-09,山药,4.05,2.8,6.0,3,冀/豫冀/豫鲁
2026-04-10,山药,4.05,2.8,6.0,3,冀/豫冀/豫鲁
2026-04-11,山药,4.05,2.8,6.0,3,冀/豫冀/豫鲁
2026-04-12,山药,4.05,2.8,6.0,3,冀/豫冀/豫鲁
2026-04-13,山药,4.05,2.8,6.0,3,冀/豫冀/豫鲁
2026-04-14,山药,4.05,2.8,6.0,3,冀/豫冀/豫鲁
2026-04-15,山药,4.05,2.8,6.0,3,冀/豫冀/豫鲁
2026-04-16,山药,4.05,2.8,6.0,3,冀/豫冀/豫鲁
2026-04-17,山药,4.05,2.8,6.0,3,冀/豫冀/豫鲁
2026-04-18,山药,4.05,2.8,6.0,3,冀/豫冀/豫鲁
2026-04-19,山药,4.05,2.8,6.0,3,冀/豫冀/豫鲁
2026-04-20,山药,4.05,2.8,6.0,3,冀/豫冀/豫鲁
2026-04-21,山药,4.05,2.8,6.0,3,冀/豫冀/豫鲁
2026-04-22,山药,3.967,2.8,5.5,3,冀/豫冀/豫鲁
2026-04-23,山药,3.967,2.8,5.5,3,冀/豫冀/豫鲁
2026-04-24,山药,3.967,2.8,5.5,3,冀/豫冀/豫鲁
2026-04-25,山药,3.967,2.8,5.5,3,冀/豫冀/豫鲁
2026-04-26,山药,3.967,2.8,5.5,3,冀/豫冀/豫鲁
2026-04-27,山药,3.967,2.8,5.5,3,冀/豫冀/豫鲁
2026-04-28,山药,3.967,2.8,5.5,3,冀/豫冀/豫鲁
2026-04-29,山药,3.967,2.8,5.5,3,冀/豫冀/豫鲁
2026-04-30,山药,3.967,2.8,5.5,3,冀/豫冀/豫鲁
2026-05-01,山药,3.967,2.8,5.5,3,冀/豫冀/豫鲁
2026-05-02,山药,3.967,2.8,5.5,3,冀/豫冀/豫鲁
2026-05-03,山药,3.967,2.8,5.5,3,冀/豫冀/豫鲁
2026-05-04,山药,4.05,2.8,6.0,3,冀/豫冀/豫鲁
2026-05-05,山药,4.05,2.8,6.0,3,冀/豫冀/豫鲁
2026-05-06,山药,4.05,2.8,6.0,3,冀/豫冀/豫鲁
2026-05-07,山药,4.05,2.8,6.0,3,冀/豫冀/豫鲁
2026-05-08,山药,4.05,2.8,6.0,3,冀/豫冀/豫鲁
2026-05-09,山药,4.05,2.8,6.0,3,冀/豫冀/豫鲁
2026-05-10,山药,4.05,2.8,6.0,3,冀/豫冀/豫鲁
2026-05-11,山药,4.6,2.8,7.0,4,冀/豫冀/豫鲁
2026-05-12,山药,4.6,2.8,7.0,4,冀/豫冀/豫鲁
2026-05-13,山药,4.538,2.8,7.0,4,冀/豫冀/豫鲁
2026-05-14,山药,4.538,2.8,7.0,4,冀/豫冀/豫鲁
2026-05-15,山药,4.538,2.8,7.0,4,冀/豫冀/豫鲁
2026-05-16,山药,4.538,2.8,7.0,4,冀/豫冀/豫鲁
2026-05-17,山药,4.538,2.8,7.0,4,冀/豫冀/豫鲁
2026-05-18,山药,4.475,2.8,6.5,4,冀/豫冀/豫鲁
2026-05-19,山药,4.475,2.8,6.5,4,冀/豫冀/豫鲁
2026-05-20,山药,4.475,2.8,6.5,4,冀/豫冀/豫鲁
2026-05-21,山药,4.475,2.8,6.5,4,冀/豫冀/豫鲁
2026-05-22,山药,4.475,2.8,6.5,4,冀/豫冀/豫鲁
2026-05-23,山药,4.475,2.8,6.5,4,冀/豫冀/豫鲁
2026-05-24,山药,4.475,2.8,6.5,4,冀/豫冀/豫鲁
2026-05-25,山药,4.475,2.8,6.5,4,冀/豫冀/豫鲁
2026-05-26,山药,4.475,2.8,6.5,4,冀/豫冀/豫鲁
2026-05-27,山药,4.475,2.8,6.5,4,冀/豫冀/豫鲁
2026-05-28,山药,4.475,2.8,6.5,4,冀/豫冀/豫鲁
2026-05-29,山药,4.475,2.8,6.5,4,冀/豫冀/豫鲁
2026-05-30,山药,4.6,2.8,7.0,4,冀/豫冀/豫鲁
2026-05-31,山药,4.6,2.8,7.0,4,冀/豫冀/豫鲁
2026-06-01,山药,4.6,2.8,7.0,4,冀/豫冀/豫鲁
2026-06-02,山药,4.6,2.8,7.0,4,冀/豫冀/豫鲁
2026-06-03,山药,4.6,2.8,7.0,4,冀/豫冀/豫鲁
2026-06-04,山药,4.6,2.8,7.0,4,冀/豫冀/豫鲁
2026-06-05,山药,4.6,2.8,7.0,4,冀/豫冀/豫鲁
2026-06-06,山药,4.6,2.8,7.0,4,冀/豫冀/豫鲁
2026-06-07,山药,4.6,2.8,7.0,4,冀/豫冀/豫鲁
2026-06-08,山药,4.6,2.8,7.0,4,冀/豫冀/豫鲁
2026-06-09,山药,4.6,2.8,7.0,4,冀/豫冀/豫鲁
2026-06-10,山药,4.6,2.8,7.0,4,冀/豫冀/豫鲁
2026-06-11,山药,4.6,2.8,7.0,4,冀/豫冀/豫鲁
2026-06-12,山药,4.6,2.8,7.0,4,冀/豫冀/豫鲁
2026-06-13,山药,4.6,2.8,7.0,4,冀/豫冀/豫鲁
2026-06-14,山药,4.6,2.8,7.0,4,冀/豫冀/豫鲁
2026-06-15,山药,4.925,2.8,7.5,4,冀/豫冀/豫鲁
2026-06-16,山药,4.925,2.8,7.5,4,冀/豫冀/豫鲁
2026-06-17,山药,4.925,2.8,7.5,4,冀/豫冀/豫鲁
2026-06-18,山药,4.925,2.8,7.5,4,冀/豫冀/豫鲁
2026-06-19,山药,4.925,2.8,7.5,4,冀/豫冀/豫鲁
2026-06-20,山药,4.925,2.8,7.5,4,冀/豫冀/豫鲁
2026-06-21,山药,4.925,2.8,7.5,4,冀/豫冀/豫鲁
2026-06-22,山药,5.012,3.0,7.5,4,冀/豫冀/豫鲁
2026-06-23,山药,5.012,3.0,7.5,4,冀/豫冀/豫鲁
2026-06-24,山药,5.012,3.0,7.5,4,冀/豫冀/豫鲁
2026-06-25,山药,5.012,3.0,7.5,4,冀/豫冀/豫鲁
2026-06-26,山药,5.012,3.0,7.5,4,冀/豫冀/豫鲁
2026-06-27,山药,5.012,3.0,7.5,4,冀/豫冀/豫鲁
2026-06-28,山药,5.012,3.0,7.5,4,冀/豫冀/豫鲁
2026-06-29,山药,5.012,3.0,7.5,4,冀/豫冀/豫鲁
2026-06-30,山药,5.012,3.0,7.5,4,冀/豫冀/豫鲁
2026-07-01,山药,5.012,3.0,7.5,4,冀/豫冀/豫鲁
2026-07-02,山药,5.012,3.0,7.5,4,冀/豫冀/豫鲁
2026-07-03,山药,5.012,3.0,7.5,4,冀/豫冀/豫鲁
2026-07-04,山药,5.012,3.0,7.5,4,冀/豫冀/豫鲁
2026-07-05,山药,5.012,3.0,7.5,4,冀/豫冀/豫鲁
2026-07-06,山药,5.012,3.0,7.5,4,冀/豫冀/豫鲁
2026-07-07,山药,5.012,3.0,7.5,4,冀/豫冀/豫鲁
2026-07-08,山药,5.012,3.0,7.5,4,冀/豫冀/豫鲁
2026-07-09,山药,5.012,3.0,7.5,4,冀/豫冀/豫鲁
2026-07-10,山药,5.012,3.0,7.5,4,冀/豫冀/豫鲁
2026-07-11,山药,5.012,3.0,7.5,4,冀/豫冀/豫鲁
2026-07-12,山药,5.012,3.0,7.5,4,冀/豫冀/豫鲁
2026-07-13,山药,5.012,3.0,7.5,4,冀/豫冀/豫鲁
2026-07-14,山药,5.012,3.0,7.5,4,冀/豫冀/豫鲁
2026-07-15,山药,5.012,3.0,7.5,4,冀/豫冀/豫鲁
2026-07-16,山药,5.012,3.0,7.5,4,冀/豫冀/豫鲁
2026-07-17,山药,5.012,3.0,7.5,4,冀/豫冀/豫鲁
2026-07-18,山药,5.012,3.0,7.5,4,冀/豫冀/豫鲁
2026-07-19,山药,5.012,3.0,7.5,4,冀/豫冀/豫鲁
2026-07-20,山药,5.012,3.0,7.5,4,冀/豫冀/豫鲁
2026-07-21,山药,5.012,3.0,7.5,4,冀/豫冀/豫鲁
2026-07-22,山药,5.012,3.0,7.5,4,冀/豫冀/豫鲁
2026-07-23,山药,5.012,3.0,7.5,4,冀/豫冀/豫鲁
2026-07-24,山药,5.012,3.0,7.5,4,冀/豫冀/豫鲁
2026-07-25,山药,5.012,3.0,7.5,4,冀/豫冀/豫鲁
2026-07-26,山药,5.012,3.0,7.5,4,冀/豫冀/豫鲁
2026-07-27,山药,5.012,3.0,7.5,4,冀/豫冀/豫鲁
2026-07-28,山药,5.012,3.0,7.5,4,冀/豫冀/豫鲁
2026-07-29,山药,5.012,3.0,7.5,4,冀/豫冀/豫鲁
2026-07-30,山药,5.012,3.0,7.5,4,冀/豫冀/豫鲁
2026-07-31,山药,5.012,3.0,7.5,4,冀/豫冀/豫鲁
2026-08-01,山药,5.012,3.0,7.5,4,冀/豫冀/豫鲁
2026-08-02,山药,5.012,3.0,7.5,4,冀/豫冀/豫鲁
2026-08-03,山药,5.012,3.0,7.5,4,冀/豫冀/豫鲁
2026-08-04,山药,5.012,3.0,7.5,4,冀/豫冀/豫鲁
2026-08-05,山药,5.012,3.0,7.5,4,冀/豫冀/豫鲁
2026-08-06,山药,5.012,3.0,7.5,4,冀/豫冀/豫鲁
2026-08-07,山药,5.012,3.0,7.5,4,冀/豫冀/豫鲁
2026-08-08,山药,5.012,3.0,7.5,4,冀/豫冀/豫鲁
2026-08-09,山药,5.012,3.0,7.5,4,冀/豫冀/豫鲁
2026-08-10,山药,5.012,3.0,7.5,4,冀/豫冀/豫鲁
2026-08-11,山药,5.012,3.0,7.5,4,冀/豫冀/豫鲁
2026-01-01,平菇,3.25,3.0,3.5,1,京
2026-01-02,平菇,3.25,3.0,3.5,1,京
2026-01-03,平菇,3.25,3.0,3.5,1,京
2026-01-04,平菇,3.25,3.0,3.5,1,京
2026-01-05,平菇,3.25,3.0,3.5,1,京
2026-01-06,平菇,3.25,3.0,3.5,1,京
2026-01-07,平菇,3.25,3.0,3.5,1,京
2026-01-08,平菇,3.25,3.0,3.5,1,京
2026-01-09,平菇,3.25,3.0,3.5,1,京
2026-01-10,平菇,3.25,3.0,3.5,1,京
2026-01-11,平菇,3.25,3.0,3.5,1,京
2026-01-12,平菇,3.25,3.0,3.5,1,京
2026-01-13,平菇,3.25,3.0,3.5,1,京
2026-01-14,平菇,3.25,3.0,3.5,1,京
2026-01-15,平菇,3.25,3.0,3.5,1,京
2026-01-16,平菇,3.25,3.0,3.5,1,京
2026-01-17,平菇,3.25,3.0,3.5,1,京
2026-01-18,平菇,3.25,3.0,3.5,1,京
2026-01-19,平菇,3.25,3.0,3.5,1,京
2026-01-20,平菇,4.25,4.0,4.5,1,京
2026-01-21,平菇,3.75,3.5,4.0,1,京
2026-01-22,平菇,3.75,3.5,4.0,1,京
2026-01-23,平菇,3.75,3.5,4.0,1,京
2026-01-24,平菇,3.75,3.5,4.0,1,京
2026-01-25,平菇,3.75,3.5,4.0,1,京
2026-01-26,平菇,3.75,3.5,4.0,1,京
2026-01-27,平菇,3.75,3.5,4.0,1,京
2026-01-28,平菇,3.75,3.5,4.0,1,京
2026-01-29,平菇,3.75,3.5,4.0,1,京
2026-01-30,平菇,3.25,3.0,3.5,1,京
2026-01-31,平菇,3.25,3.0,3.5,1,京
2026-02-01,平菇,3.25,3.0,3.5,1,京
2026-02-02,平菇,3.25,3.0,3.5,1,京
2026-02-03,平菇,3.25,3.0,3.5,1,京
2026-02-04,平菇,3.25,3.0,3.5,1,京
2026-02-05,平菇,3.25,3.0,3.5,1,京
2026-02-06,平菇,2.75,2.5,3.0,1,京
2026-02-07,平菇,2.75,2.5,3.0,1,京
2026-02-08,平菇,2.75,2.5,3.0,1,京
2026-02-09,平菇,2.75,2.5,3.0,1,京
2026-02-10,平菇,2.75,2.5,3.0,1,京
2026-02-11,平菇,2.75,2.5,3.0,1,京
2026-02-12,平菇,2.75,2.5,3.0,1,京
2026-02-13,平菇,2.75,2.5,3.0,1,京
2026-02-14,平菇,2.75,2.5,3.0,1,京
2026-02-15,平菇,2.75,2.5,3.0,1,京
2026-02-16,平菇,2.75,2.5,3.0,1,京
2026-02-24,平菇,2.0,1.5,2.5,1,京
2026-02-25,平菇,2.25,2.0,2.5,1,京
2026-02-26,平菇,2.25,2.0,2.5,1,京
2026-02-27,平菇,2.65,2.5,2.8,1,京
2026-02-28,平菇,2.75,2.5,3.0,1,京
2026-03-01,平菇,2.75,2.5,3.0,1,京
2026-03-02,平菇,2.75,2.5,3.0,1,京
2026-03-03,平菇,3.25,3.0,3.5,1,京
2026-03-04,平菇,3.25,3.0,3.5,1,京
2026-03-05,平菇,2.75,2.5,3.0,1,京
2026-03-06,平菇,2.75,2.5,3.0,1,京
2026-03-07,平菇,2.75,2.5,3.0,1,京
2026-03-08,平菇,2.75,2.5,3.0,1,京
2026-03-09,平菇,2.75,2.5,3.0,1,京
2026-03-10,平菇,2.75,2.5,3.0,1,京
2026-03-11,平菇,2.75,2.5,3.0,1,京
2026-03-12,平菇,2.75,2.5,3.0,1,京
2026-03-13,平菇,2.75,2.5,3.0,1,京
2026-03-14,平菇,2.75,2.5,3.0,1,京
2026-03-15,平菇,2.75,2.5,3.0,1,京
2026-03-16,平菇,2.75,2.5,3.0,1,京
2026-03-17,平菇,2.75,2.5,3.0,1,京
2026-03-18,平菇,2.75,2.5,3.0,1,京
2026-03-19,平菇,2.25,2.0,2.5,1,京
2026-03-20,平菇,2.25,2.0,2.5,1,京
2026-03-21,平菇,2.25,2.0,2.5,1,京
2026-03-22,平菇,2.25,2.0,2.5,1,京
2026-03-23,平菇,2.25,2.0,2.5,1,京
2026-03-24,平菇,2.25,2.0,2.5,1,京
2026-03-25,平菇,2.25,2.0,2.5,1,京
2026-03-26,平菇,2.25,2.0,2.5,1,京
2026-03-27,平菇,2.25,2.0,2.5,1,京
2026-03-28,平菇,2.25,2.0,2.5,1,京
2026-03-29,平菇,2.25,2.0,2.5,1,京
2026-03-30,平菇,2.25,2.0,2.5,1,京
2026-03-31,平菇,2.25,2.0,2.5,1,京
2026-04-01,平菇,2.75,2.5,3.0,1,京
2026-04-02,平菇,2.75,2.5,3.0,1,京
2026-04-03,平菇,3.0,2.5,3.5,1,京
2026-04-04,平菇,3.25,3.0,3.5,1,京
2026-04-05,平菇,3.55,3.3,3.8,1,京
2026-04-06,平菇,3.55,3.3,3.8,1,京
2026-04-07,平菇,3.75,3.5,4.0,1,京
2026-04-08,平菇,4.25,4.0,4.5,1,京
2026-04-09,平菇,4.75,4.5,5.0,1,京
2026-04-10,平菇,4.75,4.5,5.0,1,京
2026-04-11,平菇,4.75,4.5,5.0,1,京
2026-04-12,平菇,4.4,4.3,4.5,1,京
2026-04-13,平菇,4.4,4.3,4.5,1,京
2026-04-14,平菇,3.75,3.5,4.0,1,京
2026-04-15,平菇,3.75,3.5,4.0,1,京
2026-04-16,平菇,3.75,3.5,4.0,1,京
2026-04-17,平菇,3.75,3.5,4.0,1,京
2026-04-18,平菇,3.75,3.5,4.0,1,京
2026-04-19,平菇,3.75,3.5,4.0,1,京
2026-04-20,平菇,3.75,3.5,4.0,1,京
2026-04-21,平菇,3.75,3.5,4.0,1,京
2026-04-22,平菇,3.75,3.5,4.0,1,京
2026-04-23,平菇,3.25,3.0,3.5,1,京
2026-04-24,平菇,3.25,3.0,3.5,1,京
2026-04-25,平菇,3.25,3.0,3.5,1,京
2026-04-26,平菇,3.25,3.0,3.5,1,京
2026-04-27,平菇,3.25,3.0,3.5,1,京
2026-04-28,平菇,3.25,3.0,3.5,1,京
2026-04-29,平菇,3.25,3.0,3.5,1,京
2026-04-30,平菇,3.25,3.0,3.5,1,京
2026-05-01,平菇,3.25,3.0,3.5,1,京
2026-05-02,平菇,3.25,3.0,3.5,1,京
2026-05-03,平菇,3.25,3.0,3.5,1,京
2026-05-04,平菇,3.25,3.0,3.5,1,京
2026-05-05,平菇,3.25,3.0,3.5,1,京
2026-05-06,平菇,3.25,3.0,3.5,1,京
2026-05-07,平菇,3.25,3.0,3.5,1,京
2026-05-08,平菇,3.25,3.0,3.5,1,京
2026-05-09,平菇,3.25,3.0,3.5,1,京
2026-05-10,平菇,3.25,3.0,3.5,1,京
2026-05-11,平菇,3.25,3.0,3.5,1,京蒙
2026-05-12,平菇,3.25,3.0,3.5,1,京蒙
2026-05-13,平菇,3.25,3.0,3.5,1,京蒙
2026-05-14,平菇,3.25,3.0,3.5,1,京蒙
2026-05-15,平菇,3.25,3.0,3.5,1,京蒙
2026-05-16,平菇,3.25,3.0,3.5,1,京蒙
2026-05-17,平菇,3.25,3.0,3.5,1,京蒙
2026-05-18,平菇,3.25,3.0,3.5,1,京蒙
2026-05-19,平菇,3.25,3.0,3.5,1,京蒙
2026-05-20,平菇,3.25,3.0,3.5,1,京蒙
2026-05-21,平菇,2.25,2.0,2.5,1,京蒙
2026-05-22,平菇,2.25,2.0,2.5,1,京蒙
2026-05-23,平菇,2.25,2.0,2.5,1,京蒙
2026-05-24,平菇,2.25,2.0,2.5,1,京蒙
2026-05-25,平菇,3.0,2.5,3.5,1,京蒙
2026-05-26,平菇,3.0,2.5,3.5,1,京蒙
2026-05-27,平菇,3.0,2.5,3.5,1,京蒙
2026-05-28,平菇,2.75,2.5,3.0,1,京蒙
2026-05-29,平菇,2.75,2.5,3.0,1,京蒙
2026-05-30,平菇,4.0,3.5,4.5,1,京蒙
2026-05-31,平菇,5.0,4.5,5.5,1,京蒙
2026-06-01,平菇,5.0,4.5,5.5,1,京冀蒙
2026-06-02,平菇,4.5,4.0,5.0,1,京冀蒙
2026-06-03,平菇,4.5,4.0,5.0,1,京冀蒙
2026-06-04,平菇,4.5,4.0,5.0,1,京冀蒙
2026-06-05,平菇,4.5,4.0,5.0,1,京冀蒙
2026-06-06,平菇,4.5,4.0,5.0,1,京冀蒙
2026-06-07,平菇,4.5,4.0,5.0,1,京冀蒙
2026-06-08,平菇,4.5,4.0,5.0,1,京冀蒙
2026-06-09,平菇,4.25,4.0,4.5,1,京冀蒙
2026-06-10,平菇,4.25,4.0,4.5,1,京冀蒙
2026-06-11,平菇,4.25,4.0,4.5,1,京冀蒙
2026-06-12,平菇,4.25,4.0,4.5,1,京冀蒙
2026-06-13,平菇,3.75,3.5,4.0,1,京冀蒙
2026-06-14,平菇,3.75,3.5,4.0,1,京冀蒙
2026-06-15,平菇,3.5,3.0,4.0,1,京冀蒙
2026-06-16,平菇,3.0,2.5,3.5,1,京冀蒙
2026-06-17,平菇,3.0,2.5,3.5,1,京冀蒙
2026-06-18,平菇,2.75,2.5,3.0,1,京冀蒙
2026-06-19,平菇,2.75,2.5,3.0,1,京冀蒙
2026-06-20,平菇,2.75,2.5,3.0,1,京冀蒙
2026-06-21,平菇,2.75,2.5,3.0,1,京冀蒙
2026-06-22,平菇,2.75,2.5,3.0,1,京冀蒙
2026-06-23,平菇,2.75,2.5,3.0,1,冀蒙
2026-06-24,平菇,2.75,2.5,3.0,1,冀蒙
2026-06-25,平菇,2.75,2.5,3.0,1,冀蒙
2026-06-26,平菇,2.75,2.5,3.0,1,冀蒙
2026-06-27,平菇,2.75,2.5,3.0,1,冀蒙
2026-06-28,平菇,2.75,2.5,3.0,1,冀蒙
2026-06-29,平菇,2.75,2.5,3.0,1,冀蒙
2026-06-30,平菇,2.75,2.5,3.0,1,冀蒙
2026-07-01,平菇,2.75,2.5,3.0,1,冀蒙
2026-07-02,平菇,2.75,2.5,3.0,1,冀蒙
2026-07-03,平菇,2.25,2.0,2.5,1,冀蒙
2026-07-04,平菇,2.25,2.0,2.5,1,冀蒙
2026-07-05,平菇,2.25,2.0,2.5,1,冀蒙
2026-07-06,平菇,2.25,2.0,2.5,1,冀蒙
2026-07-07,平菇,2.25,2.0,2.5,1,冀蒙
2026-07-08,平菇,2.4,2.0,2.8,1,冀蒙
2026-07-09,平菇,2.75,2.5,3.0,1,冀蒙
2026-07-10,平菇,2.75,2.5,3.0,1,冀蒙
2026-07-11,平菇,2.75,2.5,3.0,1,冀蒙
2026-07-12,平菇,2.85,2.5,3.2,1,冀蒙
2026-07-13,平菇,2.85,2.5,3.2,1,冀蒙
2026-07-14,平菇,2.85,2.5,3.2,1,冀蒙
2026-07-15,平菇,2.85,2.5,3.2,1,冀蒙
2026-07-16,平菇,2.85,2.5,3.2,1,冀蒙
2026-07-17,平菇,4.25,4.0,4.5,1,冀蒙
2026-07-18,平菇,4.75,4.5,5.0,1,冀蒙
2026-07-19,平菇,4.75,4.5,5.0,1,冀蒙
2026-07-20,平菇,4.5,4.0,5.0,1,冀蒙
2026-07-21,平菇,3.75,3.5,4.0,1,冀蒙
2026-07-22,平菇,3.75,3.5,4.0,1,冀蒙
2026-07-23,平菇,3.75,3.5,4.0,1,冀蒙
2026-07-24,平菇,3.75,3.5,4.0,1,冀蒙
2026-07-25,平菇,3.75,3.5,4.0,1,冀蒙
2026-07-26,平菇,3.75,3.5,4.0,1,冀蒙
2026-07-27,平菇,3.75,3.5,4.0,1,冀蒙
2026-07-28,平菇,3.25,3.0,3.5,1,冀蒙
2026-07-29,平菇,3.25,3.0,3.5,1,冀蒙
2026-07-30,平菇,2.75,2.5,3.0,1,冀蒙
2026-07-31,平菇,2.75,2.5,3.0,1,冀蒙
2026-08-01,平菇,3.0,2.5,3.5,1,冀蒙
2026-08-02,平菇,3.0,2.5,3.5,1,冀蒙
2026-08-03,平菇,3.0,2.5,3.5,1,冀蒙
2026-08-04,平菇,3.0,2.5,3.5,1,冀蒙
2026-08-05,平菇,3.0,2.5,3.5,1,冀蒙
2026-08-06,平菇,3.5,3.0,4.0,1,冀蒙
2026-08-07,平菇,3.5,3.0,4.0,1,冀蒙
2026-08-08,平菇,3.5,3.0,4.0,1,冀蒙
2026-08-09,平菇,3.5,3.0,4.0,1,冀蒙
2026-08-10,平菇,3.5,3.0,4.0,1,冀蒙
2026-08-11,平菇,3.5,3.0,4.0,1,冀蒙
2026-01-01,广茄,3.7,2.9,4.5,1,云闽
2026-01-02,广茄,3.7,2.9,4.5,1,云闽
2026-01-03,广茄,3.7,2.9,4.5,1,云闽
2026-01-04,广茄,3.85,2.9,4.8,1,云闽
2026-01-05,广茄,4.15,3.5,4.8,1,云闽
2026-01-06,广茄,4.15,3.5,4.8,1,云闽
2026-01-07,广茄,4.25,3.5,5.0,1,云闽
2026-01-08,广茄,4.25,3.5,5.0,1,云闽
2026-01-09,广茄,4.25,3.5,5.0,1,云闽
2026-01-10,广茄,4.25,3.5,5.0,1,云闽
2026-01-11,广茄,4.25,3.5,5.0,1,云闽
2026-01-12,广茄,4.75,4.5,5.0,1,云闽
2026-01-13,广茄,4.75,4.5,5.0,1,云闽
2026-01-14,广茄,4.75,4.5,5.0,1,云闽
2026-01-15,广茄,4.75,4.5,5.0,1,云闽
2026-01-16,广茄,4.75,4.5,5.0,1,云闽
2026-01-17,广茄,4.75,4.5,5.0,1,云闽
2026-01-18,广茄,4.75,4.5,5.0,1,云闽
2026-01-19,广茄,4.75,4.5,5.0,1,云闽
2026-01-20,广茄,4.75,4.3,5.2,1,云闽
2026-01-21,广茄,4.75,4.3,5.2,1,云闽
2026-01-22,广茄,4.75,4.3,5.2,1,云闽
2026-01-23,广茄,4.75,4.3,5.2,1,云闽
2026-01-24,广茄,4.75,4.3,5.2,1,云闽
2026-01-25,广茄,4.75,4.3,5.2,1,云闽
2026-01-26,广茄,4.75,4.3,5.2,1,云闽
2026-01-27,广茄,4.75,4.3,5.2,1,云闽
2026-01-28,广茄,4.75,4.3,5.2,1,云闽
2026-01-29,广茄,4.75,4.3,5.2,1,云闽
2026-01-30,广茄,3.85,3.3,4.4,1,云闽
2026-01-31,广茄,3.85,3.3,4.4,1,云闽
2026-02-01,广茄,3.85,3.3,4.4,1,云闽
2026-02-02,广茄,3.65,3.3,4.0,1,云闽
2026-02-03,广茄,3.55,3.3,3.8,1,云闽
2026-02-04,广茄,3.55,3.3,3.8,1,云闽
2026-02-05,广茄,3.55,3.3,3.8,1,云闽
2026-02-06,广茄,3.55,3.3,3.8,1,云闽
2026-02-07,广茄,3.55,3.3,3.8,1,云闽
2026-02-08,广茄,3.55,3.3,3.8,1,云闽
2026-02-09,广茄,3.35,2.5,4.2,1,云闽
2026-02-10,广茄,2.75,2.5,3.0,1,云闽
2026-02-11,广茄,2.75,2.5,3.0,1,云闽
2026-02-12,广茄,2.75,2.5,3.0,1,云闽
2026-02-13,广茄,2.6,2.2,3.0,1,云闽
2026-02-14,广茄,2.75,2.5,3.0,1,云闽
2026-02-15,广茄,2.75,2.5,3.0,1,云闽
2026-02-16,广茄,2.75,2.5,3.0,1,云闽
2026-02-24,广茄,2.25,2.0,2.5,1,云闽
2026-02-25,广茄,2.25,2.0,2.5,1,云闽
2026-02-26,广茄,2.4,2.0,2.8,1,云闽
2026-02-27,广茄,2.4,2.0,2.8,1,云闽
2026-02-28,广茄,2.4,2.0,2.8,1,云闽
2026-03-01,广茄,2.4,2.0,2.8,1,云闽
2026-03-02,广茄,2.3,2.0,2.6,1,云闽
2026-03-03,广茄,2.3,2.0,2.6,1,云闽
2026-03-04,广茄,2.3,2.0,2.6,1,云闽
2026-03-05,广茄,2.3,2.0,2.6,1,云闽
2026-03-06,广茄,2.3,2.0,2.6,1,云闽
2026-03-07,广茄,2.3,2.0,2.6,1,云闽
2026-03-08,广茄,2.3,2.0,2.6,1,云闽
2026-03-09,广茄,2.3,2.0,2.6,1,云闽
2026-03-10,广茄,2.3,2.0,2.6,1,云闽
2026-03-11,广茄,2.3,2.0,2.6,1,云闽
2026-03-12,广茄,2.3,2.0,2.6,1,云闽
2026-03-13,广茄,2.3,2.0,2.6,1,云闽
2026-03-14,广茄,2.3,2.0,2.6,1,云闽
2026-03-15,广茄,2.3,2.0,2.6,1,云闽
2026-03-16,广茄,2.3,2.0,2.6,1,云闽
2026-03-17,广茄,2.3,2.0,2.6,1,云闽
2026-03-18,广茄,2.5,2.0,3.0,1,云闽
2026-03-19,广茄,2.65,2.3,3.0,1,云闽
2026-03-20,广茄,2.65,2.3,3.0,1,云闽
2026-03-21,广茄,2.65,2.3,3.0,1,云闽
2026-03-22,广茄,2.65,2.3,3.0,1,云闽
2026-03-23,广茄,2.5,2.0,3.0,1,云闽
2026-03-24,广茄,2.5,2.0,3.0,1,云闽
2026-03-25,广茄,2.5,2.0,3.0,1,云闽
2026-03-26,广茄,2.5,2.0,3.0,1,云闽
2026-03-27,广茄,2.65,2.0,3.3,1,云闽
2026-03-28,广茄,2.65,2.0,3.3,1,云闽
2026-03-29,广茄,2.5,2.0,3.0,1,云闽
2026-03-30,广茄,2.5,2.0,3.0,1,云闽
2026-03-31,广茄,2.5,2.0,3.0,1,云闽
2026-04-01,广茄,2.5,2.0,3.0,1,云闽
2026-04-02,广茄,2.5,2.0,3.0,1,云闽
2026-04-03,广茄,2.5,2.0,3.0,1,云闽
2026-04-04,广茄,2.5,2.0,3.0,1,云闽
2026-04-05,广茄,2.5,2.0,3.0,1,云闽
2026-04-06,广茄,2.5,2.0,3.0,1,云闽
2026-04-07,广茄,2.35,1.7,3.0,1,云闽
2026-04-08,广茄,2.35,1.7,3.0,1,云闽
2026-04-09,广茄,2.35,1.7,3.0,1,云闽
2026-04-10,广茄,2.35,1.7,3.0,1,云闽
2026-04-11,广茄,2.35,1.7,3.0,1,云闽
2026-04-12,广茄,2.35,1.7,3.0,1,云闽
2026-04-13,广茄,2.35,1.7,3.0,1,云闽
2026-04-14,广茄,2.65,2.3,3.0,1,云闽
2026-04-15,广茄,2.65,2.3,3.0,1,云闽
2026-04-16,广茄,2.65,2.3,3.0,1,云闽
2026-04-17,广茄,2.65,2.3,3.0,1,云闽
2026-04-18,广茄,2.65,2.3,3.0,1,云闽
2026-04-19,广茄,2.65,2.3,3.0,1,云闽
2026-04-20,广茄,2.65,2.3,3.0,1,云闽
2026-04-21,广茄,2.5,2.0,3.0,1,云闽
2026-04-22,广茄,2.5,2.0,3.0,1,云闽
2026-04-23,广茄,2.6,2.2,3.0,1,云闽
2026-04-24,广茄,2.85,2.2,3.5,1,云闽
2026-04-25,广茄,2.85,2.2,3.5,1,云闽
2026-04-26,广茄,2.85,2.2,3.5,1,云闽
2026-04-27,广茄,2.7,2.2,3.2,1,云闽
2026-04-28,广茄,2.7,2.2,3.2,1,云闽
2026-04-29,广茄,2.25,2.0,2.5,1,云
2026-04-30,广茄,2.25,2.0,2.5,1,云
2026-05-01,广茄,2.25,2.0,2.5,1,云
2026-05-02,广茄,2.25,2.0,2.5,1,云
2026-05-03,广茄,2.25,2.0,2.5,1,云
2026-05-04,广茄,2.25,2.0,2.5,1,云
2026-05-05,广茄,2.85,2.5,3.2,1,云
2026-05-06,广茄,2.85,2.5,3.2,1,云
2026-05-07,广茄,2.85,2.5,3.2,1,云
2026-05-08,广茄,2.75,2.5,3.0,1,云
2026-05-09,广茄,2.75,2.5,3.0,1,云
2026-05-10,广茄,2.75,2.5,3.0,1,云
2026-05-11,广茄,2.2,1.7,2.7,1,云
2026-05-12,广茄,2.2,1.7,2.7,1,云
2026-05-13,广茄,2.2,1.7,2.7,1,云
2026-05-14,广茄,2.2,1.7,2.7,1,云
2026-05-15,广茄,2.2,1.7,2.7,1,云
2026-05-16,广茄,2.2,1.7,2.7,1,云
2026-05-17,广茄,2.2,1.7,2.7,1,云冀
2026-05-18,广茄,2.0,1.5,2.5,1,云冀
2026-05-19,广茄,2.0,1.5,2.5,1,云冀
2026-05-20,广茄,2.0,1.5,2.5,1,云冀
2026-05-21,广茄,2.0,1.5,2.5,1,云冀
2026-05-22,广茄,2.0,1.5,2.5,1,云冀
2026-05-23,广茄,2.0,1.5,2.5,1,云冀
2026-05-24,广茄,2.0,1.5,2.5,1,云冀
2026-05-25,广茄,2.0,1.5,2.5,1,云冀
2026-05-26,广茄,2.0,1.5,2.5,1,云冀
2026-05-27,广茄,2.0,1.5,2.5,1,云冀
2026-05-28,广茄,2.0,1.5,2.5,1,云冀
2026-05-29,广茄,2.0,1.5,2.5,1,云冀
2026-05-30,广茄,2.0,1.5,2.5,1,云冀
2026-05-31,广茄,2.0,1.5,2.5,1,云冀
2026-06-01,广茄,2.0,1.5,2.5,1,云冀
2026-06-02,广茄,2.15,1.5,2.8,1,云冀
2026-06-03,广茄,2.25,1.5,3.0,1,云冀
2026-06-04,广茄,2.25,1.5,3.0,1,云冀
2026-06-05,广茄,2.25,1.5,3.0,1,云冀
2026-06-06,广茄,2.25,1.5,3.0,1,云冀
2026-06-07,广茄,2.35,1.5,3.2,1,云冀
2026-06-08,广茄,2.35,1.5,3.2,1,云冀
2026-06-09,广茄,2.15,1.5,2.8,1,冀
2026-06-10,广茄,2.15,1.5,2.8,1,冀
2026-06-11,广茄,2.15,1.5,2.8,1,冀
2026-06-12,广茄,2.15,1.5,2.8,1,冀
2026-06-13,广茄,2.0,1.5,2.5,1,冀
2026-06-14,广茄,2.0,1.5,2.5,1,冀
2026-06-15,广茄,2.0,1.5,2.5,1,冀
2026-06-16,广茄,2.0,1.5,2.5,1,冀
2026-06-17,广茄,2.0,1.5,2.5,1,冀
2026-06-18,广茄,2.0,1.5,2.5,1,冀
2026-06-19,广茄,1.9,1.5,2.3,1,冀
2026-06-20,广茄,1.9,1.5,2.3,1,冀
2026-06-21,广茄,1.9,1.5,2.3,1,冀
2026-06-22,广茄,1.55,1.3,1.8,1,冀
2026-06-23,广茄,1.55,1.3,1.8,1,冀
2026-06-24,广茄,1.55,1.3,1.8,1,冀
2026-06-25,广茄,1.55,1.3,1.8,1,冀
2026-06-26,广茄,1.55,1.3,1.8,1,冀
2026-06-27,广茄,1.55,1.3,1.8,1,冀
2026-06-28,广茄,1.25,1.0,1.5,1,冀
2026-06-29,广茄,1.25,1.0,1.5,1,冀
2026-06-30,广茄,1.05,0.8,1.3,1,冀
2026-07-01,广茄,1.05,0.8,1.3,1,冀
2026-07-02,广茄,0.9,0.8,1.0,1,冀
2026-07-03,广茄,0.9,0.8,1.0,1,冀
2026-07-04,广茄,0.9,0.8,1.0,1,冀
2026-07-05,广茄,0.9,0.8,1.0,1,冀
2026-07-06,广茄,0.9,0.8,1.0,1,冀
2026-07-07,广茄,0.5,0.4,0.6,1,冀
2026-07-08,广茄,0.5,0.4,0.6,1,冀
2026-07-09,广茄,0.5,0.4,0.6,1,冀
2026-07-10,广茄,0.5,0.4,0.6,1,冀
2026-07-11,广茄,0.5,0.4,0.6,1,冀
2026-07-12,广茄,0.5,0.4,0.6,1,冀
2026-07-13,广茄,0.5,0.4,0.6,1,冀
2026-07-14,广茄,0.5,0.4,0.6,1,冀
2026-07-15,广茄,0.5,0.4,0.6,1,冀
2026-07-16,广茄,0.5,0.4,0.6,1,冀
2026-07-17,广茄,0.5,0.4,0.6,1,冀
2026-07-18,广茄,0.5,0.4,0.6,1,冀
2026-07-19,广茄,0.5,0.4,0.6,1,冀
2026-07-20,广茄,0.5,0.4,0.6,1,冀
2026-07-21,广茄,0.5,0.4,0.6,1,冀
2026-07-22,广茄,0.5,0.4,0.6,1,冀
2026-07-23,广茄,0.5,0.4,0.6,1,冀
2026-07-24,广茄,0.5,0.4,0.6,1,冀
2026-07-25,广茄,0.5,0.4,0.6,1,冀
2026-07-26,广茄,0.5,0.4,0.6,1,冀
2026-07-27,广茄,0.5,0.4,0.6,1,冀
2026-07-28,广茄,0.5,0.4,0.6,1,冀
2026-07-29,广茄,0.5,0.4,0.6,1,冀
2026-07-30,广茄,0.5,0.4,0.6,1,冀
2026-07-31,广茄,0.4,0.3,0.5,1,冀
2026-08-01,广茄,0.4,0.3,0.5,1,冀
2026-08-02,广茄,0.4,0.3,0.5,1,冀
2026-08-03,广茄,0.4,0.3,0.5,1,冀
2026-08-04,广茄,0.4,0.3,0.5,1,冀
2026-08-05,广茄,0.4,0.3,0.5,1,冀
2026-08-06,广茄,0.4,0.3,0.5,1,冀
2026-08-07,广茄,0.4,0.3,0.5,1,冀
2026-08-08,广茄,0.5,0.4,0.6,1,冀
2026-08-09,广茄,0.5,0.4,0.6,1,冀
2026-08-10,广茄,0.85,0.7,1.0,1,冀
2026-08-11,广茄,0.85,0.7,1.0,1,冀
2026-01-01,彩椒,6.5,6.0,7.0,1,鲁
2026-01-02,彩椒,6.5,6.0,7.0,1,鲁
2026-01-03,彩椒,6.5,6.0,7.0,1,鲁
2026-01-04,彩椒,6.5,6.0,7.0,1,鲁闽
2026-01-05,彩椒,5.75,4.5,7.0,1,鲁闽
2026-01-06,彩椒,5.25,4.5,6.0,1,鲁闽
2026-01-07,彩椒,5.25,4.5,6.0,1,鲁闽
2026-01-08,彩椒,5.25,4.5,6.0,1,鲁闽
2026-01-09,彩椒,5.25,4.5,6.0,1,鲁
2026-01-10,彩椒,5.25,4.5,6.0,1,鲁
2026-01-11,彩椒,5.25,4.5,6.0,1,鲁
2026-01-12,彩椒,5.25,4.5,6.0,1,鲁
2026-01-13,彩椒,5.25,4.5,6.0,1,鲁
2026-01-14,彩椒,5.25,4.5,6.0,1,鲁
2026-01-15,彩椒,5.5,5.0,6.0,1,鲁
2026-01-16,彩椒,5.5,5.0,6.0,1,鲁
2026-01-17,彩椒,5.5,5.0,6.0,1,鲁
2026-01-18,彩椒,5.5,5.0,6.0,1,鲁
2026-01-19,彩椒,5.5,5.0,6.0,1,鲁
2026-01-20,彩椒,5.5,5.0,6.0,1,鲁
2026-01-21,彩椒,5.5,5.0,6.0,1,鲁
2026-01-22,彩椒,5.5,5.0,6.0,1,鲁
2026-01-23,彩椒,5.5,5.0,6.0,1,鲁
2026-01-24,彩椒,5.5,5.0,6.0,1,鲁
2026-01-25,彩椒,5.5,5.0,6.0,1,鲁
2026-01-26,彩椒,5.5,5.0,6.0,1,鲁
2026-01-27,彩椒,5.5,5.0,6.0,1,鲁闽
2026-01-28,彩椒,5.5,5.0,6.0,1,鲁闽
2026-01-29,彩椒,6.5,6.0,7.0,1,鲁闽
2026-01-30,彩椒,6.5,6.0,7.0,1,鲁闽
2026-01-31,彩椒,7.5,7.0,8.0,1,鲁闽
2026-02-01,彩椒,7.5,7.0,8.0,1,鲁闽
2026-02-02,彩椒,7.5,7.0,8.0,1,鲁闽
2026-02-03,彩椒,7.5,7.0,8.0,1,鲁闽
2026-02-04,彩椒,7.5,7.0,8.0,1,鲁闽
2026-02-05,彩椒,7.5,7.0,8.0,1,鲁闽
2026-02-06,彩椒,7.5,7.0,8.0,1,鲁闽
2026-02-07,彩椒,7.5,7.0,8.0,1,鲁闽
2026-02-08,彩椒,7.5,7.0,8.0,1,鲁闽
2026-02-09,彩椒,7.5,7.0,8.0,1,鲁闽
2026-02-10,彩椒,7.5,7.0,8.0,1,鲁闽
2026-02-11,彩椒,7.5,7.0,8.0,1,鲁闽
2026-02-12,彩椒,7.5,7.0,8.0,1,鲁闽
2026-02-13,彩椒,7.5,7.0,8.0,1,鲁闽
2026-02-14,彩椒,7.5,7.0,8.0,1,鲁闽
2026-02-15,彩椒,7.5,7.0,8.0,1,鲁闽
2026-02-16,彩椒,7.5,7.0,8.0,1,鲁闽
2026-02-24,彩椒,8.5,8.0,9.0,1,鲁闽
2026-02-25,彩椒,8.5,8.0,9.0,1,鲁闽
2026-02-26,彩椒,8.75,8.0,9.5,1,鲁闽
2026-02-27,彩椒,8.75,8.0,9.5,1,鲁闽
2026-02-28,彩椒,8.75,8.0,9.5,1,鲁闽
2026-03-01,彩椒,8.75,8.0,9.5,1,鲁闽
2026-03-02,彩椒,8.75,8.0,9.5,1,鲁闽
2026-03-03,彩椒,8.75,8.0,9.5,1,鲁闽
2026-03-04,彩椒,8.25,7.5,9.0,1,鲁闽
2026-03-05,彩椒,8.0,7.5,8.5,1,鲁闽
2026-03-06,彩椒,8.0,7.5,8.5,1,鲁闽
2026-03-07,彩椒,8.0,7.5,8.5,1,鲁闽
2026-03-08,彩椒,8.0,7.5,8.5,1,鲁闽
2026-03-09,彩椒,8.0,7.5,8.5,1,鲁闽
2026-03-10,彩椒,8.75,7.5,10.0,1,鲁闽
2026-03-11,彩椒,9.25,8.5,10.0,1,鲁闽
2026-03-12,彩椒,9.25,8.5,10.0,1,鲁闽
2026-03-13,彩椒,9.25,8.5,10.0,1,鲁闽
2026-03-14,彩椒,9.25,8.5,10.0,1,鲁闽
2026-03-15,彩椒,8.0,7.0,9.0,1,鲁闽
2026-03-16,彩椒,8.0,7.0,9.0,1,鲁闽
2026-03-17,彩椒,8.0,7.0,9.0,1,鲁闽
2026-03-18,彩椒,8.0,7.0,9.0,1,鲁闽
2026-03-19,彩椒,8.0,7.0,9.0,1,鲁闽
2026-03-20,彩椒,8.0,7.0,9.0,1,鲁闽
2026-03-21,彩椒,8.0,7.0,9.0,1,鲁闽
2026-03-22,彩椒,7.5,7.0,8.0,1,鲁闽
2026-03-23,彩椒,7.5,7.0,8.0,1,鲁闽
2026-03-24,彩椒,7.5,7.0,8.0,1,鲁闽
2026-03-25,彩椒,7.5,7.0,8.0,1,鲁闽
2026-03-26,彩椒,7.5,7.0,8.0,1,鲁闽
2026-03-27,彩椒,7.5,7.0,8.0,1,鲁闽
2026-03-28,彩椒,7.5,7.0,8.0,1,鲁闽
2026-03-29,彩椒,6.5,6.0,7.0,1,鲁闽
2026-03-30,彩椒,6.5,6.0,7.0,1,鲁闽
2026-03-31,彩椒,6.5,6.0,7.0,1,鲁闽
2026-04-01,彩椒,6.5,6.0,7.0,1,鲁闽
2026-04-02,彩椒,6.5,6.0,7.0,1,鲁闽
2026-04-03,彩椒,6.5,6.0,7.0,1,鲁闽
2026-04-04,彩椒,6.5,6.0,7.0,1,鲁闽
2026-04-05,彩椒,6.5,6.0,7.0,1,鲁闽
2026-04-06,彩椒,6.5,6.0,7.0,1,鲁闽
2026-04-07,彩椒,6.5,6.0,7.0,1,鲁闽
2026-04-08,彩椒,6.5,6.0,7.0,1,鲁闽
2026-04-09,彩椒,6.5,6.0,7.0,1,鲁闽
2026-04-10,彩椒,6.5,6.0,7.0,1,鲁闽
2026-04-11,彩椒,6.5,6.0,7.0,1,鲁闽
2026-04-12,彩椒,6.5,6.0,7.0,1,鲁闽
2026-04-13,彩椒,6.5,6.0,7.0,1,鲁闽
2026-04-14,彩椒,6.5,6.0,7.0,1,鲁闽
2026-04-15,彩椒,6.5,6.0,7.0,1,鲁闽
2026-04-16,彩椒,6.5,6.0,7.0,1,鲁闽
2026-04-17,彩椒,6.5,6.0,7.0,1,鲁闽
2026-04-18,彩椒,6.5,6.0,7.0,1,鲁闽
2026-04-19,彩椒,6.5,6.0,7.0,1,鲁闽
2026-04-20,彩椒,6.5,6.0,7.0,1,鲁闽
2026-04-21,彩椒,6.5,6.0,7.0,1,鲁闽
2026-04-22,彩椒,6.5,6.0,7.0,1,鲁闽
2026-04-23,彩椒,6.5,6.0,7.0,1,鲁闽
2026-04-24,彩椒,6.5,6.0,7.0,1,鲁闽
2026-04-25,彩椒,6.5,6.0,7.0,1,鲁闽
2026-04-26,彩椒,6.5,6.0,7.0,1,鲁闽
2026-04-27,彩椒,6.5,6.0,7.0,1,鲁闽
2026-04-28,彩椒,6.5,6.0,7.0,1,鲁闽
2026-04-29,彩椒,6.5,6.0,7.0,1,鲁闽
2026-04-30,彩椒,6.5,6.0,7.0,1,鲁闽
2026-05-01,彩椒,6.5,6.0,7.0,1,鲁闽
2026-05-02,彩椒,6.5,6.0,7.0,1,鲁闽
2026-05-03,彩椒,6.5,6.0,7.0,1,鲁闽
2026-05-04,彩椒,6.5,6.0,7.0,1,鲁闽
2026-05-05,彩椒,6.5,6.0,7.0,1,鲁闽
2026-05-06,彩椒,6.5,6.0,7.0,1,鲁闽
2026-05-07,彩椒,6.5,6.0,7.0,1,鲁闽
2026-05-08,彩椒,6.5,6.0,7.0,1,鲁闽
2026-05-09,彩椒,6.5,6.0,7.0,1,鲁闽
2026-05-10,彩椒,5.5,5.0,6.0,1,鲁闽
2026-05-11,彩椒,5.5,5.0,6.0,1,鲁闽
2026-05-12,彩椒,5.5,5.0,6.0,1,鲁闽
2026-05-13,彩椒,5.5,5.0,6.0,1,鲁闽
2026-05-14,彩椒,5.5,5.0,6.0,1,鲁闽
2026-05-15,彩椒,4.5,4.0,5.0,1,鲁闽
2026-05-16,彩椒,4.5,4.0,5.0,1,鲁闽
2026-05-17,彩椒,4.5,4.0,5.0,1,鲁闽
2026-05-18,彩椒,4.5,4.0,5.0,1,鲁闽
2026-05-19,彩椒,4.5,4.0,5.0,1,鲁闽
2026-05-20,彩椒,4.5,4.0,5.0,1,鲁闽
2026-05-21,彩椒,4.5,4.0,5.0,1,鲁闽
2026-05-22,彩椒,4.5,4.0,5.0,1,鲁闽
2026-05-23,彩椒,4.5,4.0,5.0,1,鲁闽
2026-05-24,彩椒,4.5,4.0,5.0,1,鲁闽
2026-05-25,彩椒,4.5,4.0,5.0,1,鲁闽
2026-05-26,彩椒,4.5,4.0,5.0,1,鲁闽
2026-05-27,彩椒,4.5,4.0,5.0,1,鲁
2026-05-28,彩椒,4.5,4.0,5.0,1,鲁
2026-05-29,彩椒,4.5,4.0,5.0,1,鲁
2026-05-30,彩椒,4.5,4.0,5.0,1,鲁
2026-05-31,彩椒,4.5,4.0,5.0,1,鲁
2026-06-01,彩椒,4.5,4.0,5.0,1,鲁
2026-06-02,彩椒,4.5,4.0,5.0,1,鲁
2026-06-03,彩椒,4.5,4.0,5.0,1,鲁
2026-06-04,彩椒,4.5,4.0,5.0,1,鲁
2026-06-05,彩椒,4.5,4.0,5.0,1,鲁
2026-06-06,彩椒,4.5,4.0,5.0,1,鲁
2026-06-07,彩椒,4.5,4.0,5.0,1,鲁
2026-06-08,彩椒,4.5,4.0,5.0,1,鲁
2026-06-09,彩椒,4.5,4.0,5.0,1,鲁
2026-06-10,彩椒,3.5,3.0,4.0,1,鲁
2026-06-11,彩椒,3.5,3.0,4.0,1,鲁
2026-06-12,彩椒,3.5,3.0,4.0,1,鲁
2026-06-13,彩椒,3.5,3.0,4.0,1,鲁
2026-06-14,彩椒,3.5,3.0,4.0,1,鲁
2026-06-15,彩椒,3.5,3.0,4.0,1,鲁
2026-06-16,彩椒,3.5,3.0,4.0,1,鲁
2026-06-17,彩椒,3.5,3.0,4.0,1,鲁
2026-06-18,彩椒,3.5,3.0,4.0,1,鲁
2026-06-19,彩椒,3.5,3.0,4.0,1,鲁
2026-06-20,彩椒,3.5,3.0,4.0,1,鲁
2026-06-21,彩椒,3.5,3.0,4.0,1,鲁
2026-06-22,彩椒,4.5,4.0,5.0,1,鲁
2026-06-23,彩椒,4.5,4.0,5.0,1,鲁
2026-06-24,彩椒,4.5,4.0,5.0,1,鲁
2026-06-25,彩椒,4.5,4.0,5.0,1,鲁
2026-06-26,彩椒,4.5,4.0,5.0,1,鲁
2026-06-27,彩椒,4.5,4.0,5.0,1,鲁
2026-06-28,彩椒,4.5,4.0,5.0,1,鲁
2026-06-29,彩椒,4.5,4.0,5.0,1,鲁
2026-06-30,彩椒,4.5,4.0,5.0,1,鲁
2026-07-01,彩椒,4.5,4.0,5.0,1,鲁
2026-07-02,彩椒,4.5,4.0,5.0,1,鲁
2026-07-03,彩椒,4.5,4.0,5.0,1,鲁
2026-07-04,彩椒,4.5,4.0,5.0,1,鲁
2026-07-05,彩椒,4.5,4.0,5.0,1,鲁
2026-07-06,彩椒,4.5,4.0,5.0,1,鲁
2026-07-07,彩椒,4.5,4.0,5.0,1,鲁
2026-07-08,彩椒,4.5,4.0,5.0,1,鲁
2026-07-09,彩椒,4.5,4.0,5.0,1,鲁
2026-07-10,彩椒,5.25,5.0,5.5,1,鲁
2026-07-11,彩椒,5.25,5.0,5.5,1,鲁
2026-07-12,彩椒,5.25,5.0,5.5,1,鲁
2026-07-13,彩椒,5.25,5.0,5.5,1,鲁
2026-07-14,彩椒,5.25,5.0,5.5,1,鲁
2026-07-15,彩椒,5.25,5.0,5.5,1,鲁
2026-07-16,彩椒,4.75,4.5,5.0,1,鲁
2026-07-17,彩椒,4.75,4.5,5.0,1,鲁
2026-07-18,彩椒,4.0,3.5,4.5,1,鲁
2026-07-19,彩椒,4.0,3.5,4.5,1,鲁
2026-07-20,彩椒,4.0,3.5,4.5,1,鲁
2026-07-21,彩椒,4.0,3.5,4.5,1,鲁
2026-07-22,彩椒,4.0,3.5,4.5,1,鲁
2026-07-23,彩椒,4.0,3.5,4.5,1,鲁
2026-07-24,彩椒,4.0,3.5,4.5,1,鲁
2026-07-25,彩椒,4.0,3.5,4.5,1,鲁
2026-07-26,彩椒,4.0,3.5,4.5,1,鲁
2026-07-27,彩椒,4.0,3.5,4.5,1,鲁
2026-07-28,彩椒,3.5,3.0,4.0,1,鲁
2026-07-29,彩椒,3.5,3.0,4.0,1,鲁
2026-07-30,彩椒,3.5,3.0,4.0,1,鲁
2026-07-31,彩椒,3.5,3.0,4.0,1,鲁
2026-08-01,彩椒,3.0,2.5,3.5,1,鲁
2026-08-02,彩椒,3.0,2.5,3.5,1,鲁
2026-08-03,彩椒,3.0,2.5,3.5,1,鲁
2026-08-04,彩椒,3.0,2.5,3.5,1,鲁
2026-08-05,彩椒,3.0,2.5,3.5,1,鲁
2026-08-06,彩椒,3.0,2.5,3.5,1,鲁
2026-08-07,彩椒,3.0,2.5,3.5,1,鲁
2026-08-08,彩椒,3.0,2.5,3.5,1,鲁
2026-08-09,彩椒,3.0,2.5,3.5,1,鲁
2026-08-10,彩椒,3.0,2.5,3.5,1,鲁
2026-08-11,彩椒,3.0,2.5,3.5,1,鲁
2026-01-01,心里美,1.1,1.0,1.2,1,冀
2026-01-02,心里美,1.1,1.0,1.2,1,冀
2026-01-03,心里美,1.1,1.0,1.2,1,冀
2026-01-04,心里美,1.1,1.0,1.2,1,冀
2026-01-05,心里美,1.1,1.0,1.2,1,冀
2026-01-06,心里美,1.1,1.0,1.2,1,冀
2026-01-07,心里美,1.1,1.0,1.2,1,冀
2026-01-08,心里美,1.1,1.0,1.2,1,冀
2026-01-09,心里美,1.1,1.0,1.2,1,冀
2026-01-10,心里美,1.1,1.0,1.2,1,冀
2026-01-11,心里美,1.1,1.0,1.2,1,冀
2026-01-12,心里美,1.1,1.0,1.2,1,冀
2026-01-13,心里美,1.1,1.0,1.2,1,冀
2026-01-14,心里美,1.1,1.0,1.2,1,冀
2026-01-15,心里美,1.1,1.0,1.2,1,冀
2026-01-16,心里美,1.1,1.0,1.2,1,冀
2026-01-17,心里美,1.1,1.0,1.2,1,冀
2026-01-18,心里美,1.1,1.0,1.2,1,冀
2026-01-19,心里美,1.1,1.0,1.2,1,冀
2026-01-20,心里美,1.1,1.0,1.2,1,冀
2026-01-21,心里美,1.1,1.0,1.2,1,冀
2026-01-22,心里美,1.1,1.0,1.2,1,冀
2026-01-23,心里美,1.1,1.0,1.2,1,冀
2026-01-24,心里美,1.1,1.0,1.2,1,冀
2026-01-25,心里美,1.1,1.0,1.2,1,冀
2026-01-26,心里美,1.1,1.0,1.2,1,冀
2026-01-27,心里美,1.1,1.0,1.2,1,冀
2026-01-28,心里美,1.1,1.0,1.2,1,冀
2026-01-29,心里美,1.1,1.0,1.2,1,冀
2026-01-30,心里美,1.1,1.0,1.2,1,冀
2026-01-31,心里美,1.1,1.0,1.2,1,冀
2026-02-01,心里美,1.1,1.0,1.2,1,冀
2026-02-02,心里美,1.1,1.0,1.2,1,冀
2026-02-03,心里美,1.1,1.0,1.2,1,冀
2026-02-04,心里美,1.1,1.0,1.2,1,冀
2026-02-05,心里美,1.1,1.0,1.2,1,冀
2026-02-06,心里美,1.1,1.0,1.2,1,冀
2026-02-07,心里美,1.1,1.0,1.2,1,冀
2026-02-08,心里美,1.1,1.0,1.2,1,冀
2026-02-09,心里美,1.1,1.0,1.2,1,冀
2026-02-10,心里美,1.1,1.0,1.2,1,冀
2026-02-11,心里美,1.1,1.0,1.2,1,冀
2026-02-12,心里美,1.1,1.0,1.2,1,冀
2026-02-13,心里美,1.1,1.0,1.2,1,冀
2026-02-14,心里美,1.1,1.0,1.2,1,冀
2026-02-15,心里美,1.1,1.0,1.2,1,冀
2026-02-16,心里美,1.1,1.0,1.2,1,冀
2026-02-24,心里美,1.1,1.0,1.2,1,冀
2026-02-25,心里美,1.1,1.0,1.2,1,冀
2026-02-26,心里美,1.1,1.0,1.2,1,冀
2026-02-27,心里美,1.1,1.0,1.2,1,冀
2026-02-28,心里美,1.1,1.0,1.2,1,冀
2026-03-01,心里美,1.1,1.0,1.2,1,冀
2026-03-02,心里美,1.35,1.2,1.5,1,冀
2026-03-03,心里美,1.35,1.2,1.5,1,冀
2026-03-04,心里美,1.35,1.2,1.5,1,冀
2026-03-05,心里美,1.35,1.2,1.5,1,冀
2026-03-06,心里美,1.35,1.2,1.5,1,冀
2026-03-07,心里美,1.35,1.2,1.5,1,冀
2026-03-08,心里美,1.35,1.2,1.5,1,冀
2026-03-09,心里美,1.35,1.2,1.5,1,冀
2026-03-10,心里美,1.35,1.2,1.5,1,冀
2026-03-11,心里美,1.35,1.2,1.5,1,冀
2026-03-12,心里美,1.35,1.2,1.5,1,冀
2026-03-13,心里美,1.35,1.2,1.5,1,冀
2026-03-14,心里美,1.35,1.2,1.5,1,冀
2026-03-15,心里美,1.25,1.2,1.3,1,冀
2026-03-16,心里美,1.25,1.2,1.3,1,冀
2026-03-17,心里美,1.25,1.2,1.3,1,冀
2026-03-18,心里美,1.25,1.2,1.3,1,冀
2026-03-19,心里美,1.25,1.2,1.3,1,冀
2026-03-20,心里美,1.25,1.2,1.3,1,冀
2026-03-21,心里美,1.25,1.2,1.3,1,冀
2026-03-22,心里美,1.25,1.2,1.3,1,冀
2026-03-23,心里美,1.25,1.2,1.3,1,冀
2026-03-24,心里美,1.25,1.2,1.3,1,冀
2026-03-25,心里美,1.25,1.2,1.3,1,冀
2026-03-26,心里美,1.25,1.2,1.3,1,冀
2026-03-27,心里美,1.25,1.2,1.3,1,冀
2026-03-28,心里美,1.25,1.2,1.3,1,冀
2026-03-29,心里美,1.25,1.2,1.3,1,冀
2026-03-30,心里美,1.25,1.2,1.3,1,冀
2026-03-31,心里美,1.25,1.2,1.3,1,冀
2026-04-01,心里美,1.25,1.2,1.3,1,冀
2026-04-02,心里美,1.25,1.2,1.3,1,冀
2026-04-03,心里美,1.25,1.2,1.3,1,冀
2026-04-04,心里美,1.25,1.2,1.3,1,冀
2026-04-05,心里美,1.25,1.2,1.3,1,冀
2026-04-06,心里美,1.25,1.2,1.3,1,冀
2026-04-07,心里美,1.25,1.2,1.3,1,冀
2026-04-08,心里美,1.25,1.2,1.3,1,冀
2026-04-09,心里美,1.25,1.2,1.3,1,冀
2026-04-10,心里美,1.25,1.2,1.3,1,冀
2026-04-11,心里美,1.25,1.2,1.3,1,冀
2026-04-12,心里美,1.25,1.2,1.3,1,冀
2026-04-13,心里美,1.25,1.2,1.3,1,冀
2026-04-14,心里美,1.25,1.2,1.3,1,冀
2026-04-15,心里美,1.25,1.2,1.3,1,冀
2026-04-16,心里美,1.25,1.2,1.3,1,冀
2026-04-17,心里美,1.25,1.2,1.3,1,冀
2026-04-18,心里美,1.25,1.2,1.3,1,冀
2026-04-19,心里美,1.25,1.2,1.3,1,冀
2026-04-20,心里美,1.25,1.2,1.3,1,冀
2026-04-21,心里美,1.25,1.2,1.3,1,冀
2026-04-22,心里美,1.25,1.2,1.3,1,冀
2026-04-23,心里美,1.25,1.2,1.3,1,冀
2026-04-24,心里美,1.25,1.2,1.3,1,冀
2026-04-25,心里美,1.25,1.2,1.3,1,冀
2026-04-26,心里美,1.25,1.2,1.3,1,冀
2026-04-27,心里美,1.25,1.2,1.3,1,冀
2026-04-28,心里美,1.25,1.2,1.3,1,冀
2026-04-29,心里美,1.25,1.2,1.3,1,冀
2026-04-30,心里美,1.25,1.2,1.3,1,冀
2026-05-01,心里美,1.25,1.2,1.3,1,冀
2026-05-02,心里美,1.25,1.2,1.3,1,冀
2026-05-03,心里美,1.25,1.2,1.3,1,冀
2026-05-04,心里美,1.25,1.2,1.3,1,冀
2026-05-05,心里美,1.25,1.2,1.3,1,冀
2026-05-06,心里美,1.25,1.2,1.3,1,冀
2026-05-07,心里美,1.25,1.2,1.3,1,冀
2026-05-08,心里美,1.25,1.2,1.3,1,冀
2026-05-09,心里美,1.4,1.2,1.6,1,冀
2026-05-10,心里美,1.4,1.2,1.6,1,冀
2026-05-11,心里美,1.4,1.2,1.6,1,冀
2026-05-12,心里美,1.25,1.0,1.5,1,冀
2026-05-13,心里美,1.25,1.0,1.5,1,冀
2026-05-14,心里美,1.25,1.0,1.5,1,冀
2026-05-15,心里美,1.25,1.0,1.5,1,冀
2026-05-16,心里美,1.25,1.0,1.5,1,冀
2026-05-17,心里美,1.25,1.0,1.5,1,冀
2026-05-18,心里美,1.25,1.0,1.5,1,冀
2026-05-19,心里美,1.25,1.0,1.5,1,冀
2026-05-20,心里美,1.25,1.0,1.5,1,冀
2026-05-21,心里美,1.25,1.0,1.5,1,冀
2026-05-22,心里美,1.25,1.0,1.5,1,冀
2026-05-23,心里美,1.25,1.0,1.5,1,冀
2026-05-24,心里美,1.25,1.0,1.5,1,冀
2026-05-25,心里美,1.25,1.0,1.5,1,冀
2026-05-26,心里美,1.25,1.0,1.5,1,冀
2026-05-27,心里美,1.25,1.0,1.5,1,冀
2026-05-28,心里美,1.25,1.0,1.5,1,冀
2026-05-29,心里美,1.25,1.0,1.5,1,冀
2026-05-30,心里美,1.25,1.0,1.5,1,冀
2026-05-31,心里美,1.25,1.0,1.5,1,冀
2026-06-01,心里美,1.15,0.8,1.5,1,冀
2026-06-02,心里美,1.15,0.8,1.5,1,冀
2026-06-03,心里美,1.15,0.8,1.5,1,冀
2026-06-04,心里美,1.15,0.8,1.5,1,冀
2026-06-05,心里美,1.15,0.8,1.5,1,冀
2026-06-06,心里美,1.15,0.8,1.5,1,冀
2026-06-07,心里美,1.15,0.8,1.5,1,冀
2026-06-08,心里美,1.15,0.8,1.5,1,冀
2026-06-09,心里美,1.15,0.8,1.5,1,冀
2026-06-10,心里美,1.15,0.8,1.5,1,冀
2026-06-11,心里美,1.4,1.3,1.5,1,冀
2026-06-12,心里美,1.4,1.3,1.5,1,冀
2026-06-13,心里美,1.4,1.3,1.5,1,冀
2026-06-14,心里美,1.4,1.3,1.5,1,冀
2026-06-15,心里美,1.4,1.3,1.5,1,冀
2026-06-16,心里美,1.4,1.3,1.5,1,冀
2026-06-17,心里美,1.4,1.3,1.5,1,冀
2026-06-18,心里美,1.4,1.3,1.5,1,冀
2026-06-19,心里美,1.4,1.3,1.5,1,冀
2026-06-20,心里美,1.4,1.3,1.5,1,冀
2026-06-21,心里美,1.4,1.3,1.5,1,冀
2026-06-22,心里美,1.4,1.3,1.5,1,冀
2026-06-23,心里美,1.4,1.3,1.5,1,冀
2026-06-24,心里美,1.4,1.3,1.5,1,冀
2026-06-25,心里美,1.4,1.3,1.5,1,冀
2026-06-26,心里美,1.4,1.3,1.5,1,冀
2026-06-27,心里美,1.4,1.3,1.5,1,冀
2026-06-28,心里美,1.4,1.3,1.5,1,冀
2026-06-29,心里美,1.4,1.3,1.5,1,冀
2026-06-30,心里美,1.4,1.3,1.5,1,冀
2026-07-01,心里美,1.4,1.3,1.5,1,冀
2026-07-02,心里美,1.4,1.3,1.5,1,冀
2026-07-03,心里美,1.4,1.3,1.5,1,冀
2026-07-04,心里美,1.4,1.3,1.5,1,冀
2026-07-05,心里美,1.4,1.3,1.5,1,冀
2026-07-06,心里美,1.4,1.3,1.5,1,冀
2026-07-07,心里美,1.4,1.3,1.5,1,冀
2026-07-08,心里美,1.4,1.3,1.5,1,冀
2026-07-09,心里美,1.4,1.3,1.5,1,冀
2026-07-10,心里美,1.4,1.3,1.5,1,冀
2026-07-11,心里美,1.4,1.3,1.5,1,冀
2026-07-12,心里美,1.4,1.3,1.5,1,冀
2026-07-13,心里美,1.4,1.3,1.5,1,冀
2026-07-14,心里美,1.4,1.3,1.5,1,冀
2026-07-15,心里美,1.4,1.3,1.5,1,冀
2026-07-16,心里美,1.4,1.3,1.5,1,冀
2026-07-17,心里美,1.4,1.3,1.5,1,冀
2026-07-18,心里美,1.4,1.3,1.5,1,冀
2026-07-19,心里美,1.4,1.3,1.5,1,冀
2026-07-20,心里美,1.4,1.3,1.5,1,冀
2026-07-21,心里美,1.4,1.3,1.5,1,冀
2026-07-22,心里美,1.4,1.3,1.5,1,冀
2026-07-23,心里美,1.4,1.3,1.5,1,冀
2026-07-24,心里美,1.4,1.3,1.5,1,冀
2026-07-25,心里美,1.4,1.3,1.5,1,冀
2026-07-26,心里美,1.4,1.3,1.5,1,冀
2026-07-27,心里美,1.4,1.3,1.5,1,冀
2026-07-28,心里美,1.4,1.3,1.5,1,冀
2026-07-29,心里美,1.4,1.3,1.5,1,冀
2026-07-30,心里美,1.4,1.3,1.5,1,冀
2026-07-31,心里美,1.4,1.3,1.5,1,冀
2026-08-01,心里美,1.4,1.3,1.5,1,冀
2026-08-02,心里美,1.4,1.3,1.5,1,冀
2026-08-03,心里美,1.25,1.0,1.5,1,冀
2026-08-04,心里美,1.25,1.0,1.5,1,冀
2026-08-05,心里美,1.25,1.0,1.5,1,冀
2026-08-06,心里美,1.25,1.0,1.5,1,冀
2026-08-07,心里美,1.25,1.0,1.5,1,冀
2026-08-08,心里美,1.25,1.0,1.5,1,冀
2026-08-09,心里美,1.25,1.0,1.5,1,冀
2026-08-10,心里美,1.25,1.0,1.5,1,冀
2026-08-11,心里美,1.25,1.0,1.5,1,冀
2026-01-01,快菜,1.4,1.0,1.8,1,
2026-01-02,快菜,1.4,1.0,1.8,1,
2026-01-05,快菜,1.05,0.8,1.3,1,
2026-01-06,快菜,1.05,0.8,1.3,1,
2026-01-07,快菜,1.0,0.7,1.3,1,
2026-01-08,快菜,1.0,0.7,1.3,1,
2026-01-09,快菜,1.3,0.9,1.7,1,
2026-01-12,快菜,1.05,0.7,1.4,1,
2026-01-13,快菜,1.05,0.7,1.4,1,
2026-01-14,快菜,1.05,0.7,1.4,1,
2026-01-15,快菜,1.05,0.7,1.4,1,
2026-01-16,快菜,1.3,0.9,1.7,1,
2026-01-19,快菜,1.3,0.9,1.7,1,
2026-01-20,快菜,1.3,0.9,1.7,1,
2026-01-21,快菜,1.3,0.9,1.7,1,
2026-01-22,快菜,1.3,0.9,1.7,1,
2026-01-23,快菜,2.0,1.5,2.5,1,
2026-01-26,快菜,1.4,1.0,1.8,1,
2026-01-27,快菜,1.25,1.0,1.5,1,
2026-01-28,快菜,1.25,1.0,1.5,1,
2026-01-29,快菜,1.25,1.0,1.5,1,
2026-01-30,快菜,2.0,1.5,2.5,1,
2026-02-02,快菜,1.25,1.0,1.5,1,
2026-02-03,快菜,1.4,1.0,1.8,1,
2026-02-04,快菜,2.05,1.8,2.3,1,
2026-02-05,快菜,2.05,1.8,2.3,1,
2026-02-06,快菜,2.05,1.8,2.3,1,
2026-02-09,快菜,2.0,1.8,2.2,1,
2026-02-10,快菜,1.9,1.8,2.0,1,
2026-02-11,快菜,1.9,1.8,2.0,1,
2026-02-12,快菜,1.9,1.8,2.0,1,
2026-02-13,快菜,1.9,1.8,2.0,1,
2026-02-24,快菜,1.9,1.8,2.0,1,
2026-02-25,快菜,1.9,1.8,2.0,1,
2026-02-26,快菜,1.9,1.8,2.0,1,
2026-02-27,快菜,1.9,1.8,2.0,1,
2026-03-02,快菜,1.05,0.8,1.3,1,
2026-03-03,快菜,0.95,0.7,1.2,1,
2026-03-04,快菜,0.95,0.7,1.2,1,
2026-03-05,快菜,0.95,0.7,1.2,1,
2026-03-06,快菜,1.4,1.0,1.8,1,
2026-03-09,快菜,0.95,0.7,1.2,1,
2026-03-10,快菜,0.95,0.7,1.2,1,
2026-03-11,快菜,0.95,0.7,1.2,1,
2026-03-12,快菜,1.3,0.9,1.7,1,
2026-03-13,快菜,1.3,0.9,1.7,1,
2026-03-16,快菜,1.0,0.7,1.3,1,
2026-03-17,快菜,0.85,0.5,1.2,1,
2026-03-18,快菜,0.85,0.5,1.2,1,
2026-03-19,快菜,0.85,0.5,1.2,1,
2026-03-20,快菜,1.4,1.0,1.8,1,
2026-03-23,快菜,1.15,0.8,1.5,1,
2026-03-24,快菜,1.0,0.7,1.3,1,
2026-03-25,快菜,1.0,0.7,1.3,1,
2026-03-26,快菜,1.0,0.7,1.3,1,
2026-03-27,快菜,1.35,1.0,1.7,1,
2026-03-30,快菜,0.9,0.6,1.2,1,
2026-03-31,快菜,0.85,0.5,1.2,1,
2026-04-01,快菜,1.0,0.5,1.5,1,
2026-04-02,快菜,1.0,0.5,1.5,1,
2026-04-03,快菜,1.0,0.5,1.5,1,
2026-04-06,快菜,0.75,0.5,1.0,1,
2026-04-07,快菜,0.75,0.5,1.0,1,
2026-04-08,快菜,0.75,0.5,1.0,1,
2026-04-09,快菜,1.15,1.0,1.3,1,
2026-04-10,快菜,1.15,1.0,1.3,1,
2026-04-13,快菜,0.65,0.5,0.8,1,
2026-04-14,快菜,0.65,0.5,0.8,1,
2026-04-15,快菜,1.0,0.8,1.2,1,
2026-04-16,快菜,1.0,0.8,1.2,1,
2026-04-17,快菜,1.0,0.8,1.2,1,
2026-04-20,快菜,0.65,0.5,0.8,1,
2026-04-21,快菜,0.65,0.5,0.8,1,
2026-04-22,快菜,0.65,0.5,0.8,1,
2026-04-23,快菜,0.65,0.5,0.8,1,
2026-04-24,快菜,0.65,0.5,0.8,1,
2026-04-27,快菜,0.45,0.3,0.6,1,
2026-04-28,快菜,0.45,0.3,0.6,1,
2026-04-29,快菜,0.55,0.5,0.6,1,
2026-04-30,快菜,0.65,0.5,0.8,1,
2026-05-01,快菜,0.65,0.5,0.8,1,
2026-05-04,快菜,0.55,0.4,0.7,1,
2026-05-05,快菜,0.8,0.6,1.0,1,
2026-05-06,快菜,0.75,0.6,0.9,1,
2026-05-07,快菜,0.75,0.6,0.9,1,
2026-05-08,快菜,0.65,0.5,0.8,1,
2026-05-11,快菜,0.65,0.5,0.8,1,
2026-05-12,快菜,0.65,0.5,0.8,1,
2026-05-13,快菜,0.55,0.4,0.7,1,
2026-05-14,快菜,0.55,0.4,0.7,1,
2026-05-15,快菜,0.7,0.7,0.7,1,
2026-05-18,快菜,1.0,0.8,1.2,1,
2026-05-19,快菜,0.75,0.5,1.0,1,
2026-05-20,快菜,0.75,0.5,1.0,1,
2026-05-21,快菜,0.6,0.4,0.8,1,
2026-05-22,快菜,1.0,0.7,1.3,1,
2026-05-25,快菜,0.6,0.4,0.8,1,
2026-05-26,快菜,0.6,0.4,0.8,1,
2026-05-27,快菜,0.85,0.6,1.1,1,
2026-05-28,快菜,0.75,0.5,1.0,1,
2026-05-29,快菜,0.75,0.5,1.0,1,
2026-06-01,快菜,0.75,0.5,1.0,1,
2026-06-02,快菜,1.25,1.0,1.5,1,
2026-06-03,快菜,1.25,1.0,1.5,1,
2026-06-04,快菜,1.25,1.0,1.5,1,
2026-06-05,快菜,1.25,1.0,1.5,1,
2026-06-08,快菜,1.25,1.0,1.5,1,
2026-06-09,快菜,1.25,1.0,1.5,1,
2026-06-10,快菜,1.25,1.0,1.5,1,
2026-06-11,快菜,1.25,1.0,1.5,1,
2026-06-12,快菜,1.25,1.0,1.5,1,
2026-06-15,快菜,1.25,1.0,1.5,1,
2026-06-16,快菜,1.25,1.0,1.5,1,
2026-06-17,快菜,1.25,1.0,1.5,1,
2026-06-18,快菜,1.25,1.0,1.5,1,
2026-06-19,快菜,1.25,1.0,1.5,1,
2026-06-22,快菜,1.4,1.2,1.6,1,
2026-06-23,快菜,1.4,1.2,1.6,1,
2026-06-24,快菜,1.4,1.2,1.6,1,
2026-06-25,快菜,1.4,1.2,1.6,1,
2026-06-26,快菜,1.4,1.2,1.6,1,
2026-06-29,快菜,1.4,1.2,1.6,1,
2026-06-30,快菜,1.35,1.2,1.5,1,
2026-07-01,快菜,1.0,0.8,1.2,1,
2026-07-02,快菜,1.0,0.8,1.2,1,
2026-07-03,快菜,1.0,0.8,1.2,1,
2026-07-06,快菜,1.0,0.8,1.2,1,
2026-07-07,快菜,1.0,0.8,1.2,1,
2026-07-08,快菜,1.0,0.8,1.2,1,
2026-07-09,快菜,1.0,0.8,1.2,1,
2026-07-10,快菜,1.0,0.8,1.2,1,
2026-07-13,快菜,1.15,0.9,1.4,1,
2026-07-14,快菜,1.15,0.9,1.4,1,
2026-07-15,快菜,1.15,0.9,1.4,1,
2026-07-16,快菜,1.3,1.1,1.5,1,
2026-07-17,快菜,1.3,1.1,1.5,1,
2026-07-20,快菜,1.75,1.6,1.9,1,
2026-07-21,快菜,1.75,1.6,1.9,1,
2026-07-22,快菜,1.85,1.7,2.0,1,
2026-07-23,快菜,2.05,1.8,2.3,1,
2026-07-24,快菜,2.05,1.8,2.3,1,
2026-07-27,快菜,1.4,1.3,1.5,1,
2026-07-28,快菜,1.4,1.3,1.5,1,
2026-07-29,快菜,1.4,1.3,1.5,1,
2026-07-30,快菜,1.15,1.0,1.3,1,
2026-07-31,快菜,1.9,1.5,2.3,1,
2026-08-03,快菜,1.4,1.2,1.6,1,
2026-08-04,快菜,1.75,1.5,2.0,1,
2026-08-05,快菜,1.75,1.5,2.0,1,
2026-08-06,快菜,1.75,1.5,2.0,1,
2026-08-07,快菜,1.9,1.5,2.3,1,
2026-08-10,快菜,1.55,1.3,1.8,1,
2026-08-11,快菜,1.55,1.3,1.8,1,
2026-01-10,慈姑,9.5,9.0,10.0,1,
2026-01-20,慈姑,9.5,9.0,10.0,1,
2026-01-31,慈姑,9.5,9.0,10.0,1,
2026-02-10,慈姑,10.5,10.0,11.0,1,
2026-02-28,慈姑,11.5,11.0,12.0,1,
2026-03-10,慈姑,10.5,10.0,11.0,1,
2026-03-20,慈姑,9.5,9.0,10.0,1,
2026-03-31,慈姑,9.5,9.0,10.0,1,
2026-04-10,慈姑,8.5,8.0,9.0,1,
2026-04-20,慈姑,8.5,8.0,9.0,1,
2026-04-30,慈姑,8.5,8.0,9.0,1,
2026-05-10,慈姑,8.75,8.5,9.0,1,
2026-05-20,慈姑,8.75,8.5,9.0,1,
2026-05-31,慈姑,8.75,8.5,9.0,1,
2026-06-10,慈姑,8.5,8.0,9.0,1,
2026-06-20,慈姑,8.25,8.0,8.5,1,
2026-06-30,慈姑,9.25,9.0,9.5,1,
2026-07-10,慈姑,9.5,9.0,10.0,1,
2026-07-20,慈姑,10.25,10.0,10.5,1,
2026-07-31,慈姑,10.25,10.0,10.5,1,
2026-08-10,慈姑,9.5,9.0,10.0,1,
2026-01-01,扁豆,4.65,2.5,6.8,1,云
2026-01-02,扁豆,5.0,2.5,7.5,1,云
2026-01-03,扁豆,5.0,2.5,7.5,1,云
2026-01-04,扁豆,5.0,2.5,7.5,1,云
2026-01-05,扁豆,5.0,2.5,7.5,1,云
2026-01-06,扁豆,4.75,2.5,7.0,1,云
2026-01-07,扁豆,5.75,4.5,7.0,1,云
2026-01-08,扁豆,5.75,4.5,7.0,1,云
2026-01-09,扁豆,5.75,4.5,7.0,1,云
2026-01-10,扁豆,5.65,4.5,6.8,1,云
2026-01-11,扁豆,5.15,3.5,6.8,1,云
2026-01-12,扁豆,4.75,3.5,6.0,1,云
2026-01-13,扁豆,5.05,3.5,6.6,1,云
2026-01-14,扁豆,4.9,3.5,6.3,1,云
2026-01-15,扁豆,4.65,3.0,6.3,1,云
2026-01-16,扁豆,4.65,3.0,6.3,1,云
2026-01-17,扁豆,4.9,3.5,6.3,1,云
2026-01-18,扁豆,4.9,3.5,6.3,1,云
2026-01-19,扁豆,4.9,3.5,6.3,1,云
2026-01-20,扁豆,4.9,3.5,6.3,1,云
2026-01-21,扁豆,4.9,3.5,6.3,1,云
2026-01-22,扁豆,4.9,3.5,6.3,1,云
2026-01-23,扁豆,4.9,3.5,6.3,1,云
2026-01-24,扁豆,4.9,3.5,6.3,1,云
2026-01-25,扁豆,4.9,3.5,6.3,1,云
2026-01-26,扁豆,4.9,3.5,6.3,1,云
2026-01-27,扁豆,4.9,3.5,6.3,1,云
2026-01-28,扁豆,4.9,3.5,6.3,1,云
2026-01-29,扁豆,4.9,3.5,6.3,1,云
2026-01-30,扁豆,4.9,3.5,6.3,1,云
2026-01-31,扁豆,4.9,3.5,6.3,1,云
2026-02-01,扁豆,4.9,3.5,6.3,1,云
2026-02-02,扁豆,4.65,3.5,5.8,1,云
2026-02-03,扁豆,4.5,3.5,5.5,1,云
2026-02-04,扁豆,4.5,3.5,5.5,1,云
2026-02-05,扁豆,4.75,3.5,6.0,1,云
2026-02-06,扁豆,4.75,3.5,6.0,1,云
2026-02-07,扁豆,4.75,3.5,6.0,1,云
2026-02-08,扁豆,5.05,3.5,6.6,1,云
2026-02-09,扁豆,5.4,3.5,7.3,1,云
2026-02-10,扁豆,5.75,4.0,7.5,1,云
2026-02-11,扁豆,6.25,4.5,8.0,1,云
2026-02-12,扁豆,6.15,4.5,7.8,1,云
2026-02-13,扁豆,6.15,4.5,7.8,1,云
2026-02-14,扁豆,5.5,4.0,7.0,1,云
2026-02-15,扁豆,5.5,4.0,7.0,1,云
2026-02-16,扁豆,5.5,4.0,7.0,1,云
2026-02-24,扁豆,5.65,4.5,6.8,1,云
2026-02-25,扁豆,5.65,4.5,6.8,1,云
2026-02-26,扁豆,5.3,3.8,6.8,1,云
2026-02-27,扁豆,5.3,3.8,6.8,1,云
2026-02-28,扁豆,4.9,3.5,6.3,1,云
2026-03-01,扁豆,4.9,3.5,6.3,1,云
2026-03-02,扁豆,4.9,3.5,6.3,1,云
2026-03-03,扁豆,4.5,3.5,5.5,1,云
2026-03-04,扁豆,5.5,3.5,7.5,1,云鲁
2026-03-05,扁豆,5.5,3.5,7.5,1,云鲁
2026-03-06,扁豆,5.5,3.5,7.5,1,云鲁
2026-03-07,扁豆,5.85,3.5,8.2,1,云鲁
2026-03-08,扁豆,5.85,3.5,8.2,1,云鲁
2026-03-09,扁豆,5.85,3.5,8.2,1,云鲁
2026-03-10,扁豆,5.85,3.5,8.2,1,云鲁
2026-03-11,扁豆,7.3,6.0,8.6,1,云鲁
2026-03-12,扁豆,7.05,5.7,8.4,1,云鲁
2026-03-13,扁豆,6.4,5.0,7.8,1,云鲁
2026-03-14,扁豆,6.25,5.0,7.5,1,云鲁
2026-03-15,扁豆,6.25,5.0,7.5,1,云鲁
2026-03-16,扁豆,5.6,4.7,6.5,1,云鲁
2026-03-17,扁豆,5.6,4.7,6.5,1,云鲁
2026-03-18,扁豆,6.1,4.7,7.5,1,云鲁
2026-03-19,扁豆,6.45,4.7,8.2,1,云鲁
2026-03-20,扁豆,6.7,5.2,8.2,1,云鲁
2026-03-21,扁豆,6.7,5.2,8.2,1,云鲁
2026-03-22,扁豆,6.9,5.2,8.6,1,云鲁
2026-03-23,扁豆,6.9,5.2,8.6,1,云鲁
2026-03-24,扁豆,7.05,5.5,8.6,1,云鲁
2026-03-25,扁豆,6.75,5.5,8.0,1,云鲁
2026-03-26,扁豆,6.4,5.3,7.5,1,云鲁
2026-03-27,扁豆,6.4,5.3,7.5,1,云鲁
2026-03-28,扁豆,5.7,5.0,6.4,1,云鲁
2026-03-29,扁豆,5.7,5.0,6.4,1,云鲁
2026-03-30,扁豆,5.7,5.0,6.4,1,云鲁
2026-03-31,扁豆,5.7,5.0,6.4,1,云鲁
2026-04-01,扁豆,5.7,5.0,6.4,1,云鲁
2026-04-02,扁豆,5.7,5.0,6.4,1,云鲁
2026-04-03,扁豆,5.7,5.0,6.4,1,云鲁
2026-04-04,扁豆,5.7,5.0,6.4,1,云鲁
2026-04-05,扁豆,5.7,5.0,6.4,1,云鲁
2026-04-06,扁豆,5.7,5.0,6.4,1,云鲁
2026-04-07,扁豆,5.5,5.0,6.0,1,云鲁
2026-04-08,扁豆,5.25,4.5,6.0,1,云鲁
2026-04-09,扁豆,5.25,4.5,6.0,1,云鲁
2026-04-10,扁豆,5.25,4.5,6.0,1,云鲁
2026-04-11,扁豆,5.25,4.5,6.0,1,云鲁
2026-04-12,扁豆,4.75,4.0,5.5,1,云鲁
2026-04-13,扁豆,4.75,4.0,5.5,1,云鲁
2026-04-14,扁豆,4.0,3.0,5.0,1,云鲁
2026-04-15,扁豆,4.0,3.0,5.0,1,云鲁
2026-04-16,扁豆,3.25,2.5,4.0,1,云鲁
2026-04-17,扁豆,3.25,2.5,4.0,1,云鲁
2026-04-18,扁豆,3.25,2.5,4.0,1,云鲁
2026-04-19,扁豆,2.85,2.2,3.5,1,云鲁
2026-04-20,扁豆,2.9,2.2,3.6,1,云鲁
2026-04-21,扁豆,2.9,2.2,3.6,1,云鲁
2026-04-22,扁豆,2.85,2.2,3.5,1,云鲁
2026-04-23,扁豆,2.85,2.2,3.5,1,云鲁
2026-04-24,扁豆,2.9,2.2,3.6,1,云鲁
2026-04-25,扁豆,3.2,2.5,3.9,1,云鲁
2026-04-26,扁豆,3.2,2.5,3.9,1,云鲁
2026-04-27,扁豆,3.05,2.3,3.8,1,云鲁
2026-04-28,扁豆,3.05,2.3,3.8,1,云鲁
2026-04-29,扁豆,3.05,2.3,3.8,1,辽鲁
2026-04-30,扁豆,3.05,2.3,3.8,1,辽鲁
2026-05-01,扁豆,3.3,2.3,4.3,1,辽鲁
2026-05-02,扁豆,3.65,2.5,4.8,1,辽鲁
2026-05-03,扁豆,3.55,2.5,4.6,1,辽鲁
2026-05-04,扁豆,3.4,2.5,4.3,1,辽鲁
2026-05-05,扁豆,3.4,2.5,4.3,1,辽鲁
2026-05-06,扁豆,3.4,2.5,4.3,1,辽鲁
2026-05-07,扁豆,3.4,2.5,4.3,1,辽鲁
2026-05-08,扁豆,2.8,2.0,3.6,1,辽鲁
2026-05-09,扁豆,2.7,1.8,3.6,1,辽鲁
2026-05-10,扁豆,2.7,1.8,3.6,1,辽鲁
2026-05-11,扁豆,2.7,1.8,3.6,1,辽鲁
2026-05-12,扁豆,2.7,1.8,3.6,1,辽鲁
2026-05-13,扁豆,2.7,1.8,3.6,1,辽鲁
2026-05-14,扁豆,2.7,1.8,3.6,1,辽鲁
2026-05-15,扁豆,2.7,1.8,3.6,1,辽鲁
2026-05-16,扁豆,3.0,2.0,4.0,1,辽鲁
2026-05-17,扁豆,3.0,2.0,4.0,1,辽鲁
2026-05-18,扁豆,2.8,2.0,3.6,1,辽鲁
2026-05-19,扁豆,3.0,2.0,4.0,1,辽鲁
2026-05-20,扁豆,2.9,1.8,4.0,1,辽鲁
2026-05-21,扁豆,2.9,1.8,4.0,1,辽鲁
2026-05-22,扁豆,3.25,2.0,4.5,1,辽鲁
2026-05-23,扁豆,4.0,3.0,5.0,1,辽鲁
2026-05-24,扁豆,4.2,3.0,5.4,1,辽鲁
2026-05-25,扁豆,4.2,3.0,5.4,1,辽鲁
2026-05-26,扁豆,4.45,3.5,5.4,1,辽鲁
2026-05-27,扁豆,4.75,3.5,6.0,1,冀鲁晋
2026-05-28,扁豆,4.75,3.5,6.0,1,冀鲁晋
2026-05-29,扁豆,4.95,3.4,6.5,1,冀鲁晋
2026-05-30,扁豆,5.5,3.5,7.5,1,冀晋
2026-05-31,扁豆,5.75,3.5,8.0,1,冀晋
2026-06-01,扁豆,5.75,3.5,8.0,1,冀晋
2026-06-02,扁豆,5.5,3.5,7.5,1,冀晋
2026-06-03,扁豆,5.15,3.5,6.8,1,冀晋
2026-06-04,扁豆,4.9,3.8,6.0,1,冀晋
2026-06-05,扁豆,4.25,3.5,5.0,1,冀晋
2026-06-06,扁豆,4.25,3.5,5.0,1,冀晋
2026-06-07,扁豆,4.5,3.5,5.5,1,冀晋
2026-06-08,扁豆,4.5,3.5,5.5,1,冀晋
2026-06-09,扁豆,4.5,3.5,5.5,1,冀晋
2026-06-10,扁豆,4.5,3.5,5.5,1,冀晋
2026-06-11,扁豆,4.25,3.5,5.0,1,冀晋
2026-06-12,扁豆,3.75,3.5,4.0,1,冀晋
2026-06-13,扁豆,3.25,2.5,4.0,1,冀晋
2026-06-14,扁豆,3.0,2.5,3.5,1,冀晋
2026-06-15,扁豆,3.0,2.5,3.5,1,冀晋
2026-06-16,扁豆,2.5,2.0,3.0,1,冀晋
2026-06-17,扁豆,2.5,2.0,3.0,1,冀晋
2026-06-18,扁豆,2.4,2.0,2.8,1,冀晋
2026-06-19,扁豆,2.15,1.5,2.8,1,冀晋
2026-06-20,扁豆,2.6,1.9,3.3,1,冀晋
2026-06-21,扁豆,3.0,2.5,3.5,1,冀晋
2026-06-22,扁豆,2.75,2.0,3.5,1,冀晋
2026-06-23,扁豆,2.75,2.0,3.5,1,冀晋
2026-06-24,扁豆,2.65,2.0,3.3,1,冀晋
2026-06-25,扁豆,2.55,1.8,3.3,1,冀晋
2026-06-26,扁豆,2.25,1.5,3.0,1,冀晋
2026-06-27,扁豆,2.25,1.5,3.0,1,冀晋
2026-06-28,扁豆,2.75,2.0,3.5,1,冀晋
2026-06-29,扁豆,2.25,1.5,3.0,1,冀晋
2026-06-30,扁豆,2.25,1.5,3.0,1,冀晋
2026-07-01,扁豆,2.25,1.5,3.0,1,冀晋
2026-07-02,扁豆,2.25,1.5,3.0,1,冀晋
2026-07-03,扁豆,2.6,2.0,3.2,1,冀晋
2026-07-04,扁豆,3.15,2.5,3.8,1,冀晋
2026-07-05,扁豆,3.25,2.7,3.8,1,冀晋
2026-07-06,扁豆,2.75,2.5,3.0,1,冀晋
2026-07-07,扁豆,2.55,1.8,3.3,1,冀晋
2026-07-08,扁豆,2.55,1.8,3.3,1,冀晋
2026-07-09,扁豆,2.25,1.5,3.0,1,冀晋
2026-07-10,扁豆,3.15,2.3,4.0,1,冀晋
2026-07-11,扁豆,3.15,2.3,4.0,1,冀晋
2026-07-12,扁豆,2.75,2.0,3.5,1,冀晋
2026-07-13,扁豆,2.75,2.0,3.5,1,冀晋
2026-07-14,扁豆,2.75,2.0,3.5,1,冀晋
2026-07-15,扁豆,3.5,3.0,4.0,1,冀晋
2026-07-16,扁豆,4.5,4.0,5.0,1,冀晋
2026-07-17,扁豆,4.0,3.5,4.5,1,冀晋
2026-07-18,扁豆,3.75,3.5,4.0,1,冀晋
2026-07-19,扁豆,3.75,3.5,4.0,1,冀晋
2026-07-20,扁豆,4.25,3.5,5.0,1,冀晋
2026-07-21,扁豆,4.75,3.5,6.0,1,冀晋
2026-07-22,扁豆,4.75,3.5,6.0,1,冀晋
2026-07-23,扁豆,4.65,3.5,5.8,1,冀晋
2026-07-24,扁豆,4.65,3.5,5.8,1,冀晋
2026-07-25,扁豆,4.9,4.0,5.8,1,冀晋
2026-07-26,扁豆,4.9,4.0,5.8,1,冀晋
2026-07-27,扁豆,4.5,3.5,5.5,1,冀晋
2026-07-28,扁豆,4.5,3.5,5.5,1,冀晋
2026-07-29,扁豆,4.5,3.5,5.5,1,冀晋
2026-07-30,扁豆,3.65,3.0,4.3,1,冀晋
2026-07-31,扁豆,3.5,3.0,4.0,1,冀晋
2026-08-01,扁豆,3.5,3.0,4.0,1,冀晋
2026-08-02,扁豆,2.9,2.0,3.8,1,冀晋
2026-08-03,扁豆,2.75,2.0,3.5,1,冀晋
2026-08-04,扁豆,2.75,2.0,3.5,1,冀晋
2026-08-05,扁豆,2.9,2.0,3.8,1,冀晋
2026-08-06,扁豆,2.9,2.0,3.8,1,冀晋
2026-08-07,扁豆,2.9,2.0,3.8,1,冀晋
2026-08-08,扁豆,2.9,2.0,3.8,1,冀晋
2026-08-09,扁豆,2.9,2.0,3.8,1,冀晋
2026-08-10,扁豆,3.4,3.0,3.8,1,冀晋
2026-08-11,扁豆,3.5,3.0,4.0,1,冀晋
2026-01-01,散叶生菜,2.65,2.3,3.0,1,冀京辽
2026-01-02,散叶生菜,2.65,2.3,3.0,1,冀京辽
2026-01-03,散叶生菜,2.65,2.3,3.0,1,冀京辽
2026-01-04,散叶生菜,2.65,2.3,3.0,1,冀京辽
2026-01-05,散叶生菜,2.65,2.3,3.0,1,冀京辽
2026-01-06,散叶生菜,2.65,2.3,3.0,1,冀京辽
2026-01-07,散叶生菜,2.55,2.3,2.8,1,冀京辽
2026-01-08,散叶生菜,2.55,2.3,2.8,1,冀京辽
2026-01-09,散叶生菜,2.4,2.0,2.8,1,冀京辽
2026-01-10,散叶生菜,2.4,2.0,2.8,1,冀京辽
2026-01-11,散叶生菜,2.4,2.0,2.8,1,冀京辽
2026-01-12,散叶生菜,2.15,1.8,2.5,1,冀京辽
2026-01-13,散叶生菜,2.15,1.8,2.5,1,冀京辽
2026-01-14,散叶生菜,2.15,1.8,2.5,1,冀京辽
2026-01-15,散叶生菜,2.15,1.8,2.5,1,冀京辽
2026-01-16,散叶生菜,2.15,1.8,2.5,1,冀京辽
2026-01-17,散叶生菜,2.15,1.8,2.5,1,冀京辽
2026-01-18,散叶生菜,2.15,1.8,2.5,1,冀京辽
2026-01-19,散叶生菜,2.15,1.8,2.5,1,冀京辽
2026-01-20,散叶生菜,2.5,2.3,2.7,1,冀京辽
2026-01-21,散叶生菜,2.65,2.3,3.0,1,冀京辽
2026-01-22,散叶生菜,2.65,2.3,3.0,1,冀京辽
2026-01-23,散叶生菜,2.75,2.5,3.0,1,冀京辽
2026-01-24,散叶生菜,2.75,2.5,3.0,1,冀京辽
2026-01-25,散叶生菜,2.75,2.5,3.0,1,冀京辽
2026-01-26,散叶生菜,2.75,2.5,3.0,1,冀京辽
2026-01-27,散叶生菜,2.75,2.5,3.0,1,冀京辽
2026-01-28,散叶生菜,2.75,2.5,3.0,1,冀京辽
2026-01-29,散叶生菜,2.75,2.5,3.0,1,冀京辽
2026-01-30,散叶生菜,2.75,2.5,3.0,1,冀京辽
2026-01-31,散叶生菜,2.75,2.5,3.0,1,冀辽
2026-02-01,散叶生菜,2.75,2.5,3.0,1,冀辽
2026-02-02,散叶生菜,2.75,2.5,3.0,1,冀辽
2026-02-03,散叶生菜,2.75,2.5,3.0,1,冀辽
2026-02-04,散叶生菜,2.75,2.5,3.0,1,冀辽
2026-02-05,散叶生菜,2.75,2.5,3.0,1,冀辽
2026-02-06,散叶生菜,2.75,2.5,3.0,1,冀辽
2026-02-07,散叶生菜,2.75,2.5,3.0,1,冀辽
2026-02-08,散叶生菜,2.75,2.5,3.0,1,冀辽
2026-02-09,散叶生菜,2.25,2.0,2.5,1,冀辽
2026-02-10,散叶生菜,2.25,2.0,2.5,1,冀辽
2026-02-11,散叶生菜,2.25,2.0,2.5,1,冀辽
2026-02-12,散叶生菜,2.25,2.0,2.5,1,冀辽
2026-02-13,散叶生菜,2.7,2.5,2.9,1,冀辽
2026-02-14,散叶生菜,2.7,2.5,2.9,1,冀辽
2026-02-15,散叶生菜,2.7,2.5,2.9,1,冀辽
2026-02-16,散叶生菜,2.7,2.5,2.9,1,冀辽
2026-02-24,散叶生菜,1.75,1.5,2.0,1,冀辽
2026-02-25,散叶生菜,1.75,1.5,2.0,1,冀辽
2026-02-26,散叶生菜,2.0,1.8,2.2,1,冀辽
2026-02-27,散叶生菜,2.0,1.8,2.2,1,冀辽
2026-02-28,散叶生菜,1.75,1.5,2.0,1,冀辽
2026-03-01,散叶生菜,1.75,1.5,2.0,1,冀辽
2026-03-02,散叶生菜,1.75,1.5,2.0,1,冀辽
2026-03-03,散叶生菜,1.75,1.5,2.0,1,冀辽
2026-03-04,散叶生菜,1.75,1.5,2.0,1,冀辽
2026-03-05,散叶生菜,1.75,1.5,2.0,1,冀辽
2026-03-06,散叶生菜,1.75,1.5,2.0,1,冀辽
2026-03-07,散叶生菜,1.6,1.2,2.0,1,冀辽
2026-03-08,散叶生菜,1.6,1.2,2.0,1,冀辽
2026-03-09,散叶生菜,1.6,1.2,2.0,1,冀辽
2026-03-10,散叶生菜,1.5,1.0,2.0,1,冀辽
2026-03-11,散叶生菜,1.5,1.0,2.0,1,冀辽
2026-03-12,散叶生菜,1.5,1.0,2.0,1,冀辽
2026-03-13,散叶生菜,1.5,1.0,2.0,1,冀辽
2026-03-14,散叶生菜,1.5,1.0,2.0,1,冀辽
2026-03-15,散叶生菜,1.5,1.0,2.0,1,冀辽
2026-03-16,散叶生菜,1.5,1.0,2.0,1,冀辽
2026-03-17,散叶生菜,1.75,1.2,2.3,1,冀辽
2026-03-18,散叶生菜,2.0,1.5,2.5,1,冀辽
2026-03-19,散叶生菜,2.0,1.5,2.5,1,冀辽
2026-03-20,散叶生菜,2.0,1.5,2.5,1,冀辽
2026-03-21,散叶生菜,1.85,1.2,2.5,1,冀辽
2026-03-22,散叶生菜,1.85,1.2,2.5,1,冀辽
2026-03-23,散叶生菜,1.85,1.2,2.5,1,冀辽
2026-03-24,散叶生菜,1.85,1.2,2.5,1,冀辽
2026-03-25,散叶生菜,1.6,1.2,2.0,1,冀辽
2026-03-26,散叶生菜,1.5,1.0,2.0,1,冀辽
2026-03-27,散叶生菜,1.5,1.0,2.0,1,冀辽
2026-03-28,散叶生菜,1.5,1.0,2.0,1,冀辽
2026-03-29,散叶生菜,1.0,0.9,1.1,1,冀
2026-03-30,散叶生菜,0.9,0.8,1.0,1,冀
2026-03-31,散叶生菜,0.9,0.8,1.0,1,冀
2026-04-01,散叶生菜,0.9,0.8,1.0,1,冀
2026-04-02,散叶生菜,0.9,0.8,1.0,1,冀
2026-04-03,散叶生菜,0.9,0.8,1.0,1,冀
2026-04-04,散叶生菜,0.9,0.8,1.0,1,冀
2026-04-05,散叶生菜,0.85,0.7,1.0,1,冀
2026-04-06,散叶生菜,0.85,0.7,1.0,1,冀
2026-04-07,散叶生菜,0.85,0.7,1.0,1,冀
2026-04-08,散叶生菜,0.85,0.7,1.0,1,冀
2026-04-09,散叶生菜,0.85,0.7,1.0,1,冀
2026-04-10,散叶生菜,0.85,0.7,1.0,1,冀
2026-04-11,散叶生菜,0.85,0.7,1.0,1,冀
2026-04-12,散叶生菜,0.85,0.7,1.0,1,冀
2026-04-13,散叶生菜,0.85,0.7,1.0,1,冀
2026-04-14,散叶生菜,0.9,0.8,1.0,1,冀
2026-04-15,散叶生菜,0.9,0.8,1.0,1,冀
2026-04-16,散叶生菜,0.9,0.8,1.0,1,冀
2026-04-17,散叶生菜,0.9,0.8,1.0,1,冀
2026-04-18,散叶生菜,0.9,0.8,1.0,1,冀
2026-04-19,散叶生菜,0.9,0.8,1.0,1,冀
2026-04-20,散叶生菜,0.9,0.8,1.0,1,冀
2026-04-21,散叶生菜,0.9,0.8,1.0,1,冀
2026-04-22,散叶生菜,0.9,0.8,1.0,1,冀
2026-04-23,散叶生菜,0.9,0.8,1.0,1,冀
2026-04-24,散叶生菜,0.9,0.8,1.0,1,冀
2026-04-25,散叶生菜,0.9,0.8,1.0,1,冀
2026-04-26,散叶生菜,0.9,0.8,1.0,1,冀
2026-04-27,散叶生菜,0.9,0.8,1.0,1,冀
2026-04-28,散叶生菜,0.9,0.8,1.0,1,冀
2026-04-29,散叶生菜,0.9,0.8,1.0,1,冀
2026-04-30,散叶生菜,0.9,0.8,1.0,1,冀
2026-05-01,散叶生菜,0.9,0.8,1.0,1,冀
2026-05-02,散叶生菜,0.9,0.8,1.0,1,冀
2026-05-03,散叶生菜,0.9,0.8,1.0,1,冀
2026-05-04,散叶生菜,0.9,0.8,1.0,1,冀
2026-05-05,散叶生菜,0.9,0.8,1.0,1,冀
2026-05-06,散叶生菜,0.9,0.8,1.0,1,冀
2026-05-07,散叶生菜,0.9,0.8,1.0,1,冀
2026-05-08,散叶生菜,0.9,0.8,1.0,1,冀
2026-05-09,散叶生菜,0.9,0.8,1.0,1,冀
2026-05-10,散叶生菜,0.9,0.8,1.0,1,冀
2026-05-11,散叶生菜,0.7,0.6,0.8,1,冀
2026-05-12,散叶生菜,0.7,0.6,0.8,1,冀
2026-05-13,散叶生菜,0.7,0.6,0.8,1,冀
2026-05-14,散叶生菜,0.7,0.6,0.8,1,冀
2026-05-15,散叶生菜,0.7,0.6,0.8,1,冀
2026-05-16,散叶生菜,0.7,0.6,0.8,1,冀
2026-05-17,散叶生菜,0.7,0.6,0.8,1,冀
2026-05-18,散叶生菜,0.7,0.6,0.8,1,冀
2026-05-19,散叶生菜,1.0,0.8,1.2,1,冀
2026-05-20,散叶生菜,1.0,0.8,1.2,1,冀
2026-05-21,散叶生菜,1.0,0.8,1.2,1,冀
2026-05-22,散叶生菜,1.0,0.8,1.2,1,冀
2026-05-23,散叶生菜,1.0,0.8,1.2,1,冀
2026-05-24,散叶生菜,1.0,0.8,1.2,1,冀
2026-05-25,散叶生菜,1.75,1.5,2.0,1,冀
2026-05-26,散叶生菜,1.75,1.5,2.0,1,冀
2026-05-27,散叶生菜,1.75,1.5,2.0,1,冀
2026-05-28,散叶生菜,1.75,1.5,2.0,1,冀
2026-05-29,散叶生菜,2.25,2.0,2.5,1,冀
2026-05-30,散叶生菜,2.25,2.0,2.5,1,冀
2026-05-31,散叶生菜,3.0,2.5,3.5,1,冀
2026-06-01,散叶生菜,3.0,2.5,3.5,1,冀
2026-06-02,散叶生菜,2.75,2.5,3.0,1,冀
2026-06-03,散叶生菜,2.25,2.0,2.5,1,冀
2026-06-04,散叶生菜,2.25,2.0,2.5,1,冀
2026-06-05,散叶生菜,1.75,1.5,2.0,1,冀
2026-06-06,散叶生菜,2.1,2.0,2.2,1,冀
2026-06-07,散叶生菜,2.1,2.0,2.2,1,冀
2026-06-08,散叶生菜,2.0,1.8,2.2,1,冀
2026-06-09,散叶生菜,1.65,1.5,1.8,1,冀
2026-06-10,散叶生菜,1.55,1.3,1.8,1,冀
2026-06-11,散叶生菜,1.5,1.3,1.7,1,冀
2026-06-12,散叶生菜,1.45,1.2,1.7,1,冀
2026-06-13,散叶生菜,1.45,1.2,1.7,1,冀
2026-06-14,散叶生菜,1.6,1.5,1.7,1,冀
2026-06-15,散叶生菜,1.6,1.5,1.7,1,冀
2026-06-16,散叶生菜,1.6,1.5,1.7,1,冀
2026-06-17,散叶生菜,1.6,1.5,1.7,1,冀
2026-06-18,散叶生菜,1.6,1.5,1.7,1,冀
2026-06-19,散叶生菜,1.25,1.0,1.5,1,冀
2026-06-20,散叶生菜,1.25,1.0,1.5,1,冀
2026-06-21,散叶生菜,1.25,1.0,1.5,1,冀
2026-06-22,散叶生菜,1.25,1.0,1.5,1,冀
2026-06-23,散叶生菜,1.25,1.0,1.5,1,冀
2026-06-24,散叶生菜,1.25,1.0,1.5,1,冀
2026-06-25,散叶生菜,1.25,1.0,1.5,1,冀
2026-06-26,散叶生菜,1.15,1.0,1.3,1,冀
2026-06-27,散叶生菜,1.15,1.0,1.3,1,冀
2026-06-28,散叶生菜,1.15,1.0,1.3,1,冀
2026-06-29,散叶生菜,1.15,1.0,1.3,1,冀
2026-06-30,散叶生菜,1.15,1.0,1.3,1,冀
2026-07-01,散叶生菜,1.15,1.0,1.3,1,冀
2026-07-02,散叶生菜,1.1,1.0,1.2,1,冀
2026-07-03,散叶生菜,1.1,1.0,1.2,1,冀
2026-07-04,散叶生菜,1.1,1.0,1.2,1,冀
2026-07-05,散叶生菜,1.1,1.0,1.2,1,冀
2026-07-06,散叶生菜,1.1,1.0,1.2,1,冀
2026-07-07,散叶生菜,1.1,1.0,1.2,1,冀
2026-07-08,散叶生菜,1.1,1.0,1.2,1,冀
2026-07-09,散叶生菜,1.1,1.0,1.2,1,冀
2026-07-10,散叶生菜,1.1,1.0,1.2,1,冀
2026-07-11,散叶生菜,1.1,1.0,1.2,1,冀
2026-07-12,散叶生菜,1.1,1.0,1.2,1,冀
2026-07-13,散叶生菜,1.1,1.0,1.2,1,冀
2026-07-14,散叶生菜,1.1,1.0,1.2,1,冀
2026-07-15,散叶生菜,1.1,1.0,1.2,1,冀
2026-07-16,散叶生菜,1.1,1.0,1.2,1,冀
2026-07-17,散叶生菜,1.35,1.2,1.5,1,冀
2026-07-18,散叶生菜,1.35,1.2,1.5,1,冀
2026-07-19,散叶生菜,1.35,1.2,1.5,1,冀
2026-07-20,散叶生菜,1.35,1.2,1.5,1,冀
2026-07-21,散叶生菜,1.35,1.2,1.5,1,冀
2026-07-22,散叶生菜,1.35,1.2,1.5,1,冀
2026-07-23,散叶生菜,1.35,1.2,1.5,1,冀
2026-07-24,散叶生菜,1.35,1.2,1.5,1,冀
2026-07-25,散叶生菜,1.35,1.2,1.5,1,冀
2026-07-26,散叶生菜,1.35,1.2,1.5,1,冀
2026-07-27,散叶生菜,1.35,1.2,1.5,1,冀
2026-07-28,散叶生菜,1.35,1.2,1.5,1,冀
2026-07-29,散叶生菜,1.35,1.2,1.5,1,冀
2026-07-30,散叶生菜,1.35,1.2,1.5,1,冀
2026-07-31,散叶生菜,1.35,1.2,1.5,1,冀
2026-08-01,散叶生菜,1.35,1.2,1.5,1,冀
2026-08-02,散叶生菜,1.35,1.2,1.5,1,冀
2026-08-03,散叶生菜,1.35,1.2,1.5,1,冀
2026-08-04,散叶生菜,1.35,1.2,1.5,1,冀
2026-08-05,散叶生菜,1.45,1.3,1.6,1,冀
2026-08-06,散叶生菜,1.45,1.3,1.6,1,冀
2026-08-07,散叶生菜,1.45,1.3,1.6,1,冀
2026-08-08,散叶生菜,1.65,1.5,1.8,1,冀
2026-08-09,散叶生菜,2.0,1.8,2.2,1,冀
2026-08-10,散叶生菜,2.5,2.0,3.0,1,冀
2026-08-11,散叶生菜,2.5,2.0,3.0,1,冀
2026-01-01,散生菜,3.25,3.0,3.5,1,
2026-01-02,散生菜,3.25,3.0,3.5,1,
2026-01-05,散生菜,3.25,3.0,3.5,1,
2026-01-06,散生菜,3.05,2.8,3.3,1,
2026-01-07,散生菜,3.05,2.8,3.3,1,
2026-01-08,散生菜,3.05,2.8,3.3,1,
2026-01-09,散生菜,3.05,2.8,3.3,1,
2026-01-12,散生菜,3.05,2.8,3.3,1,
2026-01-13,散生菜,3.05,2.8,3.3,1,
2026-01-14,散生菜,3.05,2.8,3.3,1,
2026-01-15,散生菜,3.05,2.8,3.3,1,
2026-01-16,散生菜,3.05,2.8,3.3,1,
2026-01-19,散生菜,3.25,3.0,3.5,1,
2026-01-20,散生菜,3.25,3.0,3.5,1,
2026-01-21,散生菜,3.4,3.2,3.6,1,
2026-01-22,散生菜,3.4,3.2,3.6,1,
2026-01-23,散生菜,3.4,3.2,3.6,1,
2026-01-26,散生菜,3.4,3.2,3.6,1,
2026-01-27,散生菜,3.25,3.0,3.5,1,
2026-01-28,散生菜,3.25,3.0,3.5,1,
2026-01-29,散生菜,3.25,3.0,3.5,1,
2026-01-30,散生菜,3.25,3.0,3.5,1,
2026-02-02,散生菜,3.1,2.8,3.4,1,
2026-02-03,散生菜,3.2,2.8,3.6,1,
2026-02-04,散生菜,3.3,2.8,3.8,1,
2026-02-05,散生菜,3.3,2.8,3.8,1,
2026-02-06,散生菜,3.5,3.0,4.0,1,
2026-02-09,散生菜,3.5,3.0,4.0,1,
2026-02-10,散生菜,3.5,3.0,4.0,1,
2026-02-11,散生菜,3.5,3.0,4.0,1,
2026-02-12,散生菜,3.5,3.0,4.0,1,
2026-02-13,散生菜,3.0,2.5,4.0,3,
2026-02-24,散生菜,3.25,3.0,3.5,1,
2026-02-25,散生菜,3.25,3.0,3.5,1,
2026-02-26,散生菜,3.1,3.0,3.2,1,
2026-02-27,散生菜,2.75,2.5,3.0,1,
2026-03-02,散生菜,2.75,2.5,3.0,1,
2026-03-03,散生菜,2.75,2.5,3.0,1,
2026-03-04,散生菜,2.75,2.5,3.0,1,
2026-03-05,散生菜,2.75,2.5,3.0,1,
2026-03-06,散生菜,2.75,2.5,3.0,1,
2026-03-09,散生菜,2.75,2.5,3.0,1,
2026-03-10,散生菜,2.25,2.0,2.5,1,
2026-03-11,散生菜,2.25,2.0,2.5,1,
2026-03-12,散生菜,2.25,2.0,2.5,1,
2026-03-13,散生菜,2.25,2.0,2.5,1,
2026-03-16,散生菜,2.25,2.0,2.5,1,
2026-03-17,散生菜,2.25,2.0,2.5,1,
2026-03-18,散生菜,2.45,2.3,2.6,1,
2026-03-19,散生菜,2.45,2.3,2.6,1,
2026-03-20,散生菜,2.45,2.3,2.6,1,
2026-03-23,散生菜,2.45,2.3,2.6,1,
2026-03-24,散生菜,2.45,2.3,2.6,1,
2026-03-25,散生菜,2.45,2.3,2.6,1,
2026-03-26,散生菜,2.15,2.0,2.3,1,
2026-03-27,散生菜,2.15,2.0,2.3,1,
2026-03-30,散生菜,2.0,1.8,2.2,1,
2026-03-31,散生菜,2.0,1.8,2.2,1,
2026-04-01,散生菜,1.75,1.5,2.0,1,
2026-04-02,散生菜,1.75,1.5,2.0,1,
2026-04-03,散生菜,1.75,1.5,2.0,1,
2026-04-06,散生菜,1.75,1.5,2.0,1,
2026-04-07,散生菜,1.75,1.5,2.0,1,
2026-04-08,散生菜,1.75,1.5,2.0,1,
2026-04-09,散生菜,1.75,1.5,2.0,1,
2026-04-10,散生菜,1.75,1.5,2.0,1,
2026-04-13,散生菜,1.75,1.5,2.0,1,
2026-04-14,散生菜,1.75,1.5,2.0,1,
2026-04-15,散生菜,1.75,1.5,2.0,1,
2026-04-16,散生菜,1.75,1.5,2.0,1,
2026-04-17,散生菜,1.75,1.5,2.0,1,
2026-04-20,散生菜,1.8,1.6,2.0,1,
2026-04-21,散生菜,1.65,1.3,2.0,1,
2026-04-22,散生菜,1.55,1.3,1.8,1,
2026-04-23,散生菜,1.55,1.3,1.8,1,
2026-04-24,散生菜,1.55,1.3,1.8,1,
2026-04-27,散生菜,1.55,1.3,1.8,1,
2026-04-28,散生菜,1.55,1.3,1.8,1,
2026-04-29,散生菜,1.55,1.3,1.8,1,
2026-04-30,散生菜,1.55,1.3,1.8,1,
2026-05-01,散生菜,1.55,1.3,1.8,1,
2026-05-04,散生菜,1.65,1.5,1.8,1,
2026-05-05,散生菜,1.65,1.5,1.8,1,
2026-05-06,散生菜,1.8,1.6,2.0,1,
2026-05-07,散生菜,1.8,1.6,2.0,1,
2026-05-08,散生菜,0.85,0.7,1.0,1,
2026-05-11,散生菜,1.4,1.2,1.6,1,
2026-05-12,散生菜,1.5,1.3,1.7,1,
2026-05-13,散生菜,1.5,1.3,1.7,1,
2026-05-14,散生菜,1.5,1.3,1.7,1,
2026-05-15,散生菜,1.25,0.8,1.7,1,
2026-05-18,散生菜,1.4,1.2,1.6,1,
2026-05-19,散生菜,1.4,1.2,1.6,1,
2026-05-20,散生菜,1.6,1.5,1.7,1,
2026-05-21,散生菜,1.8,1.6,2.0,1,
2026-05-22,散生菜,1.8,1.6,2.0,1,
2026-05-25,散生菜,2.5,2.2,2.8,1,
2026-05-26,散生菜,2.65,2.5,2.8,1,
2026-05-27,散生菜,2.65,2.5,2.8,1,
2026-05-28,散生菜,2.8,2.6,3.0,1,
2026-05-29,散生菜,3.0,2.8,3.2,1,
2026-06-01,散生菜,3.4,3.0,3.8,1,
2026-06-02,散生菜,3.75,3.5,4.0,1,
2026-06-03,散生菜,3.25,3.0,3.5,1,
2026-06-04,散生菜,3.25,3.0,3.5,1,
2026-06-05,散生菜,3.25,3.0,3.5,1,
2026-06-08,散生菜,3.05,2.6,3.5,1,
2026-06-09,散生菜,2.5,2.0,3.0,1,
2026-06-10,散生菜,2.5,2.0,3.0,1,
2026-06-11,散生菜,2.35,2.0,2.7,1,
2026-06-12,散生菜,2.25,2.0,2.5,1,
2026-06-15,散生菜,2.15,1.9,2.4,1,
2026-06-16,散生菜,2.2,1.9,2.5,1,
2026-06-17,散生菜,2.2,1.9,2.5,1,
2026-06-18,散生菜,2.1,1.9,2.3,1,
2026-06-19,散生菜,2.2,1.9,2.5,1,
2026-06-22,散生菜,2.3,2.0,2.6,1,
2026-06-23,散生菜,2.0,1.5,2.5,1,
2026-06-24,散生菜,2.0,1.5,2.5,1,
2026-06-25,散生菜,2.0,1.5,2.5,1,
2026-06-26,散生菜,2.0,1.5,2.5,1,
2026-06-29,散生菜,2.0,1.5,2.5,1,
2026-06-30,散生菜,1.9,1.5,2.3,1,
2026-07-01,散生菜,2.1,1.7,2.5,1,
2026-07-02,散生菜,2.1,1.7,2.5,1,
2026-07-03,散生菜,2.1,1.7,2.5,1,
2026-07-06,散生菜,2.1,1.7,2.5,1,
2026-07-07,散生菜,2.1,1.7,2.5,1,
2026-07-08,散生菜,2.1,1.7,2.5,1,
2026-07-09,散生菜,2.1,1.7,2.5,1,
2026-07-10,散生菜,2.1,1.7,2.5,1,
2026-07-13,散生菜,2.15,1.8,2.5,1,
2026-07-14,散生菜,2.05,1.7,2.4,1,
2026-07-15,散生菜,2.15,1.8,2.5,1,
2026-07-16,散生菜,2.25,1.9,2.6,1,
2026-07-17,散生菜,2.25,1.9,2.6,1,
2026-07-20,散生菜,2.25,1.9,2.6,1,
2026-07-21,散生菜,2.25,1.9,2.6,1,
2026-07-22,散生菜,2.25,1.9,2.6,1,
2026-07-23,散生菜,2.25,1.9,2.6,1,
2026-07-24,散生菜,2.25,1.9,2.6,1,
2026-07-27,散生菜,2.25,1.9,2.6,1,
2026-07-28,散生菜,2.25,1.9,2.6,1,
2026-07-29,散生菜,2.25,1.9,2.6,1,
2026-07-30,散生菜,2.25,1.9,2.6,1,
2026-07-31,散生菜,2.25,1.9,2.6,1,
2026-08-03,散生菜,2.4,2.0,2.8,1,
2026-08-04,散生菜,2.25,2.0,2.5,1,
2026-08-05,散生菜,2.25,2.0,2.5,1,
2026-08-06,散生菜,2.5,2.0,3.0,1,
2026-08-07,散生菜,2.5,2.0,3.0,1,
2026-08-10,散生菜,2.95,2.5,3.4,1,
2026-08-11,散生菜,3.25,2.5,4.0,1,
2026-01-01,散菜花,2.1,1.7,2.5,1,鄂云闽
2026-01-02,散菜花,2.1,1.7,2.5,1,鄂云闽
2026-01-03,散菜花,2.0,1.5,2.5,1,鄂云闽
2026-01-04,散菜花,2.0,1.5,2.5,1,鄂云闽
2026-01-05,散菜花,2.0,1.5,2.5,1,鄂云闽
2026-01-06,散菜花,1.9,1.5,2.3,1,鄂云闽
2026-01-07,散菜花,1.9,1.5,2.3,1,鄂云闽
2026-01-08,散菜花,1.5,1.0,2.0,1,鄂云闽
2026-01-09,散菜花,1.6,1.2,2.0,1,鄂云闽
2026-01-10,散菜花,1.65,1.3,2.0,1,鄂云闽
2026-01-11,散菜花,1.85,1.4,2.3,1,鄂云闽
2026-01-12,散菜花,1.7,1.2,2.2,1,鄂云闽
2026-01-13,散菜花,1.8,1.4,2.2,1,鄂云闽
2026-01-14,散菜花,1.8,1.4,2.2,1,鄂云闽
2026-01-15,散菜花,1.8,1.4,2.2,1,鄂云闽
2026-01-16,散菜花,1.8,1.4,2.2,1,鄂云闽
2026-01-17,散菜花,1.85,1.4,2.3,1,鄂云闽
2026-01-18,散菜花,1.95,1.5,2.4,1,鄂云闽
2026-01-19,散菜花,1.95,1.5,2.4,1,鄂云闽
2026-01-20,散菜花,1.8,1.4,2.2,1,鄂云闽
2026-01-21,散菜花,1.75,1.3,2.2,1,鄂云闽
2026-01-22,散菜花,1.7,1.2,2.2,1,鄂云闽
2026-01-23,散菜花,1.7,1.2,2.2,1,鄂云闽
2026-01-24,散菜花,1.8,1.3,2.3,1,鄂云闽
2026-01-25,散菜花,1.8,1.3,2.3,1,鄂云闽
2026-01-26,散菜花,1.8,1.3,2.3,1,鄂云闽
2026-01-27,散菜花,1.8,1.3,2.3,1,鄂云闽
2026-01-28,散菜花,1.8,1.3,2.3,1,鄂云闽
2026-01-29,散菜花,1.7,1.2,2.2,1,鄂云闽
2026-01-30,散菜花,1.7,1.2,2.2,1,鄂云闽
2026-01-31,散菜花,1.8,1.4,2.2,1,鄂云闽
2026-02-01,散菜花,1.85,1.5,2.2,1,鄂云闽
2026-02-02,散菜花,1.85,1.5,2.2,1,鄂云闽
2026-02-03,散菜花,1.75,1.3,2.2,1,鄂云闽
2026-02-04,散菜花,1.9,1.5,2.3,1,鄂云闽
2026-02-05,散菜花,2.05,1.6,2.5,1,鄂云闽
2026-02-06,散菜花,2.15,1.8,2.5,1,鄂云闽
2026-02-07,散菜花,1.9,1.5,2.3,1,鄂云闽
2026-02-08,散菜花,1.8,1.4,2.2,1,鄂云闽
2026-02-09,散菜花,1.9,1.6,2.2,1,鄂云闽
2026-02-10,散菜花,1.9,1.6,2.2,1,鄂云闽
2026-02-11,散菜花,2.05,1.8,2.3,1,鄂云闽
2026-02-12,散菜花,2.15,1.8,2.5,1,鄂云闽
2026-02-13,散菜花,2.15,1.8,2.5,1,鄂云闽
2026-02-14,散菜花,2.25,1.8,2.7,1,鄂云闽
2026-02-15,散菜花,2.25,1.8,2.7,1,鄂云闽
2026-02-16,散菜花,2.5,2.0,3.0,1,鄂云闽
2026-02-24,散菜花,2.35,2.0,2.7,1,浙云闽
2026-02-25,散菜花,2.2,1.8,2.6,1,浙云闽
2026-02-26,散菜花,2.25,1.8,2.7,1,浙云闽
2026-02-27,散菜花,2.25,1.8,2.7,1,浙云闽
2026-02-28,散菜花,2.25,1.8,2.7,1,浙云闽
2026-03-01,散菜花,2.0,1.5,2.5,1,浙云闽
2026-03-02,散菜花,1.9,1.3,2.5,1,浙云闽
2026-03-03,散菜花,1.9,1.3,2.5,1,浙云闽
2026-03-04,散菜花,1.85,1.3,2.4,1,浙云闽
2026-03-05,散菜花,1.85,1.3,2.4,1,浙云闽
2026-03-06,散菜花,1.85,1.3,2.4,1,浙云闽
2026-03-07,散菜花,1.85,1.3,2.4,1,浙云闽
2026-03-08,散菜花,2.0,1.5,2.5,1,浙云闽
2026-03-09,散菜花,1.9,1.5,2.3,1,浙云闽
2026-03-10,散菜花,1.9,1.5,2.3,1,浙云闽
2026-03-11,散菜花,2.0,1.7,2.3,1,浙云闽
2026-03-12,散菜花,2.0,1.7,2.3,1,浙云闽
2026-03-13,散菜花,2.0,1.7,2.3,1,浙云闽
2026-03-14,散菜花,2.0,1.7,2.3,1,浙云闽
2026-03-15,散菜花,1.85,1.4,2.3,1,浙云闽
2026-03-16,散菜花,1.9,1.5,2.3,1,浙云闽
2026-03-17,散菜花,1.9,1.5,2.3,1,浙云闽
2026-03-18,散菜花,2.1,1.7,2.5,1,浙云闽
2026-03-19,散菜花,2.35,2.0,2.7,1,浙云闽
2026-03-20,散菜花,2.5,2.2,2.8,1,浙云闽
2026-03-21,散菜花,2.3,2.0,2.6,1,浙云闽
2026-03-22,散菜花,2.2,1.6,2.8,1,浙云闽
2026-03-23,散菜花,2.2,1.6,2.8,1,浙云闽
2026-03-24,散菜花,2.1,1.6,2.6,1,浙云闽
2026-03-25,散菜花,2.25,1.8,2.7,1,浙云闽
2026-03-26,散菜花,2.4,2.0,2.8,1,浙云闽
2026-03-27,散菜花,2.25,1.9,2.6,1,浙云闽
2026-03-28,散菜花,2.15,1.8,2.5,1,浙云闽
2026-03-29,散菜花,2.05,1.5,2.6,1,浙云闽
2026-03-30,散菜花,2.05,1.5,2.6,1,浙云闽
2026-03-31,散菜花,2.05,1.5,2.6,1,浙云闽
2026-04-01,散菜花,2.2,1.6,2.8,1,浙云闽
2026-04-02,散菜花,2.1,1.6,2.6,1,浙云闽
2026-04-03,散菜花,2.15,1.7,2.6,1,浙云闽
2026-04-04,散菜花,2.2,1.8,2.6,1,浙云闽
2026-04-05,散菜花,2.2,1.8,2.6,1,陕云闽
2026-04-06,散菜花,2.05,1.6,2.5,1,陕云闽
2026-04-07,散菜花,2.05,1.6,2.5,1,陕云闽
2026-04-08,散菜花,2.05,1.6,2.5,1,陕云闽
2026-04-09,散菜花,1.95,1.5,2.4,1,陕云闽
2026-04-10,散菜花,1.95,1.5,2.4,1,陕云闽
2026-04-11,散菜花,1.95,1.5,2.4,1,陕云闽
2026-04-12,散菜花,1.95,1.5,2.4,1,陕云闽
2026-04-13,散菜花,2.1,1.6,2.6,1,陕云豫
2026-04-14,散菜花,2.15,1.6,2.7,1,陕云豫
2026-04-15,散菜花,2.0,1.5,2.5,1,陕云豫
2026-04-16,散菜花,1.8,1.3,2.3,1,陕云豫
2026-04-17,散菜花,1.75,1.2,2.3,1,陕云豫
2026-04-18,散菜花,1.75,1.2,2.3,1,陕云豫
2026-04-19,散菜花,1.75,1.2,2.3,1,陕云豫
2026-04-20,散菜花,1.65,1.0,2.3,1,陕云豫苏
2026-04-21,散菜花,1.65,1.0,2.3,1,陕云豫苏
2026-04-22,散菜花,1.55,0.9,2.2,1,陕云豫苏
2026-04-23,散菜花,1.55,0.9,2.2,1,陕云豫苏
2026-04-24,散菜花,1.6,1.0,2.2,1,陕云豫苏
2026-04-25,散菜花,1.7,1.2,2.2,1,陕云豫苏
2026-04-26,散菜花,1.7,1.2,2.2,1,陕云豫苏
2026-04-27,散菜花,1.5,1.0,2.0,1,陕云豫苏
2026-04-28,散菜花,1.5,1.0,2.0,1,陕云豫苏
2026-04-29,散菜花,1.6,1.0,2.2,1,陕云豫苏
2026-04-30,散菜花,1.5,1.0,2.0,1,陕云豫苏
2026-05-01,散菜花,1.65,1.3,2.0,1,陕云豫苏
2026-05-02,散菜花,1.85,1.5,2.2,1,陕云豫苏
2026-05-03,散菜花,1.85,1.5,2.2,1,陕云豫苏
2026-05-04,散菜花,1.75,1.2,2.3,1,陕云豫苏
2026-05-05,散菜花,1.95,1.4,2.5,1,陕云豫苏
2026-05-06,散菜花,2.0,1.5,2.5,1,陕云豫苏
2026-05-07,散菜花,2.25,1.5,3.0,1,陕云豫苏
2026-05-08,散菜花,2.25,1.5,3.0,1,陕云豫苏
2026-05-09,散菜花,2.25,1.5,3.0,1,陕云豫苏
2026-05-10,散菜花,2.25,1.5,3.0,1,陕云豫苏冀
2026-05-11,散菜花,2.1,1.5,2.7,1,陕豫苏冀
2026-05-12,散菜花,1.8,1.3,2.3,1,陕豫苏冀
2026-05-13,散菜花,1.75,1.3,2.2,1,陕豫苏冀
2026-05-14,散菜花,1.55,1.1,2.0,1,陕豫苏冀
2026-05-15,散菜花,1.55,1.1,2.0,1,陕豫苏冀
2026-05-16,散菜花,1.6,1.2,2.0,1,陕豫苏冀
2026-05-17,散菜花,1.5,1.2,1.8,1,陕鲁冀
2026-05-18,散菜花,1.35,1.0,1.7,1,陕鲁冀
2026-05-19,散菜花,1.15,0.8,1.5,1,冀
2026-05-20,散菜花,1.15,0.8,1.5,1,冀
2026-05-21,散菜花,0.9,0.8,1.0,1,冀
2026-05-22,散菜花,0.9,0.8,1.0,1,冀
2026-05-23,散菜花,0.9,0.8,1.0,1,冀
2026-05-24,散菜花,0.9,0.8,1.0,1,冀
2026-05-25,散菜花,0.8,0.6,1.0,1,冀
2026-05-26,散菜花,0.8,0.6,1.0,1,冀
2026-05-27,散菜花,0.9,0.8,1.0,1,冀
2026-05-28,散菜花,1.275,0.8,1.6,2,冀
2026-05-29,散菜花,1.275,0.8,1.6,2,冀
2026-05-30,散菜花,1.35,1.0,1.6,2,冀
2026-05-31,散菜花,1.45,1.0,2.0,2,冀
2026-06-01,散菜花,1.4,0.8,2.0,2,冀
2026-06-02,散菜花,1.4,0.8,2.0,2,冀
2026-06-03,散菜花,1.4,0.8,2.0,2,冀
2026-06-04,散菜花,1.55,0.8,2.3,2,冀
2026-06-05,散菜花,1.675,0.8,2.4,2,冀
2026-06-06,散菜花,1.625,0.8,2.2,2,冀
2026-06-07,散菜花,1.85,1.4,2.2,2,冀
2026-06-08,散菜花,1.6,1.0,2.0,2,冀
2026-06-09,散菜花,1.7,1.0,2.2,2,冀/冀甘
2026-06-10,散菜花,1.875,1.5,2.2,2,冀/冀甘
2026-06-11,散菜花,1.775,1.5,2.0,2,冀/冀甘
2026-06-12,散菜花,1.775,1.5,2.0,2,冀/冀甘
2026-06-13,散菜花,1.775,1.5,2.0,2,冀/冀甘
2026-06-14,散菜花,1.775,1.5,2.0,2,冀/冀甘
2026-06-15,散菜花,1.775,1.5,2.0,2,冀/冀甘
2026-06-16,散菜花,1.65,1.3,2.0,2,冀/冀甘
2026-06-17,散菜花,1.65,1.3,2.0,2,冀/冀甘
2026-06-18,散菜花,1.475,1.0,1.8,2,冀/冀甘
2026-06-19,散菜花,1.475,1.0,1.8,2,冀/冀甘
2026-06-20,散菜花,1.675,1.3,2.0,2,冀/冀甘
2026-06-21,散菜花,1.925,1.5,2.2,2,冀/冀甘
2026-06-22,散菜花,1.975,1.5,2.3,2,冀/冀甘
2026-06-23,散菜花,2.05,1.3,2.7,2,冀
2026-06-24,散菜花,2.05,1.3,2.7,2,冀
2026-06-25,散菜花,2.05,1.3,2.7,2,冀
2026-06-26,散菜花,1.9,1.3,2.5,2,冀
2026-06-27,散菜花,2.25,1.7,2.8,2,冀
2026-06-28,散菜花,2.225,1.7,2.7,2,冀
2026-06-29,散菜花,2.0,1.5,2.5,2,冀
2026-06-30,散菜花,1.9,1.5,2.3,2,冀
2026-07-01,散菜花,1.85,1.3,2.3,2,冀
2026-07-02,散菜花,1.475,1.0,1.8,2,冀
2026-07-03,散菜花,1.475,1.0,1.8,2,冀
2026-07-04,散菜花,1.475,1.0,1.8,2,冀
2026-07-05,散菜花,1.475,1.0,1.8,2,冀
2026-07-06,散菜花,1.475,1.0,1.8,2,冀
2026-07-07,散菜花,1.675,1.2,2.0,2,冀
2026-07-08,散菜花,1.675,1.2,2.0,2,冀
2026-07-09,散菜花,1.675,1.2,2.0,2,冀
2026-07-10,散菜花,1.725,1.2,2.2,2,冀
2026-07-11,散菜花,2.0,1.4,2.5,2,冀
2026-07-12,散菜花,2.0,1.4,2.5,2,冀
2026-07-13,散菜花,1.825,1.3,2.2,2,冀
2026-07-14,散菜花,1.825,1.3,2.2,2,冀
2026-07-15,散菜花,1.675,1.3,2.0,2,冀
2026-07-16,散菜花,1.675,1.3,2.0,2,冀
2026-07-17,散菜花,1.6,1.0,2.0,2,冀
2026-07-18,散菜花,1.6,1.0,2.0,2,冀
2026-07-19,散菜花,1.6,1.0,2.0,2,冀
2026-07-20,散菜花,1.425,1.0,1.7,2,冀
2026-07-21,散菜花,1.35,0.9,1.6,2,冀
2026-07-22,散菜花,1.375,1.0,1.6,2,冀
2026-07-23,散菜花,1.375,1.0,1.6,2,冀
2026-07-24,散菜花,1.35,0.9,1.6,2,冀
2026-07-25,散菜花,1.325,0.8,1.6,2,冀
2026-07-26,散菜花,1.325,0.8,1.6,2,冀
2026-07-27,散菜花,1.275,0.8,1.6,2,冀
2026-07-28,散菜花,1.35,1.0,1.6,2,冀
2026-07-29,散菜花,1.35,1.0,1.6,2,冀
2026-07-30,散菜花,1.35,1.0,1.6,2,冀
2026-07-31,散菜花,1.35,1.0,1.6,2,冀
2026-08-01,散菜花,1.3,0.9,1.6,2,冀
2026-08-02,散菜花,1.3,0.9,1.6,2,冀
2026-08-03,散菜花,1.3,0.9,1.6,2,冀
2026-08-04,散菜花,1.275,0.8,1.6,2,冀
2026-08-05,散菜花,1.175,0.8,1.5,2,冀
2026-08-06,散菜花,1.15,0.7,1.6,2,冀
2026-08-07,散菜花,1.15,0.7,1.6,2,冀
2026-08-08,散菜花,1.15,0.7,1.6,2,冀
2026-08-09,散菜花,1.2,0.8,1.6,2,冀
2026-08-10,散菜花,1.2,0.8,1.6,2,冀
2026-08-11,散菜花,1.2,0.8,1.6,2,冀
2026-01-10,春竹笋,17.5,17.0,18.0,1,
2026-01-20,春竹笋,17.5,17.0,18.0,1,
2026-01-31,春竹笋,16.5,16.0,17.0,1,
2026-02-10,春竹笋,15.5,15.0,16.0,1,
2026-02-28,春竹笋,14.5,14.0,15.0,1,
2026-03-10,春竹笋,13.5,13.0,14.0,1,
2026-03-20,春竹笋,11.5,11.0,12.0,1,
2026-03-31,春竹笋,6.5,6.0,7.0,1,
2026-04-10,春竹笋,6.5,6.0,7.0,1,
2026-04-20,春竹笋,5.75,5.5,6.0,1,
2026-04-30,春竹笋,6.25,6.0,6.5,1,
2026-05-10,春竹笋,7.25,7.0,7.5,1,
2026-05-20,春竹笋,7.5,7.0,8.0,1,
2026-05-31,春竹笋,9.5,9.0,10.0,1,
2026-06-10,春竹笋,8.25,8.0,8.5,1,
2026-06-20,春竹笋,8.25,8.0,8.5,1,
2026-06-30,春竹笋,8.25,8.0,8.5,1,
2026-07-10,春竹笋,8.25,8.0,8.5,1,
2026-07-20,春竹笋,9.25,9.0,9.5,1,
2026-07-31,春竹笋,9.25,9.0,9.5,1,
2026-08-10,春竹笋,9.25,9.0,9.5,1,
2026-01-10,朝天椒,22.5,22.0,23.0,1,
2026-01-20,朝天椒,22.5,22.0,23.0,1,
2026-01-31,朝天椒,18.5,18.0,19.0,1,
2026-02-10,朝天椒,18.5,18.0,19.0,1,
2026-02-28,朝天椒,16.5,16.0,17.0,1,
2026-03-10,朝天椒,13.5,13.0,14.0,1,
2026-03-20,朝天椒,10.5,10.0,11.0,1,
2026-03-31,朝天椒,9.5,9.0,10.0,1,
2026-04-10,朝天椒,7.5,7.0,8.0,1,
2026-04-20,朝天椒,7.5,7.0,8.0,1,
2026-04-30,朝天椒,7.5,7.0,8.0,1,
2026-05-10,朝天椒,7.5,7.0,8.0,1,
2026-05-20,朝天椒,7.25,7.0,7.5,1,
2026-05-31,朝天椒,7.75,7.5,8.0,1,
2026-06-10,朝天椒,8.25,8.0,8.5,1,
2026-06-20,朝天椒,7.5,7.0,8.0,1,
2026-06-30,朝天椒,7.75,7.5,8.0,1,
2026-07-10,朝天椒,7.75,7.5,8.0,1,
2026-07-20,朝天椒,8.75,8.5,9.0,1,
2026-07-31,朝天椒,8.75,8.5,9.0,1,
2026-08-10,朝天椒,7.5,7.0,8.0,1,
2026-01-01,木耳菜,4.75,4.5,5.0,1,
2026-01-02,木耳菜,4.75,4.5,5.0,1,
2026-01-05,木耳菜,4.75,4.5,5.0,1,
2026-01-06,木耳菜,4.75,4.5,5.0,1,
2026-01-07,木耳菜,4.75,4.5,5.0,1,
2026-01-08,木耳菜,4.75,4.5,5.0,1,
2026-01-09,木耳菜,5.5,5.0,6.0,1,
2026-01-12,木耳菜,6.9,6.5,7.3,1,
2026-01-13,木耳菜,7.0,6.5,7.5,1,
2026-01-14,木耳菜,7.3,6.8,7.8,1,
2026-01-15,木耳菜,8.0,7.5,8.5,1,
2026-01-16,木耳菜,8.0,7.5,8.5,1,
2026-01-19,木耳菜,8.9,8.5,9.3,1,
2026-01-20,木耳菜,8.9,8.5,9.3,1,
2026-01-21,木耳菜,8.9,8.5,9.3,1,
2026-01-22,木耳菜,8.9,8.5,9.3,1,
2026-01-23,木耳菜,8.9,8.5,9.3,1,
2026-01-26,木耳菜,8.25,8.0,8.5,1,
2026-01-27,木耳菜,7.15,6.5,7.8,1,
2026-01-28,木耳菜,7.15,6.5,7.8,1,
2026-01-29,木耳菜,7.15,6.5,7.8,1,
2026-01-30,木耳菜,7.15,6.5,7.8,1,
2026-02-02,木耳菜,7.15,6.5,7.8,1,
2026-02-03,木耳菜,7.0,6.5,7.5,1,
2026-02-04,木耳菜,7.0,6.5,7.5,1,
2026-02-05,木耳菜,7.0,6.5,7.5,1,
2026-02-06,木耳菜,7.0,6.5,7.5,1,
2026-02-09,木耳菜,7.0,6.5,7.5,1,
2026-02-10,木耳菜,6.75,6.5,7.0,1,
2026-02-11,木耳菜,6.75,6.5,7.0,1,
2026-02-12,木耳菜,6.75,6.5,7.0,1,
2026-02-13,木耳菜,6.75,6.5,7.0,1,
2026-02-24,木耳菜,6.25,6.0,6.5,1,
2026-02-25,木耳菜,6.25,6.0,6.5,1,
2026-02-26,木耳菜,5.75,5.5,6.0,1,
2026-02-27,木耳菜,5.75,5.5,6.0,1,
2026-03-02,木耳菜,7.0,6.5,7.5,1,
2026-03-03,木耳菜,7.0,6.5,7.5,1,
2026-03-04,木耳菜,7.25,7.0,7.5,1,
2026-03-05,木耳菜,7.25,7.0,7.5,1,
2026-03-06,木耳菜,7.25,7.0,7.5,1,
2026-03-09,木耳菜,7.25,7.0,7.5,1,
2026-03-10,木耳菜,7.25,7.0,7.5,1,
2026-03-11,木耳菜,7.25,7.0,7.5,1,
2026-03-12,木耳菜,7.25,7.0,7.5,1,
2026-03-13,木耳菜,7.25,7.0,7.5,1,
2026-03-16,木耳菜,7.25,7.0,7.5,1,
2026-03-17,木耳菜,7.25,7.0,7.5,1,
2026-03-18,木耳菜,7.25,7.0,7.5,1,
2026-03-19,木耳菜,7.25,7.0,7.5,1,
2026-03-20,木耳菜,7.25,7.0,7.5,1,
2026-03-23,木耳菜,6.0,5.5,6.5,1,
2026-03-24,木耳菜,6.0,5.5,6.5,1,
2026-03-25,木耳菜,5.5,5.0,6.0,1,
2026-03-26,木耳菜,5.5,5.0,6.0,1,
2026-03-27,木耳菜,5.5,5.0,6.0,1,
2026-03-30,木耳菜,5.5,5.0,6.0,1,
2026-03-31,木耳菜,5.5,5.0,6.0,1,
2026-04-01,木耳菜,5.25,5.0,5.5,1,
2026-04-02,木耳菜,4.75,4.5,5.0,1,
2026-04-03,木耳菜,4.75,4.5,5.0,1,
2026-04-06,木耳菜,5.5,5.0,6.0,1,
2026-04-07,木耳菜,5.5,5.0,6.0,1,
2026-04-08,木耳菜,5.0,4.5,5.5,1,
2026-04-09,木耳菜,5.0,4.5,5.5,1,
2026-04-10,木耳菜,5.0,4.5,5.5,1,
2026-04-13,木耳菜,8.0,7.5,8.5,1,
2026-04-14,木耳菜,8.0,7.5,8.5,1,
2026-04-15,木耳菜,8.0,7.5,8.5,1,
2026-04-16,木耳菜,7.25,7.0,7.5,1,
2026-04-17,木耳菜,7.25,7.0,7.5,1,
2026-04-20,木耳菜,6.0,5.5,6.5,1,
2026-04-21,木耳菜,4.5,4.0,5.0,1,
2026-04-22,木耳菜,4.25,4.0,4.5,1,
2026-04-23,木耳菜,4.25,4.0,4.5,1,
2026-04-24,木耳菜,4.25,4.0,4.5,1,
2026-04-27,木耳菜,4.75,4.5,5.0,1,
2026-04-28,木耳菜,4.25,4.0,4.5,1,
2026-04-29,木耳菜,4.25,4.0,4.5,1,
2026-04-30,木耳菜,3.75,3.5,4.0,1,
2026-05-01,木耳菜,3.75,3.5,4.0,1,
2026-05-04,木耳菜,3.75,3.5,4.0,1,
2026-05-05,木耳菜,3.75,3.5,4.0,1,
2026-05-06,木耳菜,3.4,3.3,3.5,1,
2026-05-07,木耳菜,3.4,3.3,3.5,1,
2026-05-08,木耳菜,2.5,2.0,3.0,1,
2026-05-11,木耳菜,2.5,2.0,3.0,1,
2026-05-12,木耳菜,2.65,2.5,2.8,1,
2026-05-13,木耳菜,2.65,2.5,2.8,1,
2026-05-14,木耳菜,2.65,2.5,2.8,1,
2026-05-15,木耳菜,2.65,2.5,2.8,1,
2026-05-18,木耳菜,3.3,3.0,3.6,1,
2026-05-19,木耳菜,3.05,2.8,3.3,1,
2026-05-20,木耳菜,3.05,2.8,3.3,1,
2026-05-21,木耳菜,3.05,2.8,3.3,1,
2026-05-22,木耳菜,3.05,2.8,3.3,1,
2026-05-25,木耳菜,3.05,2.8,3.3,1,
2026-05-26,木耳菜,3.15,3.0,3.3,1,
2026-05-27,木耳菜,2.75,2.5,3.0,1,
2026-05-28,木耳菜,2.75,2.5,3.0,1,
2026-05-29,木耳菜,2.75,2.5,3.0,1,
2026-06-01,木耳菜,2.9,2.8,3.0,1,
2026-06-02,木耳菜,2.75,2.5,3.0,1,
2026-06-03,木耳菜,2.4,2.3,2.5,1,
2026-06-04,木耳菜,2.4,2.3,2.5,1,
2026-06-05,木耳菜,2.4,2.3,2.5,1,
2026-06-08,木耳菜,2.65,2.3,3.0,1,
2026-06-09,木耳菜,2.65,2.3,3.0,1,
2026-06-10,木耳菜,2.4,2.3,2.5,1,
2026-06-11,木耳菜,2.4,2.3,2.5,1,
2026-06-12,木耳菜,2.75,2.5,3.0,1,
2026-06-15,木耳菜,3.25,3.0,3.5,1,
2026-06-16,木耳菜,2.75,2.5,3.0,1,
2026-06-17,木耳菜,2.75,2.5,3.0,1,
2026-06-18,木耳菜,2.75,2.5,3.0,1,
2026-06-19,木耳菜,2.65,2.5,2.8,1,
2026-06-22,木耳菜,2.55,2.4,2.7,1,
2026-06-23,木耳菜,2.45,2.4,2.5,1,
2026-06-24,木耳菜,2.45,2.4,2.5,1,
2026-06-25,木耳菜,2.45,2.4,2.5,1,
2026-06-26,木耳菜,2.45,2.4,2.5,1,
2026-06-29,木耳菜,2.45,2.4,2.5,1,
2026-06-30,木耳菜,2.25,2.0,2.5,1,
2026-07-01,木耳菜,2.25,2.0,2.5,1,
2026-07-02,木耳菜,2.65,2.3,3.0,1,
2026-07-03,木耳菜,2.65,2.3,3.0,1,
2026-07-06,木耳菜,2.65,2.3,3.0,1,
2026-07-07,木耳菜,2.65,2.3,3.0,1,
2026-07-08,木耳菜,2.65,2.3,3.0,1,
2026-07-09,木耳菜,2.65,2.3,3.0,1,
2026-07-10,木耳菜,2.0,1.8,2.2,1,
2026-07-13,木耳菜,2.65,2.3,3.0,1,
2026-07-14,木耳菜,2.5,2.2,2.8,1,
2026-07-15,木耳菜,2.5,2.2,2.8,1,
2026-07-16,木耳菜,2.5,2.2,2.8,1,
2026-07-17,木耳菜,1.75,1.5,2.0,1,
2026-07-20,木耳菜,2.55,2.3,2.8,1,
2026-07-21,木耳菜,2.55,2.3,2.8,1,
2026-07-22,木耳菜,3.0,2.5,3.5,1,
2026-07-23,木耳菜,3.2,2.7,3.7,1,
2026-07-24,木耳菜,3.2,2.7,3.7,1,
2026-07-27,木耳菜,2.9,2.5,3.3,1,
2026-07-28,木耳菜,2.9,2.5,3.3,1,
2026-07-29,木耳菜,2.9,2.5,3.3,1,
2026-07-30,木耳菜,2.9,2.5,3.3,1,
2026-07-31,木耳菜,2.5,2.0,3.0,1,
2026-08-03,木耳菜,2.8,2.3,3.3,1,
2026-08-04,木耳菜,2.65,2.3,3.0,1,
2026-08-05,木耳菜,2.65,2.3,3.0,1,
2026-08-06,木耳菜,2.65,2.3,3.0,1,
2026-08-07,木耳菜,2.65,2.3,3.0,1,
2026-08-10,木耳菜,3.75,3.5,4.0,1,
2026-08-11,木耳菜,4.0,3.5,4.5,1,
2026-01-01,杏鲍菇,3.35,3.2,3.5,1,豫
2026-01-02,杏鲍菇,3.35,3.2,3.5,1,豫
2026-01-03,杏鲍菇,3.35,3.2,3.5,1,豫
2026-01-04,杏鲍菇,3.35,3.2,3.5,1,豫
2026-01-05,杏鲍菇,3.35,3.2,3.5,1,豫
2026-01-06,杏鲍菇,3.35,3.2,3.5,1,豫
2026-01-07,杏鲍菇,3.35,3.2,3.5,1,豫
2026-01-08,杏鲍菇,3.35,3.2,3.5,1,豫
2026-01-09,杏鲍菇,3.35,3.2,3.5,1,豫
2026-01-10,杏鲍菇,3.35,3.2,3.5,1,豫
2026-01-11,杏鲍菇,3.35,3.2,3.5,1,豫
2026-01-12,杏鲍菇,3.35,3.2,3.5,1,豫
2026-01-13,杏鲍菇,3.35,3.2,3.5,1,豫
2026-01-14,杏鲍菇,3.35,3.2,3.5,1,豫
2026-01-15,杏鲍菇,3.35,3.2,3.5,1,豫
2026-01-16,杏鲍菇,3.35,3.2,3.5,1,豫
2026-01-17,杏鲍菇,3.35,3.2,3.5,1,豫
2026-01-18,杏鲍菇,3.35,3.2,3.5,1,豫
2026-01-19,杏鲍菇,3.35,3.2,3.5,1,豫
2026-01-20,杏鲍菇,3.35,3.2,3.5,1,豫
2026-01-21,杏鲍菇,3.3,2.8,3.8,1,豫
2026-01-22,杏鲍菇,3.3,2.8,3.8,1,豫
2026-01-23,杏鲍菇,3.3,2.8,3.8,1,豫
2026-01-24,杏鲍菇,3.3,2.8,3.8,1,豫
2026-01-25,杏鲍菇,3.3,2.8,3.8,1,豫
2026-01-26,杏鲍菇,3.3,2.8,3.8,1,豫
2026-01-27,杏鲍菇,3.3,2.8,3.8,1,豫
2026-01-28,杏鲍菇,3.3,2.8,3.8,1,豫
2026-01-29,杏鲍菇,3.3,2.8,3.8,1,豫
2026-01-30,杏鲍菇,3.3,2.8,3.8,1,豫
2026-01-31,杏鲍菇,3.3,2.8,3.8,1,豫
2026-02-01,杏鲍菇,3.3,2.8,3.8,1,豫
2026-02-02,杏鲍菇,3.3,2.8,3.8,1,豫
2026-02-03,杏鲍菇,3.3,2.8,3.8,1,豫
2026-02-04,杏鲍菇,3.3,2.8,3.8,1,豫
2026-02-05,杏鲍菇,3.3,2.8,3.8,1,豫
2026-02-06,杏鲍菇,3.3,2.8,3.8,1,豫
2026-02-07,杏鲍菇,3.3,2.8,3.8,1,豫
2026-02-08,杏鲍菇,3.3,2.8,3.8,1,豫
2026-02-09,杏鲍菇,3.3,2.8,3.8,1,豫
2026-02-10,杏鲍菇,3.3,2.8,3.8,1,豫
2026-02-11,杏鲍菇,3.3,2.8,3.8,1,豫
2026-02-12,杏鲍菇,3.3,2.8,3.8,1,豫
2026-02-13,杏鲍菇,3.3,2.8,3.8,1,豫
2026-02-14,杏鲍菇,3.3,2.8,3.8,1,豫
2026-02-15,杏鲍菇,3.3,2.8,3.8,1,豫
2026-02-16,杏鲍菇,3.3,2.8,3.8,1,豫
2026-02-24,杏鲍菇,3.3,2.8,3.8,1,豫
2026-02-25,杏鲍菇,3.3,2.8,3.8,1,豫
2026-02-26,杏鲍菇,3.3,2.8,3.8,1,豫
2026-02-27,杏鲍菇,3.3,2.8,3.8,1,豫
2026-02-28,杏鲍菇,3.3,2.8,3.8,1,豫
2026-03-01,杏鲍菇,3.3,2.8,3.8,1,豫
2026-03-02,杏鲍菇,3.3,2.8,3.8,1,豫
2026-03-03,杏鲍菇,3.3,2.8,3.8,1,豫
2026-03-04,杏鲍菇,3.3,2.8,3.8,1,豫
2026-03-05,杏鲍菇,3.3,2.8,3.8,1,豫
2026-03-06,杏鲍菇,3.3,2.8,3.8,1,豫
2026-03-07,杏鲍菇,3.3,2.8,3.8,1,豫
2026-03-08,杏鲍菇,3.3,2.8,3.8,1,豫
2026-03-09,杏鲍菇,3.3,2.8,3.8,1,豫
2026-03-10,杏鲍菇,3.3,2.8,3.8,1,豫
2026-03-11,杏鲍菇,3.3,2.8,3.8,1,豫
2026-03-12,杏鲍菇,3.3,2.8,3.8,1,豫
2026-03-13,杏鲍菇,3.3,2.8,3.8,1,豫
2026-03-14,杏鲍菇,3.3,2.8,3.8,1,豫
2026-03-15,杏鲍菇,3.3,2.8,3.8,1,豫
2026-03-16,杏鲍菇,3.3,2.8,3.8,1,豫
2026-03-17,杏鲍菇,3.3,2.8,3.8,1,豫
2026-03-18,杏鲍菇,3.3,2.8,3.8,1,豫
2026-03-19,杏鲍菇,3.3,2.8,3.8,1,豫
2026-03-20,杏鲍菇,3.3,2.8,3.8,1,豫
2026-03-21,杏鲍菇,3.3,2.8,3.8,1,豫
2026-03-22,杏鲍菇,3.3,2.8,3.8,1,豫
2026-03-23,杏鲍菇,3.3,2.8,3.8,1,豫
2026-03-24,杏鲍菇,3.3,2.8,3.8,1,豫
2026-03-25,杏鲍菇,3.3,2.8,3.8,1,豫
2026-03-26,杏鲍菇,3.3,2.8,3.8,1,豫
2026-03-27,杏鲍菇,3.3,2.8,3.8,1,豫
2026-03-28,杏鲍菇,3.3,2.8,3.8,1,豫
2026-03-29,杏鲍菇,3.3,2.8,3.8,1,豫
2026-03-30,杏鲍菇,3.3,2.8,3.8,1,豫
2026-03-31,杏鲍菇,3.3,2.8,3.8,1,豫
2026-04-01,杏鲍菇,3.0,2.5,3.5,1,豫
2026-04-02,杏鲍菇,3.0,2.5,3.5,1,豫
2026-04-03,杏鲍菇,3.0,2.5,3.5,1,豫
2026-04-04,杏鲍菇,3.0,2.5,3.5,1,豫
2026-04-05,杏鲍菇,3.0,2.5,3.5,1,豫
2026-04-06,杏鲍菇,3.0,2.5,3.5,1,豫
2026-04-07,杏鲍菇,3.0,2.5,3.5,1,豫
2026-04-08,杏鲍菇,3.0,2.5,3.5,1,豫
2026-04-09,杏鲍菇,3.0,2.5,3.5,1,豫
2026-04-10,杏鲍菇,3.0,2.5,3.5,1,豫
2026-04-11,杏鲍菇,3.0,2.5,3.5,1,豫
2026-04-12,杏鲍菇,3.0,2.5,3.5,1,豫
2026-04-13,杏鲍菇,3.0,2.5,3.5,1,豫
2026-04-14,杏鲍菇,3.0,2.5,3.5,1,豫
2026-04-15,杏鲍菇,3.0,2.5,3.5,1,豫
2026-04-16,杏鲍菇,3.0,2.5,3.5,1,豫
2026-04-17,杏鲍菇,3.0,2.5,3.5,1,豫
2026-04-18,杏鲍菇,3.0,2.5,3.5,1,豫
2026-04-19,杏鲍菇,3.0,2.5,3.5,1,豫
2026-04-20,杏鲍菇,3.0,2.5,3.5,1,豫
2026-04-21,杏鲍菇,3.0,2.5,3.5,1,豫
2026-04-22,杏鲍菇,3.0,2.5,3.5,1,豫
2026-04-23,杏鲍菇,3.0,2.5,3.5,1,豫
2026-04-24,杏鲍菇,3.0,2.5,3.5,1,豫
2026-04-25,杏鲍菇,3.0,2.5,3.5,1,豫
2026-04-26,杏鲍菇,3.0,2.5,3.5,1,豫
2026-04-27,杏鲍菇,3.0,2.5,3.5,1,豫
2026-04-28,杏鲍菇,3.0,2.5,3.5,1,豫
2026-04-29,杏鲍菇,3.0,2.5,3.5,1,豫
2026-04-30,杏鲍菇,3.0,2.5,3.5,1,豫
2026-05-01,杏鲍菇,3.0,2.5,3.5,1,豫
2026-05-02,杏鲍菇,3.0,2.5,3.5,1,豫
2026-05-03,杏鲍菇,3.0,2.5,3.5,1,豫
2026-05-04,杏鲍菇,3.0,2.5,3.5,1,豫
2026-05-05,杏鲍菇,3.0,2.5,3.5,1,豫
2026-05-06,杏鲍菇,3.0,2.5,3.5,1,豫
2026-05-07,杏鲍菇,3.0,2.5,3.5,1,豫
2026-05-08,杏鲍菇,3.0,2.5,3.5,1,豫
2026-05-09,杏鲍菇,3.0,2.5,3.5,1,豫
2026-05-10,杏鲍菇,3.0,2.5,3.5,1,豫
2026-05-11,杏鲍菇,3.0,2.5,3.5,1,豫
2026-05-12,杏鲍菇,3.0,2.5,3.5,1,豫
2026-05-13,杏鲍菇,3.0,2.5,3.5,1,豫
2026-05-14,杏鲍菇,3.0,2.5,3.5,1,豫
2026-05-15,杏鲍菇,3.0,2.5,3.5,1,豫
2026-05-16,杏鲍菇,3.0,2.5,3.5,1,豫
2026-05-17,杏鲍菇,3.0,2.5,3.5,1,豫
2026-05-18,杏鲍菇,3.0,2.5,3.5,1,豫
2026-05-19,杏鲍菇,3.0,2.5,3.5,1,豫
2026-05-20,杏鲍菇,3.0,2.5,3.5,1,豫
2026-05-21,杏鲍菇,3.0,2.5,3.5,1,豫
2026-05-22,杏鲍菇,3.0,2.5,3.5,1,豫
2026-05-23,杏鲍菇,3.0,2.5,3.5,1,豫
2026-05-24,杏鲍菇,3.0,2.5,3.5,1,豫
2026-05-25,杏鲍菇,3.0,2.5,3.5,1,豫
2026-05-26,杏鲍菇,3.0,2.5,3.5,1,豫
2026-05-27,杏鲍菇,3.0,2.5,3.5,1,豫
2026-05-28,杏鲍菇,3.0,2.5,3.5,1,豫
2026-05-29,杏鲍菇,3.0,2.5,3.5,1,豫
2026-05-30,杏鲍菇,3.0,2.5,3.5,1,豫
2026-05-31,杏鲍菇,3.0,2.5,3.5,1,豫
2026-06-01,杏鲍菇,3.0,2.5,3.5,1,豫
2026-06-02,杏鲍菇,3.0,2.5,3.5,1,豫
2026-06-03,杏鲍菇,3.0,2.5,3.5,1,豫
2026-06-04,杏鲍菇,3.0,2.5,3.5,1,豫
2026-06-05,杏鲍菇,3.0,2.5,3.5,1,豫
2026-06-06,杏鲍菇,3.0,2.5,3.5,1,豫
2026-06-07,杏鲍菇,3.0,2.5,3.5,1,豫
2026-06-08,杏鲍菇,3.0,2.5,3.5,1,豫
2026-06-09,杏鲍菇,3.0,2.5,3.5,1,豫
2026-06-10,杏鲍菇,3.0,2.5,3.5,1,豫
2026-06-11,杏鲍菇,3.0,2.5,3.5,1,豫
2026-06-12,杏鲍菇,3.0,2.5,3.5,1,豫
2026-06-13,杏鲍菇,3.0,2.5,3.5,1,豫
2026-06-14,杏鲍菇,3.0,2.5,3.5,1,豫
2026-06-15,杏鲍菇,3.0,2.5,3.5,1,豫
2026-06-16,杏鲍菇,3.0,2.5,3.5,1,豫
2026-06-17,杏鲍菇,3.0,2.5,3.5,1,豫
2026-06-18,杏鲍菇,3.0,2.5,3.5,1,豫
2026-06-19,杏鲍菇,3.0,2.5,3.5,1,豫
2026-06-20,杏鲍菇,3.0,2.5,3.5,1,豫
2026-06-21,杏鲍菇,3.0,2.5,3.5,1,豫
2026-06-22,杏鲍菇,3.0,2.5,3.5,1,豫
2026-06-23,杏鲍菇,3.0,2.5,3.5,1,豫
2026-06-24,杏鲍菇,3.0,2.5,3.5,1,豫
2026-06-25,杏鲍菇,3.0,2.5,3.5,1,豫
2026-06-26,杏鲍菇,3.0,2.5,3.5,1,豫
2026-06-27,杏鲍菇,3.0,2.5,3.5,1,豫
2026-06-28,杏鲍菇,3.0,2.5,3.5,1,豫
2026-06-29,杏鲍菇,3.0,2.5,3.5,1,豫
2026-06-30,杏鲍菇,3.0,2.5,3.5,1,豫
2026-07-01,杏鲍菇,3.0,2.5,3.5,1,豫
2026-07-02,杏鲍菇,3.0,2.5,3.5,1,豫
2026-07-03,杏鲍菇,3.0,2.5,3.5,1,豫
2026-07-04,杏鲍菇,3.0,2.5,3.5,1,豫
2026-07-05,杏鲍菇,3.0,2.5,3.5,1,豫
2026-07-06,杏鲍菇,3.0,2.5,3.5,1,豫
2026-07-07,杏鲍菇,3.0,2.5,3.5,1,豫
2026-07-08,杏鲍菇,3.0,2.5,3.5,1,豫
2026-07-09,杏鲍菇,3.0,2.5,3.5,1,豫
2026-07-10,杏鲍菇,3.0,2.5,3.5,1,豫
2026-07-11,杏鲍菇,3.0,2.5,3.5,1,豫
2026-07-12,杏鲍菇,3.0,2.5,3.5,1,豫
2026-07-13,杏鲍菇,3.0,2.5,3.5,1,豫
2026-07-14,杏鲍菇,3.0,2.5,3.5,1,豫
2026-07-15,杏鲍菇,3.0,2.5,3.5,1,豫
2026-07-16,杏鲍菇,3.0,2.5,3.5,1,豫
2026-07-17,杏鲍菇,3.0,2.5,3.5,1,豫
2026-07-18,杏鲍菇,3.0,2.5,3.5,1,豫
2026-07-19,杏鲍菇,3.0,2.5,3.5,1,豫
2026-07-20,杏鲍菇,3.0,2.5,3.5,1,豫
2026-07-21,杏鲍菇,3.0,2.5,3.5,1,豫
2026-07-22,杏鲍菇,3.0,2.5,3.5,1,豫
2026-07-23,杏鲍菇,3.0,2.5,3.5,1,豫
2026-07-24,杏鲍菇,3.0,2.5,3.5,1,豫
2026-07-25,杏鲍菇,3.0,2.5,3.5,1,豫
2026-07-26,杏鲍菇,3.0,2.5,3.5,1,豫
2026-07-27,杏鲍菇,3.0,2.5,3.5,1,豫
2026-07-28,杏鲍菇,3.0,2.5,3.5,1,豫
2026-07-29,杏鲍菇,3.0,2.5,3.5,1,豫
2026-07-30,杏鲍菇,3.0,2.5,3.5,1,豫
2026-07-31,杏鲍菇,3.0,2.5,3.5,1,豫
2026-08-01,杏鲍菇,3.0,2.5,3.5,1,豫
2026-08-02,杏鲍菇,3.0,2.5,3.5,1,豫
2026-08-03,杏鲍菇,3.0,2.5,3.5,1,豫
2026-08-04,杏鲍菇,3.0,2.5,3.5,1,豫
2026-08-05,杏鲍菇,3.0,2.5,3.5,1,豫
2026-08-06,杏鲍菇,3.0,2.5,3.5,1,豫
2026-08-07,杏鲍菇,3.0,2.5,3.5,1,豫
2026-08-08,杏鲍菇,3.0,2.5,3.5,1,豫
2026-08-09,杏鲍菇,3.0,2.5,3.5,1,豫
2026-08-10,杏鲍菇,3.0,2.5,3.5,1,豫
2026-08-11,杏鲍菇,3.0,2.5,3.5,1,豫
2026-01-01,杭椒,6.75,6.5,7.0,1,鲁
2026-01-02,杭椒,6.75,6.5,7.0,1,鲁
2026-01-03,杭椒,6.75,6.5,7.0,1,鲁
2026-01-04,杭椒,7.5,7.0,8.0,1,鲁
2026-01-05,杭椒,7.5,7.0,8.0,1,鲁
2026-01-06,杭椒,7.5,7.0,8.0,1,鲁
2026-01-07,杭椒,7.5,7.0,8.0,1,鲁
2026-01-08,杭椒,7.5,7.0,8.0,1,鲁
2026-01-09,杭椒,7.5,7.0,8.0,1,鲁
2026-01-10,杭椒,7.5,7.0,8.0,1,鲁
2026-01-11,杭椒,7.5,7.0,8.0,1,鲁
2026-01-12,杭椒,7.5,7.0,8.0,1,鲁
2026-01-13,杭椒,7.5,7.0,8.0,1,鲁
2026-01-14,杭椒,7.5,7.0,8.0,1,鲁
2026-01-15,杭椒,7.5,7.0,8.0,1,鲁
2026-01-16,杭椒,7.5,7.0,8.0,1,鲁
2026-01-17,杭椒,7.5,7.0,8.0,1,鲁
2026-01-18,杭椒,7.5,7.0,8.0,1,鲁
2026-01-19,杭椒,7.5,7.0,8.0,1,鲁
2026-01-20,杭椒,7.5,7.0,8.0,1,鲁
2026-01-21,杭椒,7.5,7.0,8.0,1,鲁
2026-01-22,杭椒,7.5,7.0,8.0,1,鲁
2026-01-23,杭椒,7.5,7.0,8.0,1,鲁
2026-01-24,杭椒,7.5,7.0,8.0,1,鲁
2026-01-25,杭椒,7.5,7.0,8.0,1,鲁
2026-01-26,杭椒,7.5,7.0,8.0,1,鲁
2026-01-27,杭椒,7.5,7.0,8.0,1,鲁闽
2026-01-28,杭椒,7.5,7.0,8.0,1,鲁闽
2026-01-29,杭椒,7.5,7.0,8.0,1,鲁闽
2026-01-30,杭椒,7.5,7.0,8.0,1,鲁闽
2026-01-31,杭椒,7.5,7.0,8.0,1,鲁闽
2026-02-01,杭椒,7.5,7.0,8.0,1,鲁闽
2026-02-02,杭椒,7.5,7.0,8.0,1,鲁闽
2026-02-03,杭椒,7.5,7.0,8.0,1,鲁粤
2026-02-04,杭椒,7.5,7.0,8.0,1,鲁粤
2026-02-05,杭椒,7.5,7.0,8.0,1,鲁粤
2026-02-06,杭椒,6.0,5.0,7.0,1,鲁粤
2026-02-07,杭椒,6.0,5.0,7.0,1,鲁粤
2026-02-08,杭椒,6.0,5.0,7.0,1,鲁粤
2026-02-09,杭椒,6.0,5.0,7.0,1,鲁粤
2026-02-10,杭椒,6.0,5.0,7.0,1,鲁粤
2026-02-11,杭椒,6.0,5.0,7.0,1,鲁粤
2026-02-12,杭椒,6.0,5.0,7.0,1,鲁粤
2026-02-13,杭椒,6.0,5.0,7.0,1,鲁粤
2026-02-14,杭椒,6.0,5.0,7.0,1,鲁粤
2026-02-15,杭椒,6.0,5.0,7.0,1,鲁粤
2026-02-16,杭椒,6.0,5.0,7.0,1,鲁粤
2026-02-24,杭椒,5.25,4.5,6.0,1,鲁粤
2026-02-25,杭椒,5.25,4.5,6.0,1,鲁粤
2026-02-26,杭椒,5.25,4.5,6.0,1,鲁粤
2026-02-27,杭椒,5.25,4.5,6.0,1,鲁粤
2026-02-28,杭椒,4.5,4.0,5.0,1,鲁粤
2026-03-01,杭椒,4.5,4.0,5.0,1,鲁粤
2026-03-02,杭椒,4.5,4.0,5.0,1,鲁粤
2026-03-03,杭椒,4.5,4.0,5.0,1,鲁粤
2026-03-04,杭椒,4.5,4.0,5.0,1,鲁粤
2026-03-05,杭椒,4.5,4.0,5.0,1,鲁粤
2026-03-06,杭椒,4.5,4.0,5.0,1,鲁粤
2026-03-07,杭椒,4.5,4.0,5.0,1,鲁粤
2026-03-08,杭椒,4.5,4.0,5.0,1,鲁粤
2026-03-09,杭椒,4.5,4.0,5.0,1,鲁粤
2026-03-10,杭椒,4.5,4.0,5.0,1,鲁粤
2026-03-11,杭椒,4.5,4.0,5.0,1,鲁粤
2026-03-12,杭椒,4.5,4.0,5.0,1,鲁粤
2026-03-13,杭椒,4.5,4.0,5.0,1,鲁粤
2026-03-14,杭椒,4.5,4.0,5.0,1,鲁粤
2026-03-15,杭椒,4.5,4.0,5.0,1,鲁粤
2026-03-16,杭椒,4.5,4.0,5.0,1,鲁粤
2026-03-17,杭椒,4.5,4.0,5.0,1,鲁粤
2026-03-18,杭椒,4.5,4.0,5.0,1,鲁粤
2026-03-19,杭椒,4.0,3.0,5.0,1,鲁粤
2026-03-20,杭椒,4.0,3.0,5.0,1,鲁粤
2026-03-21,杭椒,4.0,3.0,5.0,1,鲁粤
2026-03-22,杭椒,4.0,3.0,5.0,1,鲁粤
2026-03-23,杭椒,4.0,3.0,5.0,1,鲁粤
2026-03-24,杭椒,4.0,3.0,5.0,1,鲁粤
2026-03-25,杭椒,4.0,3.0,5.0,1,鲁粤
2026-03-26,杭椒,4.0,3.0,5.0,1,鲁粤
2026-03-27,杭椒,4.0,3.0,5.0,1,鲁粤
2026-03-28,杭椒,3.5,3.0,4.0,1,鲁粤
2026-03-29,杭椒,3.5,3.0,4.0,1,鲁粤
2026-03-30,杭椒,3.5,3.0,4.0,1,鲁粤
2026-03-31,杭椒,3.5,3.0,4.0,1,鲁粤
2026-04-01,杭椒,3.5,3.0,4.0,1,鲁粤
2026-04-02,杭椒,3.5,3.0,4.0,1,鲁粤
2026-04-03,杭椒,3.5,3.0,4.0,1,鲁粤
2026-04-04,杭椒,3.5,3.0,4.0,1,鲁粤
2026-04-05,杭椒,3.5,3.0,4.0,1,鲁粤
2026-04-06,杭椒,3.5,3.0,4.0,1,鲁粤
2026-04-07,杭椒,3.5,3.0,4.0,1,鲁粤
2026-04-08,杭椒,3.5,3.0,4.0,1,鲁粤
2026-04-09,杭椒,3.5,3.0,4.0,1,鲁粤
2026-04-10,杭椒,3.5,3.0,4.0,1,鲁粤
2026-04-11,杭椒,3.5,3.0,4.0,1,鲁粤
2026-04-12,杭椒,3.5,3.0,4.0,1,鲁粤
2026-04-13,杭椒,3.5,3.0,4.0,1,鲁粤
2026-04-14,杭椒,3.5,3.0,4.0,1,鲁粤
2026-04-15,杭椒,3.5,3.0,4.0,1,鲁粤
2026-04-16,杭椒,3.5,3.0,4.0,1,鲁粤
2026-04-17,杭椒,3.5,3.0,4.0,1,鲁粤
2026-04-18,杭椒,3.5,3.0,4.0,1,鲁粤
2026-04-19,杭椒,3.5,3.0,4.0,1,鲁粤
2026-04-20,杭椒,3.5,3.0,4.0,1,鲁粤
2026-04-21,杭椒,3.5,3.0,4.0,1,鲁粤
2026-04-22,杭椒,3.5,3.0,4.0,1,鲁粤
2026-04-23,杭椒,3.5,3.0,4.0,1,鲁粤
2026-04-24,杭椒,3.5,3.0,4.0,1,鲁粤
2026-04-25,杭椒,3.5,3.0,4.0,1,鲁粤
2026-04-26,杭椒,3.5,3.0,4.0,1,鲁粤
2026-04-27,杭椒,3.5,3.0,4.0,1,鲁粤
2026-04-28,杭椒,3.5,3.0,4.0,1,鲁粤
2026-04-29,杭椒,3.5,3.0,4.0,1,鲁粤
2026-04-30,杭椒,3.5,3.0,4.0,1,鲁粤
2026-05-01,杭椒,3.5,3.0,4.0,1,鲁粤
2026-05-02,杭椒,3.5,3.0,4.0,1,鲁粤
2026-05-03,杭椒,3.5,3.0,4.0,1,鲁粤
2026-05-04,杭椒,3.5,3.0,4.0,1,鲁粤
2026-05-05,杭椒,3.5,3.0,4.0,1,鲁粤
2026-05-06,杭椒,3.5,3.0,4.0,1,鲁粤
2026-05-07,杭椒,3.5,3.0,4.0,1,鲁粤
2026-05-08,杭椒,3.5,3.0,4.0,1,鲁粤
2026-05-09,杭椒,3.5,3.0,4.0,1,鲁粤
2026-05-10,杭椒,3.5,3.0,4.0,1,鲁粤
2026-05-11,杭椒,3.5,3.0,4.0,1,鲁粤
2026-05-12,杭椒,3.5,3.0,4.0,1,鲁粤
2026-05-13,杭椒,3.5,3.0,4.0,1,鲁粤
2026-05-14,杭椒,3.5,3.0,4.0,1,鲁粤
2026-05-15,杭椒,2.75,2.5,3.0,1,鲁粤
2026-05-16,杭椒,2.75,2.5,3.0,1,鲁粤
2026-05-17,杭椒,2.75,2.5,3.0,1,鲁粤
2026-05-18,杭椒,2.75,2.5,3.0,1,鲁粤
2026-05-19,杭椒,2.75,2.5,3.0,1,鲁粤
2026-05-20,杭椒,2.75,2.5,3.0,1,鲁粤
2026-05-21,杭椒,2.75,2.5,3.0,1,鲁粤
2026-05-22,杭椒,2.75,2.5,3.0,1,鲁粤
2026-05-23,杭椒,2.75,2.5,3.0,1,鲁粤
2026-05-24,杭椒,2.75,2.5,3.0,1,鲁粤
2026-05-25,杭椒,2.75,2.5,3.0,1,鲁粤
2026-05-26,杭椒,2.75,2.5,3.0,1,鲁粤
2026-05-27,杭椒,2.75,2.5,3.0,1,鲁冀
2026-05-28,杭椒,2.75,2.5,3.0,1,鲁冀
2026-05-29,杭椒,2.75,2.5,3.0,1,鲁冀
2026-05-30,杭椒,2.75,2.5,3.0,1,鲁冀
2026-05-31,杭椒,2.75,2.5,3.0,1,鲁冀
2026-06-01,杭椒,2.75,2.5,3.0,1,鲁冀
2026-06-02,杭椒,2.75,2.5,3.0,1,鲁冀
2026-06-03,杭椒,2.75,2.5,3.0,1,鲁冀
2026-06-04,杭椒,2.75,2.5,3.0,1,鲁冀
2026-06-05,杭椒,2.75,2.5,3.0,1,鲁冀
2026-06-06,杭椒,2.75,2.5,3.0,1,鲁冀
2026-06-07,杭椒,2.75,2.5,3.0,1,鲁冀
2026-06-08,杭椒,2.75,2.5,3.0,1,鲁冀
2026-06-09,杭椒,2.75,2.5,3.0,1,鲁冀
2026-06-10,杭椒,2.75,2.5,3.0,1,鲁冀
2026-06-11,杭椒,2.75,2.5,3.0,1,鲁冀
2026-06-12,杭椒,2.75,2.5,3.0,1,鲁冀
2026-06-13,杭椒,2.75,2.5,3.0,1,鲁冀
2026-06-14,杭椒,2.75,2.5,3.0,1,鲁冀
2026-06-15,杭椒,2.75,2.5,3.0,1,鲁冀
2026-06-16,杭椒,2.75,2.5,3.0,1,鲁冀
2026-06-17,杭椒,2.75,2.5,3.0,1,鲁冀
2026-06-18,杭椒,2.75,2.5,3.0,1,鲁冀
2026-06-19,杭椒,2.75,2.5,3.0,1,鲁冀
2026-06-20,杭椒,2.75,2.5,3.0,1,鲁冀
2026-06-21,杭椒,2.75,2.5,3.0,1,鲁冀
2026-06-22,杭椒,2.75,2.5,3.0,1,鲁冀
2026-06-23,杭椒,2.75,2.5,3.0,1,鲁冀
2026-06-24,杭椒,2.75,2.5,3.0,1,鲁冀
2026-06-25,杭椒,2.75,2.5,3.0,1,鲁冀
2026-06-26,杭椒,2.25,2.0,2.5,1,鲁冀
2026-06-27,杭椒,2.25,2.0,2.5,1,鲁冀
2026-06-28,杭椒,2.25,2.0,2.5,1,鲁冀
2026-06-29,杭椒,2.25,2.0,2.5,1,鲁冀
2026-06-30,杭椒,2.25,2.0,2.5,1,鲁冀
2026-07-01,杭椒,2.25,2.0,2.5,1,鲁冀
2026-07-02,杭椒,2.25,2.0,2.5,1,鲁冀
2026-07-03,杭椒,2.25,2.0,2.5,1,鲁冀
2026-07-04,杭椒,2.25,2.0,2.5,1,鲁冀
2026-07-05,杭椒,2.25,2.0,2.5,1,鲁冀
2026-07-06,杭椒,2.5,2.0,3.0,1,鲁冀
2026-07-07,杭椒,2.5,2.0,3.0,1,鲁冀
2026-07-08,杭椒,2.5,2.0,3.0,1,鲁冀
2026-07-09,杭椒,2.5,2.0,3.0,1,鲁冀
2026-07-10,杭椒,2.5,2.0,3.0,1,鲁冀
2026-07-11,杭椒,2.5,2.0,3.0,1,鲁冀
2026-07-12,杭椒,2.5,2.0,3.0,1,鲁冀
2026-07-13,杭椒,2.5,2.0,3.0,1,鲁冀
2026-07-14,杭椒,2.5,2.0,3.0,1,鲁冀
2026-07-15,杭椒,2.5,2.0,3.0,1,鲁冀
2026-07-16,杭椒,2.5,2.0,3.0,1,鲁冀
2026-07-17,杭椒,2.5,2.0,3.0,1,鲁冀
2026-07-18,杭椒,2.5,2.0,3.0,1,鲁冀
2026-07-19,杭椒,2.5,2.0,3.0,1,鲁冀
2026-07-20,杭椒,2.5,2.0,3.0,1,鲁冀
2026-07-21,杭椒,2.5,2.0,3.0,1,鲁冀
2026-07-22,杭椒,2.5,2.0,3.0,1,鲁冀
2026-07-23,杭椒,2.5,2.0,3.0,1,鲁冀
2026-07-24,杭椒,2.5,2.0,3.0,1,鲁冀
2026-07-25,杭椒,2.5,2.0,3.0,1,鲁冀
2026-07-26,杭椒,2.5,2.0,3.0,1,鲁冀
2026-07-27,杭椒,2.5,2.0,3.0,1,鲁冀
2026-07-28,杭椒,2.5,2.0,3.0,1,鲁冀
2026-07-29,杭椒,2.5,2.0,3.0,1,鲁冀
2026-07-30,杭椒,2.5,2.0,3.0,1,鲁冀
2026-07-31,杭椒,2.5,2.0,3.0,1,鲁冀
2026-08-01,杭椒,2.5,2.0,3.0,1,鲁冀
2026-08-02,杭椒,2.5,2.0,3.0,1,鲁冀
2026-08-03,杭椒,2.5,2.0,3.0,1,鲁冀
2026-08-04,杭椒,2.5,2.0,3.0,1,鲁冀
2026-08-05,杭椒,2.5,2.0,3.0,1,鲁冀
2026-08-06,杭椒,2.5,2.0,3.0,1,鲁冀
2026-08-07,杭椒,2.5,2.0,3.0,1,鲁冀
2026-08-08,杭椒,2.5,2.0,3.0,1,鲁冀
2026-08-09,杭椒,2.5,2.0,3.0,1,鲁冀
2026-08-10,杭椒,2.5,2.0,3.0,1,鲁冀
2026-08-11,杭椒,2.5,2.0,3.0,1,鲁冀
2026-01-01,板栗南瓜,3.65,3.5,3.8,1,海新
2026-01-02,板栗南瓜,3.65,3.5,3.8,1,新
2026-01-03,板栗南瓜,3.65,3.5,3.8,1,新
2026-01-04,板栗南瓜,3.65,3.5,3.8,1,新
2026-01-05,板栗南瓜,3.65,3.5,3.8,1,新
2026-01-06,板栗南瓜,3.55,3.3,3.8,1,新
2026-01-07,板栗南瓜,3.4,3.3,3.5,1,新
2026-01-08,板栗南瓜,3.35,3.2,3.5,1,新
2026-01-09,板栗南瓜,3.35,3.2,3.5,1,新
2026-01-10,板栗南瓜,3.35,3.2,3.5,1,新
2026-01-11,板栗南瓜,3.35,3.2,3.5,1,新
2026-01-12,板栗南瓜,3.35,3.2,3.5,1,新
2026-01-13,板栗南瓜,3.25,3.0,3.5,1,新
2026-01-14,板栗南瓜,3.25,3.0,3.5,1,新
2026-01-15,板栗南瓜,3.25,3.0,3.5,1,新
2026-01-16,板栗南瓜,3.25,3.0,3.5,1,新
2026-01-17,板栗南瓜,3.25,3.0,3.5,1,新
2026-01-18,板栗南瓜,3.25,3.0,3.5,1,新
2026-01-19,板栗南瓜,3.25,3.0,3.5,1,新
2026-01-20,板栗南瓜,3.25,3.0,3.5,1,新
2026-01-21,板栗南瓜,3.25,3.0,3.5,1,新
2026-01-22,板栗南瓜,3.25,3.0,3.5,1,新
2026-01-23,板栗南瓜,3.25,3.0,3.5,1,新
2026-01-24,板栗南瓜,3.25,3.0,3.5,1,新
2026-01-25,板栗南瓜,3.25,3.0,3.5,1,新
2026-01-26,板栗南瓜,3.35,3.2,3.5,1,新
2026-01-27,板栗南瓜,3.35,3.2,3.5,1,新桂
2026-01-28,板栗南瓜,3.3,3.2,3.4,1,新桂
2026-01-29,板栗南瓜,3.3,3.2,3.4,1,新桂
2026-01-30,板栗南瓜,3.3,3.2,3.4,1,新桂
2026-01-31,板栗南瓜,3.3,3.2,3.4,1,新桂
2026-02-01,板栗南瓜,3.3,3.2,3.4,1,新桂
2026-02-02,板栗南瓜,3.3,3.2,3.4,1,新桂
2026-02-03,板栗南瓜,3.3,3.2,3.4,1,新桂
2026-02-04,板栗南瓜,3.3,3.2,3.4,1,新桂
2026-02-05,板栗南瓜,3.3,3.2,3.4,1,新桂
2026-02-06,板栗南瓜,3.3,3.2,3.4,1,新桂
2026-02-07,板栗南瓜,3.3,3.2,3.4,1,新桂
2026-02-08,板栗南瓜,3.3,3.2,3.4,1,新桂
2026-02-09,板栗南瓜,3.3,3.2,3.4,1,新桂
2026-02-10,板栗南瓜,3.3,3.2,3.4,1,新桂
2026-02-11,板栗南瓜,3.3,3.2,3.4,1,新桂
2026-02-12,板栗南瓜,3.3,3.2,3.4,1,新桂
2026-02-13,板栗南瓜,3.3,3.2,3.4,1,新桂
2026-02-14,板栗南瓜,3.3,3.2,3.4,1,新桂
2026-02-15,板栗南瓜,3.3,3.2,3.4,1,新桂
2026-02-16,板栗南瓜,3.3,3.2,3.4,1,新桂
2026-02-24,板栗南瓜,3.3,3.2,3.4,1,新桂
2026-02-25,板栗南瓜,3.3,3.2,3.4,1,新桂
2026-02-26,板栗南瓜,3.3,3.2,3.4,1,新桂
2026-02-27,板栗南瓜,3.3,3.2,3.4,1,新桂
2026-02-28,板栗南瓜,3.3,3.2,3.4,1,新桂
2026-03-01,板栗南瓜,3.3,3.2,3.4,1,新桂
2026-03-02,板栗南瓜,3.3,3.2,3.4,1,新桂
2026-03-03,板栗南瓜,3.0,2.8,3.2,1,新桂
2026-03-04,板栗南瓜,3.0,2.8,3.2,1,新桂
2026-03-05,板栗南瓜,3.0,2.8,3.2,1,新桂
2026-03-06,板栗南瓜,3.0,2.8,3.2,1,新桂
2026-03-07,板栗南瓜,3.0,2.8,3.2,1,新桂
2026-03-08,板栗南瓜,2.75,2.7,2.8,1,新桂
2026-03-09,板栗南瓜,2.7,2.6,2.8,1,新桂
2026-03-10,板栗南瓜,2.7,2.6,2.8,1,新桂
2026-03-11,板栗南瓜,2.65,2.6,2.7,1,新桂
2026-03-12,板栗南瓜,2.65,2.6,2.7,1,新桂
2026-03-13,板栗南瓜,2.65,2.6,2.7,1,新桂
2026-03-14,板栗南瓜,2.65,2.6,2.7,1,新桂
2026-03-15,板栗南瓜,2.55,2.5,2.6,1,新桂
2026-03-16,板栗南瓜,2.55,2.5,2.6,1,新桂
2026-03-17,板栗南瓜,2.55,2.5,2.6,1,新桂
2026-03-18,板栗南瓜,2.35,2.2,2.5,1,新桂
2026-03-19,板栗南瓜,2.35,2.2,2.5,1,新桂
2026-03-20,板栗南瓜,2.35,2.2,2.5,1,新桂
2026-03-21,板栗南瓜,2.35,2.2,2.5,1,新桂
2026-03-22,板栗南瓜,2.35,2.2,2.5,1,新桂
2026-03-23,板栗南瓜,2.2,2.1,2.3,1,新桂
2026-03-24,板栗南瓜,2.2,2.1,2.3,1,新桂
2026-03-25,板栗南瓜,2.2,2.1,2.3,1,新桂
2026-03-26,板栗南瓜,2.0,1.8,2.2,1,新桂
2026-03-27,板栗南瓜,2.0,1.8,2.2,1,新桂
2026-03-28,板栗南瓜,2.0,1.8,2.2,1,新桂
2026-03-29,板栗南瓜,2.0,1.8,2.2,1,新桂
2026-03-30,板栗南瓜,2.0,1.8,2.2,1,新桂
2026-03-31,板栗南瓜,2.0,1.8,2.2,1,新桂
2026-04-01,板栗南瓜,2.0,1.8,2.2,1,新桂
2026-04-02,板栗南瓜,2.0,1.8,2.2,1,新桂
2026-04-03,板栗南瓜,2.0,1.8,2.2,1,新桂
2026-04-04,板栗南瓜,2.0,1.8,2.2,1,新桂
2026-04-05,板栗南瓜,2.0,1.8,2.2,1,新桂
2026-04-06,板栗南瓜,2.0,1.8,2.2,1,新桂
2026-04-07,板栗南瓜,2.0,1.8,2.2,1,新桂
2026-04-08,板栗南瓜,1.9,1.8,2.0,1,新桂
2026-04-09,板栗南瓜,1.9,1.8,2.0,1,新桂
2026-04-10,板栗南瓜,1.9,1.8,2.0,1,新桂
2026-04-11,板栗南瓜,1.9,1.8,2.0,1,新桂
2026-04-12,板栗南瓜,1.9,1.8,2.0,1,新桂
2026-04-13,板栗南瓜,1.9,1.8,2.0,1,新桂
2026-04-14,板栗南瓜,1.9,1.8,2.0,1,新桂
2026-04-15,板栗南瓜,1.55,1.5,1.6,1,新桂
2026-04-16,板栗南瓜,1.55,1.5,1.6,1,新桂
2026-04-17,板栗南瓜,1.55,1.5,1.6,1,新桂
2026-04-18,板栗南瓜,1.55,1.5,1.6,1,新桂
2026-04-19,板栗南瓜,1.55,1.5,1.6,1,新桂
2026-04-20,板栗南瓜,1.55,1.5,1.6,1,新桂
2026-04-21,板栗南瓜,1.55,1.5,1.6,1,新桂
2026-04-22,板栗南瓜,1.55,1.5,1.6,1,新桂
2026-04-23,板栗南瓜,1.55,1.5,1.6,1,新桂
2026-04-24,板栗南瓜,1.55,1.5,1.6,1,新桂
2026-04-25,板栗南瓜,1.55,1.5,1.6,1,新桂
2026-04-26,板栗南瓜,1.55,1.5,1.6,1,新桂
2026-04-27,板栗南瓜,1.55,1.5,1.6,1,新桂
2026-04-28,板栗南瓜,1.55,1.5,1.6,1,新桂
2026-04-29,板栗南瓜,1.65,1.5,1.8,1,新桂
2026-04-30,板栗南瓜,1.65,1.5,1.8,1,新桂
2026-05-01,板栗南瓜,1.65,1.5,1.8,1,新桂
2026-05-02,板栗南瓜,1.65,1.5,1.8,1,新桂
2026-05-03,板栗南瓜,1.65,1.5,1.8,1,新桂
2026-05-04,板栗南瓜,1.65,1.5,1.8,1,新桂
2026-05-05,板栗南瓜,1.65,1.5,1.8,1,新桂
2026-05-06,板栗南瓜,1.65,1.5,1.8,1,新桂
2026-05-07,板栗南瓜,1.65,1.5,1.8,1,新桂
2026-05-08,板栗南瓜,1.65,1.5,1.8,1,新桂
2026-05-09,板栗南瓜,1.65,1.5,1.8,1,新桂
2026-05-10,板栗南瓜,1.65,1.5,1.8,1,新桂
2026-05-11,板栗南瓜,1.65,1.5,1.8,1,新桂
2026-05-12,板栗南瓜,1.65,1.5,1.8,1,新桂
2026-05-13,板栗南瓜,1.65,1.5,1.8,1,新桂
2026-05-14,板栗南瓜,1.65,1.5,1.8,1,新桂
2026-05-15,板栗南瓜,1.65,1.5,1.8,1,新桂
2026-05-16,板栗南瓜,1.65,1.5,1.8,1,新桂
2026-05-17,板栗南瓜,1.65,1.5,1.8,1,新桂
2026-05-18,板栗南瓜,1.65,1.5,1.8,1,新桂
2026-05-19,板栗南瓜,1.65,1.5,1.8,1,新桂
2026-05-20,板栗南瓜,1.65,1.5,1.8,1,新桂
2026-05-21,板栗南瓜,1.65,1.5,1.8,1,新桂
2026-05-22,板栗南瓜,1.65,1.5,1.8,1,新桂
2026-05-23,板栗南瓜,1.65,1.5,1.8,1,新桂
2026-05-24,板栗南瓜,1.65,1.5,1.8,1,新桂
2026-05-25,板栗南瓜,1.65,1.5,1.8,1,新桂
2026-05-26,板栗南瓜,1.65,1.5,1.8,1,新桂
2026-05-27,板栗南瓜,1.45,1.3,1.6,1,新桂
2026-05-28,板栗南瓜,1.45,1.3,1.6,1,新桂
2026-05-29,板栗南瓜,1.45,1.3,1.6,1,新桂
2026-05-30,板栗南瓜,1.45,1.3,1.6,1,新桂
2026-05-31,板栗南瓜,1.45,1.3,1.6,1,新桂
2026-06-01,板栗南瓜,1.45,1.3,1.6,1,新桂
2026-06-02,板栗南瓜,1.45,1.3,1.6,1,新桂
2026-06-03,板栗南瓜,1.45,1.3,1.6,1,新桂
2026-06-04,板栗南瓜,1.45,1.3,1.6,1,新桂
2026-06-05,板栗南瓜,1.45,1.3,1.6,1,新桂
2026-06-06,板栗南瓜,1.6,1.4,1.8,1,新桂
2026-06-07,板栗南瓜,1.6,1.4,1.8,1,新桂
2026-06-08,板栗南瓜,1.6,1.4,1.8,1,新桂
2026-06-09,板栗南瓜,1.6,1.4,1.8,1,新桂
2026-06-10,板栗南瓜,1.45,1.3,1.6,1,新桂
2026-06-11,板栗南瓜,1.45,1.3,1.6,1,新桂
2026-06-12,板栗南瓜,1.45,1.3,1.6,1,新桂
2026-06-13,板栗南瓜,1.45,1.3,1.6,1,新桂
2026-06-14,板栗南瓜,1.45,1.3,1.6,1,新桂
2026-06-15,板栗南瓜,1.45,1.3,1.6,1,新桂
2026-06-16,板栗南瓜,1.45,1.3,1.6,1,新桂
2026-06-17,板栗南瓜,1.45,1.3,1.6,1,新桂
2026-06-18,板栗南瓜,1.45,1.3,1.6,1,新桂
2026-06-19,板栗南瓜,1.45,1.3,1.6,1,新桂
2026-06-20,板栗南瓜,1.45,1.3,1.6,1,新桂
2026-06-21,板栗南瓜,1.45,1.3,1.6,1,新桂
2026-06-22,板栗南瓜,1.45,1.3,1.6,1,新桂
2026-06-23,板栗南瓜,1.45,1.3,1.6,1,新桂
2026-06-24,板栗南瓜,1.45,1.3,1.6,1,新桂
2026-06-25,板栗南瓜,1.45,1.3,1.6,1,新桂
2026-06-26,板栗南瓜,1.45,1.3,1.6,1,新桂
2026-06-27,板栗南瓜,1.45,1.3,1.6,1,新桂
2026-06-28,板栗南瓜,1.45,1.3,1.6,1,新桂
2026-06-29,板栗南瓜,1.45,1.3,1.6,1,新桂
2026-06-30,板栗南瓜,1.45,1.3,1.6,1,新桂
2026-07-01,板栗南瓜,1.4,1.3,1.5,1,新桂
2026-07-02,板栗南瓜,1.4,1.3,1.5,1,新桂
2026-07-03,板栗南瓜,1.4,1.3,1.5,1,新桂
2026-07-04,板栗南瓜,1.4,1.3,1.5,1,新桂
2026-07-05,板栗南瓜,1.4,1.3,1.5,1,新桂
2026-07-06,板栗南瓜,1.4,1.3,1.5,1,新桂
2026-07-07,板栗南瓜,1.4,1.3,1.5,1,新桂
2026-07-08,板栗南瓜,1.3,1.2,1.4,1,新桂
2026-07-09,板栗南瓜,1.3,1.2,1.4,1,新桂
2026-07-10,板栗南瓜,1.3,1.2,1.4,1,新桂
2026-07-11,板栗南瓜,1.15,1.1,1.2,1,新桂
2026-07-12,板栗南瓜,1.15,1.1,1.2,1,新桂
2026-07-13,板栗南瓜,1.15,1.1,1.2,1,新桂
2026-07-14,板栗南瓜,1.15,1.1,1.2,1,新桂
2026-07-15,板栗南瓜,1.15,1.1,1.2,1,新桂
2026-07-16,板栗南瓜,1.15,1.1,1.2,1,新桂
2026-07-17,板栗南瓜,1.15,1.1,1.2,1,新桂
2026-07-18,板栗南瓜,1.15,1.1,1.2,1,新桂
2026-07-19,板栗南瓜,1.15,1.1,1.2,1,新桂
2026-07-20,板栗南瓜,1.15,1.1,1.2,1,新桂
2026-07-21,板栗南瓜,1.15,1.1,1.2,1,新桂
2026-07-22,板栗南瓜,1.0,0.8,1.2,1,新桂
2026-07-23,板栗南瓜,1.0,0.8,1.2,1,新桂
2026-07-24,板栗南瓜,1.1,1.0,1.2,1,新桂
2026-07-25,板栗南瓜,1.1,1.0,1.2,1,新桂
2026-07-26,板栗南瓜,1.1,1.0,1.2,1,新桂
2026-07-27,板栗南瓜,1.15,1.0,1.3,1,蒙桂
2026-07-28,板栗南瓜,1.15,1.0,1.3,1,蒙桂
2026-07-29,板栗南瓜,1.15,1.0,1.3,1,蒙桂
2026-07-30,板栗南瓜,1.15,1.0,1.3,1,蒙桂
2026-07-31,板栗南瓜,1.15,1.0,1.3,1,蒙桂
2026-08-01,板栗南瓜,1.15,1.0,1.3,1,蒙桂
2026-08-02,板栗南瓜,1.15,1.0,1.3,1,蒙桂
2026-08-03,板栗南瓜,1.15,1.0,1.3,1,蒙桂
2026-08-04,板栗南瓜,1.15,1.0,1.3,1,蒙桂
2026-08-05,板栗南瓜,1.15,1.0,1.3,1,蒙桂
2026-08-06,板栗南瓜,1.15,1.0,1.3,1,蒙桂
2026-08-07,板栗南瓜,1.15,1.0,1.3,1,蒙桂
2026-08-08,板栗南瓜,1.15,1.0,1.3,1,蒙桂
2026-08-09,板栗南瓜,1.15,1.0,1.3,1,蒙桂
2026-08-10,板栗南瓜,1.4,1.3,1.5,1,蒙桂
2026-08-11,板栗南瓜,1.4,1.3,1.5,1,蒙桂
2026-01-01,架豆,4.5,2.5,6.5,1,云
2026-01-02,架豆,4.4,2.5,6.3,1,云
2026-01-03,架豆,4.4,2.5,6.3,1,云
2026-01-04,架豆,4.4,2.5,6.3,1,云
2026-01-05,架豆,4.25,2.5,6.0,1,云
2026-01-06,架豆,4.25,2.5,6.0,1,云
2026-01-07,架豆,4.65,3.5,5.8,1,云
2026-01-08,架豆,4.65,3.5,5.8,1,云
2026-01-09,架豆,4.65,3.5,5.8,1,云
2026-01-10,架豆,4.65,3.5,5.8,1,云
2026-01-11,架豆,4.65,3.5,5.8,1,云
2026-01-12,架豆,4.65,3.5,5.8,1,云
2026-01-13,架豆,4.65,3.5,5.8,1,云
2026-01-14,架豆,4.65,3.5,5.8,1,云
2026-01-15,架豆,4.65,3.5,5.8,1,云
2026-01-16,架豆,4.65,3.5,5.8,1,云
2026-01-17,架豆,5.05,3.8,6.3,1,云
2026-01-18,架豆,5.05,3.8,6.3,1,云
2026-01-19,架豆,5.05,3.8,6.3,1,云
2026-01-20,架豆,5.15,4.0,6.3,1,云
2026-01-21,架豆,5.15,4.0,6.3,1,云
2026-01-22,架豆,5.15,4.0,6.3,1,云
2026-01-23,架豆,5.15,4.0,6.3,1,云
2026-01-24,架豆,5.15,4.0,6.3,1,云
2026-01-25,架豆,5.25,4.0,6.5,1,云
2026-01-26,架豆,5.25,4.0,6.5,1,云
2026-01-27,架豆,5.25,4.0,6.5,1,云
2026-01-28,架豆,5.25,4.0,6.5,1,云
2026-01-29,架豆,5.25,4.0,6.5,1,云
2026-01-30,架豆,4.9,3.3,6.5,1,云
2026-01-31,架豆,4.9,3.3,6.5,1,云
2026-02-01,架豆,4.65,3.3,6.0,1,云
2026-02-02,架豆,4.65,3.3,6.0,1,云
2026-02-03,架豆,4.65,3.3,6.0,1,云
2026-02-04,架豆,4.65,3.3,6.0,1,云
2026-02-05,架豆,4.65,3.3,6.0,1,云
2026-02-06,架豆,4.65,3.3,6.0,1,云
2026-02-07,架豆,4.8,3.3,6.3,1,云
2026-02-08,架豆,4.8,3.3,6.3,1,云
2026-02-09,架豆,4.8,3.3,6.3,1,云
2026-02-10,架豆,5.15,4.0,6.3,1,云
2026-02-11,架豆,5.75,5.0,6.5,1,云
2026-02-12,架豆,5.75,5.0,6.5,1,云
2026-02-13,架豆,5.65,5.0,6.3,1,云
2026-02-14,架豆,5.25,4.5,6.0,1,云
2026-02-15,架豆,5.25,4.5,6.0,1,云
2026-02-16,架豆,5.25,4.5,6.0,1,云
2026-02-24,架豆,5.5,4.5,6.5,1,云
2026-02-25,架豆,5.25,4.5,6.0,1,云
2026-02-26,架豆,5.0,4.0,6.0,1,云
2026-02-27,架豆,5.0,4.0,6.0,1,云
2026-02-28,架豆,5.0,4.0,6.0,1,云
2026-03-01,架豆,5.0,4.0,6.0,1,云
2026-03-02,架豆,5.0,4.0,6.0,1,云
2026-03-03,架豆,4.25,3.0,5.5,1,云
2026-03-04,架豆,4.25,3.0,5.5,1,云
2026-03-05,架豆,4.75,4.0,5.5,1,云
2026-03-06,架豆,4.75,4.0,5.5,1,云
2026-03-07,架豆,4.75,4.0,5.5,1,云
2026-03-08,架豆,4.75,4.0,5.5,1,云
2026-03-09,架豆,5.0,4.0,6.0,1,云
2026-03-10,架豆,5.0,4.0,6.0,1,云
2026-03-11,架豆,5.75,5.5,6.0,1,云
2026-03-12,架豆,5.6,5.2,6.0,1,云
2026-03-13,架豆,5.25,4.5,6.0,1,云
2026-03-14,架豆,5.15,4.5,5.8,1,云
2026-03-15,架豆,5.15,4.5,5.8,1,云
2026-03-16,架豆,5.0,4.5,5.5,1,云
2026-03-17,架豆,5.0,4.5,5.5,1,云
2026-03-18,架豆,5.0,4.5,5.5,1,云
2026-03-19,架豆,5.0,4.5,5.5,1,云
2026-03-20,架豆,5.15,4.5,5.8,1,云
2026-03-21,架豆,5.15,4.5,5.8,1,云
2026-03-22,架豆,5.6,5.0,6.2,1,云
2026-03-23,架豆,5.6,5.0,6.2,1,云
2026-03-24,架豆,6.15,5.8,6.5,1,云
2026-03-25,架豆,6.15,5.8,6.5,1,云
2026-03-26,架豆,6.15,5.8,6.5,1,云
2026-03-27,架豆,6.15,5.8,6.5,1,云
2026-03-28,架豆,5.75,5.0,6.5,1,云
2026-03-29,架豆,5.0,4.5,5.5,1,云
2026-03-30,架豆,5.0,4.5,5.5,1,云
2026-03-31,架豆,4.25,3.5,5.0,1,云
2026-04-01,架豆,4.25,3.5,5.0,1,云
2026-04-02,架豆,4.25,3.5,5.0,1,云
2026-04-03,架豆,4.25,3.5,5.0,1,云
2026-04-04,架豆,4.25,3.5,5.0,1,云
2026-04-05,架豆,4.0,3.0,5.0,1,云
2026-04-06,架豆,4.0,3.0,5.0,1,云
2026-04-07,架豆,4.0,3.0,5.0,1,云
2026-04-08,架豆,3.75,2.5,5.0,1,云
2026-04-09,架豆,4.15,2.8,5.5,1,云
2026-04-10,架豆,4.15,2.8,5.5,1,云
2026-04-11,架豆,4.15,2.8,5.5,1,云
2026-04-12,架豆,4.15,2.8,5.5,1,云
2026-04-13,架豆,3.9,2.8,5.0,1,云鲁
2026-04-14,架豆,3.9,2.8,5.0,1,云鲁
2026-04-15,架豆,3.9,2.8,5.0,1,云鲁
2026-04-16,架豆,3.5,2.3,4.7,1,云鲁
2026-04-17,架豆,2.9,2.5,3.3,1,云鲁
2026-04-18,架豆,2.9,2.5,3.3,1,云鲁
2026-04-19,架豆,2.65,2.0,3.3,1,云鲁
2026-04-20,架豆,3.85,3.4,4.3,1,云鲁
2026-04-21,架豆,3.55,2.8,4.3,1,云鲁
2026-04-22,架豆,3.55,2.8,4.3,1,云鲁
2026-04-23,架豆,3.3,2.3,4.3,1,云鲁
2026-04-24,架豆,3.45,2.6,4.3,1,云鲁
2026-04-25,架豆,3.45,2.6,4.3,1,云鲁
2026-04-26,架豆,3.45,2.6,4.3,1,云鲁
2026-04-27,架豆,3.45,2.6,4.3,1,鲁
2026-04-28,架豆,3.45,2.6,4.3,1,鲁
2026-04-29,架豆,3.45,2.6,4.3,1,鲁
2026-04-30,架豆,3.45,2.6,4.3,1,鲁
2026-05-01,架豆,4.05,3.8,4.3,1,鲁
2026-05-02,架豆,4.3,4.0,4.6,1,鲁
2026-05-03,架豆,4.0,3.7,4.3,1,鲁
2026-05-04,架豆,3.75,3.2,4.3,1,鲁
2026-05-05,架豆,3.75,3.2,4.3,1,鲁
2026-05-06,架豆,3.95,3.2,4.7,1,鲁
2026-05-07,架豆,3.75,3.0,4.5,1,鲁
2026-05-08,架豆,3.4,2.8,4.0,1,鲁
2026-05-09,架豆,3.1,2.7,3.5,1,鲁
2026-05-10,架豆,3.1,2.7,3.5,1,鲁
2026-05-11,架豆,3.1,2.7,3.5,1,鲁
2026-05-12,架豆,3.0,2.5,3.5,1,鲁
2026-05-13,架豆,3.0,2.5,3.5,1,鲁
2026-05-14,架豆,2.75,2.3,3.2,1,鲁
2026-05-15,架豆,2.75,2.3,3.2,1,鲁
2026-05-16,架豆,2.75,2.3,3.2,1,鲁
2026-05-17,架豆,2.75,2.3,3.2,1,鲁
2026-05-18,架豆,2.75,2.3,3.2,1,鲁
2026-05-19,架豆,2.75,2.3,3.2,1,鲁
2026-05-20,架豆,3.3,2.9,3.7,1,鲁
2026-05-21,架豆,3.45,2.9,4.0,1,鲁
2026-05-22,架豆,3.6,2.9,4.3,1,鲁
2026-05-23,架豆,4.0,3.5,4.5,1,鲁
2026-05-24,架豆,4.0,3.5,4.5,1,鲁
2026-05-25,架豆,3.45,2.9,4.0,1,鲁
2026-05-26,架豆,3.45,2.9,4.0,1,鲁
2026-05-27,架豆,3.7,3.2,4.2,1,鲁
2026-05-28,架豆,4.25,3.5,5.0,1,鲁
2026-05-29,架豆,4.65,4.0,5.3,1,鲁
2026-05-30,架豆,4.75,4.0,5.5,1,鲁
2026-05-31,架豆,4.75,4.0,5.5,1,鲁
2026-06-01,架豆,4.75,4.0,5.5,1,鲁
2026-06-02,架豆,4.75,4.0,5.5,1,鲁
2026-06-03,架豆,3.55,2.6,4.5,1,鲁
2026-06-04,架豆,3.55,2.6,4.5,1,鲁
2026-06-05,架豆,3.55,2.6,4.5,1,鲁
2026-06-06,架豆,3.55,2.6,4.5,1,鲁
2026-06-07,架豆,4.0,3.2,4.8,1,鲁
2026-06-08,架豆,4.4,4.0,4.8,1,鲁
2026-06-09,架豆,4.4,4.0,4.8,1,鲁
2026-06-10,架豆,4.4,4.0,4.8,1,鲁
2026-06-11,架豆,4.0,3.5,4.5,1,鲁
2026-06-12,架豆,3.25,3.0,3.5,1,鲁
2026-06-13,架豆,3.25,3.0,3.5,1,鲁
2026-06-14,架豆,3.15,2.8,3.5,1,鲁
2026-06-15,架豆,3.15,2.8,3.5,1,鲁
2026-06-16,架豆,3.0,2.5,3.5,1,鲁
2026-06-17,架豆,3.0,2.5,3.5,1,鲁
2026-06-18,架豆,3.15,2.5,3.8,1,鲁
2026-06-19,架豆,3.15,2.5,3.8,1,鲁
2026-06-20,架豆,3.5,3.0,4.0,1,鲁
2026-06-21,架豆,3.5,3.0,4.0,1,鲁
2026-06-22,架豆,3.5,3.0,4.0,1,鲁
2026-06-23,架豆,3.5,3.0,4.0,1,云冀
2026-06-24,架豆,3.5,3.0,4.0,1,云冀
2026-06-25,架豆,3.5,3.0,4.0,1,云冀
2026-06-26,架豆,3.0,2.5,3.5,1,云冀
2026-06-27,架豆,3.0,2.5,3.5,1,云冀
2026-06-28,架豆,3.0,2.5,3.5,1,云冀
2026-06-29,架豆,3.0,2.5,3.5,1,云冀
2026-06-30,架豆,3.0,2.5,3.5,1,云冀
2026-07-01,架豆,3.0,2.5,3.5,1,云冀
2026-07-02,架豆,3.4,2.8,4.0,1,云冀
2026-07-03,架豆,3.4,2.8,4.0,1,云冀
2026-07-04,架豆,3.4,2.8,4.0,1,云冀
2026-07-05,架豆,3.0,2.0,4.0,1,云冀
2026-07-06,架豆,2.4,1.8,3.0,1,云冀鲁
2026-07-07,架豆,2.75,1.5,4.0,1,云冀
2026-07-08,架豆,2.75,1.5,4.0,1,云冀
2026-07-09,架豆,3.1,2.0,4.2,1,云冀
2026-07-10,架豆,3.4,2.5,4.3,1,云冀
2026-07-11,架豆,3.95,3.2,4.7,1,云冀
2026-07-12,架豆,3.95,3.2,4.7,1,云冀
2026-07-13,架豆,3.75,2.0,5.5,1,云冀
2026-07-14,架豆,3.75,2.0,5.5,1,云冀
2026-07-15,架豆,3.75,2.0,5.5,1,云冀
2026-07-16,架豆,3.75,2.0,5.5,1,云冀
2026-07-17,架豆,3.9,2.5,5.3,1,云冀
2026-07-18,架豆,3.75,2.5,5.0,1,云冀
2026-07-19,架豆,3.75,2.5,5.0,1,云冀
2026-07-20,架豆,4.0,3.0,5.0,1,云冀
2026-07-21,架豆,4.0,3.0,5.0,1,云冀
2026-07-22,架豆,4.0,3.2,4.8,1,云冀
2026-07-23,架豆,4.0,3.2,4.8,1,云冀
2026-07-24,架豆,4.0,3.2,4.8,1,云冀
2026-07-25,架豆,4.15,3.5,4.8,1,云冀
2026-07-26,架豆,4.15,3.5,4.8,1,云冀
2026-07-27,架豆,4.0,3.5,4.5,1,云冀
2026-07-28,架豆,4.0,3.5,4.5,1,云冀
2026-07-29,架豆,4.25,3.5,5.0,1,云冀
2026-07-30,架豆,4.25,3.5,5.0,1,云冀
2026-07-31,架豆,4.25,3.5,5.0,1,云冀
2026-08-01,架豆,4.25,3.5,5.0,1,云冀
2026-08-02,架豆,3.5,2.5,4.5,1,云冀
2026-08-03,架豆,3.5,2.5,4.5,1,云冀
2026-08-04,架豆,3.5,2.5,4.5,1,云冀
2026-08-05,架豆,3.5,2.5,4.5,1,云冀
2026-08-06,架豆,3.5,2.5,4.5,1,云冀
2026-08-07,架豆,4.35,3.5,5.2,1,云冀
2026-08-08,架豆,4.75,3.5,6.0,1,云冀
2026-08-09,架豆,5.0,4.0,6.0,1,云冀
2026-08-10,架豆,5.0,4.0,6.0,1,云冀
2026-08-11,架豆,5.0,4.0,6.0,1,云冀
2026-01-01,柿子椒,3.4,3.0,3.8,1,鲁
2026-01-02,柿子椒,3.4,3.0,3.8,1,鲁
2026-01-03,柿子椒,3.4,3.0,3.8,1,鲁
2026-01-04,柿子椒,3.3,2.8,3.8,1,闽鲁
2026-01-05,柿子椒,3.15,2.5,3.8,1,闽鲁
2026-01-06,柿子椒,3.15,2.5,3.8,1,闽鲁
2026-01-07,柿子椒,3.15,2.5,3.8,1,闽鲁
2026-01-08,柿子椒,3.15,2.5,3.8,1,闽鲁
2026-01-09,柿子椒,3.15,2.5,3.8,1,鲁
2026-01-10,柿子椒,2.9,2.5,3.3,1,鲁
2026-01-11,柿子椒,2.9,2.5,3.3,1,鲁
2026-01-12,柿子椒,2.9,2.5,3.3,1,鲁
2026-01-13,柿子椒,2.9,2.5,3.3,1,鲁
2026-01-14,柿子椒,2.9,2.5,3.3,1,鲁
2026-01-15,柿子椒,2.9,2.5,3.3,1,鲁
2026-01-16,柿子椒,3.2,2.8,3.6,1,鲁
2026-01-17,柿子椒,3.2,2.8,3.6,1,鲁
2026-01-18,柿子椒,3.2,2.8,3.6,1,鲁
2026-01-19,柿子椒,3.2,2.8,3.6,1,鲁
2026-01-20,柿子椒,3.2,2.8,3.6,1,鲁
2026-01-21,柿子椒,3.2,2.8,3.6,1,鲁
2026-01-22,柿子椒,3.05,2.5,3.6,1,鲁
2026-01-23,柿子椒,3.05,2.5,3.6,1,鲁
2026-01-24,柿子椒,3.05,2.5,3.6,1,鲁
2026-01-25,柿子椒,3.05,2.5,3.6,1,鲁
2026-01-26,柿子椒,3.05,2.5,3.6,1,鲁
2026-01-27,柿子椒,3.5,3.0,4.0,1,鲁闽
2026-01-28,柿子椒,3.5,3.0,4.0,1,鲁闽
2026-01-29,柿子椒,3.5,3.0,4.0,1,鲁闽
2026-01-30,柿子椒,3.25,2.5,4.0,1,鲁闽
2026-01-31,柿子椒,3.25,2.5,4.0,1,鲁闽
2026-02-01,柿子椒,3.25,2.5,4.0,1,鲁闽
2026-02-02,柿子椒,3.25,2.5,4.0,1,鲁闽
2026-02-03,柿子椒,3.25,2.5,4.0,1,鲁闽
2026-02-04,柿子椒,3.25,2.5,4.0,1,鲁闽
2026-02-05,柿子椒,3.25,2.5,4.0,1,鲁闽
2026-02-06,柿子椒,3.25,2.5,4.0,1,鲁闽
2026-02-07,柿子椒,3.25,2.5,4.0,1,鲁闽
2026-02-08,柿子椒,3.25,2.5,4.0,1,鲁闽
2026-02-09,柿子椒,3.25,2.5,4.0,1,鲁闽
2026-02-10,柿子椒,3.25,2.5,4.0,1,鲁闽
2026-02-11,柿子椒,3.25,2.5,4.0,1,鲁闽
2026-02-12,柿子椒,3.25,2.5,4.0,1,鲁闽
2026-02-13,柿子椒,3.5,3.0,4.0,1,鲁闽
2026-02-14,柿子椒,3.5,3.0,4.0,1,鲁闽
2026-02-15,柿子椒,3.5,3.0,4.0,1,鲁闽
2026-02-16,柿子椒,3.5,3.0,4.0,1,鲁闽
2026-02-24,柿子椒,3.25,2.5,4.0,1,鲁闽
2026-02-25,柿子椒,3.25,2.5,4.0,1,鲁闽
2026-02-26,柿子椒,3.25,2.5,4.0,1,鲁闽
2026-02-27,柿子椒,3.25,2.5,4.0,1,鲁闽
2026-02-28,柿子椒,3.0,2.0,4.0,1,鲁闽
2026-03-01,柿子椒,3.0,2.0,4.0,1,鲁闽
2026-03-02,柿子椒,3.0,2.0,4.0,1,鲁闽
2026-03-03,柿子椒,3.0,2.0,4.0,1,鲁闽
2026-03-04,柿子椒,3.0,2.0,4.0,1,鲁闽
2026-03-05,柿子椒,3.0,2.0,4.0,1,鲁闽
2026-03-06,柿子椒,3.0,2.0,4.0,1,鲁闽
2026-03-07,柿子椒,3.0,2.0,4.0,1,鲁闽
2026-03-08,柿子椒,3.0,2.0,4.0,1,鲁闽
2026-03-09,柿子椒,3.0,2.0,4.0,1,鲁闽
2026-03-10,柿子椒,3.0,2.0,4.0,1,鲁闽
2026-03-11,柿子椒,3.0,2.0,4.0,1,鲁闽
2026-03-12,柿子椒,3.0,2.0,4.0,1,鲁闽
2026-03-13,柿子椒,2.75,2.0,3.5,1,鲁闽
2026-03-14,柿子椒,2.75,2.0,3.5,1,鲁闽
2026-03-15,柿子椒,2.75,2.0,3.5,1,鲁闽
2026-03-16,柿子椒,2.75,2.0,3.5,1,鲁闽
2026-03-17,柿子椒,2.75,2.0,3.5,1,鲁闽
2026-03-18,柿子椒,2.75,2.0,3.5,1,鲁闽
2026-03-19,柿子椒,2.75,2.0,3.5,1,鲁闽
2026-03-20,柿子椒,2.75,2.0,3.5,1,鲁闽
2026-03-21,柿子椒,2.75,2.0,3.5,1,鲁闽
2026-03-22,柿子椒,2.75,2.0,3.5,1,鲁闽
2026-03-23,柿子椒,2.75,2.0,3.5,1,鲁闽
2026-03-24,柿子椒,2.75,2.0,3.5,1,鲁闽
2026-03-25,柿子椒,2.65,2.0,3.3,1,鲁闽
2026-03-26,柿子椒,2.65,2.0,3.3,1,鲁闽
2026-03-27,柿子椒,2.65,2.0,3.3,1,鲁闽
2026-03-28,柿子椒,2.65,2.0,3.3,1,鲁闽
2026-03-29,柿子椒,2.65,2.0,3.3,1,鲁闽
2026-03-30,柿子椒,2.9,2.5,3.3,1,鲁闽
2026-03-31,柿子椒,2.9,2.5,3.3,1,鲁闽
2026-04-01,柿子椒,2.9,2.5,3.3,1,鲁闽
2026-04-02,柿子椒,2.9,2.5,3.3,1,鲁闽
2026-04-03,柿子椒,2.9,2.5,3.3,1,鲁闽
2026-04-04,柿子椒,2.9,2.5,3.3,1,鲁闽
2026-04-05,柿子椒,2.9,2.5,3.3,1,鲁闽
2026-04-06,柿子椒,3.0,2.5,3.5,1,鲁闽
2026-04-07,柿子椒,3.5,3.0,4.0,1,鲁闽
2026-04-08,柿子椒,3.5,3.0,4.0,1,鲁闽
2026-04-09,柿子椒,3.5,3.0,4.0,1,鲁闽
2026-04-10,柿子椒,3.5,3.0,4.0,1,鲁闽
2026-04-11,柿子椒,3.5,3.0,4.0,1,鲁闽
2026-04-12,柿子椒,3.5,3.0,4.0,1,鲁闽
2026-04-13,柿子椒,3.15,2.5,3.8,1,鲁闽
2026-04-14,柿子椒,3.15,2.5,3.8,1,鲁闽
2026-04-15,柿子椒,2.5,2.0,3.0,1,鲁闽
2026-04-16,柿子椒,2.5,2.0,3.0,1,鲁闽
2026-04-17,柿子椒,2.5,2.0,3.0,1,鲁闽
2026-04-18,柿子椒,2.5,2.0,3.0,1,鲁闽
2026-04-19,柿子椒,2.5,2.0,3.0,1,鲁闽
2026-04-20,柿子椒,2.5,2.0,3.0,1,鲁闽
2026-04-21,柿子椒,2.25,1.5,3.0,1,鲁闽
2026-04-22,柿子椒,2.0,1.5,2.5,1,鲁闽
2026-04-23,柿子椒,2.0,1.5,2.5,1,鲁闽
2026-04-24,柿子椒,2.0,1.5,2.5,1,鲁闽
2026-04-25,柿子椒,2.0,1.5,2.5,1,鲁闽
2026-04-26,柿子椒,2.0,1.5,2.5,1,鲁闽
2026-04-27,柿子椒,2.0,1.5,2.5,1,鲁闽
2026-04-28,柿子椒,2.0,1.5,2.5,1,鲁闽
2026-04-29,柿子椒,2.0,1.5,2.5,1,鲁闽
2026-04-30,柿子椒,2.0,1.5,2.5,1,鲁闽
2026-05-01,柿子椒,2.0,1.5,2.5,1,鲁闽
2026-05-02,柿子椒,2.0,1.5,2.5,1,鲁闽
2026-05-03,柿子椒,2.0,1.5,2.5,1,鲁闽
2026-05-04,柿子椒,2.0,1.5,2.5,1,鲁闽
2026-05-05,柿子椒,2.0,1.5,2.5,1,鲁闽
2026-05-06,柿子椒,2.0,1.5,2.5,1,鲁闽
2026-05-07,柿子椒,2.0,1.5,2.5,1,鲁闽
2026-05-08,柿子椒,2.0,1.5,2.5,1,鲁闽
2026-05-09,柿子椒,2.0,1.5,2.5,1,鲁闽
2026-05-10,柿子椒,2.0,1.5,2.5,1,鲁闽
2026-05-11,柿子椒,2.0,1.5,2.5,1,鲁闽
2026-05-12,柿子椒,2.0,1.5,2.5,1,鲁闽
2026-05-13,柿子椒,2.0,1.5,2.5,1,鲁闽
2026-05-14,柿子椒,1.85,1.2,2.5,1,鲁闽
2026-05-15,柿子椒,1.85,1.2,2.5,1,鲁闽
2026-05-16,柿子椒,1.75,1.0,2.5,1,鲁闽
2026-05-17,柿子椒,1.75,1.0,2.5,1,鲁冀蒙
2026-05-18,柿子椒,1.75,1.0,2.5,1,鲁冀蒙
2026-05-19,柿子椒,1.85,1.2,2.5,1,鲁冀蒙
2026-05-20,柿子椒,1.85,1.2,2.5,1,鲁冀蒙
2026-05-21,柿子椒,1.85,1.2,2.5,1,鲁冀蒙
2026-05-22,柿子椒,1.85,1.2,2.5,1,鲁冀蒙
2026-05-23,柿子椒,1.85,1.2,2.5,1,鲁冀蒙
2026-05-24,柿子椒,1.75,1.0,2.5,1,鲁冀蒙
2026-05-25,柿子椒,1.75,1.0,2.5,1,鲁冀蒙
2026-05-26,柿子椒,1.9,1.3,2.5,1,鲁冀蒙
2026-05-27,柿子椒,1.9,1.3,2.5,1,鲁
2026-05-28,柿子椒,1.9,1.3,2.5,1,鲁
2026-05-29,柿子椒,1.9,1.3,2.5,1,鲁
2026-05-30,柿子椒,1.9,1.3,2.5,1,鲁
2026-05-31,柿子椒,1.85,1.2,2.5,1,鲁
2026-06-01,柿子椒,1.85,1.2,2.5,1,鲁
2026-06-02,柿子椒,1.85,1.2,2.5,1,鲁
2026-06-03,柿子椒,1.95,1.4,2.5,1,鲁
2026-06-04,柿子椒,1.95,1.4,2.5,1,鲁
2026-06-05,柿子椒,1.85,1.2,2.5,1,鲁
2026-06-06,柿子椒,1.85,1.2,2.5,1,鲁
2026-06-07,柿子椒,1.85,1.2,2.5,1,鲁
2026-06-08,柿子椒,1.85,1.2,2.5,1,鲁
2026-06-09,柿子椒,1.85,1.2,2.5,1,鲁
2026-06-10,柿子椒,1.85,1.2,2.5,1,鲁
2026-06-11,柿子椒,1.85,1.2,2.5,1,鲁
2026-06-12,柿子椒,1.85,1.2,2.5,1,鲁
2026-06-13,柿子椒,1.85,1.2,2.5,1,鲁
2026-06-14,柿子椒,1.85,1.2,2.5,1,鲁
2026-06-15,柿子椒,1.95,1.4,2.5,1,鲁
2026-06-16,柿子椒,1.95,1.4,2.5,1,鲁
2026-06-17,柿子椒,1.95,1.4,2.5,1,鲁
2026-06-18,柿子椒,1.95,1.4,2.5,1,鲁
2026-06-19,柿子椒,1.95,1.4,2.5,1,鲁
2026-06-20,柿子椒,1.95,1.4,2.5,1,鲁
2026-06-21,柿子椒,1.95,1.4,2.5,1,鲁
2026-06-22,柿子椒,1.95,1.4,2.5,1,鲁
2026-06-23,柿子椒,1.95,1.4,2.5,1,鲁
2026-06-24,柿子椒,1.95,1.4,2.5,1,鲁
2026-06-25,柿子椒,1.95,1.4,2.5,1,鲁
2026-06-26,柿子椒,1.85,1.2,2.5,1,鲁
2026-06-27,柿子椒,1.85,1.2,2.5,1,鲁
2026-06-28,柿子椒,1.85,1.2,2.5,1,鲁
2026-06-29,柿子椒,1.85,1.2,2.5,1,鲁
2026-06-30,柿子椒,1.85,1.2,2.5,1,鲁
2026-07-01,柿子椒,1.85,1.2,2.5,1,鲁
2026-07-02,柿子椒,1.85,1.2,2.5,1,鲁
2026-07-03,柿子椒,1.6,1.0,2.2,1,鲁
2026-07-04,柿子椒,1.6,1.0,2.2,1,鲁
2026-07-05,柿子椒,1.6,1.0,2.2,1,鲁
2026-07-06,柿子椒,1.5,1.0,2.0,1,鲁
2026-07-07,柿子椒,1.5,1.0,2.0,1,鲁
2026-07-08,柿子椒,1.5,1.0,2.0,1,鲁
2026-07-09,柿子椒,1.5,1.0,2.0,1,鲁
2026-07-10,柿子椒,1.5,1.0,2.0,1,鲁
2026-07-11,柿子椒,1.5,1.0,2.0,1,鲁
2026-07-12,柿子椒,1.5,1.0,2.0,1,鲁
2026-07-13,柿子椒,1.5,1.0,2.0,1,鲁
2026-07-14,柿子椒,1.5,1.0,2.0,1,鲁
2026-07-15,柿子椒,1.5,1.0,2.0,1,鲁
2026-07-16,柿子椒,1.5,1.0,2.0,1,鲁
2026-07-17,柿子椒,1.5,1.0,2.0,1,鲁
2026-07-18,柿子椒,1.5,1.0,2.0,1,鲁
2026-07-19,柿子椒,1.5,1.0,2.0,1,鲁
2026-07-20,柿子椒,1.5,1.0,2.0,1,鲁
2026-07-21,柿子椒,1.5,1.0,2.0,1,鲁
2026-07-22,柿子椒,1.5,1.0,2.0,1,鲁
2026-07-23,柿子椒,1.5,1.0,2.0,1,鲁
2026-07-24,柿子椒,1.5,1.0,2.0,1,鲁
2026-07-25,柿子椒,1.5,1.0,2.0,1,鲁
2026-07-26,柿子椒,1.5,1.0,2.0,1,鲁
2026-07-27,柿子椒,1.5,1.0,2.0,1,鲁
2026-07-28,柿子椒,1.5,1.0,2.0,1,鲁
2026-07-29,柿子椒,1.5,1.0,2.0,1,鲁
2026-07-30,柿子椒,1.5,1.0,2.0,1,鲁
2026-07-31,柿子椒,1.5,1.0,2.0,1,鲁
2026-08-01,柿子椒,1.5,1.0,2.0,1,鲁
2026-08-02,柿子椒,1.5,1.0,2.0,1,鲁
2026-08-03,柿子椒,1.5,1.0,2.0,1,鲁
2026-08-04,柿子椒,1.5,1.0,2.0,1,鲁
2026-08-05,柿子椒,1.5,1.0,2.0,1,鲁
2026-08-06,柿子椒,1.6,1.2,2.0,1,鲁
2026-08-07,柿子椒,1.7,1.2,2.2,1,鲁
2026-08-08,柿子椒,1.85,1.5,2.2,1,鲁
2026-08-09,柿子椒,1.95,1.7,2.2,1,冀晋
2026-08-10,柿子椒,1.95,1.7,2.2,1,冀晋
2026-08-11,柿子椒,1.95,1.7,2.2,1,鲁
2026-01-01,樱桃萝卜,3.25,3.0,3.5,1,
2026-01-02,樱桃萝卜,3.25,3.0,3.5,1,
2026-01-05,樱桃萝卜,3.25,3.0,3.5,1,
2026-01-06,樱桃萝卜,3.25,3.0,3.5,1,
2026-01-07,樱桃萝卜,3.25,3.0,3.5,1,
2026-01-08,樱桃萝卜,3.0,2.5,3.5,1,
2026-01-09,樱桃萝卜,3.0,2.5,3.5,1,
2026-01-12,樱桃萝卜,3.0,2.5,3.5,1,
2026-01-13,樱桃萝卜,3.0,2.5,3.5,1,
2026-01-14,樱桃萝卜,3.0,2.5,3.5,1,
2026-01-15,樱桃萝卜,3.0,2.5,3.5,1,
2026-01-16,樱桃萝卜,3.0,2.5,3.5,1,
2026-01-19,樱桃萝卜,3.3,3.0,3.6,1,
2026-01-20,樱桃萝卜,3.75,3.5,4.0,1,
2026-01-21,樱桃萝卜,3.75,3.5,4.0,1,
2026-01-22,樱桃萝卜,3.75,3.5,4.0,1,
2026-01-23,樱桃萝卜,3.75,3.5,4.0,1,
2026-01-26,樱桃萝卜,3.75,3.5,4.0,1,
2026-01-27,樱桃萝卜,3.75,3.5,4.0,1,
2026-01-28,樱桃萝卜,3.75,3.5,4.0,1,
2026-01-29,樱桃萝卜,3.75,3.5,4.0,1,
2026-01-30,樱桃萝卜,3.75,3.5,4.0,1,
2026-02-02,樱桃萝卜,3.75,3.5,4.0,1,
2026-02-03,樱桃萝卜,3.25,3.0,3.5,1,
2026-02-04,樱桃萝卜,3.25,3.0,3.5,1,
2026-02-05,樱桃萝卜,3.25,3.0,3.5,1,
2026-02-06,樱桃萝卜,3.0,2.5,3.5,1,
2026-02-09,樱桃萝卜,2.75,2.5,3.0,1,
2026-02-10,樱桃萝卜,3.0,2.5,3.5,1,
2026-02-11,樱桃萝卜,3.0,2.5,3.5,1,
2026-02-12,樱桃萝卜,3.0,2.5,3.5,1,
2026-02-13,樱桃萝卜,3.0,2.5,3.5,1,
2026-02-24,樱桃萝卜,2.75,2.5,3.0,1,
2026-02-25,樱桃萝卜,2.75,2.5,3.0,1,
2026-02-26,樱桃萝卜,2.25,2.0,2.5,1,
2026-02-27,樱桃萝卜,2.1,2.0,2.2,1,
2026-03-02,樱桃萝卜,2.75,2.5,3.0,1,
2026-03-03,樱桃萝卜,3.05,2.8,3.3,1,
2026-03-04,樱桃萝卜,3.05,2.8,3.3,1,
2026-03-05,樱桃萝卜,3.05,2.8,3.3,1,
2026-03-06,樱桃萝卜,2.5,2.0,3.0,1,
2026-03-09,樱桃萝卜,2.5,2.0,3.0,1,
2026-03-10,樱桃萝卜,2.5,2.0,3.0,1,
2026-03-11,樱桃萝卜,2.5,2.0,3.0,1,
2026-03-12,樱桃萝卜,2.5,2.0,3.0,1,
2026-03-13,樱桃萝卜,2.5,2.0,3.0,1,
2026-03-16,樱桃萝卜,2.5,2.0,3.0,1,
2026-03-17,樱桃萝卜,2.65,2.3,3.0,1,
2026-03-18,樱桃萝卜,2.65,2.3,3.0,1,
2026-03-19,樱桃萝卜,2.65,2.3,3.0,1,
2026-03-20,樱桃萝卜,2.65,2.3,3.0,1,
2026-03-23,樱桃萝卜,2.65,2.3,3.0,1,
2026-03-24,樱桃萝卜,2.65,2.3,3.0,1,
2026-03-25,樱桃萝卜,2.65,2.3,3.0,1,
2026-03-26,樱桃萝卜,2.65,2.3,3.0,1,
2026-03-27,樱桃萝卜,2.65,2.3,3.0,1,
2026-03-30,樱桃萝卜,2.65,2.3,3.0,1,
2026-03-31,樱桃萝卜,2.65,2.3,3.0,1,
2026-04-01,樱桃萝卜,2.25,2.0,2.5,1,
2026-04-02,樱桃萝卜,2.25,2.0,2.5,1,
2026-04-03,樱桃萝卜,2.25,2.0,2.5,1,
2026-04-06,樱桃萝卜,2.5,2.0,3.0,1,
2026-04-07,樱桃萝卜,2.25,2.0,2.5,1,
2026-04-08,樱桃萝卜,1.85,1.5,2.2,1,
2026-04-09,樱桃萝卜,1.85,1.5,2.2,1,
2026-04-10,樱桃萝卜,1.85,1.5,2.2,1,
2026-04-13,樱桃萝卜,2.35,2.2,2.5,1,
2026-04-14,樱桃萝卜,1.75,1.5,2.0,1,
2026-04-15,樱桃萝卜,1.75,1.5,2.0,1,
2026-04-16,樱桃萝卜,1.6,1.2,2.0,1,
2026-04-17,樱桃萝卜,1.6,1.2,2.0,1,
2026-04-20,樱桃萝卜,1.9,1.8,2.0,1,
2026-04-21,樱桃萝卜,1.75,1.5,2.0,1,
2026-04-22,樱桃萝卜,1.75,1.5,2.0,1,
2026-04-23,樱桃萝卜,1.75,1.5,2.0,1,
2026-04-24,樱桃萝卜,1.75,1.5,2.0,1,
2026-04-27,樱桃萝卜,1.75,1.5,2.0,1,
2026-04-28,樱桃萝卜,1.75,1.5,2.0,1,
2026-04-29,樱桃萝卜,1.6,1.4,1.8,1,
2026-04-30,樱桃萝卜,1.6,1.4,1.8,1,
2026-05-01,樱桃萝卜,1.6,1.4,1.8,1,
2026-05-04,樱桃萝卜,1.9,1.8,2.0,1,
2026-05-05,樱桃萝卜,1.9,1.8,2.0,1,
2026-05-06,樱桃萝卜,2.15,2.0,2.3,1,
2026-05-07,樱桃萝卜,1.95,1.8,2.1,1,
2026-05-08,樱桃萝卜,1.6,1.4,1.8,1,
2026-05-11,樱桃萝卜,1.6,1.4,1.8,1,
2026-05-12,樱桃萝卜,1.85,1.5,2.2,1,
2026-05-13,樱桃萝卜,1.85,1.5,2.2,1,
2026-05-14,樱桃萝卜,1.85,1.5,2.2,1,
2026-05-15,樱桃萝卜,1.85,1.5,2.2,1,
2026-05-18,樱桃萝卜,2.5,2.0,3.0,1,
2026-05-19,樱桃萝卜,2.3,1.8,2.8,1,
2026-05-20,樱桃萝卜,2.3,1.8,2.8,1,
2026-05-21,樱桃萝卜,2.35,2.0,2.7,1,
2026-05-22,樱桃萝卜,2.35,2.0,2.7,1,
2026-05-25,樱桃萝卜,2.75,2.5,3.0,1,
2026-05-26,樱桃萝卜,2.75,2.5,3.0,1,
2026-05-27,樱桃萝卜,2.75,2.5,3.0,1,
2026-05-28,樱桃萝卜,2.75,2.5,3.0,1,
2026-05-29,樱桃萝卜,2.9,2.5,3.3,1,
2026-06-01,樱桃萝卜,3.55,3.3,3.8,1,
2026-06-02,樱桃萝卜,3.25,3.0,3.5,1,
2026-06-03,樱桃萝卜,2.75,2.5,3.0,1,
2026-06-04,樱桃萝卜,2.75,2.5,3.0,1,
2026-06-05,樱桃萝卜,2.75,2.5,3.0,1,
2026-06-08,樱桃萝卜,2.85,2.7,3.0,1,
2026-06-09,樱桃萝卜,2.4,2.0,2.8,1,
2026-06-10,樱桃萝卜,2.25,2.0,2.5,1,
2026-06-11,樱桃萝卜,2.1,2.0,2.2,1,
2026-06-12,樱桃萝卜,2.1,2.0,2.2,1,
2026-06-15,樱桃萝卜,2.2,2.1,2.3,1,
2026-06-16,樱桃萝卜,1.85,1.7,2.0,1,
2026-06-17,樱桃萝卜,1.75,1.7,1.8,1,
2026-06-18,樱桃萝卜,1.65,1.5,1.8,1,
2026-06-19,樱桃萝卜,1.75,1.5,2.0,1,
2026-06-22,樱桃萝卜,2.6,2.2,3.0,1,
2026-06-23,樱桃萝卜,2.35,2.2,2.5,1,
2026-06-24,樱桃萝卜,2.35,2.2,2.5,1,
2026-06-25,樱桃萝卜,2.35,2.2,2.5,1,
2026-06-26,樱桃萝卜,2.35,2.2,2.5,1,
2026-06-29,樱桃萝卜,2.35,2.2,2.5,1,
2026-06-30,樱桃萝卜,2.1,2.0,2.2,1,
2026-07-01,樱桃萝卜,2.1,2.0,2.2,1,
2026-07-02,樱桃萝卜,2.1,2.0,2.2,1,
2026-07-03,樱桃萝卜,2.1,2.0,2.2,1,
2026-07-06,樱桃萝卜,2.1,2.0,2.2,1,
2026-07-07,樱桃萝卜,2.1,2.0,2.2,1,
2026-07-08,樱桃萝卜,2.1,2.0,2.2,1,
2026-07-09,樱桃萝卜,2.1,2.0,2.2,1,
2026-07-10,樱桃萝卜,2.1,2.0,2.2,1,
2026-07-13,樱桃萝卜,3.3,2.8,3.8,1,
2026-07-14,樱桃萝卜,3.75,3.5,4.0,1,
2026-07-15,樱桃萝卜,4.75,4.5,5.0,1,
2026-07-16,樱桃萝卜,4.75,4.5,5.0,1,
2026-07-17,樱桃萝卜,3.5,3.0,4.0,1,
2026-07-20,樱桃萝卜,4.3,4.0,4.6,1,
2026-07-21,樱桃萝卜,4.3,4.0,4.6,1,
2026-07-22,樱桃萝卜,4.3,4.0,4.6,1,
2026-07-23,樱桃萝卜,4.15,3.8,4.5,1,
2026-07-24,樱桃萝卜,3.5,3.0,4.0,1,
2026-07-27,樱桃萝卜,3.3,2.8,3.8,1,
2026-07-28,樱桃萝卜,3.0,2.5,3.5,1,
2026-07-29,樱桃萝卜,3.25,3.0,3.5,1,
2026-07-30,樱桃萝卜,3.2,3.0,3.4,1,
2026-07-31,樱桃萝卜,3.2,3.0,3.4,1,
2026-08-03,樱桃萝卜,3.4,3.2,3.6,1,
2026-08-04,樱桃萝卜,3.4,3.2,3.6,1,
2026-08-05,樱桃萝卜,2.9,2.8,3.0,1,
2026-08-06,樱桃萝卜,2.9,2.8,3.0,1,
2026-08-07,樱桃萝卜,2.9,2.8,3.0,1,
2026-08-10,樱桃萝卜,3.3,3.2,3.4,1,
2026-08-11,樱桃萝卜,3.2,3.0,3.4,1,
2026-01-01,毛冬瓜,1.55,1.2,1.9,1,豫云
2026-01-02,毛冬瓜,1.5,1.2,1.8,1,豫云
2026-01-03,毛冬瓜,1.5,1.2,1.8,1,豫云
2026-01-04,毛冬瓜,1.5,1.2,1.8,1,豫云
2026-01-05,毛冬瓜,1.5,1.2,1.8,1,豫云
2026-01-06,毛冬瓜,1.4,1.0,1.8,1,豫云
2026-01-07,毛冬瓜,1.4,1.0,1.8,1,豫云
2026-01-08,毛冬瓜,1.4,1.0,1.8,1,豫云
2026-01-09,毛冬瓜,1.4,1.0,1.8,1,豫云
2026-01-10,毛冬瓜,1.4,1.0,1.8,1,豫云
2026-01-11,毛冬瓜,1.4,1.0,1.8,1,豫云
2026-01-12,毛冬瓜,1.4,1.0,1.8,1,豫云
2026-01-13,毛冬瓜,1.4,1.0,1.8,1,豫云
2026-01-14,毛冬瓜,1.4,1.0,1.8,1,豫云
2026-01-15,毛冬瓜,1.4,1.0,1.8,1,豫云
2026-01-16,毛冬瓜,1.4,1.0,1.8,1,豫云
2026-01-17,毛冬瓜,1.4,1.0,1.8,1,豫云
2026-01-18,毛冬瓜,1.4,1.0,1.8,1,豫云
2026-01-19,毛冬瓜,1.4,1.0,1.8,1,豫云
2026-01-20,毛冬瓜,1.4,1.0,1.8,1,豫云
2026-01-21,毛冬瓜,1.4,1.0,1.8,1,豫云
2026-01-22,毛冬瓜,1.4,1.0,1.8,1,豫云
2026-01-23,毛冬瓜,1.4,1.0,1.8,1,豫云
2026-01-24,毛冬瓜,1.4,1.0,1.8,1,豫云
2026-01-25,毛冬瓜,1.4,1.0,1.8,1,豫云
2026-01-26,毛冬瓜,1.4,1.0,1.8,1,豫云
2026-01-27,毛冬瓜,1.85,1.8,1.9,1,云
2026-01-28,毛冬瓜,1.85,1.8,1.9,1,云
2026-01-29,毛冬瓜,1.85,1.8,1.9,1,云
2026-01-30,毛冬瓜,1.85,1.8,1.9,1,云
2026-01-31,毛冬瓜,1.85,1.8,1.9,1,云
2026-02-01,毛冬瓜,1.85,1.8,1.9,1,云
2026-02-02,毛冬瓜,1.85,1.8,1.9,1,云
2026-02-03,毛冬瓜,1.85,1.8,1.9,1,云
2026-02-04,毛冬瓜,1.85,1.8,1.9,1,云
2026-02-05,毛冬瓜,1.85,1.8,1.9,1,云
2026-02-06,毛冬瓜,1.85,1.8,1.9,1,云
2026-02-07,毛冬瓜,1.85,1.8,1.9,1,云
2026-02-08,毛冬瓜,1.85,1.8,1.9,1,云
2026-02-09,毛冬瓜,1.85,1.8,1.9,1,云
2026-02-10,毛冬瓜,1.85,1.8,1.9,1,云
2026-02-11,毛冬瓜,1.8,1.7,1.9,1,云
2026-02-12,毛冬瓜,1.8,1.7,1.9,1,云
2026-02-13,毛冬瓜,1.8,1.7,1.9,1,云
2026-02-14,毛冬瓜,1.8,1.7,1.9,1,云
2026-02-15,毛冬瓜,1.8,1.7,1.9,1,云
2026-02-16,毛冬瓜,1.8,1.7,1.9,1,云
2026-02-24,毛冬瓜,1.8,1.7,1.9,1,云
2026-02-25,毛冬瓜,1.7,1.6,1.8,1,云
2026-02-26,毛冬瓜,1.7,1.6,1.8,1,云
2026-02-27,毛冬瓜,1.7,1.6,1.8,1,云
2026-02-28,毛冬瓜,1.7,1.6,1.8,1,云
2026-03-01,毛冬瓜,1.7,1.6,1.8,1,云
2026-03-02,毛冬瓜,1.75,1.7,1.8,1,云
2026-03-03,毛冬瓜,1.75,1.7,1.8,1,云
2026-03-04,毛冬瓜,2.3,1.6,3.0,1,云冀
2026-03-05,毛冬瓜,2.3,1.6,3.0,1,云冀
2026-03-06,毛冬瓜,2.2,1.6,2.8,1,云冀
2026-03-07,毛冬瓜,2.2,1.6,2.8,1,云冀
2026-03-08,毛冬瓜,2.2,1.6,2.8,1,云冀
2026-03-09,毛冬瓜,2.4,1.8,3.0,1,云冀
2026-03-10,毛冬瓜,2.4,1.8,3.0,1,云冀
2026-03-11,毛冬瓜,2.3,1.6,3.0,1,云冀
2026-03-12,毛冬瓜,2.3,1.6,3.0,1,云冀
2026-03-13,毛冬瓜,2.3,1.6,3.0,1,云冀
2026-03-14,毛冬瓜,2.3,1.6,3.0,1,云冀
2026-03-15,毛冬瓜,2.3,1.6,3.0,1,云冀
2026-03-16,毛冬瓜,2.3,1.6,3.0,1,云冀
2026-03-17,毛冬瓜,2.3,1.6,3.0,1,云冀
2026-03-18,毛冬瓜,2.3,1.6,3.0,1,云冀
2026-03-19,毛冬瓜,2.3,1.6,3.0,1,云冀
2026-03-20,毛冬瓜,2.3,1.6,3.0,1,云冀
2026-03-21,毛冬瓜,2.3,1.6,3.0,1,云冀
2026-03-22,毛冬瓜,2.3,1.6,3.0,1,云冀
2026-03-23,毛冬瓜,2.3,1.6,3.0,1,云冀
2026-03-24,毛冬瓜,2.3,1.6,3.0,1,云冀
2026-03-25,毛冬瓜,2.3,1.6,3.0,1,云冀
2026-03-26,毛冬瓜,2.05,1.5,2.6,1,云冀
2026-03-27,毛冬瓜,2.05,1.5,2.6,1,云冀
2026-03-28,毛冬瓜,2.05,1.5,2.6,1,云冀
2026-03-29,毛冬瓜,2.0,1.5,2.5,1,云冀
2026-03-30,毛冬瓜,2.0,1.5,2.5,1,云冀
2026-03-31,毛冬瓜,2.0,1.5,2.5,1,云冀
2026-04-01,毛冬瓜,2.0,1.5,2.5,1,云冀
2026-04-02,毛冬瓜,2.0,1.5,2.5,1,云冀
2026-04-03,毛冬瓜,2.0,1.5,2.5,1,云冀
2026-04-04,毛冬瓜,2.0,1.5,2.5,1,云冀
2026-04-05,毛冬瓜,2.0,1.5,2.5,1,冀
2026-04-06,毛冬瓜,2.0,1.5,2.5,1,冀
2026-04-07,毛冬瓜,2.0,1.5,2.5,1,冀
2026-04-08,毛冬瓜,1.75,1.5,2.0,1,冀
2026-04-09,毛冬瓜,1.75,1.5,2.0,1,冀
2026-04-10,毛冬瓜,1.75,1.5,2.0,1,冀
2026-04-11,毛冬瓜,1.75,1.5,2.0,1,冀
2026-04-12,毛冬瓜,1.75,1.5,2.0,1,冀
2026-04-13,毛冬瓜,1.75,1.5,2.0,1,冀
2026-04-14,毛冬瓜,2.0,1.5,2.5,1,冀
2026-04-15,毛冬瓜,2.0,1.5,2.5,1,冀
2026-04-16,毛冬瓜,2.0,1.5,2.5,1,冀
2026-04-17,毛冬瓜,2.0,1.5,2.5,1,冀
2026-04-18,毛冬瓜,2.0,1.5,2.5,1,冀
2026-04-19,毛冬瓜,1.9,1.5,2.3,1,冀
2026-04-20,毛冬瓜,1.9,1.5,2.3,1,冀
2026-04-21,毛冬瓜,1.9,1.5,2.3,1,冀
2026-04-22,毛冬瓜,1.65,1.5,1.8,1,冀
2026-04-23,毛冬瓜,1.65,1.5,1.8,1,冀
2026-04-24,毛冬瓜,1.65,1.5,1.8,1,冀
2026-04-25,毛冬瓜,1.65,1.5,1.8,1,冀
2026-04-26,毛冬瓜,1.65,1.5,1.8,1,冀
2026-04-27,毛冬瓜,1.4,1.0,1.8,1,冀
2026-04-28,毛冬瓜,1.4,1.0,1.8,1,冀
2026-04-29,毛冬瓜,1.4,1.0,1.8,1,冀
2026-04-30,毛冬瓜,1.4,1.0,1.8,1,冀
2026-05-01,毛冬瓜,1.3,1.0,1.6,1,冀
2026-05-02,毛冬瓜,1.15,0.8,1.5,1,冀
2026-05-03,毛冬瓜,1.15,0.8,1.5,1,冀
2026-05-04,毛冬瓜,1.15,0.8,1.5,1,冀
2026-05-05,毛冬瓜,1.15,1.0,1.3,1,冀
2026-05-06,毛冬瓜,1.15,1.0,1.3,1,冀
2026-05-07,毛冬瓜,1.15,1.0,1.3,1,冀
2026-05-08,毛冬瓜,1.15,1.0,1.3,1,冀
2026-05-09,毛冬瓜,1.15,1.0,1.3,1,冀
2026-05-10,毛冬瓜,1.15,1.0,1.3,1,冀
2026-05-11,毛冬瓜,1.15,1.0,1.3,1,冀
2026-05-12,毛冬瓜,1.15,1.0,1.3,1,冀
2026-05-13,毛冬瓜,1.0,0.9,1.1,1,冀
2026-05-14,毛冬瓜,1.0,0.9,1.1,1,冀
2026-05-15,毛冬瓜,1.0,0.9,1.1,1,冀
2026-05-16,毛冬瓜,0.9,0.8,1.0,1,冀
2026-05-17,毛冬瓜,0.9,0.8,1.0,1,冀
2026-05-18,毛冬瓜,0.9,0.8,1.0,1,冀
2026-05-19,毛冬瓜,0.9,0.8,1.0,1,冀
2026-05-20,毛冬瓜,0.7,0.6,0.8,1,冀
2026-05-21,毛冬瓜,0.7,0.6,0.8,1,冀鲁
2026-05-22,毛冬瓜,0.7,0.6,0.8,1,冀鲁
2026-05-23,毛冬瓜,0.7,0.6,0.8,1,冀鲁
2026-05-24,毛冬瓜,0.8,0.7,0.9,1,冀鲁
2026-05-25,毛冬瓜,0.8,0.7,0.9,1,冀鲁
2026-05-26,毛冬瓜,0.95,0.9,1.0,1,冀鲁
2026-05-27,毛冬瓜,0.9,0.8,1.0,1,冀鲁
2026-05-28,毛冬瓜,0.9,0.8,1.0,1,冀鲁
2026-05-29,毛冬瓜,0.9,0.8,1.0,1,冀鲁
2026-05-30,毛冬瓜,0.9,0.8,1.0,1,冀鲁
2026-05-31,毛冬瓜,0.9,0.8,1.0,1,冀鲁
2026-06-01,毛冬瓜,0.9,0.8,1.0,1,冀鲁
2026-06-02,毛冬瓜,0.9,0.8,1.0,1,冀鲁
2026-06-03,毛冬瓜,0.9,0.8,1.0,1,冀鲁
2026-06-04,毛冬瓜,0.9,0.8,1.0,1,冀鲁
2026-06-05,毛冬瓜,0.9,0.8,1.0,1,冀鲁
2026-06-06,毛冬瓜,0.9,0.8,1.0,1,冀鲁
2026-06-07,毛冬瓜,0.9,0.8,1.0,1,冀鲁
2026-06-08,毛冬瓜,0.9,0.8,1.0,1,冀鲁
2026-06-09,毛冬瓜,0.9,0.8,1.0,1,冀鲁
2026-06-10,毛冬瓜,0.8,0.7,0.9,1,冀鲁
2026-06-11,毛冬瓜,0.8,0.7,0.9,1,冀鲁
2026-06-12,毛冬瓜,0.8,0.7,0.9,1,冀鲁
2026-06-13,毛冬瓜,0.8,0.7,0.9,1,冀鲁
2026-06-14,毛冬瓜,0.8,0.7,0.9,1,冀鲁
2026-06-15,毛冬瓜,0.8,0.7,0.9,1,冀鲁
2026-06-16,毛冬瓜,0.8,0.7,0.9,1,冀鲁
2026-06-17,毛冬瓜,0.8,0.7,0.9,1,冀鲁
2026-06-18,毛冬瓜,0.8,0.7,0.9,1,冀鲁
2026-06-19,毛冬瓜,0.8,0.7,0.9,1,冀鲁
2026-06-20,毛冬瓜,0.8,0.7,0.9,1,冀鲁
2026-06-21,毛冬瓜,0.8,0.7,0.9,1,冀鲁
2026-06-22,毛冬瓜,0.75,0.65,0.85,1,冀鲁
2026-06-23,毛冬瓜,0.75,0.65,0.85,1,冀鲁
2026-06-24,毛冬瓜,0.73,0.65,0.8,1,冀鲁
2026-06-25,毛冬瓜,0.73,0.65,0.8,1,冀鲁
2026-06-26,毛冬瓜,0.73,0.65,0.8,1,冀鲁
2026-06-27,毛冬瓜,0.7,0.6,0.8,1,冀鲁
2026-06-28,毛冬瓜,0.7,0.6,0.8,1,冀鲁
2026-06-29,毛冬瓜,0.7,0.6,0.8,1,冀鲁
2026-06-30,毛冬瓜,0.7,0.6,0.8,1,冀鲁
2026-07-01,毛冬瓜,0.7,0.6,0.8,1,冀鲁
2026-07-02,毛冬瓜,0.7,0.6,0.8,1,冀鲁
2026-07-03,毛冬瓜,0.7,0.6,0.8,1,冀鲁
2026-07-04,毛冬瓜,0.7,0.6,0.8,1,冀鲁
2026-07-05,毛冬瓜,0.7,0.6,0.8,1,冀鲁
2026-07-06,毛冬瓜,0.7,0.6,0.8,1,冀鲁
2026-07-07,毛冬瓜,0.68,0.55,0.8,1,冀鲁
2026-07-08,毛冬瓜,0.68,0.55,0.8,1,冀鲁
2026-07-09,毛冬瓜,0.65,0.5,0.8,1,冀鲁
2026-07-10,毛冬瓜,0.65,0.5,0.8,1,冀鲁
2026-07-11,毛冬瓜,0.65,0.5,0.8,1,冀鲁
2026-07-12,毛冬瓜,0.65,0.5,0.8,1,冀鲁
2026-07-13,毛冬瓜,0.7,0.6,0.8,1,冀鲁
2026-07-14,毛冬瓜,0.7,0.6,0.8,1,冀鲁
2026-07-15,毛冬瓜,0.7,0.6,0.8,1,冀鲁
2026-07-16,毛冬瓜,0.7,0.6,0.8,1,冀鲁
2026-07-17,毛冬瓜,0.7,0.6,0.8,1,冀鲁
2026-07-18,毛冬瓜,0.65,0.5,0.8,1,冀鲁
2026-07-19,毛冬瓜,0.65,0.5,0.8,1,冀鲁
2026-07-20,毛冬瓜,0.65,0.5,0.8,1,冀鲁
2026-07-21,毛冬瓜,0.65,0.5,0.8,1,豫冀鲁
2026-07-22,毛冬瓜,0.68,0.55,0.8,1,豫冀鲁
2026-07-23,毛冬瓜,0.68,0.55,0.8,1,豫冀鲁
2026-07-24,毛冬瓜,0.68,0.55,0.8,1,豫冀鲁
2026-07-25,毛冬瓜,0.65,0.5,0.8,1,冀鲁
2026-07-26,毛冬瓜,0.65,0.5,0.8,1,冀鲁
2026-07-27,毛冬瓜,0.63,0.5,0.75,1,冀鲁
2026-07-28,毛冬瓜,0.63,0.5,0.75,1,冀鲁
2026-07-29,毛冬瓜,0.7,0.5,0.9,1,冀鲁
2026-07-30,毛冬瓜,0.7,0.5,0.9,1,冀鲁
2026-07-31,毛冬瓜,0.7,0.5,0.9,1,冀鲁
2026-08-01,毛冬瓜,0.7,0.5,0.9,1,冀鲁
2026-08-02,毛冬瓜,0.7,0.5,0.9,1,冀鲁
2026-08-03,毛冬瓜,0.7,0.5,0.9,1,冀鲁
2026-08-04,毛冬瓜,0.7,0.5,0.9,1,冀鲁
2026-08-05,毛冬瓜,0.8,0.5,1.1,1,冀鲁豫
2026-08-06,毛冬瓜,0.8,0.5,1.1,1,冀鲁豫
2026-08-07,毛冬瓜,0.8,0.5,1.1,1,冀鲁豫
2026-08-08,毛冬瓜,0.8,0.5,1.1,1,冀鲁豫
2026-08-09,毛冬瓜,0.8,0.5,1.1,1,冀鲁豫
2026-08-10,毛冬瓜,0.8,0.5,1.1,1,冀鲁豫
2026-08-11,毛冬瓜,0.9,0.5,1.3,1,冀鲁豫
2026-01-01,毛豆,5.65,5.5,5.8,1,粤闽
2026-01-02,毛豆,6.4,6.3,6.5,1,粤闽
2026-01-03,毛豆,6.4,6.3,6.5,1,粤闽
2026-01-04,毛豆,6.4,6.3,6.5,1,粤闽
2026-01-05,毛豆,6.4,6.3,6.5,1,粤闽
2026-01-06,毛豆,6.15,6.0,6.3,1,粤闽
2026-01-07,毛豆,5.9,5.8,6.0,1,粤闽
2026-01-08,毛豆,5.9,5.8,6.0,1,粤闽
2026-01-09,毛豆,5.9,5.8,6.0,1,粤闽
2026-01-10,毛豆,5.9,5.8,6.0,1,粤闽
2026-01-11,毛豆,5.65,5.5,5.8,1,粤闽
2026-01-12,毛豆,5.65,5.5,5.8,1,粤闽
2026-01-13,毛豆,6.15,6.0,6.3,1,粤闽
2026-01-14,毛豆,6.15,6.0,6.3,1,粤闽
2026-01-15,毛豆,6.15,6.0,6.3,1,粤闽
2026-01-16,毛豆,6.15,6.0,6.3,1,粤闽
2026-01-17,毛豆,6.15,6.0,6.3,1,粤闽
2026-01-18,毛豆,6.15,6.0,6.3,1,粤闽
2026-01-19,毛豆,6.15,6.0,6.3,1,粤闽
2026-01-20,毛豆,6.15,6.0,6.3,1,粤闽
2026-01-21,毛豆,6.15,6.0,6.3,1,粤闽
2026-01-22,毛豆,6.15,6.0,6.3,1,粤闽
2026-01-23,毛豆,5.65,5.5,5.8,1,粤闽
2026-01-24,毛豆,5.65,5.5,5.8,1,粤闽
2026-01-25,毛豆,5.25,5.0,5.5,1,粤闽
2026-01-26,毛豆,5.0,4.8,5.2,1,粤闽
2026-01-27,毛豆,4.9,4.8,5.0,1,粤闽
2026-01-28,毛豆,4.55,4.3,4.8,1,粤闽
2026-01-29,毛豆,4.55,4.3,4.8,1,粤闽
2026-01-30,毛豆,4.55,4.3,4.8,1,粤闽
2026-01-31,毛豆,4.55,4.3,4.8,1,粤闽
2026-02-01,毛豆,4.05,3.8,4.3,1,云
2026-02-02,毛豆,4.05,3.8,4.3,1,云
2026-02-03,毛豆,4.05,3.8,4.3,1,云
2026-02-04,毛豆,4.05,3.8,4.3,1,云
2026-02-05,毛豆,4.15,3.8,4.5,1,云
2026-02-06,毛豆,4.15,3.8,4.5,1,云
2026-02-07,毛豆,4.15,3.8,4.5,1,云
2026-02-08,毛豆,4.05,3.8,4.3,1,云
2026-02-09,毛豆,4.05,3.8,4.3,1,云
2026-02-10,毛豆,4.05,3.8,4.3,1,云
2026-02-11,毛豆,4.05,3.8,4.3,1,云
2026-02-12,毛豆,4.05,3.8,4.3,1,云
2026-02-13,毛豆,4.05,3.8,4.3,1,云
2026-02-14,毛豆,4.05,3.8,4.3,1,云
2026-02-15,毛豆,4.05,3.8,4.3,1,云
2026-02-16,毛豆,4.05,3.8,4.3,1,云
2026-02-24,毛豆,4.2,4.0,4.4,1,云
2026-02-25,毛豆,4.2,4.0,4.4,1,云
2026-02-26,毛豆,4.15,3.9,4.4,1,云
2026-02-27,毛豆,4.15,3.9,4.4,1,云
2026-02-28,毛豆,4.15,3.9,4.4,1,云
2026-03-01,毛豆,3.75,3.5,4.0,1,云
2026-03-02,毛豆,3.55,3.5,3.6,1,云
2026-03-03,毛豆,3.1,3.0,3.2,1,云
2026-03-04,毛豆,3.35,3.2,3.5,1,海
2026-03-05,毛豆,3.55,3.5,3.6,1,海
2026-03-06,毛豆,3.4,3.3,3.5,1,海
2026-03-07,毛豆,3.4,3.3,3.5,1,海
2026-03-08,毛豆,3.15,3.0,3.3,1,海
2026-03-09,毛豆,2.9,2.8,3.0,1,海
2026-03-10,毛豆,2.9,2.8,3.0,1,海
2026-03-11,毛豆,2.9,2.8,3.0,1,海
2026-03-12,毛豆,2.65,2.3,3.0,1,海
2026-03-13,毛豆,2.65,2.5,2.8,1,海
2026-03-14,毛豆,2.5,2.3,2.7,1,海
2026-03-15,毛豆,2.7,2.6,2.8,1,海
2026-03-16,毛豆,2.7,2.6,2.8,1,海
2026-03-17,毛豆,2.9,2.8,3.0,1,海
2026-03-18,毛豆,2.95,2.8,3.1,1,海
2026-03-19,毛豆,2.8,2.5,3.1,1,海
2026-03-20,毛豆,2.75,2.5,3.0,1,海
2026-03-21,毛豆,2.75,2.5,3.0,1,海
2026-03-22,毛豆,2.75,2.5,3.0,1,海
2026-03-23,毛豆,3.15,3.0,3.3,1,海
2026-03-24,毛豆,3.4,3.3,3.5,1,海
2026-03-25,毛豆,3.4,3.3,3.5,1,海
2026-03-26,毛豆,3.4,3.3,3.5,1,海
2026-03-27,毛豆,3.15,3.0,3.3,1,海
2026-03-28,毛豆,3.0,2.9,3.1,1,海
2026-03-29,毛豆,2.95,2.8,3.1,1,海
2026-03-30,毛豆,2.95,2.8,3.1,1,海
2026-03-31,毛豆,2.95,2.8,3.1,1,海
2026-04-01,毛豆,2.95,2.8,3.1,1,海
2026-04-02,毛豆,2.8,2.5,3.1,1,海
2026-04-03,毛豆,3.0,2.5,3.5,1,海
2026-04-04,毛豆,3.0,2.5,3.5,1,海
2026-04-05,毛豆,3.0,2.5,3.5,1,海
2026-04-06,毛豆,3.0,2.5,3.5,1,海
2026-04-07,毛豆,2.9,2.5,3.3,1,海
2026-04-08,毛豆,2.8,2.3,3.3,1,海
2026-04-09,毛豆,2.8,2.3,3.3,1,海
2026-04-10,毛豆,2.8,2.3,3.3,1,海
2026-04-11,毛豆,2.5,2.0,3.0,1,海
2026-04-12,毛豆,2.5,2.0,3.0,1,海
2026-04-13,毛豆,2.5,2.0,3.0,1,海
2026-04-14,毛豆,2.5,2.0,3.0,1,海
2026-04-15,毛豆,2.5,2.0,3.0,1,海
2026-04-16,毛豆,2.45,2.0,2.9,1,海
2026-04-17,毛豆,2.45,2.0,2.9,1,海
2026-04-18,毛豆,2.45,2.0,2.9,1,海
2026-04-19,毛豆,2.65,2.3,3.0,1,海
2026-04-20,毛豆,2.85,2.5,3.2,1,海
2026-04-21,毛豆,2.85,2.5,3.2,1,海
2026-04-22,毛豆,2.85,2.5,3.2,1,海
2026-04-23,毛豆,3.0,2.5,3.5,1,海
2026-04-24,毛豆,3.15,2.5,3.8,1,粤
2026-04-25,毛豆,3.25,2.5,4.0,1,粤
2026-04-26,毛豆,4.75,4.5,5.0,1,粤
2026-04-27,毛豆,5.25,5.0,5.5,1,粤
2026-04-28,毛豆,5.15,4.5,5.8,1,粤
2026-04-29,毛豆,4.55,3.8,5.3,1,云粤
2026-04-30,毛豆,4.25,3.5,5.0,1,云粤
2026-05-01,毛豆,4.25,3.5,5.0,1,云粤
2026-05-02,毛豆,5.0,4.5,5.5,1,云粤
2026-05-03,毛豆,4.75,4.0,5.5,1,云粤
2026-05-04,毛豆,4.75,4.0,5.5,1,云粤
2026-05-05,毛豆,4.3,3.3,5.3,1,云粤
2026-05-06,毛豆,4.25,3.5,5.0,1,云粤
2026-05-07,毛豆,4.15,3.5,4.8,1,云粤
2026-05-08,毛豆,4.15,3.5,4.8,1,云粤
2026-05-09,毛豆,3.9,3.3,4.5,1,云粤
2026-05-10,毛豆,3.9,3.3,4.5,1,云粤
2026-05-11,毛豆,3.65,3.0,4.3,1,云粤
2026-05-12,毛豆,4.0,3.5,4.5,1,云粤
2026-05-13,毛豆,4.4,3.8,5.0,1,云粤
2026-05-14,毛豆,4.5,4.0,5.0,1,云粤
2026-05-15,毛豆,4.15,3.5,4.8,1,云粤
2026-05-16,毛豆,4.15,3.5,4.8,1,云粤
2026-05-17,毛豆,4.5,4.0,5.0,1,云粤
2026-05-18,毛豆,4.7,4.2,5.2,1,云粤
2026-05-19,毛豆,4.7,4.2,5.2,1,云
2026-05-20,毛豆,4.9,4.5,5.3,1,云
2026-05-21,毛豆,4.75,4.5,5.0,1,云
2026-05-22,毛豆,4.75,4.5,5.0,1,云
2026-05-23,毛豆,4.75,4.5,5.0,1,云
2026-05-24,毛豆,4.5,4.0,5.0,1,云
2026-05-25,毛豆,4.5,4.0,5.0,1,云
2026-05-26,毛豆,4.5,4.0,5.0,1,云
2026-05-27,毛豆,4.5,4.0,5.0,1,徽云川
2026-05-28,毛豆,4.4,4.0,4.8,1,徽云川
2026-05-29,毛豆,4.25,4.0,4.5,1,徽云川
2026-05-30,毛豆,4.25,4.0,4.5,1,徽云川
2026-05-31,毛豆,4.15,3.8,4.5,1,徽云川
2026-06-01,毛豆,4.35,4.2,4.5,1,徽云川
2026-06-02,毛豆,4.35,4.2,4.5,1,徽云川
2026-06-03,毛豆,4.15,3.8,4.5,1,徽云川
2026-06-04,毛豆,4.05,3.8,4.3,1,徽云川
2026-06-05,毛豆,4.05,3.8,4.3,1,徽云川
2026-06-06,毛豆,4.05,3.8,4.3,1,徽云川
2026-06-07,毛豆,3.75,3.5,4.0,1,徽川
2026-06-08,毛豆,4.0,3.8,4.2,1,徽川
2026-06-09,毛豆,3.75,3.5,4.0,1,徽川
2026-06-10,毛豆,3.75,3.5,4.0,1,徽川
2026-06-11,毛豆,3.75,3.5,4.0,1,徽川
2026-06-12,毛豆,3.75,3.5,4.0,1,徽川
2026-06-13,毛豆,3.75,3.5,4.0,1,徽川
2026-06-14,毛豆,3.75,3.5,4.0,1,徽川
2026-06-15,毛豆,3.4,3.0,3.8,1,徽川
2026-06-16,毛豆,3.3,3.0,3.6,1,徽川
2026-06-17,毛豆,3.3,3.0,3.6,1,徽川
2026-06-18,毛豆,2.9,2.5,3.3,1,徽川
2026-06-19,毛豆,2.9,2.5,3.3,1,徽川
2026-06-20,毛豆,3.15,2.8,3.5,1,徽川
2026-06-21,毛豆,2.95,2.5,3.4,1,徽川
2026-06-22,毛豆,2.95,2.5,3.4,1,徽川
2026-06-23,毛豆,2.6,2.2,3.0,1,冀徽川
2026-06-24,毛豆,2.4,2.0,2.8,1,冀徽川
2026-06-25,毛豆,2.45,2.1,2.8,1,冀徽川
2026-06-26,毛豆,2.45,2.1,2.8,1,冀徽川
2026-06-27,毛豆,2.45,2.1,2.8,1,冀徽川
2026-06-28,毛豆,2.25,2.0,2.5,1,冀徽川
2026-06-29,毛豆,2.25,2.0,2.5,1,冀徽川
2026-06-30,毛豆,2.1,1.9,2.3,1,冀徽川
2026-07-01,毛豆,2.0,1.9,2.1,1,冀徽川
2026-07-02,毛豆,1.9,1.8,2.0,1,冀徽川
2026-07-03,毛豆,1.9,1.8,2.0,1,冀徽川
2026-07-04,毛豆,1.9,1.8,2.0,1,冀徽川
2026-07-05,毛豆,1.9,1.8,2.0,1,冀徽川
2026-07-06,毛豆,2.1,1.9,2.3,1,冀徽川
2026-07-07,毛豆,2.08,1.9,2.25,1,冀徽川
2026-07-08,毛豆,1.8,1.6,2.0,1,冀徽川
2026-07-09,毛豆,1.8,1.6,2.0,1,冀徽川
2026-07-10,毛豆,1.8,1.6,2.0,1,冀徽川
2026-07-11,毛豆,1.8,1.6,2.0,1,冀徽川
2026-07-12,毛豆,1.95,1.8,2.1,1,冀徽川
2026-07-13,毛豆,2.05,1.8,2.3,1,冀徽川
2026-07-14,毛豆,2.05,1.8,2.3,1,冀徽川
2026-07-15,毛豆,2.05,1.8,2.3,1,冀徽川
2026-07-16,毛豆,1.95,1.8,2.1,1,冀徽川
2026-07-17,毛豆,1.95,1.8,2.1,1,冀徽川
2026-07-18,毛豆,1.95,1.8,2.1,1,冀徽川
2026-07-19,毛豆,1.95,1.8,2.1,1,冀徽川
2026-07-20,毛豆,1.95,1.8,2.1,1,冀徽川
2026-07-21,毛豆,2.05,1.8,2.3,1,冀徽川
2026-07-22,毛豆,2.05,1.8,2.3,1,冀徽川
2026-07-23,毛豆,2.05,1.8,2.3,1,冀徽川
2026-07-24,毛豆,2.4,2.0,2.8,1,冀徽川
2026-07-25,毛豆,2.55,2.3,2.8,1,冀徽川
2026-07-26,毛豆,2.75,2.5,3.0,1,冀徽川
2026-07-27,毛豆,2.55,2.3,2.8,1,冀徽川
2026-07-28,毛豆,2.4,2.0,2.8,1,冀徽川
2026-07-29,毛豆,2.4,2.0,2.8,1,冀徽川
2026-07-30,毛豆,2.4,2.0,2.8,1,冀徽川
2026-07-31,毛豆,2.4,2.0,2.8,1,冀徽川
2026-08-01,毛豆,2.65,2.3,3.0,1,冀徽川
2026-08-02,毛豆,2.7,2.5,2.9,1,冀徽川
2026-08-03,毛豆,2.6,2.3,2.9,1,冀徽川
2026-08-04,毛豆,2.6,2.3,2.9,1,冀徽川
2026-08-05,毛豆,2.65,2.3,3.0,1,冀徽川
2026-08-06,毛豆,2.65,2.3,3.0,1,冀徽川
2026-08-07,毛豆,2.65,2.3,3.0,1,冀徽川
2026-08-08,毛豆,2.65,2.3,3.0,1,冀徽川
2026-08-09,毛豆,2.65,2.3,3.0,1,冀徽川
2026-08-10,毛豆,2.8,2.3,3.3,1,冀徽川
2026-08-11,毛豆,2.9,2.5,3.3,1,冀徽川
2026-01-10,毛豆仁,16.5,16.0,17.0,1,
2026-01-20,毛豆仁,16.5,16.0,17.0,1,
2026-01-31,毛豆仁,15.5,15.0,16.0,1,
2026-02-10,毛豆仁,16.25,16.0,16.5,1,
2026-02-28,毛豆仁,17.25,17.0,17.5,1,
2026-03-10,毛豆仁,15.5,15.0,16.0,1,
2026-03-20,毛豆仁,14.5,14.0,15.0,1,
2026-03-31,毛豆仁,13.5,13.0,14.0,1,
2026-04-10,毛豆仁,13.5,13.0,14.0,1,
2026-04-20,毛豆仁,14.5,14.0,15.0,1,
2026-04-30,毛豆仁,15.5,15.0,16.0,1,
2026-05-10,毛豆仁,15.5,15.0,16.0,1,
2026-05-20,毛豆仁,14.5,14.0,15.0,1,
2026-05-31,毛豆仁,15.5,15.0,16.0,1,
2026-06-10,毛豆仁,15.5,15.0,16.0,1,
2026-06-20,毛豆仁,14.5,14.0,15.0,1,
2026-06-30,毛豆仁,15.5,15.0,16.0,1,
2026-07-10,毛豆仁,14.5,14.0,15.0,1,
2026-07-20,毛豆仁,15.5,15.0,16.0,1,
2026-07-31,毛豆仁,15.5,15.0,16.0,1,
2026-08-10,毛豆仁,14.5,14.0,15.0,1,
2026-01-01,水萝卜,4.15,3.8,4.5,1,
2026-01-02,水萝卜,4.15,3.8,4.5,1,
2026-01-05,水萝卜,4.15,3.8,4.5,1,
2026-01-06,水萝卜,3.0,2.5,3.5,1,
2026-01-07,水萝卜,3.0,2.5,3.5,1,
2026-01-08,水萝卜,3.0,2.5,3.5,1,
2026-01-09,水萝卜,3.0,2.5,3.5,1,
2026-01-12,水萝卜,3.0,2.5,3.5,1,
2026-01-13,水萝卜,3.0,2.5,3.5,1,
2026-01-14,水萝卜,3.0,2.5,3.5,1,
2026-01-15,水萝卜,3.05,2.6,3.5,1,
2026-01-16,水萝卜,3.05,2.6,3.5,1,
2026-01-19,水萝卜,3.05,2.6,3.5,1,
2026-01-20,水萝卜,3.05,2.6,3.5,1,
2026-01-21,水萝卜,3.05,2.6,3.5,1,
2026-01-22,水萝卜,3.05,2.6,3.5,1,
2026-01-23,水萝卜,3.05,2.6,3.5,1,
2026-01-26,水萝卜,3.05,2.6,3.5,1,
2026-01-27,水萝卜,3.05,2.6,3.5,1,
2026-01-28,水萝卜,3.05,2.6,3.5,1,
2026-01-29,水萝卜,3.05,2.6,3.5,1,
2026-01-30,水萝卜,3.05,2.6,3.5,1,
2026-02-02,水萝卜,3.05,2.6,3.5,1,
2026-02-03,水萝卜,3.05,2.6,3.5,1,
2026-02-04,水萝卜,3.05,2.6,3.5,1,
2026-02-05,水萝卜,3.05,2.6,3.5,1,
2026-02-06,水萝卜,3.05,2.6,3.5,1,
2026-02-09,水萝卜,3.3,2.6,4.0,1,
2026-02-10,水萝卜,3.3,2.6,4.0,1,
2026-02-11,水萝卜,3.3,2.6,4.0,1,
2026-02-12,水萝卜,3.3,2.6,4.0,1,
2026-02-13,水萝卜,3.3,2.6,4.0,1,
2026-02-24,水萝卜,3.05,2.6,3.5,1,
2026-02-25,水萝卜,3.05,2.6,3.5,1,
2026-02-26,水萝卜,2.8,2.6,3.0,1,
2026-02-27,水萝卜,2.75,2.5,3.0,1,
2026-03-02,水萝卜,3.15,2.8,3.5,1,
2026-03-03,水萝卜,3.15,2.8,3.5,1,
2026-03-04,水萝卜,2.45,1.5,3.5,2,鲁
2026-03-05,水萝卜,2.2,1.2,3.5,2,鲁
2026-03-06,水萝卜,2.2,1.2,3.5,2,鲁
2026-03-07,水萝卜,1.25,1.2,1.3,1,鲁
2026-03-08,水萝卜,1.25,1.2,1.3,1,鲁
2026-03-09,水萝卜,2.2,1.2,3.5,2,鲁
2026-03-10,水萝卜,2.2,1.2,3.5,2,鲁
2026-03-11,水萝卜,2.05,1.2,3.2,2,鲁
2026-03-12,水萝卜,2.125,1.2,3.5,2,鲁
2026-03-13,水萝卜,2.2,1.3,3.5,2,鲁
2026-03-14,水萝卜,1.65,1.5,1.8,1,鲁
2026-03-15,水萝卜,1.65,1.5,1.8,1,鲁
2026-03-16,水萝卜,2.325,1.5,3.5,2,鲁
2026-03-17,水萝卜,2.575,1.5,4.0,2,鲁
2026-03-18,水萝卜,2.575,1.5,4.0,2,鲁
2026-03-19,水萝卜,2.575,1.5,4.0,2,鲁
2026-03-20,水萝卜,2.575,1.5,4.0,2,鲁
2026-03-21,水萝卜,1.65,1.5,1.8,1,鲁
2026-03-22,水萝卜,1.65,1.5,1.8,1,鲁
2026-03-23,水萝卜,2.575,1.5,4.0,2,鲁
2026-03-24,水萝卜,2.475,1.3,4.0,2,鲁
2026-03-25,水萝卜,2.475,1.3,4.0,2,鲁
2026-03-26,水萝卜,2.475,1.3,4.0,2,鲁
2026-03-27,水萝卜,2.41,1.03,4.0,2,鲁
2026-03-28,水萝卜,1.45,1.3,1.6,1,鲁
2026-03-29,水萝卜,1.45,1.3,1.6,1,鲁
2026-03-30,水萝卜,2.25,1.3,3.7,2,鲁
2026-03-31,水萝卜,2.25,1.3,3.7,2,鲁
2026-04-01,水萝卜,2.075,1.3,3.0,2,鲁
2026-04-02,水萝卜,2.075,1.3,3.0,2,鲁
2026-04-03,水萝卜,2.075,1.3,3.0,2,鲁
2026-04-04,水萝卜,1.4,1.3,1.5,1,鲁
2026-04-05,水萝卜,1.4,1.3,1.5,1,鲁
2026-04-06,水萝卜,1.95,1.3,3.0,2,鲁
2026-04-07,水萝卜,1.825,1.3,2.5,2,鲁
2026-04-08,水萝卜,1.825,1.3,2.5,2,鲁
2026-04-09,水萝卜,1.825,1.3,2.5,2,鲁
2026-04-10,水萝卜,1.825,1.3,2.5,2,鲁
2026-04-11,水萝卜,1.4,1.3,1.5,1,鲁
2026-04-12,水萝卜,1.15,1.0,1.3,1,鲁
2026-04-13,水萝卜,1.8,1.0,2.7,2,鲁
2026-04-14,水萝卜,1.65,1.0,2.5,2,鲁
2026-04-15,水萝卜,1.575,1.0,2.5,2,鲁
2026-04-16,水萝卜,1.35,0.9,2.0,2,鲁
2026-04-17,水萝卜,1.35,0.9,2.0,2,鲁
2026-04-18,水萝卜,0.95,0.9,1.0,1,鲁
2026-04-19,水萝卜,0.95,0.9,1.0,1,鲁
2026-04-20,水萝卜,1.45,0.9,2.2,2,鲁
2026-04-21,水萝卜,1.325,0.8,2.0,2,鲁
2026-04-22,水萝卜,1.325,0.8,2.0,2,鲁
2026-04-23,水萝卜,1.325,0.8,2.0,2,鲁
2026-04-24,水萝卜,1.325,0.8,2.0,2,鲁
2026-04-25,水萝卜,0.9,0.8,1.0,1,鲁
2026-04-26,水萝卜,0.9,0.8,1.0,1,鲁
2026-04-27,水萝卜,1.425,1.0,2.0,2,冀
2026-04-28,水萝卜,1.3,1.0,1.8,2,冀
2026-04-29,水萝卜,1.225,0.9,1.8,2,冀
2026-04-30,水萝卜,1.15,0.9,1.5,2,冀
2026-05-01,水萝卜,1.15,0.9,1.5,2,冀
2026-05-02,水萝卜,0.95,0.9,1.0,1,冀
2026-05-03,水萝卜,0.95,0.9,1.0,1,冀
2026-05-04,水萝卜,1.275,0.7,2.0,2,冀
2026-05-05,水萝卜,1.275,0.7,2.0,2,冀
2026-05-06,水萝卜,1.525,0.7,2.3,2,冀
2026-05-07,水萝卜,1.525,0.7,2.3,2,冀
2026-05-08,水萝卜,1.075,0.7,1.5,2,冀
2026-05-09,水萝卜,0.8,0.7,0.9,1,冀
2026-05-10,水萝卜,0.8,0.7,0.9,1,冀
2026-05-11,水萝卜,1.325,0.6,2.2,2,冀
2026-05-12,水萝卜,1.275,0.6,2.3,2,冀
2026-05-13,水萝卜,1.2,0.6,2.2,2,冀
2026-05-14,水萝卜,1.1,0.6,1.8,2,冀
2026-05-15,水萝卜,1.1,0.6,1.8,2,冀
2026-05-16,水萝卜,0.65,0.6,0.7,1,冀
2026-05-17,水萝卜,0.65,0.6,0.7,1,冀
2026-05-18,水萝卜,1.15,0.6,1.9,2,冀
2026-05-19,水萝卜,1.2,0.6,2.0,2,冀
2026-05-20,水萝卜,1.2,0.6,2.0,2,冀
2026-05-21,水萝卜,1.2,0.6,2.0,2,冀
2026-05-22,水萝卜,1.2,0.6,2.0,2,冀
2026-05-23,水萝卜,0.65,0.6,0.7,1,冀
2026-05-24,水萝卜,0.65,0.6,0.7,1,冀
2026-05-25,水萝卜,1.45,0.6,2.5,2,冀
2026-05-26,水萝卜,1.625,0.6,2.7,2,冀
2026-05-27,水萝卜,1.525,0.6,2.5,2,冀
2026-05-28,水萝卜,1.45,0.6,2.5,2,冀
2026-05-29,水萝卜,1.575,0.6,2.8,2,冀
2026-05-30,水萝卜,0.65,0.6,0.7,1,冀
2026-05-31,水萝卜,0.65,0.6,0.7,1,冀
2026-06-01,水萝卜,1.575,0.6,2.8,2,冀
2026-06-02,水萝卜,2.25,2.0,2.5,1,
2026-06-03,水萝卜,2.25,2.0,2.5,1,
2026-06-04,水萝卜,2.25,2.0,2.5,1,
2026-06-05,水萝卜,2.25,2.0,2.5,1,
2026-06-08,水萝卜,2.75,2.5,3.0,1,
2026-06-09,水萝卜,2.25,2.0,2.5,1,
2026-06-10,水萝卜,2.15,2.0,2.3,1,
2026-06-11,水萝卜,2.1,2.0,2.2,1,
2026-06-12,水萝卜,1.9,1.8,2.0,1,
2026-06-15,水萝卜,1.8,1.6,2.0,1,
2026-06-16,水萝卜,1.8,1.6,2.0,1,
2026-06-17,水萝卜,1.7,1.6,1.8,1,
2026-06-18,水萝卜,1.65,1.5,1.8,1,
2026-06-19,水萝卜,1.4,1.3,1.5,1,
2026-06-22,水萝卜,2.25,2.0,2.5,1,
2026-06-23,水萝卜,2.25,2.0,2.5,1,
2026-06-24,水萝卜,2.25,2.0,2.5,1,
2026-06-25,水萝卜,1.9,1.8,2.0,1,
2026-06-26,水萝卜,1.9,1.8,2.0,1,
2026-06-29,水萝卜,2.45,2.2,2.7,1,
2026-06-30,水萝卜,2.35,2.2,2.5,1,
2026-07-01,水萝卜,2.35,2.2,2.5,1,
2026-07-02,水萝卜,2.2,2.0,2.4,1,
2026-07-03,水萝卜,2.2,2.0,2.4,1,
2026-07-06,水萝卜,2.2,2.0,2.4,1,
2026-07-07,水萝卜,2.25,2.0,2.5,1,
2026-07-08,水萝卜,2.25,2.0,2.5,1,
2026-07-09,水萝卜,2.25,2.0,2.5,1,
2026-07-10,水萝卜,2.25,2.0,2.5,1,
2026-07-13,水萝卜,2.35,2.2,2.5,1,
2026-07-14,水萝卜,2.35,2.2,2.5,1,
2026-07-15,水萝卜,2.55,2.3,2.8,1,
2026-07-16,水萝卜,2.55,2.3,2.8,1,
2026-07-17,水萝卜,2.55,2.3,2.8,1,
2026-07-20,水萝卜,2.55,2.3,2.8,1,
2026-07-21,水萝卜,2.65,2.5,2.8,1,
2026-07-22,水萝卜,2.65,2.5,2.8,1,
2026-07-23,水萝卜,2.65,2.5,2.8,1,
2026-07-24,水萝卜,2.65,2.5,2.8,1,
2026-07-27,水萝卜,3.1,2.7,3.5,1,
2026-07-28,水萝卜,3.1,2.7,3.5,1,
2026-07-29,水萝卜,3.1,2.7,3.5,1,
2026-07-30,水萝卜,3.1,2.7,3.5,1,
2026-07-31,水萝卜,3.1,2.7,3.5,1,
2026-08-03,水萝卜,3.1,2.7,3.5,1,
2026-08-04,水萝卜,3.0,2.5,3.5,1,
2026-08-05,水萝卜,3.0,2.5,3.5,1,
2026-08-06,水萝卜,3.0,2.5,3.5,1,
2026-08-07,水萝卜,3.0,2.5,3.5,1,
2026-08-10,水萝卜,3.0,2.5,3.5,1,
2026-08-11,水萝卜,3.0,2.5,3.5,1,
2026-01-10,沙葁,11.5,11.0,12.0,1,
2026-01-20,沙葁,11.5,11.0,12.0,1,
2026-01-31,沙葁,12.5,12.0,13.0,1,
2026-02-10,沙葁,12.5,12.0,13.0,1,
2026-02-28,沙葁,12.5,12.0,13.0,1,
2026-03-10,沙葁,11.5,11.0,12.0,1,
2026-03-20,沙葁,10.5,10.0,11.0,1,
2026-03-31,沙葁,10.5,10.0,11.0,1,
2026-04-10,沙葁,9.5,9.0,10.0,1,
2026-04-20,沙葁,9.5,9.0,10.0,1,
2026-04-30,沙葁,9.5,9.0,10.0,1,
2026-05-10,沙葁,10.25,10.0,10.5,1,
2026-05-20,沙葁,11.5,11.0,12.0,1,
2026-05-31,沙葁,12.5,12.0,13.0,1,
2026-06-10,沙葁,13.5,13.0,14.0,1,
2026-06-20,沙葁,12.5,12.0,13.0,1,
2026-06-30,沙葁,13.5,13.0,14.0,1,
2026-07-10,沙葁,13.5,13.0,14.0,1,
2026-07-20,沙葁,13.5,13.0,14.0,1,
2026-07-31,沙葁,13.5,13.0,14.0,1,
2026-08-10,沙葁,12.5,12.0,13.0,1,
2026-01-01,油菜,1.1,0.8,1.5,2,鲁京皖苏川
2026-01-02,油菜,1.375,0.8,2.0,2,鲁京皖苏川
2026-01-03,油菜,1.1,0.9,1.3,1,鲁京皖苏川
2026-01-04,油菜,1.1,0.9,1.3,1,鲁京皖苏川
2026-01-05,油菜,1.125,0.8,1.5,2,鲁京皖苏川
2026-01-06,油菜,1.075,0.7,1.4,2,鲁京皖苏川
2026-01-07,油菜,1.025,0.7,1.3,2,鲁京皖苏川
2026-01-08,油菜,1.025,0.7,1.3,2,鲁京皖苏川
2026-01-09,油菜,1.025,0.7,1.3,2,鲁京皖苏川
2026-01-10,油菜,1.05,0.9,1.2,1,鲁京皖苏川
2026-01-11,油菜,1.05,0.9,1.2,1,鲁京皖苏川
2026-01-12,油菜,0.975,0.7,1.2,2,鲁京皖苏川
2026-01-13,油菜,1.025,0.7,1.3,2,鲁京皖苏川
2026-01-14,油菜,1.025,0.7,1.3,2,鲁京皖苏川
2026-01-15,油菜,1.05,0.7,1.3,2,鲁京皖苏川
2026-01-16,油菜,1.1,0.7,1.4,2,鲁京皖苏川
2026-01-17,油菜,1.35,1.2,1.5,1,鲁京皖
2026-01-18,油菜,1.35,1.2,1.5,1,鲁京皖
2026-01-19,油菜,1.225,0.8,1.5,2,鲁京皖
2026-01-20,油菜,1.3,0.9,1.6,2,鲁京皖
2026-01-21,油菜,1.3,0.9,1.6,2,鲁京皖
2026-01-22,油菜,1.275,0.8,1.6,2,鲁京皖
2026-01-23,油菜,1.65,1.2,2.5,2,鲁京皖
2026-01-24,油菜,1.35,1.2,1.5,1,鲁京皖
2026-01-25,油菜,1.35,1.2,1.5,1,鲁京皖
2026-01-26,油菜,1.25,0.8,1.5,2,鲁京皖
2026-01-27,油菜,1.25,0.8,1.5,2,鲁京皖
2026-01-28,油菜,1.25,0.8,1.5,2,鲁京皖
2026-01-29,油菜,1.15,0.8,1.5,2,鲁京皖
2026-01-30,油菜,1.15,0.8,1.5,2,鲁京皖
2026-01-31,油菜,1.0,0.8,1.2,1,鲁京皖
2026-02-01,油菜,1.0,0.8,1.2,1,鲁京皖
2026-02-02,油菜,1.0,0.7,1.3,2,鲁京皖
2026-02-03,油菜,1.025,0.7,1.3,2,鲁京皖
2026-02-04,油菜,1.025,0.7,1.3,2,鲁京皖
2026-02-05,油菜,1.025,0.7,1.3,2,鲁京皖
2026-02-06,油菜,1.175,0.9,1.6,2,鲁京皖
2026-02-07,油菜,1.0,0.9,1.1,1,鲁京皖
2026-02-08,油菜,1.0,0.9,1.1,1,鲁京皖
2026-02-09,油菜,1.15,0.9,1.6,2,鲁京皖
2026-02-10,油菜,1.25,0.9,2.0,2,鲁京皖
2026-02-11,油菜,1.45,0.9,2.3,2,鲁京皖
2026-02-12,油菜,1.5,0.9,2.5,2,鲁京皖
2026-02-13,油菜,1.25,0.7,2.5,4,鲁京皖
2026-02-14,油菜,1.05,0.9,1.2,1,鲁京皖
2026-02-15,油菜,1.05,0.9,1.2,1,鲁京皖
2026-02-16,油菜,1.05,0.9,1.2,1,鲁京皖
2026-02-24,油菜,1.525,0.9,2.5,2,鲁京皖
2026-02-25,油菜,1.525,0.9,2.5,2,鲁京皖
2026-02-26,油菜,1.475,0.8,2.5,2,鲁京皖
2026-02-27,油菜,1.475,0.8,2.5,2,鲁京皖
2026-02-28,油菜,0.9,0.8,1.0,1,鲁京皖
2026-03-01,油菜,0.9,0.8,1.0,1,鲁京皖
2026-03-02,油菜,1.025,0.8,1.5,2,鲁京皖
2026-03-03,油菜,0.925,0.7,1.3,2,鲁京皖
2026-03-04,油菜,0.875,0.7,1.3,2,鲁京皖
2026-03-05,油菜,0.875,0.7,1.3,2,鲁京皖
2026-03-06,油菜,0.875,0.7,1.3,2,鲁京皖
2026-03-07,油菜,0.75,0.7,0.8,1,鲁京皖
2026-03-08,油菜,0.8,0.7,0.9,1,鲁京皖
2026-03-09,油菜,0.9,0.7,1.2,2,鲁京皖
2026-03-10,油菜,0.9,0.7,1.2,2,鲁京皖
2026-03-11,油菜,0.975,0.7,1.3,2,鲁京皖
2026-03-12,油菜,1.0,0.7,1.3,2,鲁京皖
2026-03-13,油菜,0.975,0.7,1.3,2,鲁京皖
2026-03-14,油菜,0.85,0.7,1.0,1,鲁京皖
2026-03-15,油菜,0.85,0.7,1.0,1,鲁京皖
2026-03-16,油菜,0.95,0.7,1.3,2,鲁京皖
2026-03-17,油菜,0.95,0.7,1.3,2,鲁京皖
2026-03-18,油菜,0.925,0.6,1.3,2,鲁京皖
2026-03-19,油菜,0.925,0.6,1.3,2,鲁京皖
2026-03-20,油菜,0.925,0.6,1.3,2,鲁京皖
2026-03-21,油菜,0.85,0.7,1.0,1,鲁京皖
2026-03-22,油菜,0.85,0.7,1.0,1,鲁京皖
2026-03-23,油菜,0.85,0.5,1.2,2,鲁京皖
2026-03-24,油菜,0.85,0.5,1.2,2,鲁京皖
2026-03-25,油菜,0.85,0.5,1.2,2,鲁京皖
2026-03-26,油菜,0.825,0.5,1.1,2,鲁京皖
2026-03-27,油菜,0.825,0.5,1.1,2,鲁京皖
2026-03-28,油菜,0.85,0.7,1.0,1,鲁京皖
2026-03-29,油菜,0.7,0.6,0.8,1,鲁京皖
2026-03-30,油菜,0.75,0.5,1.1,2,鲁京皖
2026-03-31,油菜,0.75,0.5,1.1,2,鲁京皖
2026-04-01,油菜,0.75,0.5,1.1,2,鲁京皖
2026-04-02,油菜,0.8,0.5,1.3,2,鲁京皖
2026-04-03,油菜,0.925,0.6,1.5,2,鲁京皖
2026-04-04,油菜,0.7,0.6,0.8,1,鲁京皖
2026-04-05,油菜,0.7,0.6,0.8,1,鲁京皖
2026-04-06,油菜,0.725,0.5,1.0,2,鲁京皖
2026-04-07,油菜,0.85,0.6,1.3,2,鲁京皖
2026-04-08,油菜,0.85,0.6,1.3,2,鲁京皖
2026-04-09,油菜,1.025,0.8,1.3,2,鲁京皖
2026-04-10,油菜,0.975,0.7,1.3,2,鲁京皖
2026-04-11,油菜,0.8,0.7,0.9,1,鲁京皖
2026-04-12,油菜,0.8,0.7,0.9,1,鲁京皖
2026-04-13,油菜,0.925,0.7,1.2,2,鲁京
2026-04-14,油菜,0.925,0.7,1.2,2,鲁京
2026-04-15,油菜,0.975,0.7,1.2,2,鲁京
2026-04-16,油菜,0.925,0.7,1.2,2,鲁京
2026-04-17,油菜,0.875,0.7,1.2,2,鲁京
2026-04-18,油菜,0.8,0.7,0.9,1,鲁京
2026-04-19,油菜,0.8,0.7,0.9,1,鲁京
2026-04-20,油菜,0.875,0.7,1.2,2,鲁京
2026-04-21,油菜,0.875,0.7,1.2,2,鲁京
2026-04-22,油菜,0.975,0.7,1.5,2,鲁京
2026-04-23,油菜,0.975,0.7,1.5,2,鲁京
2026-04-24,油菜,0.975,0.7,1.5,2,鲁京
2026-04-25,油菜,0.8,0.7,0.9,1,鲁京
2026-04-26,油菜,0.9,0.8,1.0,1,鲁京
2026-04-27,油菜,0.925,0.7,1.2,2,鲁京
2026-04-28,油菜,1.0,0.7,1.5,2,鲁京
2026-04-29,油菜,1.0,0.7,1.5,2,鲁京
2026-04-30,油菜,1.0,0.7,1.5,2,鲁京
2026-05-01,油菜,1.0,0.7,1.5,2,鲁京
2026-05-02,油菜,0.9,0.8,1.0,1,鲁京
2026-05-03,油菜,0.9,0.8,1.0,1,鲁京
2026-05-04,油菜,1.025,0.8,1.5,2,鲁京
2026-05-05,油菜,1.0,0.7,1.3,2,鲁京
2026-05-06,油菜,1.1,0.9,1.5,2,鲁京
2026-05-07,油菜,0.975,0.7,1.3,2,鲁京
2026-05-08,油菜,1.0,0.7,1.5,2,鲁京
2026-05-09,油菜,0.9,0.8,1.0,1,鲁京
2026-05-10,油菜,0.9,0.8,1.0,1,鲁京
2026-05-11,油菜,0.9,0.7,1.4,2,冀京
2026-05-12,油菜,0.8,0.5,1.2,2,冀京
2026-05-13,油菜,0.75,0.5,1.0,2,冀京
2026-05-14,油菜,0.725,0.5,1.0,2,冀京
2026-05-15,油菜,0.725,0.5,1.0,2,冀京
2026-05-16,油菜,0.7,0.6,0.8,1,冀京
2026-05-17,油菜,0.7,0.6,0.8,1,冀京
2026-05-18,油菜,0.875,0.6,1.3,2,冀京
2026-05-19,油菜,0.75,0.5,1.1,2,冀京
2026-05-20,油菜,0.875,0.6,1.4,2,冀京
2026-05-21,油菜,0.85,0.6,1.4,2,冀京
2026-05-22,油菜,0.85,0.6,1.4,2,冀京
2026-05-23,油菜,0.65,0.6,0.7,1,冀京
2026-05-24,油菜,0.65,0.6,0.7,1,冀京
2026-05-25,油菜,1.05,0.7,1.7,2,冀京
2026-05-26,油菜,0.9,0.7,1.3,2,冀京
2026-05-27,油菜,0.975,0.8,1.4,2,冀京
2026-05-28,油菜,1.125,0.8,1.8,2,冀京
2026-05-29,油菜,1.025,0.8,1.6,2,冀京
2026-05-30,油菜,0.85,0.8,0.9,1,冀京
2026-05-31,油菜,0.8,0.7,0.9,1,冀京
2026-06-01,油菜,1.225,0.7,1.9,2,冀京
2026-06-02,油菜,1.35,1.0,1.9,2,冀京
2026-06-03,油菜,1.6,1.0,2.5,2,冀京
2026-06-04,油菜,1.6,1.0,2.5,2,冀京
2026-06-05,油菜,1.55,0.9,2.5,2,冀京
2026-06-06,油菜,0.9,0.8,1.0,1,冀京
2026-06-07,油菜,0.9,0.8,1.0,1,冀京
2026-06-08,油菜,1.4,0.8,2.3,2,冀京
2026-06-09,油菜,1.25,0.7,1.8,2,冀京
2026-06-10,油菜,1.3,0.8,1.8,2,冀京
2026-06-11,油菜,1.225,0.7,1.8,2,冀京
2026-06-12,油菜,1.05,0.6,1.5,2,冀京
2026-06-13,油菜,0.7,0.6,0.8,1,冀京
2026-06-14,油菜,0.7,0.6,0.8,1,冀京
2026-06-15,油菜,1.05,0.6,1.5,2,冀京
2026-06-16,油菜,1.05,0.6,1.5,2,冀京
2026-06-17,油菜,1.05,0.6,1.5,2,冀京
2026-06-18,油菜,1.025,0.5,1.5,2,冀京
2026-06-19,油菜,1.075,0.5,1.8,2,冀京
2026-06-20,油菜,0.6,0.5,0.7,1,冀京
2026-06-21,油菜,0.8,0.7,0.9,1,冀京
2026-06-22,油菜,1.125,0.7,1.5,2,冀京
2026-06-23,油菜,1.175,0.7,1.8,2,冀京
2026-06-24,油菜,1.15,0.7,1.7,2,冀京
2026-06-25,油菜,1.15,0.7,1.7,2,冀京
2026-06-26,油菜,1.125,0.6,1.7,2,冀京
2026-06-27,油菜,0.75,0.6,0.9,1,冀京
2026-06-28,油菜,0.75,0.6,0.9,1,冀京
2026-06-29,油菜,1.1,0.6,1.7,2,冀京
2026-06-30,油菜,1.0,0.5,1.7,2,冀京
2026-07-01,油菜,1.0,0.5,1.7,2,冀京
2026-07-02,油菜,0.825,0.4,1.5,2,冀京
2026-07-03,油菜,0.8,0.4,1.5,2,冀京
2026-07-04,油菜,0.45,0.4,0.5,1,冀京
2026-07-05,油菜,0.45,0.4,0.5,1,冀京
2026-07-06,油菜,0.875,0.4,1.6,2,冀京
2026-07-07,油菜,0.95,0.4,1.7,2,冀京
2026-07-08,油菜,0.95,0.4,1.7,2,冀京
2026-07-09,油菜,0.95,0.4,1.7,2,冀京
2026-07-10,油菜,0.95,0.4,1.7,2,冀京
2026-07-11,油菜,0.5,0.4,0.6,1,冀京
2026-07-12,油菜,0.6,0.5,0.7,1,冀京
2026-07-13,油菜,1.125,0.6,1.8,2,冀京
2026-07-14,油菜,1.1,0.7,1.7,2,冀京
2026-07-15,油菜,1.275,0.9,1.7,2,冀京
2026-07-16,油菜,1.325,0.9,1.8,2,冀京
2026-07-17,油菜,1.575,1.0,2.5,2,冀京
2026-07-18,油菜,1.1,1.0,1.2,1,冀京
2026-07-19,油菜,1.25,1.0,1.5,1,冀京
2026-07-20,油菜,1.525,1.0,1.8,2,冀京
2026-07-21,油菜,2.0,1.3,3.0,2,冀京
2026-07-22,油菜,2.0,1.3,3.0,2,冀京
2026-07-23,油菜,2.275,1.3,3.5,2,冀京
2026-07-24,油菜,2.25,1.3,3.5,2,冀京
2026-07-25,油菜,1.5,1.3,1.7,1,冀京
2026-07-26,油菜,1.35,1.2,1.5,1,冀京
2026-07-27,油菜,1.675,1.0,2.5,2,冀京
2026-07-28,油菜,1.5,1.0,2.3,2,冀京
2026-07-29,油菜,1.5,1.0,2.3,2,冀京
2026-07-30,油菜,1.5,1.0,2.3,2,冀京
2026-07-31,油菜,1.725,1.4,2.3,2,冀京
2026-08-01,油菜,1.4,1.3,1.5,1,冀京
2026-08-02,油菜,1.4,1.3,1.5,1,冀京
2026-08-03,油菜,1.625,1.2,2.5,2,冀京
2026-08-04,油菜,1.575,1.0,2.5,2,冀京
2026-08-05,油菜,1.575,1.0,2.5,2,冀京
2026-08-06,油菜,1.825,1.2,2.7,2,冀京
2026-08-07,油菜,1.825,1.2,2.7,2,冀京
2026-08-08,油菜,1.4,1.2,1.6,1,冀京
2026-08-09,油菜,1.4,1.2,1.6,1,冀京
2026-08-10,油菜,1.825,1.2,2.7,2,冀京
2026-08-11,油菜,2.25,1.8,3.0,2,冀京
2026-01-01,油豆,4.95,3.8,6.1,1,云
2026-01-02,油豆,4.8,3.8,5.8,1,云
2026-01-03,油豆,4.95,3.8,6.1,1,云
2026-01-04,油豆,4.95,3.8,6.1,1,云
2026-01-05,油豆,4.65,3.8,5.5,1,云
2026-01-06,油豆,4.55,3.8,5.3,1,云
2026-01-07,油豆,5.0,4.5,5.5,1,云
2026-01-08,油豆,5.0,4.5,5.5,1,云
2026-01-09,油豆,5.1,4.5,5.7,1,云
2026-01-10,油豆,5.1,4.5,5.7,1,云
2026-01-11,油豆,5.1,4.5,5.7,1,云
2026-01-12,油豆,5.25,4.5,6.0,1,云
2026-01-13,油豆,5.25,4.5,6.0,1,云
2026-01-14,油豆,5.45,4.5,6.4,1,云
2026-01-15,油豆,5.1,4.5,5.7,1,云
2026-01-16,油豆,5.1,4.5,5.7,1,云
2026-01-17,油豆,4.65,4.0,5.3,1,云
2026-01-18,油豆,4.65,4.0,5.3,1,云
2026-01-19,油豆,4.65,4.0,5.3,1,云
2026-01-20,油豆,4.65,4.0,5.3,1,云
2026-01-21,油豆,4.65,4.0,5.3,1,云
2026-01-22,油豆,4.65,4.0,5.3,1,云
2026-01-23,油豆,4.65,4.0,5.3,1,云
2026-01-24,油豆,4.65,4.0,5.3,1,云
2026-01-25,油豆,4.5,4.0,5.0,1,云
2026-01-26,油豆,4.5,4.0,5.0,1,云
2026-01-27,油豆,4.5,4.0,5.0,1,云
2026-01-28,油豆,4.5,4.0,5.0,1,云
2026-01-29,油豆,4.5,4.0,5.0,1,云
2026-01-30,油豆,4.5,4.0,5.0,1,云
2026-01-31,油豆,4.5,4.0,5.0,1,云
2026-02-01,油豆,4.5,4.0,5.0,1,云
2026-02-02,油豆,4.5,4.0,5.0,1,云
2026-02-03,油豆,4.5,4.0,5.0,1,云
2026-02-04,油豆,4.05,3.6,4.5,1,云
2026-02-05,油豆,3.95,3.6,4.3,1,云
2026-02-06,油豆,4.3,3.6,5.0,1,云
2026-02-07,油豆,4.3,3.6,5.0,1,云
2026-02-08,油豆,4.45,3.6,5.3,1,云
2026-02-09,油豆,4.45,3.6,5.3,1,云
2026-02-10,油豆,6.1,5.0,7.2,1,云
2026-02-11,油豆,8.25,8.0,8.5,1,云
2026-02-12,油豆,7.0,6.8,7.2,1,云
2026-02-13,油豆,6.45,6.1,6.8,1,云
2026-02-14,油豆,5.75,5.5,6.0,1,云
2026-02-15,油豆,5.75,5.5,6.0,1,云
2026-02-16,油豆,5.75,5.5,6.0,1,云
2026-02-24,油豆,5.35,5.0,5.7,1,云
2026-02-25,油豆,5.35,5.0,5.7,1,云
2026-02-26,油豆,5.35,5.0,5.7,1,云
2026-02-27,油豆,5.0,4.6,5.4,1,云
2026-02-28,油豆,4.8,4.3,5.3,1,云
2026-03-01,油豆,4.35,3.7,5.0,1,云
2026-03-02,油豆,4.35,3.7,5.0,1,云
2026-03-03,油豆,4.85,3.7,6.0,1,云
2026-03-04,油豆,4.95,3.7,6.2,1,云鲁
2026-03-05,油豆,4.95,3.7,6.2,1,云鲁
2026-03-06,油豆,5.1,3.7,6.5,1,云鲁
2026-03-07,油豆,5.1,3.7,6.5,1,云鲁
2026-03-08,油豆,5.1,3.7,6.5,1,云鲁
2026-03-09,油豆,7.0,6.0,8.0,1,云鲁
2026-03-10,油豆,7.0,6.0,8.0,1,云鲁
2026-03-11,油豆,7.0,6.0,8.0,1,云鲁
2026-03-12,油豆,7.0,6.0,8.0,1,云鲁
2026-03-13,油豆,7.0,6.0,8.0,1,云鲁
2026-03-14,油豆,7.0,6.0,8.0,1,云鲁
2026-03-15,油豆,7.0,6.0,8.0,1,云鲁
2026-03-16,油豆,6.5,6.0,7.0,1,云鲁
2026-03-17,油豆,6.5,6.0,7.0,1,云鲁
2026-03-18,油豆,6.7,6.0,7.4,1,云鲁
2026-03-19,油豆,6.7,6.0,7.4,1,云鲁
2026-03-20,油豆,7.0,6.5,7.5,1,云鲁
2026-03-21,油豆,6.75,6.5,7.0,1,云鲁
2026-03-22,油豆,6.75,6.5,7.0,1,云鲁
2026-03-23,油豆,6.75,6.5,7.0,1,云鲁
2026-03-24,油豆,6.75,6.5,7.0,1,云鲁
2026-03-25,油豆,6.75,6.5,7.0,1,云鲁
2026-03-26,油豆,6.75,6.5,7.0,1,云鲁
2026-03-27,油豆,6.75,6.5,7.0,1,云鲁
2026-03-28,油豆,6.25,6.0,6.5,1,云鲁
2026-03-29,油豆,6.0,5.5,6.5,1,云鲁
2026-03-30,油豆,5.25,5.0,5.5,1,云鲁
2026-03-31,油豆,5.25,5.0,5.5,1,云鲁
2026-04-01,油豆,5.25,5.0,5.5,1,云鲁
2026-04-02,油豆,5.75,5.0,6.5,1,云鲁
2026-04-03,油豆,5.85,5.0,6.7,1,云鲁
2026-04-04,油豆,5.85,5.0,6.7,1,云鲁
2026-04-05,油豆,5.85,5.0,6.7,1,云鲁
2026-04-06,油豆,5.85,5.0,6.7,1,云鲁
2026-04-07,油豆,5.85,5.0,6.7,1,云鲁
2026-04-08,油豆,5.85,5.0,6.7,1,云鲁
2026-04-09,油豆,5.85,5.0,6.7,1,云鲁
2026-04-10,油豆,5.85,5.0,6.7,1,云鲁
2026-04-11,油豆,5.15,4.0,6.3,1,云鲁
2026-04-12,油豆,5.15,4.0,6.3,1,云鲁
2026-04-13,油豆,5.15,4.0,6.3,1,云鲁
2026-04-14,油豆,5.0,4.0,6.0,1,云鲁
2026-04-15,油豆,5.0,4.0,6.0,1,云鲁
2026-04-16,油豆,5.0,4.0,6.0,1,云鲁
2026-04-17,油豆,6.25,5.5,7.0,1,云鲁
2026-04-18,油豆,6.25,5.5,7.0,1,云鲁
2026-04-19,油豆,6.25,5.5,7.0,1,云鲁
2026-04-20,油豆,6.85,6.7,7.0,1,鲁辽
2026-04-21,油豆,6.5,6.0,7.0,1,鲁辽
2026-04-22,油豆,6.5,6.0,7.0,1,鲁辽
2026-04-23,油豆,6.0,5.5,6.5,1,鲁辽
2026-04-24,油豆,5.25,5.0,5.5,1,鲁辽
2026-04-25,油豆,5.25,5.0,5.5,1,鲁辽
2026-04-26,油豆,5.25,5.0,5.5,1,鲁辽
2026-04-27,油豆,5.25,5.0,5.5,1,鲁辽
2026-04-28,油豆,5.25,5.0,5.5,1,鲁辽
2026-04-29,油豆,4.75,4.5,5.0,1,冀辽
2026-04-30,油豆,4.75,4.5,5.0,1,冀辽
2026-05-01,油豆,4.75,4.5,5.0,1,冀辽
2026-05-02,油豆,4.75,4.5,5.0,1,冀辽
2026-05-03,油豆,4.75,4.5,5.0,1,冀辽
2026-05-04,油豆,4.75,4.5,5.0,1,冀辽
2026-05-05,油豆,4.25,4.0,4.5,1,冀辽
2026-05-06,油豆,4.25,4.0,4.5,1,冀辽
2026-05-07,油豆,4.25,4.0,4.5,1,冀辽
2026-05-08,油豆,4.25,4.0,4.5,1,冀辽
2026-05-09,油豆,4.25,4.0,4.5,1,冀辽
2026-05-10,油豆,4.25,4.0,4.5,1,冀辽
2026-05-11,油豆,4.25,4.0,4.5,1,冀辽
2026-05-12,油豆,4.25,4.0,4.5,1,冀辽
2026-05-13,油豆,4.0,3.5,4.5,1,冀辽
2026-05-14,油豆,3.25,3.0,3.5,1,冀辽
2026-05-15,油豆,3.15,2.8,3.5,1,冀辽
2026-05-16,油豆,3.15,2.8,3.5,1,冀辽
2026-05-17,油豆,3.15,2.8,3.5,1,冀辽
2026-05-18,油豆,3.4,2.8,4.0,1,冀辽
2026-05-19,油豆,3.75,3.5,4.0,1,冀辽
2026-05-20,油豆,3.75,3.5,4.0,1,冀辽
2026-05-21,油豆,3.4,3.0,3.8,1,冀辽
2026-05-22,油豆,3.1,2.7,3.5,1,冀辽
2026-05-23,油豆,3.85,3.2,4.5,1,冀辽
2026-05-24,油豆,3.75,3.2,4.3,1,冀辽
2026-05-25,油豆,3.75,3.2,4.3,1,冀辽
2026-05-26,油豆,3.75,3.2,4.3,1,冀辽
2026-05-27,油豆,3.75,3.2,4.3,1,冀辽
2026-05-28,油豆,3.75,3.2,4.3,1,冀辽
2026-05-29,油豆,3.75,3.2,4.3,1,冀辽
2026-05-30,油豆,4.0,3.5,4.5,1,冀辽
2026-05-31,油豆,4.0,3.5,4.5,1,冀辽
2026-06-01,油豆,3.6,3.2,4.0,1,冀辽
2026-06-02,油豆,3.85,3.2,4.5,1,冀辽
2026-06-03,油豆,3.25,3.0,3.5,1,冀辽
2026-06-04,油豆,3.25,2.5,4.0,1,冀辽
2026-06-05,油豆,3.5,2.5,4.5,1,冀辽
2026-06-06,油豆,3.5,2.5,4.5,1,冀辽
2026-06-07,油豆,3.75,2.5,5.0,1,冀辽
2026-06-08,油豆,3.75,2.5,5.0,1,冀辽
2026-06-09,油豆,3.75,2.5,5.0,1,冀辽
2026-06-10,油豆,3.75,2.5,5.0,1,冀辽
2026-06-11,油豆,3.75,2.5,5.0,1,冀辽
2026-06-12,油豆,3.75,2.5,5.0,1,冀辽
2026-06-13,油豆,3.75,2.5,5.0,1,冀辽
2026-06-14,油豆,3.75,2.5,5.0,1,冀辽
2026-06-15,油豆,3.75,2.5,5.0,1,冀辽
2026-06-16,油豆,4.25,3.0,5.5,1,冀辽
2026-06-17,油豆,4.25,3.0,5.5,1,冀辽
2026-06-18,油豆,4.25,3.0,5.5,1,冀辽
2026-06-19,油豆,4.75,4.0,5.5,1,冀辽
2026-06-20,油豆,4.75,4.0,5.5,1,冀辽
2026-06-21,油豆,4.75,4.0,5.5,1,冀辽
2026-06-22,油豆,5.0,4.0,6.0,1,冀辽
2026-06-23,油豆,5.0,4.0,6.0,1,冀辽
2026-06-24,油豆,5.0,4.0,6.0,1,冀辽
2026-06-25,油豆,5.0,4.0,6.0,1,冀辽
2026-06-26,油豆,5.0,4.0,6.0,1,冀辽
2026-06-27,油豆,5.0,4.0,6.0,1,冀辽
2026-06-28,油豆,4.5,3.5,5.5,1,冀辽
2026-06-29,油豆,4.25,3.5,5.0,1,冀辽
2026-06-30,油豆,4.5,3.5,5.5,1,冀辽
2026-07-01,油豆,4.5,3.5,5.5,1,冀辽
2026-07-02,油豆,4.5,3.5,5.5,1,冀辽
2026-07-03,油豆,4.5,3.5,5.5,1,冀辽
2026-07-04,油豆,4.0,3.0,5.0,1,冀辽
2026-07-05,油豆,4.0,3.0,5.0,1,冀辽
2026-07-06,油豆,4.0,3.5,4.5,1,冀辽
2026-07-07,油豆,4.5,3.5,5.5,1,冀辽
2026-07-08,油豆,4.5,3.5,5.5,1,冀辽
2026-07-09,油豆,4.5,3.5,5.5,1,冀辽
2026-07-10,油豆,4.5,3.5,5.5,1,冀辽
2026-07-11,油豆,4.25,3.5,5.0,1,冀辽
2026-07-12,油豆,4.25,3.5,5.0,1,冀辽
2026-07-13,油豆,5.0,4.5,5.5,1,冀辽
2026-07-14,油豆,5.0,4.5,5.5,1,冀辽
2026-07-15,油豆,5.0,4.5,5.5,1,冀辽
2026-07-16,油豆,4.4,3.8,5.0,1,冀辽
2026-07-17,油豆,4.4,3.8,5.0,1,冀辽
2026-07-18,油豆,4.65,3.8,5.5,1,冀辽
2026-07-19,油豆,4.4,3.8,5.0,1,冀辽
2026-07-20,油豆,3.0,2.5,3.5,1,冀辽
2026-07-21,油豆,3.0,2.5,3.5,1,冀辽
2026-07-22,油豆,3.25,2.5,4.0,1,冀辽
2026-07-23,油豆,3.4,2.5,4.3,1,冀辽
2026-07-24,油豆,3.75,2.5,5.0,1,冀辽
2026-07-25,油豆,4.15,3.0,5.3,1,冀辽
2026-07-26,油豆,4.75,4.0,5.5,1,冀辽
2026-07-27,油豆,4.75,4.0,5.5,1,冀辽
2026-07-28,油豆,4.65,4.0,5.3,1,冀辽
2026-07-29,油豆,4.5,4.0,5.0,1,冀辽
2026-07-30,油豆,4.5,4.0,5.0,1,冀辽
2026-07-31,油豆,4.0,3.5,4.5,1,冀辽
2026-08-01,油豆,4.0,3.5,4.5,1,冀辽
2026-08-02,油豆,3.0,2.5,3.5,1,冀辽
2026-08-03,油豆,3.0,2.5,3.5,1,冀辽
2026-08-04,油豆,3.0,2.5,3.5,1,冀辽
2026-08-05,油豆,3.0,2.5,3.5,1,冀辽
2026-08-06,油豆,3.0,2.5,3.5,1,冀辽
2026-08-07,油豆,3.6,3.0,4.2,1,冀辽
2026-08-08,油豆,4.25,3.5,5.0,1,冀辽
2026-08-09,油豆,4.75,4.0,5.5,1,冀辽
2026-08-10,油豆,5.25,4.5,6.0,1,冀辽
2026-08-11,油豆,5.25,4.5,6.0,1,冀辽
2026-01-01,油麦菜,2.35,1.8,3.0,2,鲁京冀
2026-01-02,油麦菜,2.5,1.8,3.3,2,鲁京冀
2026-01-03,油麦菜,2.2,1.8,2.6,1,鲁京冀
2026-01-04,油麦菜,2.2,1.8,2.6,1,鲁京冀
2026-01-05,油麦菜,2.325,2.0,2.8,2,鲁京冀
2026-01-06,油麦菜,2.275,2.0,2.6,2,鲁京冀
2026-01-07,油麦菜,2.2,1.8,2.5,2,鲁京冀
2026-01-08,油麦菜,2.1,1.6,2.5,2,鲁京冀
2026-01-09,油麦菜,2.325,2.0,2.8,2,鲁京冀
2026-01-10,油麦菜,2.25,2.0,2.5,1,鲁京冀
2026-01-11,油麦菜,2.25,2.0,2.5,1,鲁京冀
2026-01-12,油麦菜,2.175,1.8,2.6,2,鲁京冀
2026-01-13,油麦菜,2.175,1.8,2.6,2,鲁京冀
2026-01-14,油麦菜,2.175,1.8,2.6,2,鲁京冀
2026-01-15,油麦菜,2.175,1.8,2.6,2,鲁京冀
2026-01-16,油麦菜,2.325,2.0,3.0,2,鲁京冀
2026-01-17,油麦菜,2.15,2.0,2.3,1,鲁京冀
2026-01-18,油麦菜,2.25,2.0,2.5,1,鲁京冀
2026-01-19,油麦菜,2.4,1.8,2.8,2,鲁京冀
2026-01-20,油麦菜,2.425,1.7,3.0,2,鲁京冀
2026-01-21,油麦菜,2.525,1.8,3.0,2,鲁京冀
2026-01-22,油麦菜,2.525,1.8,3.0,2,鲁京冀
2026-01-23,油麦菜,2.825,2.5,3.3,2,鲁京冀
2026-01-24,油麦菜,2.75,2.5,3.0,1,鲁京冀
2026-01-25,油麦菜,2.75,2.5,3.0,1,鲁京冀
2026-01-26,油麦菜,2.575,2.2,3.0,2,鲁京冀
2026-01-27,油麦菜,2.5,2.0,3.0,2,鲁京冀
2026-01-28,油麦菜,2.5,2.0,3.0,2,鲁京冀
2026-01-29,油麦菜,2.5,2.0,3.0,2,鲁京冀
2026-01-30,油麦菜,2.875,2.5,3.5,2,鲁京冀
2026-01-31,油麦菜,2.75,2.5,3.0,1,鲁京冀
2026-02-01,油麦菜,2.75,2.5,3.0,1,鲁京冀
2026-02-02,油麦菜,2.525,2.0,3.0,2,鲁京冀
2026-02-03,油麦菜,2.525,2.0,3.0,2,鲁京冀
2026-02-04,油麦菜,2.625,2.0,3.0,2,鲁京冀
2026-02-05,油麦菜,2.625,2.0,3.2,2,鲁京冀
2026-02-06,油麦菜,2.7,2.0,3.5,2,鲁京冀
2026-02-07,油麦菜,2.45,2.3,2.6,1,鲁京冀
2026-02-08,油麦菜,2.45,2.3,2.6,1,鲁京冀
2026-02-09,油麦菜,2.725,2.3,3.5,2,鲁京冀
2026-02-10,油麦菜,2.725,2.3,3.5,2,鲁京冀
2026-02-11,油麦菜,2.8,2.3,3.8,2,鲁京冀
2026-02-12,油麦菜,2.9,2.3,4.0,2,鲁京冀
2026-02-13,油麦菜,3.088,2.3,4.5,4,鲁京冀
2026-02-14,油麦菜,2.75,2.5,3.0,1,鲁京冀
2026-02-15,油麦菜,2.75,2.5,3.0,1,鲁京冀
2026-02-16,油麦菜,2.75,2.5,3.0,1,鲁京冀
2026-02-24,油麦菜,2.625,2.0,3.5,2,鲁京冀
2026-02-25,油麦菜,2.575,2.0,3.3,2,鲁京冀
2026-02-26,油麦菜,2.5,2.0,3.0,2,鲁京冀
2026-02-27,油麦菜,2.5,2.0,3.0,2,鲁京冀
2026-02-28,油麦菜,2.15,2.0,2.3,1,鲁京冀
2026-03-01,油麦菜,2.15,2.0,2.3,1,鲁京冀
2026-03-02,油麦菜,2.0,1.5,2.5,2,鲁京冀
2026-03-03,油麦菜,2.2,1.3,3.0,2,鲁京冀
2026-03-04,油麦菜,2.5,2.0,3.0,2,鲁京冀
2026-03-05,油麦菜,2.725,2.4,3.2,2,鲁京冀
2026-03-06,油麦菜,3.0,2.5,3.5,2,鲁京冀
2026-03-07,油麦菜,2.85,2.5,3.2,1,鲁京冀
2026-03-08,油麦菜,2.5,2.0,3.0,1,鲁京冀
2026-03-09,油麦菜,2.75,2.5,3.0,2,鲁京冀
2026-03-10,油麦菜,2.625,2.2,3.0,2,鲁京冀
2026-03-11,油麦菜,2.75,2.2,3.5,2,鲁京冀
2026-03-12,油麦菜,3.375,3.0,4.0,2,鲁京冀
2026-03-13,油麦菜,3.25,2.7,3.8,2,鲁京冀
2026-03-14,油麦菜,3.0,2.5,3.5,1,鲁京冀
2026-03-15,油麦菜,3.0,2.5,3.5,1,鲁京冀
2026-03-16,油麦菜,2.6,1.8,3.5,2,鲁京冀
2026-03-17,油麦菜,2.675,2.0,3.5,2,鲁京冀
2026-03-18,油麦菜,2.675,2.0,3.5,2,鲁京冀
2026-03-19,油麦菜,2.65,2.3,3.0,2,鲁京冀
2026-03-20,油麦菜,3.025,2.5,3.8,2,鲁京冀
2026-03-21,油麦菜,2.75,2.5,3.0,1,鲁京冀
2026-03-22,油麦菜,2.4,2.0,2.8,1,鲁京冀
2026-03-23,油麦菜,2.325,1.8,2.8,2,鲁京冀
2026-03-24,油麦菜,2.125,1.7,2.5,2,鲁京冀
2026-03-25,油麦菜,2.025,1.5,2.5,2,鲁京冀
2026-03-26,油麦菜,1.75,1.3,2.0,2,鲁京冀
2026-03-27,油麦菜,2.0,1.7,2.5,2,鲁京冀
2026-03-28,油麦菜,1.6,1.5,1.7,1,鲁京冀
2026-03-29,油麦菜,1.6,1.5,1.7,1,鲁京冀
2026-03-30,油麦菜,1.4,1.0,1.8,2,鲁京冀
2026-03-31,油麦菜,1.05,0.7,1.3,2,鲁京冀
2026-04-01,油麦菜,1.1,0.7,1.5,2,鲁京冀
2026-04-02,油麦菜,1.1,0.7,1.5,2,鲁京冀
2026-04-03,油麦菜,1.05,0.7,1.5,2,鲁京冀
2026-04-04,油麦菜,0.85,0.7,1.0,1,鲁京冀
2026-04-05,油麦菜,0.85,0.7,1.0,1,鲁京冀
2026-04-06,油麦菜,0.8,0.5,1.0,2,鲁京冀
2026-04-07,油麦菜,0.925,0.5,1.5,2,鲁京冀
2026-04-08,油麦菜,0.925,0.5,1.5,2,鲁京冀
2026-04-09,油麦菜,1.075,0.7,1.8,2,鲁京冀
2026-04-10,油麦菜,1.075,0.7,1.8,2,鲁京冀
2026-04-11,油麦菜,0.85,0.7,1.0,1,鲁京冀
2026-04-12,油麦菜,0.85,0.7,1.0,1,鲁京冀
2026-04-13,油麦菜,0.975,0.7,1.5,2,鲁京冀
2026-04-14,油麦菜,1.05,0.7,1.8,2,鲁京冀
2026-04-15,油麦菜,1.075,0.7,1.8,2,鲁京冀
2026-04-16,油麦菜,1.075,0.7,1.8,2,鲁京冀
2026-04-17,油麦菜,1.125,0.7,2.0,2,鲁京冀
2026-04-18,油麦菜,0.9,0.8,1.0,1,鲁京冀
2026-04-19,油麦菜,0.9,0.8,1.0,1,鲁京冀
2026-04-20,油麦菜,1.125,0.7,2.0,2,鲁京冀
2026-04-21,油麦菜,1.35,1.0,2.2,2,鲁京冀
2026-04-22,油麦菜,1.35,1.0,2.2,2,鲁京冀
2026-04-23,油麦菜,1.5,1.0,2.2,2,鲁京冀
2026-04-24,油麦菜,1.55,1.0,2.2,2,鲁京冀
2026-04-25,油麦菜,1.25,1.0,1.5,1,鲁京冀
2026-04-26,油麦菜,1.65,1.5,1.8,1,鲁京冀
2026-04-27,油麦菜,1.75,1.4,2.3,2,鲁京冀
2026-04-28,油麦菜,1.7,1.4,2.3,2,鲁京冀
2026-04-29,油麦菜,1.85,1.5,2.5,2,鲁京冀
2026-04-30,油麦菜,2.075,1.7,2.8,2,鲁京冀
2026-05-01,油麦菜,2.325,1.7,3.3,2,鲁京冀
2026-05-02,油麦菜,1.85,1.7,2.0,1,鲁京冀
2026-05-03,油麦菜,1.85,1.7,2.0,1,鲁京冀
2026-05-04,油麦菜,1.925,1.5,2.5,2,鲁京冀
2026-05-05,油麦菜,2.075,1.5,2.5,2,鲁京冀
2026-05-06,油麦菜,2.075,1.5,2.5,2,鲁京冀
2026-05-07,油麦菜,2.075,1.5,2.5,2,鲁京冀
2026-05-08,油麦菜,1.85,1.5,2.2,2,鲁京冀
2026-05-09,油麦菜,1.75,1.5,2.0,1,鲁京冀
2026-05-10,油麦菜,1.25,1.0,1.5,1,鲁京冀
2026-05-11,油麦菜,1.375,1.0,2.0,2,鲁京冀
2026-05-12,油麦菜,1.2,1.0,1.5,2,鲁京冀
2026-05-13,油麦菜,1.075,0.8,1.5,2,鲁京冀
2026-05-14,油麦菜,0.95,0.7,1.3,2,鲁京冀
2026-05-15,油麦菜,0.95,0.7,1.3,2,鲁京冀
2026-05-16,油麦菜,0.85,0.8,0.9,1,鲁京冀
2026-05-17,油麦菜,0.9,0.8,1.0,1,鲁京冀
2026-05-18,油麦菜,0.95,0.7,1.3,2,鲁京冀
2026-05-19,油麦菜,0.95,0.7,1.3,2,鲁京冀
2026-05-20,油麦菜,0.95,0.7,1.3,2,鲁京冀
2026-05-21,油麦菜,1.05,0.7,1.3,2,鲁京冀
2026-05-22,油麦菜,1.575,1.0,2.5,2,鲁京冀
2026-05-23,油麦菜,1.1,1.0,1.2,1,鲁京冀
2026-05-24,油麦菜,1.15,1.0,1.3,1,鲁京冀
2026-05-25,油麦菜,1.575,1.0,2.5,2,鲁京冀
2026-05-26,油麦菜,1.575,1.0,2.5,2,鲁京冀
2026-05-27,油麦菜,1.725,1.4,2.3,2,鲁京冀
2026-05-28,油麦菜,1.725,1.4,2.3,2,鲁京冀
2026-05-29,油麦菜,1.525,1.2,1.7,2,鲁京冀
2026-05-30,油麦菜,1.6,1.5,1.7,1,鲁京冀
2026-05-31,油麦菜,1.65,1.3,2.0,1,鲁京冀
2026-06-01,油麦菜,1.7,1.3,2.0,2,鲁京冀
2026-06-02,油麦菜,1.775,1.3,2.3,2,京冀
2026-06-03,油麦菜,2.0,1.5,2.5,2,京冀
2026-06-04,油麦菜,2.0,1.5,2.5,2,京冀
2026-06-05,油麦菜,1.875,1.5,2.5,2,京冀
2026-06-06,油麦菜,1.5,1.0,2.0,1,京冀
2026-06-07,油麦菜,1.5,1.0,2.0,1,京冀
2026-06-08,油麦菜,1.65,1.3,2.0,2,京冀
2026-06-09,油麦菜,1.525,1.3,2.0,2,京冀
2026-06-10,油麦菜,1.625,1.3,2.0,2,京冀
2026-06-11,油麦菜,1.625,1.3,2.0,2,京冀
2026-06-12,油麦菜,1.7,1.3,2.0,2,京冀
2026-06-13,油麦菜,1.6,1.2,2.0,1,京冀
2026-06-14,油麦菜,1.5,1.2,1.8,1,京冀
2026-06-15,油麦菜,1.475,1.2,1.8,2,京冀
2026-06-16,油麦菜,1.55,1.2,2.0,2,京冀
2026-06-17,油麦菜,1.55,1.2,2.0,2,京冀
2026-06-18,油麦菜,1.65,1.2,2.3,2,京冀
2026-06-19,油麦菜,1.625,1.0,2.5,2,京冀
2026-06-20,油麦菜,1.35,1.0,1.7,1,京冀
2026-06-21,油麦菜,1.75,1.5,2.0,1,京冀
2026-06-22,油麦菜,2.8,2.2,3.5,2,京冀
2026-06-23,油麦菜,2.425,1.8,3.0,2,京冀
2026-06-24,油麦菜,2.2,1.8,2.8,2,京冀
2026-06-25,油麦菜,2.15,1.8,2.8,2,京冀
2026-06-26,油麦菜,1.9,1.5,2.5,2,京冀
2026-06-27,油麦菜,1.65,1.5,1.8,1,京冀
2026-06-28,油麦菜,1.75,1.5,2.0,1,京冀
2026-06-29,油麦菜,1.675,1.2,2.3,2,京冀
2026-06-30,油麦菜,1.45,1.0,2.0,2,京冀
2026-07-01,油麦菜,1.2,1.0,1.5,2,京冀
2026-07-02,油麦菜,1.125,0.8,1.5,2,京冀
2026-07-03,油麦菜,0.9,0.7,1.2,2,京冀
2026-07-04,油麦菜,0.8,0.7,0.9,1,京冀
2026-07-05,油麦菜,0.8,0.7,0.9,1,京冀
2026-07-06,油麦菜,0.9,0.7,1.2,2,京冀
2026-07-07,油麦菜,1.025,0.7,1.5,2,京冀
2026-07-08,油麦菜,1.075,0.7,1.7,2,京冀
2026-07-09,油麦菜,1.2,0.7,1.7,2,京冀
2026-07-10,油麦菜,1.7,1.0,2.5,2,京冀
2026-07-11,油麦菜,1.25,1.0,1.5,1,京冀
2026-07-12,油麦菜,1.4,1.0,1.8,1,京冀
2026-07-13,油麦菜,1.925,1.5,2.5,2,京冀
2026-07-14,油麦菜,2.05,1.5,3.0,2,京冀
2026-07-15,油麦菜,2.125,1.5,3.0,2,京冀
2026-07-16,油麦菜,3.375,3.0,4.0,2,京冀
2026-07-17,油麦菜,3.375,3.0,4.0,2,京冀
2026-07-18,油麦菜,3.25,3.0,3.5,1,京冀
2026-07-19,油麦菜,3.75,3.5,4.0,1,京冀
2026-07-20,油麦菜,3.225,2.5,3.8,2,京冀
2026-07-21,油麦菜,3.15,2.5,3.8,2,京冀
2026-07-22,油麦菜,3.1,2.5,3.7,2,京冀
2026-07-23,油麦菜,3.225,2.7,3.7,2,京冀
2026-07-24,油麦菜,3.25,2.7,3.8,2,京冀
2026-07-25,油麦菜,3.25,3.0,3.5,1,京冀
2026-07-26,油麦菜,3.25,3.0,3.5,1,京冀
2026-07-27,油麦菜,2.575,1.5,3.5,2,京冀
2026-07-28,油麦菜,2.325,1.5,3.0,2,京冀
2026-07-29,油麦菜,2.325,1.4,3.0,2,京冀
2026-07-30,油麦菜,2.075,1.5,2.5,2,京冀
2026-07-31,油麦菜,2.875,2.5,3.5,2,京冀
2026-08-01,油麦菜,2.75,2.5,3.0,1,京冀
2026-08-02,油麦菜,2.75,2.5,3.0,1,京冀
2026-08-03,油麦菜,2.225,1.8,2.6,2,京冀
2026-08-04,油麦菜,2.45,1.8,3.0,2,京冀
2026-08-05,油麦菜,2.45,1.8,3.0,2,京冀
2026-08-06,油麦菜,2.75,2.5,3.0,2,京冀
2026-08-07,油麦菜,2.625,2.0,3.5,2,京冀
2026-08-08,油麦菜,2.25,2.0,2.5,1,京冀
2026-08-09,油麦菜,2.75,2.5,3.0,1,京冀
2026-08-10,油麦菜,3.65,2.8,4.5,2,京冀
2026-08-11,油麦菜,4.75,3.5,6.0,2,京冀
2026-01-10,法香,9.5,9.0,10.0,1,
2026-01-20,法香,9.5,9.0,10.0,1,
2026-01-31,法香,8.5,8.0,9.0,1,
2026-02-10,法香,9.25,9.0,9.5,1,
2026-02-28,法香,9.25,9.0,9.5,1,
2026-03-10,法香,8.75,8.5,9.0,1,
2026-03-20,法香,8.5,8.0,9.0,1,
2026-03-31,法香,8.5,8.0,9.0,1,
2026-04-10,法香,8.5,8.0,9.0,1,
2026-04-20,法香,8.5,8.0,9.0,1,
2026-04-30,法香,7.5,7.0,8.0,1,
2026-05-10,法香,7.5,7.0,8.0,1,
2026-05-20,法香,7.5,7.0,8.0,1,
2026-05-31,法香,7.75,7.5,8.0,1,
2026-06-10,法香,10.5,10.0,11.0,1,
2026-06-20,法香,9.5,9.0,10.0,1,
2026-06-30,法香,10.25,10.0,10.5,1,
2026-07-10,法香,10.5,10.0,11.0,1,
2026-07-20,法香,11.4,11.0,11.8,1,
2026-07-31,法香,11.25,11.0,11.5,1,
2026-08-10,法香,10.5,10.0,11.0,1,
2026-03-04,海带,1.25,1.2,1.3,1,辽
2026-03-05,海带,1.25,1.2,1.3,1,辽
2026-03-06,海带,1.25,1.2,1.3,1,辽
2026-03-07,海带,1.25,1.2,1.3,1,辽
2026-03-08,海带,1.25,1.2,1.3,1,辽
2026-03-09,海带,1.25,1.2,1.3,1,辽
2026-03-10,海带,1.25,1.2,1.3,1,辽
2026-03-11,海带,1.25,1.2,1.3,1,辽
2026-03-12,海带,1.25,1.2,1.3,1,辽
2026-03-13,海带,1.25,1.2,1.3,1,辽
2026-03-14,海带,1.25,1.2,1.3,1,辽
2026-03-15,海带,1.05,1.0,1.1,1,辽
2026-03-16,海带,1.05,1.0,1.1,1,辽
2026-03-17,海带,1.05,1.0,1.1,1,辽
2026-03-18,海带,1.05,1.0,1.1,1,辽
2026-03-19,海带,0.95,0.9,1.0,1,辽
2026-03-20,海带,0.95,0.9,1.0,1,辽
2026-03-21,海带,0.95,0.9,1.0,1,辽
2026-03-22,海带,0.95,0.9,1.0,1,辽
2026-03-23,海带,0.95,0.9,1.0,1,辽
2026-03-24,海带,0.95,0.9,1.0,1,辽
2026-03-25,海带,0.95,0.9,1.0,1,辽
2026-03-26,海带,0.85,0.8,0.9,1,辽
2026-03-27,海带,0.85,0.8,0.9,1,辽
2026-03-28,海带,0.85,0.8,0.9,1,辽
2026-03-29,海带,0.85,0.8,0.9,1,辽
2026-03-30,海带,0.85,0.8,0.9,1,辽
2026-03-31,海带,0.85,0.8,0.9,1,辽
2026-04-01,海带,0.85,0.8,0.9,1,辽
2026-01-01,玉米,2.35,2.0,2.6,2,桂海粤
2026-01-02,玉米,2.35,2.0,2.6,2,桂海粤
2026-01-03,玉米,2.425,2.2,2.6,2,桂海粤
2026-01-04,玉米,2.425,2.2,2.6,2,桂海粤
2026-01-05,玉米,2.45,2.3,2.6,2,桂海粤
2026-01-06,玉米,2.475,2.3,2.6,2,桂海粤
2026-01-07,玉米,2.475,2.3,2.6,2,桂海粤
2026-01-08,玉米,2.35,2.3,2.4,2,桂海粤
2026-01-09,玉米,2.35,2.3,2.4,2,海粤
2026-01-10,玉米,2.35,2.3,2.4,2,海粤
2026-01-11,玉米,2.35,2.3,2.4,2,海粤
2026-01-12,玉米,2.35,2.2,2.5,2,海粤
2026-01-13,玉米,2.425,2.2,2.6,2,海粤
2026-01-14,玉米,2.425,2.2,2.6,2,海粤
2026-01-15,玉米,2.425,2.2,2.6,2,海粤
2026-01-16,玉米,2.5,2.2,2.8,2,海粤
2026-01-17,玉米,2.5,2.2,2.8,2,海粤
2026-01-18,玉米,2.6,2.2,3.0,2,海粤
2026-01-19,玉米,2.6,2.2,3.0,2,海粤
2026-01-20,玉米,2.675,2.4,3.0,2,海粤
2026-01-21,玉米,2.675,2.4,3.0,2,海粤
2026-01-22,玉米,2.675,2.4,3.0,2,海粤
2026-01-23,玉米,2.675,2.4,3.0,2,海粤
2026-01-24,玉米,2.475,2.2,2.8,2,海粤
2026-01-25,玉米,2.475,2.2,2.8,2,海粤
2026-01-26,玉米,2.4,2.2,2.6,2,海粤
2026-01-27,玉米,2.275,2.0,2.5,2,海粤云
2026-01-28,玉米,2.275,2.0,2.5,2,海粤云
2026-01-29,玉米,2.275,2.0,2.5,2,海粤云
2026-01-30,玉米,2.225,2.0,2.4,2,海粤云
2026-01-31,玉米,2.225,2.0,2.4,2,海粤云
2026-02-01,玉米,2.225,2.0,2.4,2,海粤云
2026-02-02,玉米,2.05,2.0,2.1,2,海粤云
2026-02-03,玉米,2.05,2.0,2.1,2,海粤
2026-02-04,玉米,2.05,2.0,2.1,2,海粤
2026-02-05,玉米,1.925,1.8,2.1,2,海粤
2026-02-06,玉米,1.925,1.8,2.1,2,海粤
2026-02-07,玉米,1.9,1.8,2.0,2,海粤
2026-02-08,玉米,1.9,1.8,2.0,2,海粤
2026-02-09,玉米,1.9,1.8,2.0,2,海粤
2026-02-10,玉米,1.9,1.8,2.0,2,海粤
2026-02-11,玉米,1.9,1.8,2.0,2,海粤
2026-02-12,玉米,1.9,1.8,2.0,2,海粤
2026-02-13,玉米,1.9,1.8,2.0,2,海粤
2026-02-14,玉米,1.9,1.8,2.0,2,海粤
2026-02-15,玉米,1.9,1.8,2.0,2,海粤
2026-02-16,玉米,1.9,1.8,2.0,2,海粤
2026-02-24,玉米,1.7,1.6,1.8,2,海粤
2026-02-25,玉米,1.75,1.7,1.8,2,海粤
2026-02-26,玉米,1.75,1.7,1.8,2,海粤
2026-02-27,玉米,1.75,1.7,1.8,2,海粤
2026-02-28,玉米,1.75,1.7,1.8,2,海粤
2026-03-01,玉米,1.75,1.7,1.8,2,海粤
2026-03-02,玉米,1.75,1.7,1.8,2,海
2026-03-03,玉米,1.7,1.6,1.8,2,海
2026-03-04,玉米,1.7,1.6,1.8,2,海
2026-03-05,玉米,1.7,1.6,1.8,2,海
2026-03-06,玉米,1.65,1.5,1.8,2,海
2026-03-07,玉米,1.65,1.5,1.8,2,海
2026-03-08,玉米,1.65,1.5,1.8,2,海
2026-03-09,玉米,1.65,1.5,1.8,2,海
2026-03-10,玉米,1.65,1.5,1.8,2,海
2026-03-11,玉米,1.65,1.5,1.8,2,海
2026-03-12,玉米,1.65,1.5,1.8,2,海
2026-03-13,玉米,1.475,1.2,1.8,2,海
2026-03-14,玉米,1.475,1.2,1.8,2,海
2026-03-15,玉米,1.475,1.2,1.8,2,海
2026-03-16,玉米,1.75,1.5,2.0,2,海
2026-03-17,玉米,1.75,1.5,2.0,2,海
2026-03-18,玉米,1.75,1.5,2.0,2,海
2026-03-19,玉米,1.85,1.5,2.2,2,海
2026-03-20,玉米,1.85,1.5,2.2,2,海
2026-03-21,玉米,1.85,1.5,2.2,2,海
2026-03-22,玉米,1.85,1.5,2.2,2,海
2026-03-23,玉米,1.8,1.5,2.1,2,海
2026-03-24,玉米,1.8,1.5,2.1,2,海
2026-03-25,玉米,1.8,1.5,2.1,2,海
2026-03-26,玉米,1.8,1.5,2.1,2,海
2026-03-27,玉米,1.8,1.5,2.1,2,海
2026-03-28,玉米,1.8,1.5,2.1,2,海
2026-03-29,玉米,1.8,1.5,2.1,2,海
2026-03-30,玉米,1.8,1.5,2.1,2,海
2026-03-31,玉米,1.8,1.5,2.1,2,海
2026-04-01,玉米,1.725,1.5,2.0,2,海
2026-04-02,玉米,1.725,1.5,2.0,2,海
2026-04-03,玉米,1.725,1.5,2.0,2,海
2026-04-04,玉米,1.725,1.5,2.0,2,海
2026-04-05,玉米,1.725,1.5,2.0,2,海
2026-04-06,玉米,1.725,1.5,2.0,2,海
2026-04-07,玉米,1.725,1.5,2.0,2,海
2026-04-08,玉米,1.725,1.5,2.0,2,海
2026-04-09,玉米,1.725,1.5,2.0,2,海
2026-04-10,玉米,1.725,1.5,2.0,2,海
2026-04-11,玉米,1.725,1.5,2.0,2,海
2026-04-12,玉米,1.875,1.8,2.0,2,海
2026-04-13,玉米,1.875,1.8,2.0,2,海
2026-04-14,玉米,1.9,1.8,2.0,2,海
2026-04-15,玉米,1.9,1.8,2.0,2,海
2026-04-16,玉米,1.9,1.8,2.0,2,海
2026-04-17,玉米,1.9,1.8,2.0,2,海
2026-04-18,玉米,1.9,1.8,2.0,2,海
2026-04-19,玉米,1.9,1.8,2.0,2,海
2026-04-20,玉米,1.9,1.8,2.0,2,海
2026-04-21,玉米,1.875,1.8,2.0,2,海
2026-04-22,玉米,1.875,1.8,2.0,2,海
2026-04-23,玉米,1.875,1.8,2.0,2,海
2026-04-24,玉米,1.875,1.8,2.0,2,海
2026-04-25,玉米,1.875,1.8,2.0,2,海
2026-04-26,玉米,1.875,1.8,2.0,2,海
2026-04-27,玉米,1.875,1.8,2.0,2,海
2026-04-28,玉米,1.875,1.8,2.0,2,海
2026-04-29,玉米,1.875,1.8,2.0,2,海
2026-04-30,玉米,1.875,1.8,2.0,2,海
2026-05-01,玉米,1.875,1.8,2.0,2,海
2026-05-02,玉米,1.875,1.8,2.0,2,海
2026-05-03,玉米,1.875,1.8,2.0,2,海
2026-05-04,玉米,1.9,1.8,2.0,2,海
2026-05-05,玉米,1.9,1.8,2.0,2,海
2026-05-06,玉米,1.9,1.8,2.0,2,海
2026-05-07,玉米,1.9,1.8,2.0,2,海
2026-05-08,玉米,1.9,1.8,2.0,2,海
2026-05-09,玉米,1.9,1.8,2.0,2,海
2026-05-10,玉米,1.95,1.8,2.2,2,海
2026-05-11,玉米,1.95,1.8,2.2,2,云
2026-05-12,玉米,1.95,1.8,2.2,2,云
2026-05-13,玉米,1.95,1.8,2.2,2,云
2026-05-14,玉米,1.95,1.8,2.2,2,云
2026-05-15,玉米,1.95,1.8,2.2,2,云
2026-05-16,玉米,1.9,1.8,2.0,2,云
2026-05-17,玉米,1.9,1.8,2.0,2,云
2026-05-18,玉米,1.9,1.8,2.0,2,云
2026-05-19,玉米,1.9,1.8,2.0,2,云
2026-05-20,玉米,1.9,1.8,2.0,2,云
2026-05-21,玉米,1.85,1.8,1.9,2,云
2026-05-22,玉米,1.85,1.8,1.9,2,云
2026-05-23,玉米,1.85,1.8,1.9,2,云
2026-05-24,玉米,1.85,1.8,1.9,2,云
2026-05-25,玉米,1.75,1.7,1.8,2,云
2026-05-26,玉米,1.7,1.6,1.8,2,云闽/闽云
2026-05-27,玉米,1.7,1.6,1.8,2,云闽/闽云
2026-05-28,玉米,1.55,1.5,1.6,2,云闽/闽云
2026-05-29,玉米,1.55,1.5,1.6,2,云闽/闽云
2026-05-30,玉米,1.55,1.5,1.6,2,云闽/闽云
2026-05-31,玉米,1.55,1.5,1.6,2,云闽/闽云
2026-06-01,玉米,1.55,1.5,1.6,2,云闽/闽云
2026-06-02,玉米,1.55,1.5,1.6,2,云闽/闽云
2026-06-03,玉米,1.525,1.4,1.6,2,云闽/闽云
2026-06-04,玉米,1.525,1.4,1.6,2,云闽/闽云
2026-06-05,玉米,1.5,1.3,1.6,2,云闽/闽云
2026-06-06,玉米,1.5,1.3,1.6,2,云闽/闽云
2026-06-07,玉米,1.5,1.3,1.6,2,云闽/闽云
2026-06-08,玉米,1.525,1.3,1.7,2,云闽/闽云
2026-06-09,玉米,1.525,1.3,1.7,2,云冀/冀云
2026-06-10,玉米,1.525,1.3,1.7,2,云冀/冀云
2026-06-11,玉米,1.525,1.3,1.7,2,云冀/冀云
2026-06-12,玉米,1.525,1.3,1.7,2,云冀/冀云
2026-06-13,玉米,1.525,1.3,1.7,2,云冀/冀云
2026-06-14,玉米,1.6,1.3,2.0,2,云冀/冀云
2026-06-15,玉米,1.6,1.3,2.0,2,云冀/冀云
2026-06-16,玉米,1.6,1.3,2.0,2,冀/冀川
2026-06-17,玉米,1.6,1.3,2.0,2,冀/冀川
2026-06-18,玉米,1.65,1.5,2.0,2,冀/冀川
2026-06-19,玉米,1.65,1.5,2.0,2,冀/冀川
2026-06-20,玉米,1.6,1.5,1.8,2,冀/冀川
2026-06-21,玉米,1.6,1.5,1.8,2,冀/冀川
2026-06-22,玉米,1.525,1.3,1.8,2,冀/冀川
2026-06-23,玉米,1.425,1.3,1.6,2,冀
2026-06-24,玉米,1.425,1.3,1.6,2,冀
2026-06-25,玉米,1.325,1.2,1.5,2,冀
2026-06-26,玉米,1.325,1.2,1.5,2,冀
2026-06-27,玉米,1.2,1.0,1.5,2,冀
2026-06-28,玉米,1.2,1.0,1.5,2,冀
2026-06-29,玉米,1.2,1.0,1.5,2,冀
2026-06-30,玉米,1.125,1.0,1.3,2,冀
2026-07-01,玉米,1.125,1.0,1.3,2,冀
2026-07-02,玉米,1.125,1.0,1.3,2,冀
2026-07-03,玉米,1.125,1.0,1.3,2,冀
2026-07-04,玉米,1.125,1.0,1.3,2,冀
2026-07-05,玉米,1.075,1.0,1.2,2,冀
2026-07-06,玉米,1.075,0.9,1.3,2,冀
2026-07-07,玉米,1.075,0.9,1.3,2,冀
2026-07-08,玉米,1.075,0.9,1.3,2,冀
2026-07-09,玉米,1.075,0.9,1.3,2,冀
2026-07-10,玉米,1.075,0.9,1.3,2,冀
2026-07-11,玉米,1.075,0.9,1.3,2,冀
2026-07-12,玉米,1.25,1.2,1.3,2,冀
2026-07-13,玉米,1.15,1.1,1.2,2,冀
2026-07-14,玉米,1.15,1.1,1.2,2,冀
2026-07-15,玉米,1.15,1.1,1.2,2,冀
2026-07-16,玉米,1.15,1.1,1.2,2,冀
2026-07-17,玉米,1.15,1.1,1.2,2,冀
2026-07-18,玉米,1.15,1.1,1.2,2,冀
2026-07-19,玉米,1.025,0.9,1.2,2,冀
2026-07-20,玉米,1.0,0.9,1.1,2,冀
2026-07-21,玉米,1.0,0.9,1.1,2,冀
2026-07-22,玉米,1.0,0.9,1.1,2,冀
2026-07-23,玉米,1.05,1.0,1.1,2,冀
2026-07-24,玉米,1.075,1.0,1.2,2,冀
2026-07-25,玉米,1.075,1.0,1.2,2,冀
2026-07-26,玉米,1.075,1.0,1.2,2,冀
2026-07-27,玉米,1.075,1.0,1.2,2,冀
2026-07-28,玉米,1.05,1.0,1.1,2,冀
2026-07-29,玉米,1.05,1.0,1.1,2,冀
2026-07-30,玉米,1.225,1.1,1.3,2,冀
2026-07-31,玉米,1.25,1.1,1.4,2,冀
2026-08-01,玉米,1.25,1.1,1.4,2,冀
2026-08-02,玉米,1.275,1.1,1.5,2,冀
2026-08-03,玉米,1.275,1.1,1.5,2,冀
2026-08-04,玉米,1.275,1.1,1.5,2,冀
2026-08-05,玉米,1.275,1.1,1.5,2,冀
2026-08-06,玉米,1.2,1.1,1.4,2,冀
2026-08-07,玉米,1.125,1.0,1.3,2,冀
2026-08-08,玉米,1.125,1.0,1.3,2,冀
2026-08-09,玉米,1.1,1.0,1.3,2,冀
2026-08-10,玉米,1.175,1.1,1.3,2,冀
2026-08-11,玉米,1.175,1.1,1.3,2,冀
2026-01-10,球茎茴香,10.5,10.0,11.0,1,
2026-01-20,球茎茴香,9.5,9.0,10.0,1,
2026-01-31,球茎茴香,9.5,9.0,10.0,1,
2026-02-10,球茎茴香,9.75,9.5,10.0,1,
2026-02-28,球茎茴香,8.75,8.5,9.0,1,
2026-03-10,球茎茴香,7.5,7.0,8.0,1,
2026-03-20,球茎茴香,6.75,6.5,7.0,1,
2026-03-31,球茎茴香,6.5,6.0,7.0,1,
2026-04-10,球茎茴香,5.75,5.5,6.0,1,
2026-04-20,球茎茴香,5.75,5.5,6.0,1,
2026-04-30,球茎茴香,6.25,6.0,6.5,1,
2026-05-10,球茎茴香,6.75,6.5,7.0,1,
2026-05-20,球茎茴香,5.5,5.0,6.0,1,
2026-05-31,球茎茴香,5.75,5.5,6.0,1,
2026-06-10,球茎茴香,5.5,5.0,6.0,1,
2026-06-20,球茎茴香,4.75,4.5,5.0,1,
2026-06-30,球茎茴香,5.25,5.0,5.5,1,
2026-07-10,球茎茴香,5.5,5.0,6.0,1,
2026-07-20,球茎茴香,6.25,6.0,6.5,1,
2026-07-31,球茎茴香,6.25,6.0,6.5,1,
2026-08-10,球茎茴香,5.75,5.5,6.0,1,
2026-05-11,瓠子,0.75,0.7,0.8,1,冀
2026-05-12,瓠子,0.75,0.7,0.8,1,冀
2026-05-13,瓠子,0.75,0.7,0.8,1,冀
2026-05-14,瓠子,0.75,0.7,0.8,1,冀
2026-05-15,瓠子,0.75,0.7,0.8,1,冀
2026-05-16,瓠子,0.75,0.7,0.8,1,冀
2026-05-17,瓠子,0.65,0.6,0.7,1,冀
2026-05-18,瓠子,0.65,0.6,0.7,1,冀
2026-05-19,瓠子,0.65,0.6,0.7,1,冀
2026-05-20,瓠子,0.65,0.6,0.7,1,冀
2026-05-21,瓠子,0.65,0.6,0.7,1,冀
2026-05-22,瓠子,0.65,0.6,0.7,1,冀
2026-05-23,瓠子,0.65,0.6,0.7,1,冀
2026-05-24,瓠子,0.65,0.6,0.7,1,冀
2026-05-25,瓠子,0.9,0.8,1.0,1,冀
2026-05-26,瓠子,0.9,0.8,1.0,1,冀
2026-05-27,瓠子,1.25,1.0,1.5,1,冀
2026-05-28,瓠子,1.25,1.0,1.5,1,冀
2026-05-29,瓠子,1.15,1.0,1.3,1,冀
2026-05-30,瓠子,1.15,1.0,1.3,1,冀
2026-05-31,瓠子,1.15,1.0,1.3,1,冀
2026-06-01,瓠子,1.15,1.0,1.3,1,冀
2026-06-02,瓠子,1.0,0.9,1.1,1,冀
2026-06-03,瓠子,0.9,0.8,1.0,1,冀
2026-06-04,瓠子,0.9,0.8,1.0,1,冀
2026-06-05,瓠子,0.9,0.8,1.0,1,冀
2026-06-06,瓠子,0.9,0.8,1.0,1,冀
2026-06-07,瓠子,0.9,0.8,1.0,1,冀
2026-06-08,瓠子,1.15,1.0,1.3,1,冀
2026-06-09,瓠子,1.75,1.5,2.0,1,冀
2026-06-10,瓠子,1.55,1.5,1.6,1,冀
2026-06-11,瓠子,1.55,1.5,1.6,1,冀
2026-06-12,瓠子,1.55,1.5,1.6,1,冀
2026-06-13,瓠子,1.55,1.5,1.6,1,冀
2026-06-14,瓠子,1.55,1.5,1.6,1,冀
2026-06-15,瓠子,1.55,1.5,1.6,1,冀
2026-06-16,瓠子,1.55,1.5,1.6,1,冀
2026-06-17,瓠子,1.15,1.0,1.3,1,冀
2026-06-18,瓠子,1.15,1.0,1.3,1,冀
2026-06-19,瓠子,0.75,0.5,1.0,1,冀
2026-06-20,瓠子,0.75,0.5,1.0,1,冀
2026-06-21,瓠子,0.75,0.5,1.0,1,冀
2026-06-22,瓠子,0.75,0.5,1.0,1,冀
2026-06-23,瓠子,0.6,0.5,0.7,1,冀
2026-06-24,瓠子,0.6,0.5,0.7,1,冀
2026-06-25,瓠子,0.6,0.5,0.7,1,冀
2026-06-26,瓠子,0.75,0.5,1.0,1,冀
2026-06-27,瓠子,0.75,0.5,1.0,1,冀
2026-06-28,瓠子,0.9,0.5,1.3,1,冀
2026-06-29,瓠子,0.9,0.5,1.3,1,冀
2026-06-30,瓠子,1.15,1.0,1.3,1,冀
2026-07-01,瓠子,1.15,1.0,1.3,1,冀
2026-07-02,瓠子,1.15,1.0,1.3,1,冀
2026-07-03,瓠子,1.05,0.8,1.3,1,冀
2026-07-04,瓠子,1.05,0.8,1.3,1,冀
2026-07-05,瓠子,0.65,0.5,0.8,1,冀
2026-07-06,瓠子,0.65,0.5,0.8,1,冀豫
2026-07-07,瓠子,0.65,0.5,0.8,1,冀
2026-07-08,瓠子,0.65,0.5,0.8,1,冀
2026-07-09,瓠子,0.65,0.5,0.8,1,冀
2026-07-10,瓠子,0.65,0.5,0.8,1,冀
2026-07-11,瓠子,0.65,0.5,0.8,1,冀
2026-07-12,瓠子,0.65,0.5,0.8,1,冀
2026-07-13,瓠子,0.5,0.4,0.6,1,冀
2026-07-14,瓠子,0.5,0.4,0.6,1,冀
2026-07-15,瓠子,0.5,0.4,0.6,1,冀
2026-07-16,瓠子,0.5,0.4,0.6,1,冀
2026-07-17,瓠子,0.5,0.4,0.6,1,冀
2026-07-18,瓠子,0.5,0.4,0.6,1,冀
2026-07-19,瓠子,0.5,0.4,0.6,1,冀
2026-07-20,瓠子,0.5,0.4,0.6,1,冀
2026-07-21,瓠子,1.25,1.0,1.5,1,冀
2026-07-22,瓠子,1.25,1.0,1.5,1,冀
2026-07-23,瓠子,1.25,1.0,1.5,1,冀
2026-07-24,瓠子,0.85,0.7,1.0,1,冀
2026-07-25,瓠子,0.85,0.7,1.0,1,冀
2026-07-26,瓠子,0.85,0.7,1.0,1,冀
2026-07-27,瓠子,0.85,0.7,1.0,1,冀
2026-07-28,瓠子,0.6,0.5,0.7,1,冀
2026-07-29,瓠子,0.6,0.5,0.7,1,冀
2026-07-30,瓠子,0.6,0.5,0.7,1,冀
2026-07-31,瓠子,0.6,0.5,0.7,1,冀
2026-08-01,瓠子,0.4,0.3,0.5,1,冀
2026-08-02,瓠子,0.4,0.3,0.5,1,冀
2026-08-03,瓠子,0.4,0.3,0.5,1,冀
2026-08-04,瓠子,0.4,0.3,0.5,1,冀
2026-08-05,瓠子,0.4,0.3,0.5,1,冀
2026-08-06,瓠子,0.4,0.3,0.5,1,冀
2026-08-07,瓠子,0.4,0.3,0.5,1,冀
2026-08-08,瓠子,0.4,0.3,0.5,1,冀
2026-08-09,瓠子,0.4,0.3,0.5,1,冀
2026-08-10,瓠子,0.4,0.3,0.5,1,冀
2026-08-11,瓠子,0.4,0.3,0.5,1,冀
2026-01-10,甜豆,12.5,12.0,13.0,1,
2026-01-20,甜豆,12.5,12.0,13.0,1,
2026-01-31,甜豆,11.5,11.0,12.0,1,
2026-02-10,甜豆,12.5,12.0,13.0,1,
2026-02-28,甜豆,11.5,11.0,12.0,1,
2026-03-10,甜豆,10.5,10.0,11.0,1,
2026-03-20,甜豆,9.5,9.0,10.0,1,
2026-03-31,甜豆,10.5,10.0,11.0,1,
2026-04-10,甜豆,10.5,10.0,11.0,1,
2026-04-20,甜豆,10.5,10.0,11.0,1,
2026-04-30,甜豆,10.5,10.0,11.0,1,
2026-05-10,甜豆,11.25,11.0,11.5,1,
2026-05-20,甜豆,11.25,11.0,11.5,1,
2026-05-31,甜豆,11.25,11.0,11.5,1,
2026-06-10,甜豆,11.25,11.0,11.5,1,
2026-06-20,甜豆,10.5,10.0,11.0,1,
2026-06-30,甜豆,10.5,10.0,11.0,1,
2026-07-10,甜豆,8.5,8.0,9.0,1,
2026-07-20,甜豆,10.25,10.0,10.5,1,
2026-07-31,甜豆,10.25,10.0,10.5,1,
2026-08-10,甜豆,9.5,9.0,10.0,1,
2026-01-10,番杏,14.5,14.0,15.0,1,
2026-01-20,番杏,14.5,14.0,15.0,1,
2026-01-31,番杏,13.5,13.0,14.0,1,
2026-02-10,番杏,13.5,13.0,14.0,1,
2026-02-28,番杏,13.5,13.0,14.0,1,
2026-03-10,番杏,12.5,12.0,13.0,1,
2026-03-20,番杏,12.5,12.0,13.0,1,
2026-03-31,番杏,12.5,12.0,13.0,1,
2026-04-10,番杏,9.5,9.0,10.0,1,
2026-04-20,番杏,10.25,10.0,10.5,1,
2026-04-30,番杏,12.5,12.0,13.0,1,
2026-05-10,番杏,12.5,12.0,13.0,1,
2026-05-20,番杏,11.5,11.0,12.0,1,
2026-05-31,番杏,11.5,11.0,12.0,1,
2026-06-10,番杏,11.5,11.0,12.0,1,
2026-06-20,番杏,10.5,10.0,11.0,1,
2026-06-30,番杏,11.25,11.0,11.5,1,
2026-07-10,番杏,11.5,11.0,12.0,1,
2026-07-20,番杏,12.5,12.0,13.0,1,
2026-07-31,番杏,12.5,12.0,13.0,1,
2026-08-10,番杏,11.5,11.0,12.0,1,
2026-01-01,番茄,4.25,2.5,5.8,3,冀鲁
2026-01-02,番茄,4.25,2.5,5.8,3,冀鲁
2026-01-03,番茄,4.25,2.5,5.8,3,冀鲁
2026-01-04,番茄,4.25,2.5,5.8,3,冀鲁
2026-01-05,番茄,4.333,2.5,5.8,3,冀鲁
2026-01-06,番茄,4.05,2.5,5.2,3,冀鲁
2026-01-07,番茄,4.05,2.5,5.2,3,冀鲁
2026-01-08,番茄,4.05,2.5,5.2,3,冀鲁
2026-01-09,番茄,3.95,2.5,5.0,3,冀鲁
2026-01-10,番茄,3.95,2.5,5.0,3,冀鲁
2026-01-11,番茄,3.933,2.5,5.0,3,冀鲁
2026-01-12,番茄,3.933,2.5,5.0,3,冀鲁
2026-01-13,番茄,3.867,2.5,5.0,3,冀鲁
2026-01-14,番茄,3.867,2.5,5.0,3,冀鲁
2026-01-15,番茄,3.867,2.5,5.0,3,冀鲁
2026-01-16,番茄,3.833,2.5,5.2,3,冀鲁
2026-01-17,番茄,4.133,2.6,5.2,3,冀鲁
2026-01-18,番茄,4.183,2.6,5.5,3,冀鲁
2026-01-19,番茄,4.217,2.6,5.5,3,冀鲁
2026-01-20,番茄,4.133,2.6,5.5,3,冀鲁
2026-01-21,番茄,4.083,2.6,5.3,3,冀鲁
2026-01-22,番茄,4.067,2.6,5.2,3,冀鲁
2026-01-23,番茄,4.2,2.6,5.5,3,冀鲁
2026-01-24,番茄,4.2,2.6,5.5,3,冀鲁
2026-01-25,番茄,4.2,2.6,5.5,3,冀鲁
2026-01-26,番茄,4.167,2.5,5.5,3,冀鲁
2026-01-27,番茄,4.167,2.5,5.5,3,冀鲁川/鲁蒙冀
2026-01-28,番茄,4.167,2.5,5.5,3,冀鲁川/鲁蒙冀
2026-01-29,番茄,3.933,2.5,5.2,3,冀鲁川/鲁蒙冀
2026-01-30,番茄,3.867,2.5,5.0,3,冀鲁川/鲁蒙冀
2026-01-31,番茄,3.867,2.5,5.0,3,冀鲁川/鲁蒙冀
2026-02-01,番茄,3.767,2.0,5.0,3,冀鲁川/鲁蒙冀
2026-02-02,番茄,3.767,2.0,5.0,3,冀鲁川/鲁蒙冀
2026-02-03,番茄,3.767,2.0,5.0,3,冀鲁川/鲁蒙冀
2026-02-04,番茄,3.7,2.0,5.0,3,冀鲁川/鲁蒙冀
2026-02-05,番茄,3.7,2.0,5.0,3,冀鲁川/鲁蒙冀
2026-02-06,番茄,3.65,2.0,5.0,3,冀鲁川/鲁蒙冀
2026-02-07,番茄,3.533,2.0,4.5,3,冀鲁川/鲁蒙冀
2026-02-08,番茄,3.533,2.0,4.5,3,冀鲁川/鲁蒙冀
2026-02-09,番茄,3.3,1.7,4.5,3,冀鲁川/鲁蒙冀
2026-02-10,番茄,3.3,1.7,4.5,3,冀鲁川/鲁蒙冀
2026-02-11,番茄,2.933,1.0,4.5,3,冀鲁川/鲁蒙冀
2026-02-12,番茄,2.933,1.0,4.5,3,冀鲁川/鲁蒙冀
2026-02-13,番茄,3.133,1.5,4.5,3,冀鲁川/鲁蒙冀
2026-02-14,番茄,3.133,1.5,4.5,3,冀鲁川/鲁蒙冀
2026-02-15,番茄,3.0,1.5,4.3,3,冀鲁川/鲁蒙冀
2026-02-16,番茄,3.0,1.5,4.3,3,冀鲁川/鲁蒙冀
2026-02-24,番茄,2.65,1.3,4.0,3,冀鲁川云/鲁蒙冀
2026-02-25,番茄,2.633,1.3,4.0,3,冀鲁川云/鲁蒙冀
2026-02-26,番茄,2.517,1.0,4.0,3,冀鲁川云/鲁蒙冀
2026-02-27,番茄,2.517,1.0,4.0,3,冀鲁川云/鲁蒙冀
2026-02-28,番茄,2.483,1.0,4.0,3,冀鲁川云/鲁蒙冀
2026-03-01,番茄,2.483,1.0,4.0,3,冀鲁川云/鲁蒙冀
2026-03-02,番茄,2.4,1.0,4.0,3,冀鲁川云/鲁蒙冀
2026-03-03,番茄,2.333,1.0,3.8,3,冀鲁川云/鲁蒙冀
2026-03-04,番茄,2.333,1.0,3.8,3,冀鲁云/鲁蒙冀
2026-03-05,番茄,2.333,1.0,3.8,3,冀鲁云/鲁蒙冀
2026-03-06,番茄,2.333,1.0,3.8,3,冀鲁云/鲁蒙冀
2026-03-07,番茄,2.333,1.0,3.8,3,冀鲁云/鲁蒙冀
2026-03-08,番茄,2.333,1.0,3.8,3,冀鲁云/鲁蒙冀
2026-03-09,番茄,2.333,1.0,3.8,3,冀鲁云/鲁蒙冀
2026-03-10,番茄,2.333,1.0,3.8,3,冀鲁云/鲁蒙冀
2026-03-11,番茄,2.533,1.3,3.8,3,冀鲁云/鲁蒙冀
2026-03-12,番茄,2.683,1.6,3.8,3,冀鲁云/鲁蒙冀
2026-03-13,番茄,2.733,1.6,3.8,3,冀鲁云/鲁蒙冀
2026-03-14,番茄,2.733,1.6,3.8,3,冀鲁云/鲁蒙冀
2026-03-15,番茄,2.733,1.6,3.8,3,冀鲁云/鲁蒙冀
2026-03-16,番茄,2.733,1.6,3.8,3,冀鲁云/鲁蒙冀
2026-03-17,番茄,2.617,1.6,3.8,3,冀鲁云/鲁蒙冀
2026-03-18,番茄,2.583,1.6,3.6,3,冀鲁云/鲁蒙冀
2026-03-19,番茄,2.55,1.6,3.6,3,冀鲁云/鲁蒙冀
2026-03-20,番茄,2.517,1.6,3.4,3,冀鲁云/鲁蒙冀
2026-03-21,番茄,2.417,1.6,3.4,3,冀鲁云/鲁蒙冀
2026-03-22,番茄,2.417,1.6,3.4,3,冀鲁云/鲁蒙冀
2026-03-23,番茄,2.417,1.6,3.4,3,冀鲁云/鲁蒙冀
2026-03-24,番茄,2.417,1.6,3.4,3,冀鲁云/鲁蒙冀
2026-03-25,番茄,2.4,1.5,3.4,3,冀鲁云/鲁蒙冀
2026-03-26,番茄,2.4,1.5,3.4,3,冀鲁云/鲁蒙冀
2026-03-27,番茄,2.267,1.5,3.2,3,冀鲁/鲁蒙冀
2026-03-28,番茄,2.267,1.5,3.2,3,冀鲁/鲁蒙冀
2026-03-29,番茄,2.25,1.5,3.2,3,冀鲁/鲁蒙冀
2026-03-30,番茄,2.25,1.5,3.2,3,冀鲁/鲁蒙冀
2026-03-31,番茄,2.217,1.5,3.0,3,冀鲁/鲁蒙冀
2026-04-01,番茄,2.217,1.5,3.0,3,冀鲁/鲁蒙冀
2026-04-02,番茄,2.217,1.5,3.0,3,冀鲁/鲁蒙冀
2026-04-03,番茄,2.133,1.5,2.8,3,冀鲁/鲁蒙冀
2026-04-04,番茄,2.133,1.5,2.8,3,冀鲁/鲁蒙冀
2026-04-05,番茄,2.067,1.3,2.8,3,冀鲁蒙/鲁蒙冀
2026-04-06,番茄,2.067,1.3,2.8,3,冀鲁蒙/鲁蒙冀
2026-04-07,番茄,2.0,1.1,2.8,3,冀鲁蒙/鲁蒙冀
2026-04-08,番茄,2.017,1.1,2.8,3,冀鲁蒙/鲁蒙冀
2026-04-09,番茄,2.15,1.1,3.0,3,冀鲁蒙/鲁蒙冀
2026-04-10,番茄,2.15,1.1,3.0,3,冀鲁蒙/鲁蒙冀
2026-04-11,番茄,2.15,1.1,3.0,3,冀鲁蒙/鲁蒙冀
2026-04-12,番茄,2.15,1.1,3.0,3,冀鲁蒙/鲁蒙冀
2026-04-13,番茄,2.15,1.1,3.0,3,冀鲁蒙/鲁蒙冀
2026-04-14,番茄,2.183,1.1,3.2,3,冀鲁蒙/鲁蒙冀
2026-04-15,番茄,2.3,1.4,3.2,3,冀鲁蒙/鲁蒙冀
2026-04-16,番茄,2.383,1.4,3.2,3,冀鲁蒙/鲁蒙冀
2026-04-17,番茄,2.383,1.4,3.2,3,冀鲁蒙/鲁蒙冀
2026-04-18,番茄,2.383,1.4,3.2,3,冀鲁蒙/鲁蒙冀
2026-04-19,番茄,2.433,1.7,3.2,3,冀鲁蒙/鲁蒙冀
2026-04-20,番茄,2.45,1.6,3.3,3,冀鲁蒙/鲁蒙冀
2026-04-21,番茄,2.4,1.5,3.3,3,冀鲁蒙/鲁蒙冀
2026-04-22,番茄,2.367,1.5,3.2,3,冀鲁蒙/鲁蒙冀
2026-04-23,番茄,2.367,1.5,3.2,3,冀鲁蒙/鲁蒙冀
2026-04-24,番茄,2.367,1.5,3.2,3,冀鲁蒙/鲁蒙冀
2026-04-25,番茄,2.367,1.5,3.2,3,冀鲁蒙/鲁蒙冀
2026-04-26,番茄,2.367,1.5,3.2,3,冀鲁蒙/鲁蒙冀
2026-04-27,番茄,2.367,1.5,3.2,3,冀鲁蒙/鲁蒙冀
2026-04-28,番茄,2.367,1.5,3.2,3,冀鲁蒙/鲁蒙冀
2026-04-29,番茄,2.367,1.5,3.2,3,冀鲁蒙/鲁蒙冀
2026-04-30,番茄,2.367,1.5,3.2,3,冀鲁蒙/鲁蒙冀
2026-05-01,番茄,2.2,1.4,3.0,3,冀鲁蒙/鲁蒙冀
2026-05-02,番茄,2.2,1.4,3.0,3,冀鲁蒙/鲁蒙冀
2026-05-03,番茄,2.2,1.4,3.0,3,冀鲁蒙/鲁蒙冀
2026-05-04,番茄,2.2,1.4,3.0,3,冀鲁蒙/鲁蒙冀
2026-05-05,番茄,2.2,1.4,3.0,3,冀鲁蒙/鲁蒙冀
2026-05-06,番茄,2.067,1.2,2.8,3,冀鲁蒙/鲁蒙冀
2026-05-07,番茄,2.067,1.2,2.8,3,冀鲁蒙/鲁蒙冀
2026-05-08,番茄,2.0,1.2,2.6,3,冀鲁蒙/鲁蒙冀
2026-05-09,番茄,2.0,1.2,2.6,3,冀鲁蒙/鲁蒙冀
2026-05-10,番茄,1.95,1.2,2.6,3,冀鲁蒙/鲁蒙冀
2026-05-11,番茄,1.9,1.2,2.6,3,冀鲁蒙/鲁蒙冀
2026-05-12,番茄,1.9,1.2,2.6,3,冀鲁蒙/鲁蒙冀
2026-05-13,番茄,1.833,1.1,2.6,3,冀鲁蒙/鲁蒙冀
2026-05-14,番茄,1.833,1.1,2.8,3,冀鲁蒙/鲁蒙冀
2026-05-15,番茄,1.833,1.1,2.8,3,冀鲁蒙/鲁蒙冀
2026-05-16,番茄,1.833,1.1,2.8,3,冀鲁蒙/鲁蒙冀
2026-05-17,番茄,1.833,1.1,2.8,3,冀鲁蒙/鲁蒙冀
2026-05-18,番茄,1.867,1.1,2.8,3,冀鲁蒙/鲁蒙冀
2026-05-19,番茄,1.867,1.1,2.8,3,冀鲁蒙/鲁蒙冀
2026-05-20,番茄,1.75,1.1,2.6,3,冀鲁蒙/鲁蒙冀
2026-05-21,番茄,1.75,1.1,2.6,3,冀鲁蒙/鲁蒙冀
2026-05-22,番茄,1.65,1.1,2.5,3,冀鲁蒙/鲁蒙冀
2026-05-23,番茄,1.633,1.0,2.5,3,冀鲁蒙/鲁蒙冀
2026-05-24,番茄,1.633,1.0,2.5,3,冀鲁蒙/鲁蒙冀
2026-05-25,番茄,1.567,1.0,2.5,3,冀鲁蒙/鲁蒙冀
2026-05-26,番茄,1.567,1.0,2.5,3,冀鲁蒙/鲁蒙冀
2026-05-27,番茄,1.567,1.0,2.5,3,冀鲁蒙/鲁蒙冀
2026-05-28,番茄,1.567,1.0,2.5,3,冀鲁蒙/鲁蒙冀
2026-05-29,番茄,1.567,1.0,2.5,3,冀鲁蒙/鲁蒙冀
2026-05-30,番茄,1.567,1.0,2.5,3,冀鲁蒙/鲁蒙冀
2026-05-31,番茄,1.567,1.0,2.5,3,冀鲁蒙/鲁蒙冀
2026-06-01,番茄,1.567,1.0,2.5,3,冀鲁蒙/鲁蒙冀
2026-06-02,番茄,1.567,1.0,2.5,3,冀鲁蒙/鲁蒙冀
2026-06-03,番茄,1.567,1.0,2.5,3,冀鲁蒙/鲁蒙冀
2026-06-04,番茄,1.567,1.0,2.5,3,冀鲁蒙/鲁蒙冀
2026-06-05,番茄,1.567,1.0,2.5,3,冀鲁蒙/鲁蒙冀
2026-06-06,番茄,1.567,1.0,2.5,3,冀鲁蒙/鲁蒙冀
2026-06-07,番茄,1.567,1.0,2.5,3,冀鲁蒙/鲁蒙冀
2026-06-08,番茄,1.567,1.0,2.5,3,冀鲁蒙/鲁蒙冀
2026-06-09,番茄,1.467,0.9,2.3,3,冀鲁/鲁蒙冀
2026-06-10,番茄,1.517,0.9,2.3,3,冀鲁/鲁蒙冀
2026-06-11,番茄,1.433,0.9,2.3,3,冀鲁/鲁蒙冀
2026-06-12,番茄,1.433,0.9,2.3,3,冀鲁/鲁蒙冀
2026-06-13,番茄,1.367,0.8,2.3,3,冀鲁/鲁蒙冀
2026-06-14,番茄,1.367,0.8,2.3,3,冀鲁/鲁蒙冀
2026-06-15,番茄,1.367,0.8,2.3,3,冀鲁/鲁蒙冀
2026-06-16,番茄,1.367,0.8,2.3,3,冀鲁/鲁蒙冀
2026-06-17,番茄,1.467,0.9,2.3,3,冀鲁/鲁蒙冀
2026-06-18,番茄,1.467,0.9,2.3,3,冀鲁/鲁蒙冀
2026-06-19,番茄,1.467,0.9,2.3,3,冀鲁/鲁蒙冀
2026-06-20,番茄,1.467,0.9,2.3,3,冀鲁/鲁蒙冀
2026-06-21,番茄,1.467,0.9,2.3,3,冀鲁/鲁蒙冀
2026-06-22,番茄,1.467,0.9,2.3,3,冀鲁/鲁蒙冀
2026-06-23,番茄,1.467,0.9,2.3,3,冀鲁/鲁蒙冀
2026-06-24,番茄,1.467,0.9,2.3,3,冀鲁/鲁蒙冀
2026-06-25,番茄,1.467,0.9,2.3,3,冀鲁/鲁蒙冀
2026-06-26,番茄,1.467,0.9,2.3,3,冀鲁/鲁蒙冀
2026-06-27,番茄,1.45,0.9,2.2,3,冀鲁/鲁蒙冀
2026-06-28,番茄,1.45,0.9,2.2,3,冀鲁/鲁蒙冀
2026-06-29,番茄,1.417,0.9,2.0,3,冀鲁/鲁蒙冀
2026-06-30,番茄,1.417,0.9,2.0,3,冀京/冀京蒙/蒙冀
2026-07-01,番茄,1.467,1.0,2.0,3,冀京/冀京蒙/蒙冀
2026-07-02,番茄,1.467,1.0,2.0,3,冀京/冀京蒙/蒙冀
2026-07-03,番茄,1.467,1.0,2.0,3,冀京/冀京蒙/蒙冀
2026-07-04,番茄,1.433,1.0,2.0,3,冀京/冀京蒙/蒙冀
2026-07-05,番茄,1.433,1.0,2.0,3,冀京/冀京蒙/蒙冀
2026-07-06,番茄,1.433,1.0,2.0,3,冀京/冀京蒙/蒙冀
2026-07-07,番茄,1.433,1.0,2.0,3,冀京/冀京蒙/蒙冀
2026-07-08,番茄,1.433,1.0,2.0,3,冀京/冀京蒙/蒙冀
2026-07-09,番茄,1.433,1.0,2.0,3,冀京/冀京蒙/蒙冀
2026-07-10,番茄,1.433,1.0,2.0,3,冀京/冀京蒙/蒙冀
2026-07-11,番茄,1.433,1.0,2.0,3,冀京/冀京蒙/蒙冀
2026-07-12,番茄,1.433,1.0,2.0,3,冀京/冀京蒙/蒙冀
2026-07-13,番茄,1.433,1.0,2.0,3,冀京/冀京蒙/蒙冀
2026-07-14,番茄,1.5,1.1,2.0,3,冀京/冀京蒙/蒙冀
2026-07-15,番茄,1.433,1.0,2.0,3,冀京/冀京蒙/蒙冀
2026-07-16,番茄,1.433,1.0,2.0,3,冀京/冀京蒙/蒙冀
2026-07-17,番茄,1.433,1.0,2.0,3,冀京/冀京蒙/蒙冀
2026-07-18,番茄,1.433,1.0,2.0,3,冀京/冀京蒙/蒙冀
2026-07-19,番茄,1.433,1.0,2.0,3,冀京/冀京蒙/蒙冀
2026-07-20,番茄,1.433,1.0,2.0,3,冀京/冀京蒙/蒙冀
2026-07-21,番茄,1.433,1.0,2.0,3,冀京/冀京蒙/蒙冀
2026-07-22,番茄,1.433,1.0,2.0,3,冀京/冀京蒙/蒙冀
2026-07-23,番茄,1.433,1.0,2.0,3,冀京/冀京蒙/蒙冀
2026-07-24,番茄,1.7,1.2,2.3,3,冀京/冀京蒙/蒙冀
2026-07-25,番茄,1.7,1.2,2.3,3,冀京/冀京蒙/蒙冀
2026-07-26,番茄,1.75,1.2,2.6,3,冀京/冀京蒙/蒙冀
2026-07-27,番茄,1.75,1.2,2.6,3,冀京/冀京蒙/蒙冀
2026-07-28,番茄,1.75,1.2,2.6,3,冀京/冀京蒙/蒙冀
2026-07-29,番茄,1.75,1.2,2.6,3,冀京/冀京蒙/蒙冀
2026-07-30,番茄,1.867,1.2,2.6,3,冀京/冀京蒙/蒙冀
2026-07-31,番茄,1.867,1.2,2.6,3,冀京/冀京蒙/蒙冀
2026-08-01,番茄,1.867,1.2,2.6,3,冀京/冀京蒙/蒙冀
2026-08-02,番茄,1.867,1.2,2.6,3,冀京/冀京蒙/蒙冀
2026-08-03,番茄,1.867,1.2,2.6,3,冀京/冀京蒙/蒙冀
2026-08-04,番茄,1.867,1.2,2.6,3,冀京/冀京蒙/蒙冀
2026-08-05,番茄,1.867,1.2,2.6,3,冀京/冀京蒙/蒙冀
2026-08-06,番茄,1.867,1.2,2.6,3,冀/冀蒙/蒙冀
2026-08-07,番茄,1.867,1.2,2.6,3,冀/冀蒙/蒙冀
2026-08-08,番茄,1.633,1.0,2.5,3,冀/冀蒙/蒙冀
2026-08-09,番茄,1.483,0.8,2.5,3,冀/冀蒙/蒙冀
2026-08-10,番茄,1.383,0.8,2.2,3,冀/冀蒙/蒙冀
2026-08-11,番茄,1.317,0.8,2.2,3,冀/冀蒙/蒙冀
2026-01-01,白玉菇,4.2,3.8,4.6,1,豫
2026-01-02,白玉菇,4.2,3.8,4.6,1,豫
2026-01-03,白玉菇,4.2,3.8,4.6,1,豫
2026-01-04,白玉菇,4.2,3.8,4.6,1,豫
2026-01-05,白玉菇,4.2,3.8,4.6,1,豫
2026-01-06,白玉菇,4.2,3.8,4.6,1,豫
2026-01-07,白玉菇,4.2,3.8,4.6,1,豫
2026-01-08,白玉菇,4.2,3.8,4.6,1,豫
2026-01-09,白玉菇,4.2,3.8,4.6,1,豫
2026-01-10,白玉菇,4.2,3.8,4.6,1,豫
2026-01-11,白玉菇,4.2,3.8,4.6,1,豫
2026-01-12,白玉菇,4.2,3.8,4.6,1,豫
2026-01-13,白玉菇,4.2,3.8,4.6,1,豫
2026-01-14,白玉菇,4.2,3.8,4.6,1,豫
2026-01-15,白玉菇,4.2,3.8,4.6,1,豫
2026-01-16,白玉菇,4.2,3.8,4.6,1,豫
2026-01-17,白玉菇,4.2,3.8,4.6,1,豫
2026-01-18,白玉菇,4.2,3.8,4.6,1,豫
2026-01-19,白玉菇,4.2,3.8,4.6,1,豫
2026-01-20,白玉菇,4.2,3.8,4.6,1,豫
2026-01-21,白玉菇,3.75,3.5,4.0,1,豫
2026-01-22,白玉菇,3.75,3.5,4.0,1,豫
2026-01-23,白玉菇,3.75,3.5,4.0,1,豫
2026-01-24,白玉菇,3.75,3.5,4.0,1,豫
2026-01-25,白玉菇,3.75,3.5,4.0,1,豫
2026-01-26,白玉菇,3.75,3.5,4.0,1,豫
2026-01-27,白玉菇,3.75,3.5,4.0,1,豫
2026-01-28,白玉菇,3.75,3.5,4.0,1,豫
2026-01-29,白玉菇,3.75,3.5,4.0,1,豫
2026-01-30,白玉菇,3.75,3.5,4.0,1,豫
2026-01-31,白玉菇,3.75,3.5,4.0,1,豫
2026-02-01,白玉菇,3.75,3.5,4.0,1,豫
2026-02-02,白玉菇,3.75,3.5,4.0,1,豫
2026-02-03,白玉菇,3.75,3.5,4.0,1,豫
2026-02-04,白玉菇,3.75,3.5,4.0,1,豫
2026-02-05,白玉菇,3.75,3.5,4.0,1,豫
2026-02-06,白玉菇,3.75,3.5,4.0,1,豫
2026-02-07,白玉菇,3.75,3.5,4.0,1,豫
2026-02-08,白玉菇,3.75,3.5,4.0,1,豫
2026-02-09,白玉菇,3.75,3.5,4.0,1,豫
2026-02-10,白玉菇,3.75,3.5,4.0,1,豫
2026-02-11,白玉菇,3.75,3.5,4.0,1,豫
2026-02-12,白玉菇,3.75,3.5,4.0,1,豫
2026-02-13,白玉菇,3.75,3.5,4.0,1,豫
2026-02-14,白玉菇,3.75,3.5,4.0,1,豫
2026-02-15,白玉菇,3.75,3.5,4.0,1,豫
2026-02-16,白玉菇,3.75,3.5,4.0,1,豫
2026-02-24,白玉菇,3.75,3.5,4.0,1,豫
2026-02-25,白玉菇,3.75,3.5,4.0,1,豫
2026-02-26,白玉菇,3.75,3.5,4.0,1,豫
2026-02-27,白玉菇,3.75,3.5,4.0,1,豫
2026-02-28,白玉菇,3.75,3.5,4.0,1,豫
2026-03-01,白玉菇,3.75,3.5,4.0,1,豫
2026-03-02,白玉菇,3.75,3.5,4.0,1,豫
2026-03-03,白玉菇,3.75,3.5,4.0,1,豫
2026-03-04,白玉菇,3.75,3.5,4.0,1,豫
2026-03-05,白玉菇,3.75,3.5,4.0,1,豫
2026-03-06,白玉菇,3.75,3.5,4.0,1,豫
2026-03-07,白玉菇,3.75,3.5,4.0,1,豫
2026-03-08,白玉菇,3.75,3.5,4.0,1,豫
2026-03-09,白玉菇,3.75,3.5,4.0,1,豫
2026-03-10,白玉菇,3.75,3.5,4.0,1,豫
2026-03-11,白玉菇,3.75,3.5,4.0,1,豫
2026-03-12,白玉菇,3.75,3.5,4.0,1,豫
2026-03-13,白玉菇,3.75,3.5,4.0,1,豫
2026-03-14,白玉菇,3.75,3.5,4.0,1,豫
2026-03-15,白玉菇,3.75,3.5,4.0,1,豫
2026-03-16,白玉菇,3.75,3.5,4.0,1,豫
2026-03-17,白玉菇,3.75,3.5,4.0,1,豫
2026-03-18,白玉菇,3.75,3.5,4.0,1,豫
2026-03-19,白玉菇,3.75,3.5,4.0,1,豫
2026-03-20,白玉菇,3.75,3.5,4.0,1,豫
2026-03-21,白玉菇,3.75,3.5,4.0,1,豫
2026-03-22,白玉菇,3.75,3.5,4.0,1,豫
2026-03-23,白玉菇,3.75,3.5,4.0,1,豫
2026-03-24,白玉菇,3.75,3.5,4.0,1,豫
2026-03-25,白玉菇,3.75,3.5,4.0,1,豫
2026-03-26,白玉菇,3.75,3.5,4.0,1,豫
2026-03-27,白玉菇,3.75,3.5,4.0,1,豫
2026-03-28,白玉菇,3.75,3.5,4.0,1,豫
2026-03-29,白玉菇,3.75,3.5,4.0,1,豫
2026-03-30,白玉菇,3.75,3.5,4.0,1,豫
2026-03-31,白玉菇,3.75,3.5,4.0,1,豫
2026-04-01,白玉菇,3.75,3.5,4.0,1,豫
2026-04-02,白玉菇,3.75,3.5,4.0,1,豫
2026-04-03,白玉菇,3.75,3.5,4.0,1,豫
2026-04-04,白玉菇,3.75,3.5,4.0,1,豫
2026-04-05,白玉菇,3.75,3.5,4.0,1,豫
2026-04-06,白玉菇,3.75,3.5,4.0,1,豫
2026-04-07,白玉菇,3.75,3.5,4.0,1,豫
2026-04-08,白玉菇,3.75,3.5,4.0,1,豫
2026-04-09,白玉菇,3.75,3.5,4.0,1,豫
2026-04-10,白玉菇,3.75,3.5,4.0,1,豫
2026-04-11,白玉菇,3.75,3.5,4.0,1,豫
2026-04-12,白玉菇,3.75,3.5,4.0,1,豫
2026-04-13,白玉菇,3.75,3.5,4.0,1,豫
2026-04-14,白玉菇,3.75,3.5,4.0,1,豫
2026-04-15,白玉菇,3.75,3.5,4.0,1,豫
2026-04-16,白玉菇,3.75,3.5,4.0,1,豫
2026-04-17,白玉菇,3.75,3.5,4.0,1,豫
2026-04-18,白玉菇,3.75,3.5,4.0,1,豫
2026-04-19,白玉菇,3.75,3.5,4.0,1,豫
2026-04-20,白玉菇,3.75,3.5,4.0,1,豫
2026-04-21,白玉菇,3.75,3.5,4.0,1,豫
2026-04-22,白玉菇,3.75,3.5,4.0,1,豫
2026-04-23,白玉菇,3.75,3.5,4.0,1,豫
2026-04-24,白玉菇,3.75,3.5,4.0,1,豫
2026-04-25,白玉菇,3.75,3.5,4.0,1,豫
2026-04-26,白玉菇,3.75,3.5,4.0,1,豫
2026-04-27,白玉菇,3.75,3.5,4.0,1,豫
2026-04-28,白玉菇,3.75,3.5,4.0,1,豫
2026-04-29,白玉菇,3.75,3.5,4.0,1,豫
2026-04-30,白玉菇,3.75,3.5,4.0,1,豫
2026-05-01,白玉菇,3.75,3.5,4.0,1,豫
2026-05-02,白玉菇,3.75,3.5,4.0,1,豫
2026-05-03,白玉菇,3.75,3.5,4.0,1,豫
2026-05-04,白玉菇,3.75,3.5,4.0,1,豫
2026-05-05,白玉菇,3.75,3.5,4.0,1,豫
2026-05-06,白玉菇,3.75,3.5,4.0,1,豫
2026-05-07,白玉菇,3.75,3.5,4.0,1,豫
2026-05-08,白玉菇,3.75,3.5,4.0,1,豫
2026-05-09,白玉菇,3.75,3.5,4.0,1,豫
2026-05-10,白玉菇,3.75,3.5,4.0,1,豫
2026-05-11,白玉菇,3.75,3.5,4.0,1,豫
2026-05-12,白玉菇,3.75,3.5,4.0,1,豫
2026-05-13,白玉菇,3.75,3.5,4.0,1,豫
2026-05-14,白玉菇,3.75,3.5,4.0,1,豫
2026-05-15,白玉菇,3.75,3.5,4.0,1,豫
2026-05-16,白玉菇,3.75,3.5,4.0,1,豫
2026-05-17,白玉菇,3.75,3.5,4.0,1,豫
2026-05-18,白玉菇,3.75,3.5,4.0,1,豫
2026-05-19,白玉菇,3.75,3.5,4.0,1,豫
2026-05-20,白玉菇,3.75,3.5,4.0,1,豫
2026-05-21,白玉菇,3.75,3.5,4.0,1,豫
2026-05-22,白玉菇,3.75,3.5,4.0,1,豫
2026-05-23,白玉菇,3.75,3.5,4.0,1,豫
2026-05-24,白玉菇,3.75,3.5,4.0,1,豫
2026-05-25,白玉菇,3.75,3.5,4.0,1,豫
2026-05-26,白玉菇,3.75,3.5,4.0,1,豫
2026-05-27,白玉菇,3.75,3.5,4.0,1,豫
2026-05-28,白玉菇,3.75,3.5,4.0,1,豫
2026-05-29,白玉菇,3.75,3.5,4.0,1,豫
2026-05-30,白玉菇,3.75,3.5,4.0,1,豫
2026-05-31,白玉菇,3.75,3.5,4.0,1,豫
2026-06-01,白玉菇,3.75,3.5,4.0,1,豫
2026-06-02,白玉菇,3.75,3.5,4.0,1,豫
2026-06-03,白玉菇,3.75,3.5,4.0,1,豫
2026-06-04,白玉菇,3.75,3.5,4.0,1,豫
2026-06-05,白玉菇,3.75,3.5,4.0,1,豫
2026-06-06,白玉菇,3.75,3.5,4.0,1,豫
2026-06-07,白玉菇,3.75,3.5,4.0,1,豫
2026-06-08,白玉菇,3.75,3.5,4.0,1,豫
2026-06-09,白玉菇,3.75,3.5,4.0,1,豫
2026-06-10,白玉菇,3.75,3.5,4.0,1,豫
2026-06-11,白玉菇,3.75,3.5,4.0,1,豫
2026-06-12,白玉菇,3.75,3.5,4.0,1,豫
2026-06-13,白玉菇,3.75,3.5,4.0,1,豫
2026-06-14,白玉菇,3.75,3.5,4.0,1,豫
2026-06-15,白玉菇,3.75,3.5,4.0,1,豫
2026-06-16,白玉菇,3.75,3.5,4.0,1,豫
2026-06-17,白玉菇,3.75,3.5,4.0,1,豫
2026-06-18,白玉菇,3.75,3.5,4.0,1,豫
2026-06-19,白玉菇,3.75,3.5,4.0,1,豫
2026-06-20,白玉菇,3.75,3.5,4.0,1,豫
2026-06-21,白玉菇,3.75,3.5,4.0,1,豫
2026-06-22,白玉菇,3.75,3.5,4.0,1,豫
2026-06-23,白玉菇,3.75,3.5,4.0,1,豫
2026-06-24,白玉菇,3.75,3.5,4.0,1,豫
2026-06-25,白玉菇,3.75,3.5,4.0,1,豫
2026-06-26,白玉菇,3.75,3.5,4.0,1,豫
2026-06-27,白玉菇,3.75,3.5,4.0,1,豫
2026-06-28,白玉菇,3.75,3.5,4.0,1,豫
2026-06-29,白玉菇,3.75,3.5,4.0,1,豫
2026-06-30,白玉菇,3.75,3.5,4.0,1,豫
2026-07-01,白玉菇,3.75,3.5,4.0,1,豫
2026-07-02,白玉菇,3.75,3.5,4.0,1,豫
2026-07-03,白玉菇,3.75,3.5,4.0,1,豫
2026-07-04,白玉菇,3.75,3.5,4.0,1,豫
2026-07-05,白玉菇,3.75,3.5,4.0,1,豫
2026-07-06,白玉菇,3.75,3.5,4.0,1,豫
2026-07-07,白玉菇,3.75,3.5,4.0,1,豫
2026-07-08,白玉菇,3.75,3.5,4.0,1,豫
2026-07-09,白玉菇,3.75,3.5,4.0,1,豫
2026-07-10,白玉菇,3.75,3.5,4.0,1,豫
2026-07-11,白玉菇,3.75,3.5,4.0,1,豫
2026-07-12,白玉菇,3.75,3.5,4.0,1,豫
2026-07-13,白玉菇,3.75,3.5,4.0,1,豫
2026-07-14,白玉菇,3.75,3.5,4.0,1,豫
2026-07-15,白玉菇,3.75,3.5,4.0,1,豫
2026-07-16,白玉菇,3.75,3.5,4.0,1,豫
2026-07-17,白玉菇,3.75,3.5,4.0,1,豫
2026-07-18,白玉菇,3.75,3.5,4.0,1,豫
2026-07-19,白玉菇,3.75,3.5,4.0,1,豫
2026-07-20,白玉菇,3.75,3.5,4.0,1,豫
2026-07-21,白玉菇,3.75,3.5,4.0,1,豫
2026-07-22,白玉菇,3.75,3.5,4.0,1,豫
2026-07-23,白玉菇,3.75,3.5,4.0,1,豫
2026-07-24,白玉菇,3.75,3.5,4.0,1,豫
2026-07-25,白玉菇,3.75,3.5,4.0,1,豫
2026-07-26,白玉菇,3.75,3.5,4.0,1,豫
2026-07-27,白玉菇,3.75,3.5,4.0,1,豫
2026-07-28,白玉菇,3.75,3.5,4.0,1,豫
2026-07-29,白玉菇,3.75,3.5,4.0,1,豫
2026-07-30,白玉菇,3.75,3.5,4.0,1,豫
2026-07-31,白玉菇,3.75,3.5,4.0,1,豫
2026-08-01,白玉菇,3.75,3.5,4.0,1,豫
2026-08-02,白玉菇,3.75,3.5,4.0,1,豫
2026-08-03,白玉菇,3.75,3.5,4.0,1,豫
2026-08-04,白玉菇,3.75,3.5,4.0,1,豫
2026-08-05,白玉菇,3.75,3.5,4.0,1,豫
2026-08-06,白玉菇,3.75,3.5,4.0,1,豫
2026-08-07,白玉菇,3.75,3.5,4.0,1,豫
2026-08-08,白玉菇,3.75,3.5,4.0,1,豫
2026-08-09,白玉菇,3.75,3.5,4.0,1,豫
2026-08-10,白玉菇,3.75,3.5,4.0,1,豫
2026-08-11,白玉菇,3.75,3.5,4.0,1,豫
2026-01-01,白萝卜,0.5,0.4,0.6,1,鄂
2026-01-02,白萝卜,0.5,0.4,0.6,1,鄂
2026-01-03,白萝卜,0.5,0.4,0.6,1,鄂
2026-01-04,白萝卜,0.5,0.4,0.6,1,鄂
2026-01-05,白萝卜,0.5,0.4,0.6,1,鄂
2026-01-06,白萝卜,0.5,0.4,0.6,1,鄂
2026-01-07,白萝卜,0.5,0.4,0.6,1,鄂
2026-01-08,白萝卜,0.5,0.4,0.6,1,鄂
2026-01-09,白萝卜,0.5,0.4,0.6,1,鄂
2026-01-10,白萝卜,0.5,0.4,0.6,1,鄂
2026-01-11,白萝卜,0.5,0.4,0.6,1,鄂
2026-01-12,白萝卜,0.5,0.4,0.6,1,鄂
2026-01-13,白萝卜,0.5,0.4,0.6,1,鄂
2026-01-14,白萝卜,0.5,0.4,0.6,1,鄂
2026-01-15,白萝卜,0.5,0.4,0.6,1,鄂
2026-01-16,白萝卜,0.5,0.4,0.6,1,鄂
2026-01-17,白萝卜,0.5,0.4,0.6,1,鄂
2026-01-18,白萝卜,0.5,0.4,0.6,1,鄂
2026-01-19,白萝卜,0.5,0.4,0.6,1,鄂
2026-01-20,白萝卜,0.5,0.4,0.6,1,鄂
2026-01-21,白萝卜,0.5,0.4,0.6,1,鄂
2026-01-22,白萝卜,0.5,0.4,0.6,1,鄂
2026-01-23,白萝卜,0.53,0.4,0.65,1,鄂
2026-01-24,白萝卜,0.55,0.4,0.7,1,鄂
2026-01-25,白萝卜,0.6,0.5,0.7,1,鄂川
2026-01-26,白萝卜,0.6,0.5,0.7,1,鄂川
2026-01-27,白萝卜,0.6,0.5,0.7,1,鄂川
2026-01-28,白萝卜,0.6,0.5,0.7,1,鄂川
2026-01-29,白萝卜,0.6,0.5,0.7,1,鄂川
2026-01-30,白萝卜,0.6,0.5,0.7,1,鄂川
2026-01-31,白萝卜,0.55,0.45,0.65,1,鄂川
2026-02-01,白萝卜,0.55,0.45,0.65,1,鄂川
2026-02-02,白萝卜,0.55,0.45,0.65,1,鄂川
2026-02-03,白萝卜,0.55,0.45,0.65,1,鄂川
2026-02-04,白萝卜,0.55,0.45,0.65,1,鄂川
2026-02-05,白萝卜,0.53,0.4,0.65,1,鄂川
2026-02-06,白萝卜,0.53,0.4,0.65,1,鄂川
2026-02-07,白萝卜,0.5,0.4,0.6,1,鄂川
2026-02-08,白萝卜,0.5,0.4,0.6,1,鄂川
2026-02-09,白萝卜,0.5,0.4,0.6,1,鄂川
2026-02-10,白萝卜,0.5,0.4,0.6,1,鄂川
2026-02-11,白萝卜,0.5,0.4,0.6,1,鄂川
2026-02-12,白萝卜,0.5,0.4,0.6,1,鄂川
2026-02-13,白萝卜,0.5,0.4,0.6,1,鄂川
2026-02-14,白萝卜,0.53,0.4,0.65,1,鄂川
2026-02-15,白萝卜,0.53,0.4,0.65,1,鄂川
2026-02-16,白萝卜,0.53,0.4,0.65,1,鄂川
2026-02-24,白萝卜,0.7,0.5,0.9,1,鄂川
2026-02-25,白萝卜,0.7,0.5,0.9,1,鄂川
2026-02-26,白萝卜,0.7,0.5,0.9,1,鄂川
2026-02-27,白萝卜,0.7,0.5,0.9,1,鄂川
2026-02-28,白萝卜,0.65,0.5,0.8,1,鄂川
2026-03-01,白萝卜,0.65,0.5,0.8,1,鄂川
2026-03-02,白萝卜,0.6,0.4,0.8,1,鄂川
2026-03-03,白萝卜,0.55,0.4,0.7,1,鄂川
2026-03-04,白萝卜,0.55,0.4,0.7,1,鄂川
2026-03-05,白萝卜,0.5,0.4,0.6,1,鄂川
2026-03-06,白萝卜,0.5,0.4,0.6,1,鄂川
2026-03-07,白萝卜,0.5,0.4,0.6,1,鄂川
2026-03-08,白萝卜,0.5,0.4,0.6,1,鄂川
2026-03-09,白萝卜,0.5,0.4,0.6,1,鄂川
2026-03-10,白萝卜,0.5,0.4,0.6,1,鄂川
2026-03-11,白萝卜,0.5,0.4,0.6,1,鄂川
2026-03-12,白萝卜,0.5,0.4,0.6,1,鄂川
2026-03-13,白萝卜,0.5,0.4,0.6,1,鄂川
2026-03-14,白萝卜,0.5,0.4,0.6,1,鄂川
2026-03-15,白萝卜,0.5,0.4,0.6,1,鄂川
2026-03-16,白萝卜,0.45,0.4,0.5,1,鄂川
2026-03-17,白萝卜,0.45,0.4,0.5,1,鄂川
2026-03-18,白萝卜,0.45,0.4,0.5,1,鄂川
2026-03-19,白萝卜,0.45,0.4,0.5,1,鄂川
2026-03-20,白萝卜,0.45,0.4,0.5,1,鄂川
2026-03-21,白萝卜,0.45,0.4,0.5,1,鄂川
2026-03-22,白萝卜,0.45,0.4,0.5,1,鄂川
2026-03-23,白萝卜,0.45,0.4,0.5,1,川
2026-03-24,白萝卜,0.45,0.4,0.5,1,川
2026-03-25,白萝卜,0.45,0.4,0.5,1,川
2026-03-26,白萝卜,0.45,0.4,0.5,1,川
2026-03-27,白萝卜,0.45,0.4,0.5,1,鄂川
2026-03-28,白萝卜,0.45,0.4,0.5,1,鄂川
2026-03-29,白萝卜,0.45,0.4,0.5,1,鄂川
2026-03-30,白萝卜,0.5,0.4,0.6,1,鄂川
2026-03-31,白萝卜,0.5,0.4,0.6,1,鄂川
2026-04-01,白萝卜,0.5,0.4,0.6,1,鄂川
2026-04-02,白萝卜,0.5,0.4,0.6,1,鄂川
2026-04-03,白萝卜,0.5,0.4,0.6,1,鄂川
2026-04-04,白萝卜,0.5,0.4,0.6,1,鄂川
2026-04-05,白萝卜,0.55,0.45,0.65,1,川
2026-04-06,白萝卜,0.6,0.5,0.7,1,川
2026-04-07,白萝卜,0.6,0.5,0.7,1,川
2026-04-08,白萝卜,0.6,0.5,0.7,1,川
2026-04-09,白萝卜,0.6,0.5,0.7,1,川
2026-04-10,白萝卜,0.6,0.5,0.7,1,川
2026-04-11,白萝卜,0.6,0.5,0.7,1,川
2026-04-12,白萝卜,0.6,0.5,0.7,1,川
2026-04-13,白萝卜,0.6,0.5,0.7,1,川
2026-04-14,白萝卜,0.6,0.5,0.7,1,川
2026-04-15,白萝卜,0.6,0.5,0.7,1,川
2026-04-16,白萝卜,0.68,0.6,0.75,1,川
2026-04-17,白萝卜,0.68,0.6,0.75,1,川
2026-04-18,白萝卜,0.68,0.6,0.75,1,川
2026-04-19,白萝卜,0.75,0.6,0.9,1,川
2026-04-20,白萝卜,0.75,0.6,0.9,1,川
2026-04-21,白萝卜,0.75,0.6,0.9,1,川
2026-04-22,白萝卜,0.8,0.7,0.9,1,川
2026-04-23,白萝卜,0.8,0.7,0.9,1,川
2026-04-24,白萝卜,0.8,0.7,0.9,1,川
2026-04-25,白萝卜,0.8,0.7,0.9,1,川
2026-04-26,白萝卜,0.9,0.8,1.0,1,川
2026-04-27,白萝卜,0.85,0.8,0.9,1,苏冀
2026-04-28,白萝卜,0.85,0.8,0.9,1,苏冀
2026-04-29,白萝卜,0.85,0.8,0.9,1,苏冀
2026-04-30,白萝卜,0.85,0.8,0.9,1,苏冀
2026-05-01,白萝卜,0.9,0.8,1.0,1,苏冀
2026-05-02,白萝卜,0.9,0.8,1.0,1,苏冀
2026-05-03,白萝卜,0.9,0.8,1.0,1,苏冀
2026-05-04,白萝卜,0.9,0.8,1.0,1,苏冀
2026-05-05,白萝卜,0.95,0.9,1.0,1,苏冀
2026-05-06,白萝卜,0.95,0.9,1.0,1,苏冀
2026-05-07,白萝卜,0.9,0.8,1.0,1,苏冀
2026-05-08,白萝卜,0.85,0.8,0.9,1,苏冀
2026-05-09,白萝卜,0.7,0.6,0.8,1,苏冀
2026-05-10,白萝卜,0.7,0.6,0.8,1,苏冀
2026-05-11,白萝卜,0.6,0.5,0.7,1,鄂冀
2026-05-12,白萝卜,0.5,0.4,0.6,1,鄂冀
2026-05-13,白萝卜,0.5,0.4,0.6,1,鄂冀
2026-05-14,白萝卜,0.5,0.4,0.6,1,鄂冀
2026-05-15,白萝卜,0.5,0.4,0.6,1,鄂冀
2026-05-16,白萝卜,0.45,0.4,0.5,1,鄂冀
2026-05-17,白萝卜,0.4,0.3,0.5,1,鄂冀
2026-05-18,白萝卜,0.5,0.4,0.6,1,鄂冀
2026-05-19,白萝卜,0.45,0.4,0.5,1,鄂冀
2026-05-20,白萝卜,0.4,0.3,0.5,1,鄂冀
2026-05-21,白萝卜,0.35,0.3,0.4,1,鄂冀
2026-05-22,白萝卜,0.35,0.3,0.4,1,鄂冀
2026-05-23,白萝卜,0.35,0.3,0.4,1,鄂冀
2026-05-24,白萝卜,0.45,0.4,0.5,1,鄂冀
2026-05-25,白萝卜,0.4,0.3,0.5,1,鄂冀
2026-05-26,白萝卜,0.4,0.3,0.5,1,鄂冀
2026-05-27,白萝卜,0.4,0.3,0.5,1,冀
2026-05-28,白萝卜,0.45,0.4,0.5,1,冀
2026-05-29,白萝卜,0.45,0.4,0.5,1,冀
2026-05-30,白萝卜,0.4,0.35,0.45,1,冀
2026-05-31,白萝卜,0.4,0.35,0.45,1,冀
2026-06-01,白萝卜,0.4,0.35,0.45,1,冀
2026-06-02,白萝卜,0.45,0.4,0.5,1,冀
2026-06-03,白萝卜,0.45,0.4,0.5,1,冀
2026-06-04,白萝卜,0.45,0.4,0.5,1,冀
2026-06-05,白萝卜,0.45,0.4,0.5,1,冀
2026-06-06,白萝卜,0.45,0.4,0.5,1,冀
2026-06-07,白萝卜,0.5,0.4,0.6,1,冀
2026-06-08,白萝卜,0.5,0.4,0.6,1,冀
2026-06-09,白萝卜,0.5,0.4,0.6,1,冀
2026-06-10,白萝卜,0.5,0.4,0.6,1,冀
2026-06-11,白萝卜,0.5,0.4,0.6,1,冀
2026-06-12,白萝卜,0.5,0.4,0.6,1,冀
2026-06-13,白萝卜,0.45,0.4,0.5,1,冀
2026-06-14,白萝卜,0.45,0.4,0.5,1,冀
2026-06-15,白萝卜,0.5,0.4,0.6,1,冀
2026-06-16,白萝卜,0.5,0.4,0.6,1,冀
2026-06-17,白萝卜,0.5,0.4,0.6,1,冀
2026-06-18,白萝卜,0.5,0.4,0.6,1,冀
2026-06-19,白萝卜,0.5,0.4,0.6,1,冀
2026-06-20,白萝卜,0.5,0.4,0.6,1,冀
2026-06-21,白萝卜,0.4,0.3,0.5,1,冀陕
2026-06-22,白萝卜,0.4,0.3,0.5,1,冀陕
2026-06-23,白萝卜,0.4,0.3,0.5,1,冀陕
2026-06-24,白萝卜,0.4,0.3,0.5,1,冀陕
2026-06-25,白萝卜,0.4,0.3,0.5,1,冀陕
2026-06-26,白萝卜,0.4,0.3,0.5,1,冀陕
2026-06-27,白萝卜,0.4,0.3,0.5,1,冀陕
2026-06-28,白萝卜,0.4,0.3,0.5,1,冀陕
2026-06-29,白萝卜,0.4,0.3,0.5,1,冀陕
2026-06-30,白萝卜,0.4,0.3,0.5,1,冀陕
2026-07-01,白萝卜,0.35,0.3,0.4,1,冀陕
2026-07-02,白萝卜,0.35,0.3,0.4,1,冀陕
2026-07-03,白萝卜,0.35,0.3,0.4,1,冀陕
2026-07-04,白萝卜,0.35,0.3,0.4,1,冀陕
2026-07-05,白萝卜,0.35,0.3,0.4,1,冀陕
2026-07-06,白萝卜,0.35,0.3,0.4,1,冀陕
2026-07-07,白萝卜,0.4,0.35,0.45,1,冀陕
2026-07-08,白萝卜,0.4,0.35,0.45,1,冀陕
2026-07-09,白萝卜,0.4,0.35,0.45,1,冀陕
2026-07-10,白萝卜,0.4,0.35,0.45,1,冀陕
2026-07-11,白萝卜,0.45,0.4,0.5,1,冀陕
2026-07-12,白萝卜,0.45,0.4,0.5,1,冀陕
2026-07-13,白萝卜,0.45,0.4,0.5,1,冀陕
2026-07-14,白萝卜,0.45,0.4,0.5,1,冀陕
2026-07-15,白萝卜,0.45,0.4,0.5,1,冀陕
2026-07-16,白萝卜,0.45,0.4,0.5,1,冀陕
2026-07-17,白萝卜,0.45,0.4,0.5,1,冀陕
2026-07-18,白萝卜,0.45,0.4,0.5,1,冀陕
2026-07-19,白萝卜,0.45,0.4,0.5,1,冀陕
2026-07-20,白萝卜,0.45,0.4,0.5,1,冀陕
2026-07-21,白萝卜,0.45,0.4,0.5,1,冀陕
2026-07-22,白萝卜,0.5,0.45,0.55,1,冀陕
2026-07-23,白萝卜,0.5,0.45,0.55,1,冀陕
2026-07-24,白萝卜,0.5,0.45,0.55,1,冀陕
2026-07-25,白萝卜,0.55,0.5,0.6,1,冀陕
2026-07-26,白萝卜,0.55,0.5,0.6,1,冀陕
2026-07-27,白萝卜,0.63,0.55,0.7,1,冀陕
2026-07-28,白萝卜,0.63,0.55,0.7,1,冀陕
2026-07-29,白萝卜,0.63,0.55,0.7,1,冀陕
2026-07-30,白萝卜,0.6,0.55,0.65,1,冀陕
2026-07-31,白萝卜,0.55,0.5,0.6,1,冀陕
2026-08-01,白萝卜,0.55,0.5,0.6,1,冀陕
2026-08-02,白萝卜,0.55,0.5,0.6,1,冀陕
2026-08-03,白萝卜,0.55,0.5,0.6,1,冀陕
2026-08-04,白萝卜,0.55,0.5,0.6,1,冀陕
2026-08-05,白萝卜,0.55,0.5,0.6,1,冀陕
2026-08-06,白萝卜,0.55,0.5,0.6,1,冀陕
2026-08-07,白萝卜,0.45,0.4,0.5,1,冀陕
2026-08-08,白萝卜,0.45,0.4,0.5,1,冀陕
2026-08-09,白萝卜,0.45,0.4,0.5,1,冀陕
2026-08-10,白萝卜,0.55,0.5,0.6,1,冀陕
2026-08-11,白萝卜,0.55,0.5,0.6,1,冀陕
2026-01-01,白豆,4.8,3.0,6.6,1,云
2026-01-02,白豆,4.8,3.0,6.6,1,云
2026-01-03,白豆,5.0,3.0,7.0,1,云
2026-01-04,白豆,5.0,3.0,7.0,1,云
2026-01-05,白豆,4.75,3.0,6.5,1,云
2026-01-06,白豆,4.6,3.0,6.2,1,云
2026-01-07,白豆,5.15,4.5,5.8,1,云
2026-01-08,白豆,5.15,4.5,5.8,1,云
2026-01-09,白豆,5.15,4.5,5.8,1,云
2026-01-10,白豆,5.05,4.5,5.6,1,云
2026-01-11,白豆,5.25,4.5,6.0,1,云
2026-01-12,白豆,4.75,4.0,5.5,1,云
2026-01-13,白豆,4.75,4.0,5.5,1,云
2026-01-14,白豆,4.75,4.0,5.5,1,云
2026-01-15,白豆,4.95,4.0,5.9,1,云
2026-01-16,白豆,4.95,4.0,5.9,1,云
2026-01-17,白豆,5.55,5.0,6.1,1,云
2026-01-18,白豆,5.55,5.0,6.1,1,云
2026-01-19,白豆,5.55,5.0,6.1,1,云
2026-01-20,白豆,5.15,4.5,5.8,1,云
2026-01-21,白豆,5.15,4.5,5.8,1,云
2026-01-22,白豆,5.15,4.5,5.8,1,云
2026-01-23,白豆,4.9,4.5,5.3,1,云
2026-01-24,白豆,4.9,4.5,5.3,1,云
2026-01-25,白豆,4.4,3.8,5.0,1,云
2026-01-26,白豆,4.4,3.8,5.0,1,云
2026-01-27,白豆,4.4,3.8,5.0,1,云
2026-01-28,白豆,4.25,3.8,4.7,1,云
2026-01-29,白豆,4.25,3.8,4.7,1,云
2026-01-30,白豆,4.25,3.8,4.7,1,云
2026-01-31,白豆,4.25,3.8,4.7,1,云
2026-02-01,白豆,4.25,3.8,4.7,1,云
2026-02-02,白豆,4.25,3.8,4.7,1,云
2026-02-03,白豆,4.25,3.8,4.7,1,云
2026-02-04,白豆,3.85,3.0,4.7,1,云
2026-02-05,白豆,4.15,3.0,5.3,1,云
2026-02-06,白豆,4.25,3.0,5.5,1,云
2026-02-07,白豆,4.25,3.0,5.5,1,云
2026-02-08,白豆,4.4,3.0,5.8,1,云
2026-02-09,白豆,4.4,3.0,5.8,1,云
2026-02-10,白豆,5.75,4.3,7.2,1,云
2026-02-11,白豆,6.65,5.5,7.8,1,云
2026-02-12,白豆,6.35,5.5,7.2,1,云
2026-02-13,白豆,5.7,5.0,6.4,1,云
2026-02-14,白豆,5.05,4.5,5.6,1,云
2026-02-15,白豆,4.9,4.5,5.3,1,云
2026-02-16,白豆,4.9,4.5,5.3,1,云
2026-02-24,白豆,5.3,4.5,6.1,1,云
2026-02-25,白豆,5.3,4.5,6.1,1,云
2026-02-26,白豆,5.05,4.0,6.1,1,云
2026-02-27,白豆,5.3,4.0,6.6,1,云
2026-02-28,白豆,5.15,4.3,6.0,1,云
2026-03-01,白豆,5.05,4.3,5.8,1,云
2026-03-02,白豆,5.05,4.3,5.8,1,云
2026-03-03,白豆,4.55,3.8,5.3,1,云
2026-03-04,白豆,5.3,3.8,6.8,1,云鲁
2026-03-05,白豆,5.3,3.8,6.8,1,云鲁
2026-03-06,白豆,4.8,3.8,5.8,1,云鲁
2026-03-07,白豆,5.0,3.8,6.2,1,云鲁
2026-03-08,白豆,5.0,3.8,6.2,1,云鲁
2026-03-09,白豆,5.0,3.8,6.2,1,云鲁
2026-03-10,白豆,5.25,3.8,6.7,1,云鲁
2026-03-11,白豆,6.1,5.5,6.7,1,云鲁
2026-03-12,白豆,5.85,5.5,6.2,1,云鲁
2026-03-13,白豆,5.85,5.5,6.2,1,云鲁
2026-03-14,白豆,5.85,5.5,6.2,1,云鲁
2026-03-15,白豆,5.85,5.5,6.2,1,云鲁
2026-03-16,白豆,5.25,5.0,5.5,1,云鲁
2026-03-17,白豆,5.25,5.0,5.5,1,云鲁
2026-03-18,白豆,5.4,5.0,5.8,1,云鲁
2026-03-19,白豆,5.7,5.2,6.2,1,云鲁
2026-03-20,白豆,6.65,6.0,7.3,1,云鲁
2026-03-21,白豆,6.65,6.0,7.3,1,云鲁
2026-03-22,白豆,6.5,6.0,7.0,1,云鲁
2026-03-23,白豆,6.5,6.0,7.0,1,云鲁
2026-03-24,白豆,6.5,6.0,7.0,1,云鲁
2026-03-25,白豆,5.5,5.0,6.0,1,云鲁
2026-03-26,白豆,5.5,5.0,6.0,1,云鲁
2026-03-27,白豆,5.5,5.0,6.0,1,云鲁
2026-03-28,白豆,5.5,5.0,6.0,1,云鲁
2026-03-29,白豆,5.5,5.0,6.0,1,云鲁
2026-03-30,白豆,5.0,4.5,5.5,1,云鲁
2026-03-31,白豆,4.75,4.5,5.0,1,云鲁
2026-04-01,白豆,4.75,4.5,5.0,1,云鲁
2026-04-02,白豆,5.0,4.5,5.5,1,云鲁
2026-04-03,白豆,5.0,4.5,5.5,1,云鲁
2026-04-04,白豆,5.0,4.5,5.5,1,云鲁
2026-04-05,白豆,4.75,4.5,5.0,1,云鲁
2026-04-06,白豆,4.75,4.5,5.0,1,云鲁
2026-04-07,白豆,4.75,4.0,5.5,1,云鲁
2026-04-08,白豆,4.2,3.4,5.0,1,云鲁
2026-04-09,白豆,5.0,4.5,5.5,1,云鲁
2026-04-10,白豆,4.5,4.0,5.0,1,云鲁
2026-04-11,白豆,4.5,4.0,5.0,1,云鲁
2026-04-12,白豆,4.5,4.0,5.0,1,云鲁
2026-04-13,白豆,4.5,4.0,5.0,1,云鲁
2026-04-14,白豆,4.1,3.5,4.7,1,云鲁
2026-04-15,白豆,4.1,3.5,4.7,1,云鲁
2026-04-16,白豆,4.0,3.5,4.5,1,云鲁
2026-04-17,白豆,3.5,3.0,4.0,1,云鲁
2026-04-18,白豆,3.5,3.0,4.0,1,云鲁
2026-04-19,白豆,3.5,3.0,4.0,1,云鲁
2026-04-20,白豆,3.5,3.0,4.0,1,云鲁
2026-04-21,白豆,3.3,3.0,3.6,1,云鲁
2026-04-22,白豆,3.1,2.8,3.4,1,云鲁
2026-04-23,白豆,3.1,2.8,3.4,1,云鲁
2026-04-24,白豆,3.2,3.0,3.4,1,云鲁
2026-04-25,白豆,3.4,3.2,3.6,1,云鲁
2026-04-26,白豆,3.45,3.0,3.9,1,云鲁
2026-04-27,白豆,3.0,2.6,3.4,1,云鲁
2026-04-28,白豆,3.0,2.6,3.4,1,云鲁
2026-04-29,白豆,3.0,2.6,3.4,1,辽鲁
2026-04-30,白豆,3.0,2.6,3.4,1,辽鲁
2026-05-01,白豆,3.0,2.6,3.4,1,辽鲁
2026-05-02,白豆,3.15,2.8,3.5,1,辽鲁
2026-05-03,白豆,3.15,2.8,3.5,1,辽鲁
2026-05-04,白豆,3.0,2.5,3.5,1,辽鲁
2026-05-05,白豆,2.85,2.5,3.2,1,辽鲁
2026-05-06,白豆,2.85,2.5,3.2,1,辽鲁
2026-05-07,白豆,2.85,2.5,3.2,1,辽鲁
2026-05-08,白豆,2.85,2.5,3.2,1,辽鲁
2026-05-09,白豆,2.85,2.5,3.2,1,辽鲁
2026-05-10,白豆,2.85,2.5,3.2,1,辽鲁
2026-05-11,白豆,2.85,2.5,3.2,1,辽鲁
2026-05-12,白豆,2.9,2.5,3.3,1,辽鲁
2026-05-13,白豆,2.9,2.5,3.3,1,辽鲁
2026-05-14,白豆,2.7,2.2,3.2,1,辽鲁
2026-05-15,白豆,2.7,2.0,3.4,1,辽鲁
2026-05-16,白豆,3.05,2.5,3.6,1,辽鲁
2026-05-17,白豆,3.05,2.5,3.6,1,辽鲁
2026-05-18,白豆,3.05,2.5,3.6,1,辽鲁
2026-05-19,白豆,3.05,2.5,3.6,1,辽鲁
2026-05-20,白豆,3.05,2.5,3.6,1,辽鲁
2026-05-21,白豆,3.05,2.5,3.6,1,辽鲁
2026-05-22,白豆,3.05,2.5,3.6,1,辽鲁
2026-05-23,白豆,3.25,2.5,4.0,1,辽鲁
2026-05-24,白豆,3.15,2.5,3.8,1,辽鲁
2026-05-25,白豆,3.8,3.5,4.1,1,辽鲁
2026-05-26,白豆,3.4,2.8,4.0,1,辽鲁
2026-05-27,白豆,3.25,2.5,4.0,1,辽冀
2026-05-28,白豆,3.25,2.5,4.0,1,辽冀
2026-05-29,白豆,3.25,2.5,4.0,1,辽冀
2026-05-30,白豆,3.25,2.5,4.0,1,辽冀
2026-05-31,白豆,3.25,2.5,4.0,1,辽冀
2026-06-01,白豆,3.25,2.5,4.0,1,辽冀
2026-06-02,白豆,3.25,2.5,4.0,1,辽冀
2026-06-03,白豆,3.15,2.5,3.8,1,辽冀
2026-06-04,白豆,2.9,2.0,3.8,1,辽冀
2026-06-05,白豆,2.9,2.0,3.8,1,辽冀
2026-06-06,白豆,2.9,2.0,3.8,1,辽冀
2026-06-07,白豆,3.75,2.5,5.0,1,辽冀
2026-06-08,白豆,4.0,3.0,5.0,1,辽冀
2026-06-09,白豆,4.0,3.0,5.0,1,辽冀
2026-06-10,白豆,4.0,3.0,5.0,1,辽冀
2026-06-11,白豆,4.0,3.0,5.0,1,辽冀
2026-06-12,白豆,3.75,2.5,5.0,1,辽冀
2026-06-13,白豆,3.65,2.5,4.8,1,辽冀
2026-06-14,白豆,3.5,2.5,4.5,1,辽冀
2026-06-15,白豆,3.4,2.5,4.3,1,辽冀
2026-06-16,白豆,2.75,2.0,3.5,1,辽冀
2026-06-17,白豆,2.75,2.0,3.5,1,辽冀
2026-06-18,白豆,2.75,2.0,3.5,1,辽冀
2026-06-19,白豆,2.9,2.3,3.5,1,辽冀
2026-06-20,白豆,3.05,2.3,3.8,1,辽冀
2026-06-21,白豆,3.4,2.8,4.0,1,辽冀
2026-06-22,白豆,3.3,2.3,4.3,1,辽冀
2026-06-23,白豆,3.15,2.3,4.0,1,蒙冀
2026-06-24,白豆,2.9,2.3,3.5,1,蒙冀
2026-06-25,白豆,2.9,2.3,3.5,1,蒙冀
2026-06-26,白豆,2.65,2.3,3.0,1,蒙冀
2026-06-27,白豆,2.65,2.3,3.0,1,蒙冀
2026-06-28,白豆,2.65,2.3,3.0,1,蒙冀
2026-06-29,白豆,2.65,2.3,3.0,1,蒙冀
2026-06-30,白豆,2.4,2.3,2.5,1,蒙冀
2026-07-01,白豆,2.55,2.3,2.8,1,蒙冀
2026-07-02,白豆,2.65,2.3,3.0,1,蒙冀
2026-07-03,白豆,2.25,2.0,2.5,1,蒙冀
2026-07-04,白豆,1.75,1.5,2.0,1,蒙冀
2026-07-05,白豆,1.6,1.2,2.0,1,蒙冀
2026-07-06,白豆,1.6,1.2,2.0,1,蒙冀辽
2026-07-07,白豆,1.85,1.2,2.5,1,蒙冀
2026-07-08,白豆,1.85,1.2,2.5,1,蒙冀
2026-07-09,白豆,1.75,1.0,2.5,1,蒙冀
2026-07-10,白豆,2.15,1.5,2.8,1,蒙冀
2026-07-11,白豆,2.15,1.5,2.8,1,蒙冀
2026-07-12,白豆,2.15,1.5,2.8,1,蒙冀
2026-07-13,白豆,2.15,1.5,2.8,1,蒙冀
2026-07-14,白豆,2.15,1.5,2.8,1,蒙冀
2026-07-15,白豆,2.5,2.0,3.0,1,蒙冀
2026-07-16,白豆,2.0,1.5,2.5,1,蒙冀
2026-07-17,白豆,2.0,1.5,2.5,1,蒙冀
2026-07-18,白豆,2.25,1.5,3.0,1,蒙冀
2026-07-19,白豆,2.25,1.5,3.0,1,蒙冀
2026-07-20,白豆,2.85,2.5,3.2,1,蒙冀
2026-07-21,白豆,2.9,2.5,3.3,1,蒙冀
2026-07-22,白豆,4.25,3.5,5.0,1,蒙冀
2026-07-23,白豆,4.0,3.5,4.5,1,蒙冀
2026-07-24,白豆,4.0,3.5,4.5,1,蒙冀
2026-07-25,白豆,3.5,3.0,4.0,1,蒙冀
2026-07-26,白豆,3.5,3.0,4.0,1,蒙冀
2026-07-27,白豆,3.4,3.0,3.8,1,蒙冀
2026-07-28,白豆,3.4,3.0,3.8,1,蒙冀
2026-07-29,白豆,3.4,3.0,3.8,1,蒙冀
2026-07-30,白豆,3.0,2.5,3.5,1,蒙冀
2026-07-31,白豆,3.0,2.5,3.5,1,蒙冀
2026-08-01,白豆,3.0,2.5,3.5,1,蒙冀
2026-08-02,白豆,3.25,2.5,4.0,1,蒙冀
2026-08-03,白豆,2.9,1.8,4.0,1,蒙冀
2026-08-04,白豆,2.9,1.8,4.0,1,蒙冀
2026-08-05,白豆,2.9,1.8,4.0,1,蒙冀
2026-08-06,白豆,3.15,1.8,4.5,1,蒙冀
2026-08-07,白豆,2.65,1.8,3.5,1,蒙冀
2026-08-08,白豆,2.9,1.8,4.0,1,蒙冀
2026-08-09,白豆,2.9,1.8,4.0,1,蒙冀
2026-08-10,白豆,3.5,2.5,4.5,1,蒙冀
2026-08-11,白豆,4.0,3.0,5.0,1,蒙冀
2026-01-01,盖菜,2.75,2.5,3.0,1,
2026-01-02,盖菜,2.75,2.5,3.0,1,
2026-01-05,盖菜,2.8,2.6,3.0,1,
2026-01-06,盖菜,2.8,2.6,3.0,1,
2026-01-07,盖菜,2.5,2.2,2.8,1,
2026-01-08,盖菜,2.5,2.2,2.8,1,
2026-01-09,盖菜,2.5,2.2,2.8,1,
2026-01-12,盖菜,2.6,2.4,2.8,1,
2026-01-13,盖菜,2.6,2.4,2.8,1,
2026-01-14,盖菜,2.95,2.7,3.2,1,
2026-01-15,盖菜,3.1,3.0,3.2,1,
2026-01-16,盖菜,3.1,3.0,3.2,1,
2026-01-19,盖菜,4.0,3.5,4.5,1,
2026-01-20,盖菜,3.8,3.3,4.3,1,
2026-01-21,盖菜,3.8,3.3,4.3,1,
2026-01-22,盖菜,3.8,3.3,4.3,1,
2026-01-23,盖菜,3.8,3.3,4.3,1,
2026-01-26,盖菜,3.25,2.8,3.7,1,
2026-01-27,盖菜,3.4,3.2,3.6,1,
2026-01-28,盖菜,3.25,3.0,3.5,1,
2026-01-29,盖菜,3.75,3.5,4.0,1,
2026-01-30,盖菜,3.5,3.0,4.0,1,
2026-02-02,盖菜,3.25,2.8,3.7,1,
2026-02-03,盖菜,3.3,2.8,3.8,1,
2026-02-04,盖菜,3.3,2.8,3.8,1,
2026-02-05,盖菜,3.3,2.8,3.8,1,
2026-02-06,盖菜,3.3,2.8,3.8,1,
2026-02-09,盖菜,3.4,2.8,4.0,1,
2026-02-10,盖菜,3.4,2.8,4.0,1,
2026-02-11,盖菜,3.4,2.8,4.0,1,
2026-02-12,盖菜,3.15,2.8,3.5,1,
2026-02-13,盖菜,3.15,2.8,3.5,1,
2026-02-24,盖菜,3.15,2.8,3.5,1,
2026-02-25,盖菜,3.15,2.8,3.5,1,
2026-02-26,盖菜,3.15,2.8,3.5,1,
2026-02-27,盖菜,3.0,2.8,3.2,1,
2026-03-02,盖菜,2.4,2.0,2.8,1,
2026-03-03,盖菜,2.4,2.0,2.8,1,
2026-03-04,盖菜,2.75,2.5,3.0,1,
2026-03-05,盖菜,2.75,2.5,3.0,1,
2026-03-06,盖菜,2.75,2.5,3.0,1,
2026-03-09,盖菜,2.75,2.5,3.0,1,
2026-03-10,盖菜,2.75,2.5,3.0,1,
2026-03-11,盖菜,2.5,2.2,2.8,1,
2026-03-12,盖菜,2.5,2.2,2.8,1,
2026-03-13,盖菜,2.5,2.2,2.8,1,
2026-03-16,盖菜,2.15,1.8,2.5,1,
2026-03-17,盖菜,2.15,1.8,2.5,1,
2026-03-18,盖菜,2.15,1.8,2.5,1,
2026-03-19,盖菜,2.15,1.8,2.5,1,
2026-03-20,盖菜,2.15,1.8,2.5,1,
2026-03-23,盖菜,1.75,1.5,2.0,1,
2026-03-24,盖菜,1.5,1.2,1.8,1,
2026-03-25,盖菜,1.4,1.0,1.8,1,
2026-03-26,盖菜,1.7,1.3,2.1,1,
2026-03-27,盖菜,1.7,1.3,2.1,1,
2026-03-30,盖菜,1.9,1.5,2.3,1,
2026-03-31,盖菜,1.4,1.0,1.8,1,
2026-04-01,盖菜,1.25,1.0,1.5,1,
2026-04-02,盖菜,1.25,1.0,1.5,1,
2026-04-03,盖菜,1.25,1.0,1.5,1,
2026-04-06,盖菜,1.55,1.3,1.8,1,
2026-04-07,盖菜,1.25,1.0,1.5,1,
2026-04-08,盖菜,1.25,1.0,1.5,1,
2026-04-09,盖菜,1.25,1.0,1.5,1,
2026-04-10,盖菜,1.25,1.0,1.5,1,
2026-04-13,盖菜,1.45,1.2,1.7,1,
2026-04-14,盖菜,1.75,1.5,2.0,1,
2026-04-15,盖菜,2.25,2.0,2.5,1,
2026-04-16,盖菜,2.25,2.0,2.5,1,
2026-04-17,盖菜,2.25,2.0,2.5,1,
2026-04-20,盖菜,2.05,1.8,2.3,1,
2026-04-21,盖菜,1.9,1.8,2.0,1,
2026-04-22,盖菜,1.75,1.5,2.0,1,
2026-04-23,盖菜,1.55,1.3,1.8,1,
2026-04-24,盖菜,1.55,1.3,1.8,1,
2026-04-27,盖菜,1.4,1.2,1.6,1,
2026-04-28,盖菜,1.25,1.0,1.5,1,
2026-04-29,盖菜,1.15,0.8,1.5,1,
2026-04-30,盖菜,1.15,0.8,1.5,1,
2026-05-01,盖菜,1.15,0.8,1.5,1,
2026-05-04,盖菜,1.45,1.3,1.6,1,
2026-05-05,盖菜,1.3,1.1,1.5,1,
2026-05-06,盖菜,1.3,1.1,1.5,1,
2026-05-07,盖菜,1.3,1.1,1.5,1,
2026-05-08,盖菜,0.75,0.5,1.0,1,
2026-05-11,盖菜,1.0,0.8,1.2,1,
2026-05-12,盖菜,0.9,0.7,1.1,1,
2026-05-13,盖菜,0.9,0.7,1.1,1,
2026-05-14,盖菜,0.9,0.7,1.1,1,
2026-05-15,盖菜,0.9,0.7,1.1,1,
2026-05-18,盖菜,1.3,1.1,1.5,1,
2026-05-19,盖菜,1.3,1.1,1.5,1,
2026-05-20,盖菜,1.75,1.5,2.0,1,
2026-05-21,盖菜,1.65,1.3,2.0,1,
2026-05-22,盖菜,1.65,1.3,2.0,1,
2026-05-25,盖菜,1.85,1.5,2.2,1,
2026-05-26,盖菜,2.15,2.0,2.3,1,
2026-05-27,盖菜,2.3,2.1,2.5,1,
2026-05-28,盖菜,2.3,2.1,2.5,1,
2026-05-29,盖菜,1.85,1.7,2.0,1,
2026-06-01,盖菜,1.85,1.7,2.0,1,
2026-06-02,盖菜,1.75,1.5,2.0,1,
2026-06-03,盖菜,1.75,1.5,2.0,1,
2026-06-04,盖菜,1.75,1.5,2.0,1,
2026-06-05,盖菜,1.6,1.5,1.7,1,
2026-06-08,盖菜,1.4,1.2,1.6,1,
2026-06-09,盖菜,1.4,1.2,1.6,1,
2026-06-10,盖菜,1.35,1.2,1.5,1,
2026-06-11,盖菜,1.35,1.2,1.5,1,
2026-06-12,盖菜,1.25,1.0,1.5,1,
2026-06-15,盖菜,1.35,1.1,1.6,1,
2026-06-16,盖菜,1.25,1.0,1.5,1,
2026-06-17,盖菜,1.25,1.0,1.5,1,
2026-06-18,盖菜,1.25,1.0,1.5,1,
2026-06-19,盖菜,1.25,1.0,1.5,1,
2026-06-22,盖菜,1.9,1.8,2.0,1,
2026-06-23,盖菜,1.75,1.5,2.0,1,
2026-06-24,盖菜,1.65,1.5,1.8,1,
2026-06-25,盖菜,1.75,1.5,2.0,1,
2026-06-26,盖菜,1.75,1.5,2.0,1,
2026-06-29,盖菜,1.55,1.3,1.8,1,
2026-06-30,盖菜,1.55,1.3,1.8,1,
2026-07-01,盖菜,1.35,1.2,1.5,1,
2026-07-02,盖菜,1.35,1.2,1.5,1,
2026-07-03,盖菜,1.05,0.8,1.3,1,
2026-07-06,盖菜,1.05,0.8,1.3,1,
2026-07-07,盖菜,1.05,0.8,1.3,1,
2026-07-08,盖菜,1.05,0.8,1.3,1,
2026-07-09,盖菜,1.75,1.5,2.0,1,
2026-07-10,盖菜,1.75,1.5,2.0,1,
2026-07-13,盖菜,2.55,2.3,2.8,1,
2026-07-14,盖菜,2.4,2.2,2.6,1,
2026-07-15,盖菜,2.4,2.2,2.6,1,
2026-07-16,盖菜,2.75,2.5,3.0,1,
2026-07-17,盖菜,2.75,2.5,3.0,1,
2026-07-20,盖菜,3.15,3.0,3.3,1,
2026-07-21,盖菜,3.0,2.8,3.2,1,
2026-07-22,盖菜,3.0,2.8,3.2,1,
2026-07-23,盖菜,3.15,3.0,3.3,1,
2026-07-24,盖菜,3.15,3.0,3.3,1,
2026-07-27,盖菜,2.6,2.2,3.0,1,
2026-07-28,盖菜,2.25,2.0,2.5,1,
2026-07-29,盖菜,2.05,1.8,2.3,1,
2026-07-30,盖菜,2.25,2.0,2.5,1,
2026-07-31,盖菜,2.25,2.0,2.5,1,
2026-08-03,盖菜,2.25,2.0,2.5,1,
2026-08-04,盖菜,2.0,1.8,2.2,1,
2026-08-05,盖菜,2.4,1.8,3.0,1,
2026-08-06,盖菜,2.4,1.8,3.0,1,
2026-08-07,盖菜,2.65,1.8,3.5,1,
2026-08-10,盖菜,2.95,2.3,3.6,1,
2026-08-11,盖菜,2.95,2.3,3.6,1,
2026-01-10,秋葵,10.5,10.0,11.0,1,
2026-01-20,秋葵,11.5,11.0,12.0,1,
2026-01-31,秋葵,10.5,10.0,11.0,1,
2026-02-10,秋葵,10.5,10.0,11.0,1,
2026-02-28,秋葵,10.5,10.0,11.0,1,
2026-03-10,秋葵,9.5,9.0,10.0,1,
2026-03-20,秋葵,9.25,9.0,9.5,1,
2026-03-31,秋葵,7.5,7.0,8.0,1,
2026-04-10,秋葵,7.5,7.0,8.0,1,
2026-04-20,秋葵,7.5,7.0,8.0,1,
2026-04-30,秋葵,6.5,6.0,7.0,1,
2026-05-10,秋葵,10.25,10.0,10.5,1,
2026-05-20,秋葵,10.25,10.0,10.5,1,
2026-05-31,秋葵,9.75,9.5,10.0,1,
2026-06-10,秋葵,9.25,9.0,9.5,1,
2026-06-20,秋葵,8.75,8.5,9.0,1,
2026-06-30,秋葵,8.5,8.0,9.0,1,
2026-07-10,秋葵,7.5,7.0,8.0,1,
2026-07-20,秋葵,9.5,9.0,10.0,1,
2026-07-31,秋葵,9.5,9.0,10.0,1,
2026-08-10,秋葵,7.5,7.0,8.0,1,
2026-01-01,空心菜,6.0,5.5,6.5,1,
2026-01-02,空心菜,6.0,5.5,6.5,1,
2026-01-05,空心菜,6.3,6.0,6.6,1,
2026-01-06,空心菜,6.3,6.0,6.6,1,
2026-01-07,空心菜,6.3,6.0,6.6,1,
2026-01-08,空心菜,6.3,6.0,6.6,1,
2026-01-09,空心菜,6.5,6.0,7.0,1,
2026-01-12,空心菜,7.0,6.5,7.5,1,
2026-01-13,空心菜,7.5,7.0,8.0,1,
2026-01-14,空心菜,7.5,7.0,8.0,1,
2026-01-15,空心菜,7.75,7.5,8.0,1,
2026-01-16,空心菜,8.5,8.0,9.0,1,
2026-01-19,空心菜,8.5,8.0,9.0,1,
2026-01-20,空心菜,8.5,8.0,9.0,1,
2026-01-21,空心菜,8.5,8.0,9.0,1,
2026-01-22,空心菜,8.5,8.0,9.0,1,
2026-01-23,空心菜,8.5,8.0,9.0,1,
2026-01-26,空心菜,7.75,7.5,8.0,1,
2026-01-27,空心菜,7.75,7.5,8.0,1,
2026-01-28,空心菜,7.75,7.5,8.0,1,
2026-01-29,空心菜,7.75,7.5,8.0,1,
2026-01-30,空心菜,7.75,7.5,8.0,1,
2026-02-02,空心菜,6.4,6.0,6.8,1,
2026-02-03,空心菜,6.4,6.0,6.8,1,
2026-02-04,空心菜,6.4,6.0,6.8,1,
2026-02-05,空心菜,6.4,6.0,6.8,1,
2026-02-06,空心菜,6.4,6.0,6.8,1,
2026-02-09,空心菜,6.4,6.0,6.8,1,
2026-02-10,空心菜,6.4,6.0,6.8,1,
2026-02-11,空心菜,6.5,6.0,7.0,1,
2026-02-12,空心菜,6.5,6.0,7.0,1,
2026-02-13,空心菜,6.5,6.0,7.0,1,
2026-02-24,空心菜,6.75,6.0,7.5,1,
2026-02-25,空心菜,6.75,6.0,7.5,1,
2026-02-26,空心菜,7.5,7.0,8.0,1,
2026-02-27,空心菜,7.5,7.0,8.0,1,
2026-03-02,空心菜,7.3,6.8,7.8,1,
2026-03-03,空心菜,7.3,6.8,7.8,1,
2026-03-04,空心菜,7.65,7.3,8.0,1,
2026-03-05,空心菜,7.65,7.3,8.0,1,
2026-03-06,空心菜,7.65,7.3,8.0,1,
2026-03-09,空心菜,9.0,8.5,9.5,1,
2026-03-10,空心菜,9.75,9.5,10.0,1,
2026-03-11,空心菜,11.0,10.5,11.5,1,
2026-03-12,空心菜,11.0,10.5,11.5,1,
2026-03-13,空心菜,10.5,10.0,11.0,1,
2026-03-16,空心菜,10.5,10.0,11.0,1,
2026-03-17,空心菜,9.75,9.5,10.0,1,
2026-03-18,空心菜,9.75,9.5,10.0,1,
2026-03-19,空心菜,9.25,9.0,9.5,1,
2026-03-20,空心菜,9.25,9.0,9.5,1,
2026-03-23,空心菜,8.9,8.5,9.3,1,
2026-03-24,空心菜,7.5,7.0,8.0,1,
2026-03-25,空心菜,7.5,7.0,8.0,1,
2026-03-26,空心菜,7.5,7.0,8.0,1,
2026-03-27,空心菜,7.5,7.0,8.0,1,
2026-03-30,空心菜,7.5,7.0,8.0,1,
2026-03-31,空心菜,4.3,3.8,4.8,1,
2026-04-01,空心菜,4.3,3.8,4.8,1,
2026-04-02,空心菜,3.75,3.5,4.0,1,
2026-04-03,空心菜,3.75,3.5,4.0,1,
2026-04-06,空心菜,3.75,3.5,4.0,1,
2026-04-07,空心菜,3.75,3.5,4.0,1,
2026-04-08,空心菜,3.5,3.0,4.0,1,
2026-04-09,空心菜,3.5,3.0,4.0,1,
2026-04-10,空心菜,3.0,2.5,3.5,1,
2026-04-13,空心菜,3.35,3.0,3.7,1,
2026-04-14,空心菜,3.25,3.0,3.5,1,
2026-04-15,空心菜,3.25,3.0,3.5,1,
2026-04-16,空心菜,3.25,3.0,3.5,1,
2026-04-17,空心菜,3.25,3.0,3.5,1,
2026-04-20,空心菜,3.75,3.5,4.0,1,
2026-04-21,空心菜,3.75,3.5,4.0,1,
2026-04-22,空心菜,3.75,3.5,4.0,1,
2026-04-23,空心菜,3.65,3.5,3.8,1,
2026-04-24,空心菜,3.25,3.0,3.5,1,
2026-04-27,空心菜,3.55,3.3,3.8,1,
2026-04-28,空心菜,3.0,2.5,3.5,1,
2026-04-29,空心菜,2.75,2.5,3.0,1,
2026-04-30,空心菜,2.75,2.5,3.0,1,
2026-05-01,空心菜,2.75,2.5,3.0,1,
2026-05-04,空心菜,2.55,2.3,2.8,1,
2026-05-05,空心菜,3.5,3.0,4.0,1,
2026-05-06,空心菜,3.5,3.0,4.0,1,
2026-05-07,空心菜,3.5,3.0,4.0,1,
2026-05-08,空心菜,2.15,1.8,2.5,1,
2026-05-11,空心菜,2.45,2.3,2.6,1,
2026-05-12,空心菜,2.75,2.5,3.0,1,
2026-05-13,空心菜,2.55,2.3,2.8,1,
2026-05-14,空心菜,2.35,2.2,2.5,1,
2026-05-15,空心菜,2.15,1.8,2.5,1,
2026-05-18,空心菜,1.95,1.7,2.2,1,
2026-05-19,空心菜,1.95,1.7,2.2,1,
2026-05-20,空心菜,2.15,1.8,2.5,1,
2026-05-21,空心菜,2.15,1.8,2.5,1,
2026-05-22,空心菜,2.4,2.0,2.8,1,
2026-05-25,空心菜,2.65,2.4,2.9,1,
2026-05-26,空心菜,3.05,2.8,3.3,1,
2026-05-27,空心菜,3.0,2.8,3.2,1,
2026-05-28,空心菜,2.8,2.6,3.0,1,
2026-05-29,空心菜,3.25,3.0,3.5,1,
2026-06-01,空心菜,3.5,3.2,3.8,1,
2026-06-02,空心菜,3.5,3.2,3.8,1,
2026-06-03,空心菜,3.35,3.2,3.5,1,
2026-06-04,空心菜,2.5,2.0,3.0,1,
2026-06-05,空心菜,2.25,2.0,2.5,1,
2026-06-08,空心菜,3.0,2.7,3.3,1,
2026-06-09,空心菜,2.75,2.5,3.0,1,
2026-06-10,空心菜,2.75,2.5,3.0,1,
2026-06-11,空心菜,3.1,2.5,3.7,1,
2026-06-12,空心菜,2.75,2.5,3.0,1,
2026-06-15,空心菜,2.75,2.5,3.0,1,
2026-06-16,空心菜,2.75,2.5,3.0,1,
2026-06-17,空心菜,2.25,2.0,2.5,1,
2026-06-18,空心菜,2.25,2.0,2.5,1,
2026-06-19,空心菜,2.75,2.5,3.0,1,
2026-06-22,空心菜,2.15,1.8,2.5,1,
2026-06-23,空心菜,2.0,1.8,2.2,1,
2026-06-24,空心菜,2.5,2.0,3.0,1,
2026-06-25,空心菜,3.25,3.0,3.5,1,
2026-06-26,空心菜,2.75,2.5,3.0,1,
2026-06-29,空心菜,2.75,2.5,3.0,1,
2026-06-30,空心菜,2.75,2.5,3.0,1,
2026-07-01,空心菜,2.2,2.0,2.4,1,
2026-07-02,空心菜,2.05,1.8,2.3,1,
2026-07-03,空心菜,1.75,1.5,2.0,1,
2026-07-06,空心菜,1.75,1.5,2.0,1,
2026-07-07,空心菜,1.75,1.6,1.9,1,
2026-07-08,空心菜,1.75,1.6,1.9,1,
2026-07-09,空心菜,1.75,1.6,1.9,1,
2026-07-10,空心菜,2.15,1.8,2.5,1,
2026-07-13,空心菜,3.0,2.5,3.5,1,
2026-07-14,空心菜,2.65,2.3,3.0,1,
2026-07-15,空心菜,3.25,3.0,3.5,1,
2026-07-16,空心菜,3.25,3.0,3.5,1,
2026-07-17,空心菜,3.25,3.0,3.5,1,
2026-07-20,空心菜,3.75,3.5,4.0,1,
2026-07-21,空心菜,3.75,3.5,4.0,1,
2026-07-22,空心菜,3.65,3.4,3.9,1,
2026-07-23,空心菜,3.75,3.5,4.0,1,
2026-07-24,空心菜,3.75,3.5,4.0,1,
2026-07-27,空心菜,3.15,2.8,3.5,1,
2026-07-28,空心菜,2.9,2.5,3.3,1,
2026-07-29,空心菜,3.15,2.8,3.5,1,
2026-07-30,空心菜,2.75,2.0,3.5,1,
2026-07-31,空心菜,3.25,3.0,3.5,1,
2026-08-03,空心菜,3.0,2.8,3.2,1,
2026-08-04,空心菜,2.25,2.0,2.5,1,
2026-08-05,空心菜,2.25,2.0,2.5,1,
2026-08-06,空心菜,2.25,2.0,2.5,1,
2026-08-07,空心菜,2.15,1.8,2.5,1,
2026-08-10,空心菜,2.5,2.0,3.0,1,
2026-08-11,空心菜,2.75,2.5,3.0,1,
2026-01-01,穿心莲,5.5,5.0,6.0,1,
2026-01-02,穿心莲,5.5,5.0,6.0,1,
2026-01-05,穿心莲,5.5,5.0,6.0,1,
2026-01-06,穿心莲,5.5,5.0,6.0,1,
2026-01-07,穿心莲,5.5,5.0,6.0,1,
2026-01-08,穿心莲,5.5,5.0,6.0,1,
2026-01-09,穿心莲,5.5,5.0,6.0,1,
2026-01-12,穿心莲,5.5,5.0,6.0,1,
2026-01-13,穿心莲,5.5,5.0,6.0,1,
2026-01-14,穿心莲,5.5,5.0,6.0,1,
2026-01-15,穿心莲,5.5,5.0,6.0,1,
2026-01-16,穿心莲,5.5,5.0,6.0,1,
2026-01-19,穿心莲,5.5,5.0,6.0,1,
2026-01-20,穿心莲,5.5,5.0,6.0,1,
2026-01-21,穿心莲,5.5,5.0,6.0,1,
2026-01-22,穿心莲,5.5,5.0,6.0,1,
2026-01-23,穿心莲,5.5,5.0,6.0,1,
2026-01-26,穿心莲,5.5,5.0,6.0,1,
2026-01-27,穿心莲,5.5,5.0,6.0,1,
2026-01-28,穿心莲,5.5,5.0,6.0,1,
2026-01-29,穿心莲,5.5,5.0,6.0,1,
2026-01-30,穿心莲,5.5,5.0,6.0,1,
2026-02-02,穿心莲,5.5,5.0,6.0,1,
2026-02-03,穿心莲,5.5,5.0,6.0,1,
2026-02-04,穿心莲,5.5,5.0,6.0,1,
2026-02-05,穿心莲,5.5,5.0,6.0,1,
2026-02-06,穿心莲,5.5,5.0,6.0,1,
2026-02-09,穿心莲,5.25,5.0,5.5,1,
2026-02-10,穿心莲,4.75,4.5,5.0,1,
2026-02-11,穿心莲,5.5,5.0,6.0,1,
2026-02-12,穿心莲,5.5,5.0,6.0,1,
2026-02-13,穿心莲,5.5,5.0,6.0,1,
2026-02-24,穿心莲,5.25,5.0,5.5,1,
2026-02-25,穿心莲,5.25,5.0,5.5,1,
2026-02-26,穿心莲,4.25,4.0,4.5,1,
2026-02-27,穿心莲,4.25,4.0,4.5,1,
2026-03-02,穿心莲,4.25,4.0,4.5,1,
2026-03-03,穿心莲,4.25,4.0,4.5,1,
2026-03-04,穿心莲,4.25,4.0,4.5,1,
2026-03-05,穿心莲,4.25,4.0,4.5,1,
2026-03-06,穿心莲,4.25,4.0,4.5,1,
2026-03-09,穿心莲,4.25,4.0,4.5,1,
2026-03-10,穿心莲,4.25,4.0,4.5,1,
2026-03-11,穿心莲,4.25,4.0,4.5,1,
2026-03-12,穿心莲,4.25,4.0,4.5,1,
2026-03-13,穿心莲,4.25,4.0,4.5,1,
2026-03-16,穿心莲,3.9,3.5,4.3,1,
2026-03-17,穿心莲,3.9,3.5,4.3,1,
2026-03-18,穿心莲,3.9,3.5,4.3,1,
2026-03-19,穿心莲,3.5,3.0,4.0,1,
2026-03-20,穿心莲,2.5,2.0,3.0,1,
2026-03-23,穿心莲,3.5,3.0,4.0,1,
2026-03-24,穿心莲,3.5,3.0,4.0,1,
2026-03-25,穿心莲,3.5,3.0,4.0,1,
2026-03-26,穿心莲,3.5,3.0,4.0,1,
2026-03-27,穿心莲,2.75,2.5,3.0,1,
2026-03-30,穿心莲,3.4,3.0,3.8,1,
2026-03-31,穿心莲,3.4,3.0,3.8,1,
2026-04-01,穿心莲,2.75,2.5,3.0,1,
2026-04-02,穿心莲,2.75,2.5,3.0,1,
2026-04-03,穿心莲,2.75,2.5,3.0,1,
2026-04-06,穿心莲,3.25,3.0,3.5,1,
2026-04-07,穿心莲,2.75,2.5,3.0,1,
2026-04-08,穿心莲,2.75,2.5,3.0,1,
2026-04-09,穿心莲,2.75,2.5,3.0,1,
2026-04-10,穿心莲,2.25,2.0,2.5,1,
2026-04-13,穿心莲,3.1,2.7,3.5,1,
2026-04-14,穿心莲,3.1,2.7,3.5,1,
2026-04-15,穿心莲,2.85,2.7,3.0,1,
2026-04-16,穿心莲,2.85,2.7,3.0,1,
2026-04-17,穿心莲,2.85,2.7,3.0,1,
2026-04-20,穿心莲,3.15,2.8,3.5,1,
2026-04-21,穿心莲,2.9,2.8,3.0,1,
2026-04-22,穿心莲,2.75,2.5,3.0,1,
2026-04-23,穿心莲,2.75,2.5,3.0,1,
2026-04-24,穿心莲,2.75,2.5,3.0,1,
2026-04-27,穿心莲,3.0,2.5,3.5,1,
2026-04-28,穿心莲,3.0,2.5,3.5,1,
2026-04-29,穿心莲,2.5,2.0,3.0,1,
2026-04-30,穿心莲,2.25,2.0,2.5,1,
2026-05-01,穿心莲,2.25,2.0,2.5,1,
2026-05-04,穿心莲,3.15,3.0,3.3,1,
2026-05-05,穿心莲,3.15,3.0,3.3,1,
2026-05-06,穿心莲,3.15,3.0,3.3,1,
2026-05-07,穿心莲,3.15,3.0,3.3,1,
2026-05-08,穿心莲,2.25,2.0,2.5,1,
2026-05-11,穿心莲,3.0,2.5,3.5,1,
2026-05-12,穿心莲,3.0,2.5,3.5,1,
2026-05-13,穿心莲,3.0,2.5,3.5,1,
2026-05-14,穿心莲,3.0,2.5,3.5,1,
2026-05-15,穿心莲,2.5,2.0,3.0,1,
2026-05-18,穿心莲,3.0,2.5,3.5,1,
2026-05-19,穿心莲,3.0,2.5,3.5,1,
2026-05-20,穿心莲,3.0,2.5,3.5,1,
2026-05-21,穿心莲,3.0,2.5,3.5,1,
2026-05-22,穿心莲,3.0,2.5,3.5,1,
2026-05-25,穿心莲,3.0,2.5,3.5,1,
2026-05-26,穿心莲,3.15,2.8,3.5,1,
2026-05-27,穿心莲,3.15,2.8,3.5,1,
2026-05-28,穿心莲,3.15,2.8,3.5,1,
2026-05-29,穿心莲,3.15,2.8,3.5,1,
2026-06-01,穿心莲,3.25,3.0,3.5,1,
2026-06-02,穿心莲,2.5,2.0,3.0,1,
2026-06-03,穿心莲,2.25,2.0,2.5,1,
2026-06-04,穿心莲,2.25,2.0,2.5,1,
2026-06-05,穿心莲,1.9,1.8,2.0,1,
2026-06-08,穿心莲,3.0,2.5,3.5,1,
2026-06-09,穿心莲,3.0,2.5,3.5,1,
2026-06-10,穿心莲,2.75,2.5,3.0,1,
2026-06-11,穿心莲,2.25,2.0,2.5,1,
2026-06-12,穿心莲,2.25,2.0,2.5,1,
2026-06-15,穿心莲,3.0,2.5,3.5,1,
2026-06-16,穿心莲,2.75,2.5,3.0,1,
2026-06-17,穿心莲,2.25,2.0,2.5,1,
2026-06-18,穿心莲,2.25,2.0,2.5,1,
2026-06-19,穿心莲,1.75,1.5,2.0,1,
2026-06-22,穿心莲,3.0,2.5,3.5,1,
2026-06-23,穿心莲,2.75,2.5,3.0,1,
2026-06-24,穿心莲,2.25,2.0,2.5,1,
2026-06-25,穿心莲,2.25,2.0,2.5,1,
2026-06-26,穿心莲,1.9,1.8,2.0,1,
2026-06-29,穿心莲,2.75,2.5,3.0,1,
2026-06-30,穿心莲,2.75,2.5,3.0,1,
2026-07-01,穿心莲,2.85,2.7,3.0,1,
2026-07-02,穿心莲,2.85,2.7,3.0,1,
2026-07-03,穿心莲,2.85,2.7,3.0,1,
2026-07-06,穿心莲,2.85,2.7,3.0,1,
2026-07-07,穿心莲,2.85,2.7,3.0,1,
2026-07-08,穿心莲,2.85,2.7,3.0,1,
2026-07-09,穿心莲,2.85,2.7,3.0,1,
2026-07-10,穿心莲,2.85,2.7,3.0,1,
2026-07-13,穿心莲,3.0,2.5,3.5,1,
2026-07-14,穿心莲,3.0,2.5,3.5,1,
2026-07-15,穿心莲,3.0,2.5,3.5,1,
2026-07-16,穿心莲,3.0,2.5,3.5,1,
2026-07-17,穿心莲,2.5,2.0,3.0,1,
2026-07-20,穿心莲,2.75,2.5,3.0,1,
2026-07-21,穿心莲,3.0,2.7,3.3,1,
2026-07-22,穿心莲,3.0,2.7,3.3,1,
2026-07-23,穿心莲,2.75,2.5,3.0,1,
2026-07-24,穿心莲,2.75,2.5,3.0,1,
2026-07-27,穿心莲,2.9,2.5,3.3,1,
2026-07-28,穿心莲,3.0,2.5,3.5,1,
2026-07-29,穿心莲,3.0,2.5,3.5,1,
2026-07-30,穿心莲,3.0,2.5,3.5,1,
2026-07-31,穿心莲,2.5,2.0,3.0,1,
2026-08-03,穿心莲,3.0,2.5,3.5,1,
2026-08-04,穿心莲,2.5,2.0,3.0,1,
2026-08-05,穿心莲,2.5,2.0,3.0,1,
2026-08-06,穿心莲,2.5,2.0,3.0,1,
2026-08-07,穿心莲,2.5,2.0,3.0,1,
2026-08-10,穿心莲,4.5,4.0,5.0,1,
2026-08-11,穿心莲,4.25,4.0,4.5,1,
2026-01-01,紫甘蓝,2.45,2.4,2.5,1,冀宁
2026-01-02,紫甘蓝,2.45,2.4,2.5,1,冀
2026-01-03,紫甘蓝,2.45,2.4,2.5,1,冀
2026-01-04,紫甘蓝,2.45,2.4,2.5,1,冀云
2026-01-05,紫甘蓝,2.5,2.4,2.6,1,冀云
2026-01-06,紫甘蓝,2.5,2.4,2.6,1,冀云
2026-01-07,紫甘蓝,2.5,2.4,2.6,1,冀云
2026-01-08,紫甘蓝,2.5,2.4,2.6,1,冀云
2026-01-09,紫甘蓝,2.45,2.4,2.5,1,冀
2026-01-10,紫甘蓝,2.45,2.4,2.5,1,冀
2026-01-11,紫甘蓝,2.5,2.4,2.6,1,冀
2026-01-12,紫甘蓝,2.5,2.4,2.6,1,冀
2026-01-13,紫甘蓝,2.5,2.4,2.6,1,冀
2026-01-14,紫甘蓝,2.5,2.4,2.6,1,冀
2026-01-15,紫甘蓝,2.5,2.4,2.6,1,冀
2026-01-16,紫甘蓝,2.45,2.4,2.5,1,冀
2026-01-17,紫甘蓝,2.45,2.4,2.5,1,冀
2026-01-18,紫甘蓝,2.45,2.4,2.5,1,冀
2026-01-19,紫甘蓝,2.5,2.4,2.6,1,冀
2026-01-20,紫甘蓝,2.5,2.4,2.6,1,冀
2026-01-21,紫甘蓝,2.5,2.4,2.6,1,冀
2026-01-22,紫甘蓝,2.5,2.4,2.6,1,冀
2026-01-23,紫甘蓝,2.45,2.4,2.5,1,冀
2026-01-24,紫甘蓝,2.45,2.4,2.5,1,冀
2026-01-25,紫甘蓝,2.5,2.4,2.6,1,冀
2026-01-26,紫甘蓝,2.5,2.4,2.6,1,冀
2026-01-27,紫甘蓝,2.5,2.4,2.6,1,冀云闽
2026-01-28,紫甘蓝,2.5,2.4,2.6,1,冀云闽
2026-01-29,紫甘蓝,2.55,2.5,2.6,1,云
2026-01-30,紫甘蓝,2.55,2.5,2.6,1,云
2026-01-31,紫甘蓝,2.55,2.5,2.6,1,云
2026-02-01,紫甘蓝,2.55,2.5,2.6,1,云
2026-02-02,紫甘蓝,2.55,2.5,2.6,1,云
2026-02-03,紫甘蓝,2.55,2.5,2.6,1,云
2026-02-04,紫甘蓝,2.55,2.5,2.6,1,云
2026-02-05,紫甘蓝,2.55,2.5,2.6,1,云
2026-02-06,紫甘蓝,2.55,2.5,2.6,1,云
2026-02-07,紫甘蓝,2.55,2.5,2.6,1,云
2026-02-08,紫甘蓝,2.55,2.5,2.6,1,云
2026-02-09,紫甘蓝,2.55,2.5,2.6,1,云
2026-02-10,紫甘蓝,2.55,2.5,2.6,1,云
2026-02-11,紫甘蓝,2.55,2.5,2.6,1,云
2026-02-12,紫甘蓝,2.55,2.5,2.6,1,云
2026-02-13,紫甘蓝,2.55,2.5,2.6,1,云
2026-02-14,紫甘蓝,2.55,2.5,2.6,1,云
2026-02-15,紫甘蓝,2.55,2.5,2.6,1,云
2026-02-16,紫甘蓝,2.55,2.5,2.6,1,云
2026-02-24,紫甘蓝,2.45,2.4,2.5,1,云
2026-02-25,紫甘蓝,2.45,2.4,2.5,1,云
2026-02-26,紫甘蓝,2.45,2.4,2.5,1,云
2026-02-27,紫甘蓝,2.45,2.4,2.5,1,云
2026-02-28,紫甘蓝,2.05,2.0,2.1,1,云
2026-03-01,紫甘蓝,1.95,1.9,2.0,1,云
2026-03-02,紫甘蓝,1.95,1.9,2.0,1,云
2026-03-03,紫甘蓝,1.95,1.9,2.0,1,云
2026-03-04,紫甘蓝,1.95,1.9,2.0,1,云
2026-03-05,紫甘蓝,1.95,1.9,2.0,1,云
2026-03-06,紫甘蓝,1.95,1.9,2.0,1,云
2026-03-07,紫甘蓝,1.85,1.8,1.9,1,云
2026-03-08,紫甘蓝,1.85,1.8,1.9,1,云
2026-03-09,紫甘蓝,1.75,1.6,1.9,1,闽云
2026-03-10,紫甘蓝,1.7,1.6,1.8,1,闽云
2026-03-11,紫甘蓝,1.7,1.6,1.8,1,闽云
2026-03-12,紫甘蓝,1.35,1.3,1.4,1,闽云
2026-03-13,紫甘蓝,1.35,1.3,1.4,1,闽云
2026-03-14,紫甘蓝,1.35,1.3,1.4,1,闽云
2026-03-15,紫甘蓝,1.35,1.3,1.4,1,闽云
2026-03-16,紫甘蓝,1.35,1.3,1.4,1,闽云
2026-03-17,紫甘蓝,1.35,1.3,1.4,1,闽云
2026-03-18,紫甘蓝,1.35,1.3,1.4,1,闽云
2026-03-19,紫甘蓝,1.35,1.3,1.4,1,闽云
2026-03-20,紫甘蓝,1.35,1.3,1.4,1,闽云
2026-03-21,紫甘蓝,1.35,1.3,1.4,1,闽云
2026-03-22,紫甘蓝,1.35,1.3,1.4,1,闽云
2026-03-23,紫甘蓝,1.25,1.2,1.3,1,云
2026-03-24,紫甘蓝,1.25,1.2,1.3,1,云
2026-03-25,紫甘蓝,1.25,1.2,1.3,1,云
2026-03-26,紫甘蓝,1.25,1.2,1.3,1,云
2026-03-27,紫甘蓝,1.25,1.2,1.3,1,云
2026-03-28,紫甘蓝,1.25,1.2,1.3,1,云
2026-03-29,紫甘蓝,1.15,1.1,1.2,1,云
2026-03-30,紫甘蓝,1.15,1.1,1.2,1,云
2026-03-31,紫甘蓝,1.15,1.1,1.2,1,云
2026-04-01,紫甘蓝,1.15,1.1,1.2,1,云
2026-04-02,紫甘蓝,1.15,1.1,1.2,1,云
2026-04-03,紫甘蓝,1.05,1.0,1.1,1,云
2026-04-04,紫甘蓝,1.05,1.0,1.1,1,云
2026-04-05,紫甘蓝,1.05,1.0,1.1,1,云
2026-04-06,紫甘蓝,1.05,1.0,1.1,1,云
2026-04-07,紫甘蓝,1.05,1.0,1.1,1,云
2026-04-08,紫甘蓝,1.05,1.0,1.1,1,云
2026-04-09,紫甘蓝,1.05,1.0,1.1,1,云
2026-04-10,紫甘蓝,1.05,1.0,1.1,1,云
2026-04-11,紫甘蓝,1.05,1.0,1.1,1,云
2026-04-12,紫甘蓝,1.05,1.0,1.1,1,云
2026-04-13,紫甘蓝,1.05,1.0,1.1,1,云
2026-04-14,紫甘蓝,1.05,1.0,1.1,1,云
2026-04-15,紫甘蓝,1.05,1.0,1.1,1,云
2026-04-16,紫甘蓝,1.05,1.0,1.1,1,云
2026-04-17,紫甘蓝,1.05,1.0,1.1,1,云
2026-04-18,紫甘蓝,1.05,1.0,1.1,1,云
2026-04-19,紫甘蓝,1.05,1.0,1.1,1,云
2026-04-20,紫甘蓝,1.05,1.0,1.1,1,云
2026-04-21,紫甘蓝,1.05,1.0,1.1,1,云
2026-04-22,紫甘蓝,1.05,1.0,1.1,1,云
2026-04-23,紫甘蓝,1.05,1.0,1.1,1,云
2026-04-24,紫甘蓝,1.05,1.0,1.1,1,云
2026-04-25,紫甘蓝,1.05,1.0,1.1,1,云
2026-04-26,紫甘蓝,1.05,1.0,1.1,1,云
2026-04-27,紫甘蓝,1.05,1.0,1.1,1,云
2026-04-28,紫甘蓝,1.05,1.0,1.1,1,云
2026-04-29,紫甘蓝,1.05,1.0,1.1,1,云
2026-04-30,紫甘蓝,1.05,1.0,1.1,1,云
2026-05-01,紫甘蓝,1.05,1.0,1.1,1,云
2026-05-02,紫甘蓝,1.05,1.0,1.1,1,云
2026-05-03,紫甘蓝,1.05,1.0,1.1,1,云
2026-05-04,紫甘蓝,1.05,1.0,1.1,1,云
2026-05-05,紫甘蓝,1.05,1.0,1.1,1,云
2026-05-06,紫甘蓝,1.05,1.0,1.1,1,云
2026-05-07,紫甘蓝,1.05,1.0,1.1,1,云
2026-05-08,紫甘蓝,1.05,1.0,1.1,1,云
2026-05-09,紫甘蓝,1.05,1.0,1.1,1,云
2026-05-10,紫甘蓝,1.05,1.0,1.1,1,云
2026-05-11,紫甘蓝,0.95,0.9,1.0,1,冀
2026-05-12,紫甘蓝,0.95,0.9,1.0,1,冀
2026-05-13,紫甘蓝,0.95,0.9,1.0,1,冀
2026-05-14,紫甘蓝,0.95,0.9,1.0,1,冀
2026-05-15,紫甘蓝,0.95,0.9,1.0,1,冀
2026-05-16,紫甘蓝,0.95,0.9,1.0,1,冀
2026-05-17,紫甘蓝,0.95,0.9,1.0,1,冀
2026-05-18,紫甘蓝,0.95,0.9,1.0,1,冀
2026-05-19,紫甘蓝,0.95,0.9,1.0,1,冀
2026-05-20,紫甘蓝,0.95,0.9,1.0,1,冀
2026-05-21,紫甘蓝,0.95,0.9,1.0,1,冀
2026-05-22,紫甘蓝,0.95,0.9,1.0,1,冀
2026-05-23,紫甘蓝,0.95,0.9,1.0,1,冀
2026-05-24,紫甘蓝,0.95,0.9,1.0,1,冀
2026-05-25,紫甘蓝,0.95,0.9,1.0,1,冀
2026-05-26,紫甘蓝,0.95,0.9,1.0,1,冀
2026-05-27,紫甘蓝,0.85,0.8,0.9,1,冀
2026-05-28,紫甘蓝,0.85,0.8,0.9,1,冀
2026-05-29,紫甘蓝,0.85,0.8,0.9,1,冀
2026-05-30,紫甘蓝,0.85,0.8,0.9,1,冀
2026-05-31,紫甘蓝,0.85,0.8,0.9,1,冀
2026-06-01,紫甘蓝,0.85,0.8,0.9,1,冀
2026-06-02,紫甘蓝,0.85,0.8,0.9,1,冀
2026-06-03,紫甘蓝,0.85,0.8,0.9,1,冀
2026-06-04,紫甘蓝,0.8,0.7,0.9,1,冀
2026-06-05,紫甘蓝,0.8,0.7,0.9,1,冀
2026-06-06,紫甘蓝,0.8,0.7,0.9,1,冀
2026-06-07,紫甘蓝,0.8,0.7,0.9,1,冀
2026-06-08,紫甘蓝,0.8,0.7,0.9,1,冀
2026-06-09,紫甘蓝,0.8,0.7,0.9,1,冀
2026-06-10,紫甘蓝,0.8,0.7,0.9,1,冀
2026-06-11,紫甘蓝,0.8,0.7,0.9,1,冀
2026-06-12,紫甘蓝,0.8,0.7,0.9,1,冀
2026-06-13,紫甘蓝,0.8,0.7,0.9,1,冀
2026-06-14,紫甘蓝,0.8,0.7,0.9,1,冀
2026-06-15,紫甘蓝,0.8,0.7,0.9,1,冀
2026-06-16,紫甘蓝,0.8,0.7,0.9,1,冀
2026-06-17,紫甘蓝,0.8,0.7,0.9,1,冀
2026-06-18,紫甘蓝,0.8,0.7,0.9,1,冀
2026-06-19,紫甘蓝,0.95,0.9,1.0,1,冀
2026-06-20,紫甘蓝,0.95,0.9,1.0,1,冀
2026-06-21,紫甘蓝,0.95,0.9,1.0,1,冀
2026-06-22,紫甘蓝,0.95,0.9,1.0,1,冀
2026-06-23,紫甘蓝,0.95,0.9,1.0,1,冀
2026-06-24,紫甘蓝,0.95,0.9,1.0,1,冀
2026-06-25,紫甘蓝,0.95,0.9,1.0,1,冀
2026-06-26,紫甘蓝,0.95,0.9,1.0,1,冀
2026-06-27,紫甘蓝,0.95,0.9,1.0,1,冀
2026-06-28,紫甘蓝,0.95,0.9,1.0,1,冀
2026-06-29,紫甘蓝,0.95,0.9,1.0,1,冀
2026-06-30,紫甘蓝,0.95,0.9,1.0,1,冀
2026-07-01,紫甘蓝,0.95,0.9,1.0,1,冀
2026-07-02,紫甘蓝,0.95,0.9,1.0,1,冀
2026-07-03,紫甘蓝,0.95,0.9,1.0,1,冀
2026-07-04,紫甘蓝,0.95,0.9,1.0,1,冀
2026-07-05,紫甘蓝,0.95,0.9,1.0,1,冀
2026-07-06,紫甘蓝,0.95,0.9,1.0,1,冀
2026-07-07,紫甘蓝,0.95,0.9,1.0,1,冀
2026-07-08,紫甘蓝,0.95,0.9,1.0,1,冀
2026-07-09,紫甘蓝,0.95,0.9,1.0,1,冀
2026-07-10,紫甘蓝,0.95,0.9,1.0,1,冀
2026-07-11,紫甘蓝,0.95,0.9,1.0,1,冀
2026-07-12,紫甘蓝,0.95,0.9,1.0,1,冀
2026-07-13,紫甘蓝,0.95,0.9,1.0,1,冀
2026-07-14,紫甘蓝,0.95,0.9,1.0,1,冀
2026-07-15,紫甘蓝,0.95,0.9,1.0,1,冀
2026-07-16,紫甘蓝,0.95,0.9,1.0,1,冀
2026-07-17,紫甘蓝,0.95,0.9,1.0,1,冀
2026-07-18,紫甘蓝,0.95,0.9,1.0,1,冀
2026-07-19,紫甘蓝,0.95,0.9,1.0,1,冀
2026-07-20,紫甘蓝,0.95,0.9,1.0,1,冀
2026-07-21,紫甘蓝,0.95,0.9,1.0,1,冀
2026-07-22,紫甘蓝,0.95,0.9,1.0,1,冀
2026-07-23,紫甘蓝,0.95,0.9,1.0,1,冀
2026-07-24,紫甘蓝,0.95,0.9,1.0,1,冀
2026-07-25,紫甘蓝,0.95,0.9,1.0,1,冀
2026-07-26,紫甘蓝,0.95,0.9,1.0,1,冀
2026-07-27,紫甘蓝,0.95,0.9,1.0,1,冀
2026-07-28,紫甘蓝,0.95,0.9,1.0,1,冀
2026-07-29,紫甘蓝,0.95,0.9,1.0,1,冀
2026-07-30,紫甘蓝,0.95,0.9,1.0,1,冀
2026-07-31,紫甘蓝,0.95,0.9,1.0,1,冀
2026-08-01,紫甘蓝,0.95,0.9,1.0,1,冀
2026-08-02,紫甘蓝,0.95,0.9,1.0,1,冀
2026-08-03,紫甘蓝,0.95,0.9,1.0,1,冀
2026-08-04,紫甘蓝,0.95,0.9,1.0,1,冀
2026-08-05,紫甘蓝,0.95,0.9,1.0,1,冀
2026-08-06,紫甘蓝,0.95,0.9,1.0,1,冀
2026-08-07,紫甘蓝,0.95,0.9,1.0,1,冀
2026-08-08,紫甘蓝,0.95,0.9,1.0,1,冀
2026-08-09,紫甘蓝,0.95,0.9,1.0,1,冀
2026-08-10,紫甘蓝,0.95,0.9,1.0,1,冀
2026-08-11,紫甘蓝,0.95,0.9,1.0,1,冀
2026-01-01,紫苏叶,9.0,8.5,9.5,1,
2026-01-02,紫苏叶,9.0,8.5,9.5,1,
2026-01-05,紫苏叶,9.0,8.5,9.5,1,
2026-01-06,紫苏叶,9.0,8.5,9.5,1,
2026-01-07,紫苏叶,9.0,8.5,9.5,1,
2026-01-08,紫苏叶,9.0,8.5,9.5,1,
2026-01-09,紫苏叶,9.0,8.5,9.5,1,
2026-01-12,紫苏叶,9.0,8.5,9.5,1,
2026-01-13,紫苏叶,9.0,8.5,9.5,1,
2026-01-14,紫苏叶,9.0,8.5,9.5,1,
2026-01-15,紫苏叶,9.0,8.5,9.5,1,
2026-01-16,紫苏叶,9.0,8.5,9.5,1,
2026-01-19,紫苏叶,9.0,8.5,9.5,1,
2026-01-20,紫苏叶,9.0,8.5,9.5,1,
2026-01-21,紫苏叶,9.0,8.5,9.5,1,
2026-01-22,紫苏叶,9.0,8.5,9.5,1,
2026-01-23,紫苏叶,9.0,8.5,9.5,1,
2026-01-26,紫苏叶,9.0,8.5,9.5,1,
2026-01-27,紫苏叶,9.0,8.5,9.5,1,
2026-01-28,紫苏叶,9.0,8.5,9.5,1,
2026-01-29,紫苏叶,9.0,8.5,9.5,1,
2026-01-30,紫苏叶,9.0,8.5,9.5,1,
2026-02-02,紫苏叶,9.0,8.5,9.5,1,
2026-02-03,紫苏叶,8.75,8.5,9.0,1,
2026-02-04,紫苏叶,8.75,8.5,9.0,1,
2026-02-05,紫苏叶,8.75,8.5,9.0,1,
2026-02-06,紫苏叶,8.75,8.5,9.0,1,
2026-02-09,紫苏叶,8.25,8.0,8.5,1,
2026-02-10,紫苏叶,8.25,8.0,8.5,1,
2026-02-11,紫苏叶,8.25,8.0,8.5,1,
2026-02-12,紫苏叶,8.25,8.0,8.5,1,
2026-02-13,紫苏叶,8.25,8.0,8.5,1,
2026-02-24,紫苏叶,8.25,8.0,8.5,1,
2026-02-25,紫苏叶,8.25,8.0,8.5,1,
2026-02-26,紫苏叶,7.25,7.0,7.5,1,
2026-02-27,紫苏叶,7.25,7.0,7.5,1,
2026-03-02,紫苏叶,7.25,7.0,7.5,1,
2026-03-03,紫苏叶,7.25,7.0,7.5,1,
2026-03-04,紫苏叶,7.25,7.0,7.5,1,
2026-03-05,紫苏叶,7.25,7.0,7.5,1,
2026-03-06,紫苏叶,7.25,7.0,7.5,1,
2026-03-09,紫苏叶,7.25,7.0,7.5,1,
2026-03-10,紫苏叶,7.25,7.0,7.5,1,
2026-03-11,紫苏叶,7.25,7.0,7.5,1,
2026-03-12,紫苏叶,7.25,7.0,7.5,1,
2026-03-13,紫苏叶,7.25,7.0,7.5,1,
2026-03-16,紫苏叶,7.25,7.0,7.5,1,
2026-03-17,紫苏叶,7.25,7.0,7.5,1,
2026-03-18,紫苏叶,7.25,7.0,7.5,1,
2026-03-19,紫苏叶,7.25,7.0,7.5,1,
2026-03-20,紫苏叶,7.25,7.0,7.5,1,
2026-03-23,紫苏叶,7.25,7.0,7.5,1,
2026-03-24,紫苏叶,7.25,7.0,7.5,1,
2026-03-25,紫苏叶,7.25,7.0,7.5,1,
2026-03-26,紫苏叶,7.25,7.0,7.5,1,
2026-03-27,紫苏叶,7.25,7.0,7.5,1,
2026-03-30,紫苏叶,7.25,7.0,7.5,1,
2026-03-31,紫苏叶,7.25,7.0,7.5,1,
2026-04-01,紫苏叶,6.25,6.0,6.5,1,
2026-04-02,紫苏叶,6.25,6.0,6.5,1,
2026-04-03,紫苏叶,6.25,6.0,6.5,1,
2026-04-06,紫苏叶,6.25,6.0,6.5,1,
2026-04-07,紫苏叶,6.25,6.0,6.5,1,
2026-04-08,紫苏叶,6.25,6.0,6.5,1,
2026-04-09,紫苏叶,6.25,6.0,6.5,1,
2026-04-10,紫苏叶,6.25,6.0,6.5,1,
2026-04-13,紫苏叶,6.25,6.0,6.5,1,
2026-04-14,紫苏叶,6.25,6.0,6.5,1,
2026-04-15,紫苏叶,6.25,6.0,6.5,1,
2026-04-16,紫苏叶,6.25,6.0,6.5,1,
2026-04-17,紫苏叶,6.25,6.0,6.5,1,
2026-04-20,紫苏叶,6.25,6.0,6.5,1,
2026-04-21,紫苏叶,6.25,6.0,6.5,1,
2026-04-22,紫苏叶,6.25,6.0,6.5,1,
2026-04-23,紫苏叶,6.25,6.0,6.5,1,
2026-04-24,紫苏叶,6.25,6.0,6.5,1,
2026-04-27,紫苏叶,6.25,6.0,6.5,1,
2026-04-28,紫苏叶,6.25,6.0,6.5,1,
2026-04-29,紫苏叶,6.25,6.0,6.5,1,
2026-04-30,紫苏叶,6.25,6.0,6.5,1,
2026-05-01,紫苏叶,5.5,5.0,6.0,1,
2026-05-04,紫苏叶,5.5,5.0,6.0,1,
2026-05-05,紫苏叶,5.5,5.0,6.0,1,
2026-05-06,紫苏叶,5.5,5.0,6.0,1,
2026-05-07,紫苏叶,5.5,5.0,6.0,1,
2026-05-08,紫苏叶,2.75,2.5,3.0,1,
2026-05-11,紫苏叶,2.75,2.5,3.0,1,
2026-05-12,紫苏叶,3.8,3.5,4.1,1,
2026-05-13,紫苏叶,3.8,3.5,4.1,1,
2026-05-14,紫苏叶,3.8,3.5,4.1,1,
2026-05-15,紫苏叶,3.8,3.5,4.1,1,
2026-05-18,紫苏叶,3.8,3.5,4.1,1,
2026-05-19,紫苏叶,3.8,3.5,4.1,1,
2026-05-20,紫苏叶,3.8,3.5,4.1,1,
2026-05-21,紫苏叶,3.8,3.5,4.1,1,
2026-05-22,紫苏叶,3.8,3.5,4.1,1,
2026-05-25,紫苏叶,3.8,3.5,4.1,1,
2026-05-26,紫苏叶,3.8,3.5,4.1,1,
2026-05-27,紫苏叶,3.8,3.5,4.1,1,
2026-05-28,紫苏叶,3.8,3.5,4.1,1,
2026-05-29,紫苏叶,3.8,3.5,4.1,1,
2026-06-01,紫苏叶,3.8,3.5,4.1,1,
2026-06-02,紫苏叶,3.8,3.5,4.1,1,
2026-06-03,紫苏叶,3.75,3.5,4.0,1,
2026-06-04,紫苏叶,3.75,3.5,4.0,1,
2026-06-05,紫苏叶,3.75,3.5,4.0,1,
2026-06-08,紫苏叶,3.75,3.5,4.0,1,
2026-06-09,紫苏叶,3.75,3.5,4.0,1,
2026-06-10,紫苏叶,3.75,3.5,4.0,1,
2026-06-11,紫苏叶,3.75,3.5,4.0,1,
2026-06-12,紫苏叶,3.75,3.5,4.0,1,
2026-06-15,紫苏叶,3.75,3.5,4.0,1,
2026-06-16,紫苏叶,3.75,3.5,4.0,1,
2026-06-17,紫苏叶,3.75,3.5,4.0,1,
2026-06-18,紫苏叶,3.75,3.5,4.0,1,
2026-06-19,紫苏叶,3.75,3.5,4.0,1,
2026-06-22,紫苏叶,3.75,3.5,4.0,1,
2026-06-23,紫苏叶,3.75,3.5,4.0,1,
2026-06-24,紫苏叶,3.75,3.5,4.0,1,
2026-06-25,紫苏叶,3.75,3.5,4.0,1,
2026-06-26,紫苏叶,3.75,3.5,4.0,1,
2026-06-29,紫苏叶,3.55,3.3,3.8,1,
2026-06-30,紫苏叶,3.45,3.3,3.6,1,
2026-07-01,紫苏叶,3.45,3.3,3.6,1,
2026-07-02,紫苏叶,3.45,3.3,3.6,1,
2026-07-03,紫苏叶,3.45,3.3,3.6,1,
2026-07-06,紫苏叶,3.45,3.3,3.6,1,
2026-07-07,紫苏叶,3.45,3.3,3.6,1,
2026-07-08,紫苏叶,3.45,3.3,3.6,1,
2026-07-09,紫苏叶,3.45,3.3,3.6,1,
2026-07-10,紫苏叶,3.45,3.3,3.6,1,
2026-07-13,紫苏叶,3.0,2.5,3.5,1,
2026-07-14,紫苏叶,3.0,2.5,3.5,1,
2026-07-15,紫苏叶,3.0,2.5,3.5,1,
2026-07-16,紫苏叶,3.0,2.5,3.5,1,
2026-07-17,紫苏叶,3.0,2.5,3.5,1,
2026-07-20,紫苏叶,2.65,2.3,3.0,1,
2026-07-21,紫苏叶,2.65,2.3,3.0,1,
2026-07-22,紫苏叶,2.65,2.3,3.0,1,
2026-07-23,紫苏叶,2.65,2.3,3.0,1,
2026-07-24,紫苏叶,2.65,2.3,3.0,1,
2026-07-27,紫苏叶,2.65,2.3,3.0,1,
2026-07-28,紫苏叶,2.65,2.3,3.0,1,
2026-07-29,紫苏叶,2.65,2.5,2.8,1,
2026-07-30,紫苏叶,2.75,2.5,3.0,1,
2026-07-31,紫苏叶,2.75,2.5,3.0,1,
2026-08-03,紫苏叶,2.75,2.5,3.0,1,
2026-08-04,紫苏叶,2.75,2.5,3.0,1,
2026-08-05,紫苏叶,2.75,2.5,3.0,1,
2026-08-06,紫苏叶,2.75,2.5,3.0,1,
2026-08-07,紫苏叶,2.75,2.5,3.0,1,
2026-08-10,紫苏叶,2.75,2.5,3.0,1,
2026-08-11,紫苏叶,2.75,2.5,3.0,1,
2026-01-10,紫菜头,4.75,4.5,5.0,1,
2026-01-20,紫菜头,5.5,5.0,6.0,1,
2026-01-31,紫菜头,4.75,4.5,5.0,1,
2026-02-10,紫菜头,5.75,5.5,6.0,1,
2026-02-28,紫菜头,5.25,5.0,5.5,1,
2026-03-10,紫菜头,4.9,4.8,5.0,1,
2026-03-20,紫菜头,4.75,4.5,5.0,1,
2026-03-31,紫菜头,4.75,4.5,5.0,1,
2026-04-10,紫菜头,4.75,4.5,5.0,1,
2026-04-20,紫菜头,5.25,5.0,5.5,1,
2026-04-30,紫菜头,5.25,5.0,5.5,1,
2026-05-10,紫菜头,5.25,5.0,5.5,1,
2026-05-20,紫菜头,4.75,4.5,5.0,1,
2026-05-31,紫菜头,4.9,4.8,5.0,1,
2026-06-10,紫菜头,5.25,5.0,5.5,1,
2026-06-20,紫菜头,4.75,4.5,5.0,1,
2026-06-30,紫菜头,5.25,5.0,5.5,1,
2026-07-10,紫菜头,5.25,5.0,5.5,1,
2026-07-20,紫菜头,5.25,5.0,5.5,1,
2026-07-31,紫菜头,5.25,5.0,5.5,1,
2026-08-10,紫菜头,4.75,4.5,5.0,1,
2026-01-01,紫薯,2.0,1.5,2.5,1,冀
2026-01-02,紫薯,2.0,1.5,2.5,1,冀
2026-01-03,紫薯,2.0,1.5,2.5,1,冀
2026-01-04,紫薯,2.0,1.5,2.5,1,冀
2026-01-05,紫薯,2.0,1.5,2.5,1,冀
2026-01-06,紫薯,2.0,1.5,2.5,1,冀
2026-01-07,紫薯,2.0,1.5,2.5,1,冀
2026-01-08,紫薯,2.0,1.5,2.5,1,冀
2026-01-09,紫薯,2.0,1.5,2.5,1,冀
2026-01-10,紫薯,2.0,1.5,2.5,1,冀
2026-01-11,紫薯,2.0,1.5,2.5,1,冀
2026-01-12,紫薯,2.0,1.5,2.5,1,冀
2026-01-13,紫薯,2.0,1.5,2.5,1,冀
2026-01-14,紫薯,2.0,1.5,2.5,1,冀
2026-01-15,紫薯,2.0,1.5,2.5,1,冀
2026-01-16,紫薯,2.0,1.5,2.5,1,冀
2026-01-17,紫薯,2.0,1.5,2.5,1,冀
2026-01-18,紫薯,2.0,1.5,2.5,1,冀
2026-01-19,紫薯,2.0,1.5,2.5,1,冀
2026-01-20,紫薯,2.0,1.5,2.5,1,冀
2026-01-21,紫薯,2.0,1.5,2.5,1,冀
2026-01-22,紫薯,2.0,1.5,2.5,1,冀
2026-01-23,紫薯,2.0,1.5,2.5,1,冀
2026-01-24,紫薯,2.0,1.5,2.5,1,冀
2026-01-25,紫薯,2.0,1.5,2.5,1,冀
2026-01-26,紫薯,2.0,1.5,2.5,1,冀
2026-01-27,紫薯,2.0,1.5,2.5,1,冀
2026-01-28,紫薯,2.0,1.5,2.5,1,冀
2026-01-29,紫薯,2.0,1.5,2.5,1,冀
2026-01-30,紫薯,2.0,1.5,2.5,1,冀
2026-01-31,紫薯,2.0,1.5,2.5,1,冀
2026-02-01,紫薯,2.0,1.5,2.5,1,冀
2026-02-02,紫薯,2.0,1.5,2.5,1,冀
2026-02-03,紫薯,2.0,1.5,2.5,1,冀
2026-02-04,紫薯,2.0,1.5,2.5,1,冀
2026-02-05,紫薯,2.0,1.5,2.5,1,冀
2026-02-06,紫薯,2.0,1.5,2.5,1,冀
2026-02-07,紫薯,2.0,1.5,2.5,1,冀
2026-02-08,紫薯,2.0,1.5,2.5,1,冀
2026-02-09,紫薯,2.0,1.5,2.5,1,冀
2026-02-10,紫薯,2.0,1.5,2.5,1,冀
2026-02-11,紫薯,2.0,1.5,2.5,1,冀
2026-02-12,紫薯,2.0,1.5,2.5,1,冀
2026-02-13,紫薯,2.0,1.5,2.5,1,冀
2026-02-14,紫薯,2.0,1.5,2.5,1,冀
2026-02-15,紫薯,2.0,1.5,2.5,1,冀
2026-02-16,紫薯,2.0,1.5,2.5,1,冀
2026-02-24,紫薯,2.0,1.5,2.5,1,冀
2026-02-25,紫薯,2.0,1.5,2.5,1,冀
2026-02-26,紫薯,2.0,1.5,2.5,1,冀
2026-02-27,紫薯,2.0,1.5,2.5,1,冀
2026-02-28,紫薯,2.0,1.5,2.5,1,冀
2026-03-01,紫薯,2.0,1.5,2.5,1,冀
2026-03-02,紫薯,2.0,1.5,2.5,1,冀
2026-03-03,紫薯,2.0,1.5,2.5,1,冀
2026-03-04,紫薯,2.0,1.5,2.5,1,冀
2026-03-05,紫薯,2.0,1.5,2.5,1,冀
2026-03-06,紫薯,2.0,1.5,2.5,1,冀
2026-03-07,紫薯,2.0,1.5,2.5,1,冀
2026-03-08,紫薯,2.0,1.5,2.5,1,冀
2026-03-09,紫薯,2.0,1.5,2.5,1,冀
2026-03-10,紫薯,2.0,1.5,2.5,1,冀
2026-03-11,紫薯,2.0,1.5,2.5,1,冀
2026-03-12,紫薯,2.0,1.5,2.5,1,冀
2026-03-13,紫薯,2.0,1.5,2.5,1,冀
2026-03-14,紫薯,2.0,1.5,2.5,1,冀
2026-03-15,紫薯,2.0,1.5,2.5,1,冀
2026-03-16,紫薯,2.0,1.5,2.5,1,冀
2026-03-17,紫薯,2.0,1.5,2.5,1,冀
2026-03-18,紫薯,2.0,1.5,2.5,1,冀
2026-03-19,紫薯,2.0,1.5,2.5,1,冀
2026-03-20,紫薯,2.0,1.5,2.5,1,冀
2026-03-21,紫薯,2.0,1.5,2.5,1,冀
2026-03-22,紫薯,2.0,1.5,2.5,1,冀
2026-03-23,紫薯,2.0,1.5,2.5,1,冀
2026-03-24,紫薯,2.0,1.5,2.5,1,冀
2026-03-25,紫薯,2.0,1.5,2.5,1,冀
2026-03-26,紫薯,2.0,1.5,2.5,1,冀
2026-03-27,紫薯,2.0,1.5,2.5,1,冀
2026-03-28,紫薯,2.0,1.5,2.5,1,冀
2026-03-29,紫薯,2.0,1.5,2.5,1,冀
2026-03-30,紫薯,2.0,1.5,2.5,1,冀
2026-03-31,紫薯,2.0,1.5,2.5,1,冀
2026-04-01,紫薯,2.0,1.5,2.5,1,冀
2026-04-02,紫薯,2.0,1.5,2.5,1,冀
2026-04-03,紫薯,2.0,1.5,2.5,1,冀
2026-04-04,紫薯,2.0,1.5,2.5,1,冀
2026-04-05,紫薯,2.0,1.5,2.5,1,冀
2026-04-06,紫薯,2.0,1.5,2.5,1,冀
2026-04-07,紫薯,2.0,1.5,2.5,1,冀
2026-04-08,紫薯,2.0,1.5,2.5,1,冀
2026-04-09,紫薯,2.0,1.5,2.5,1,冀
2026-04-10,紫薯,2.0,1.5,2.5,1,冀
2026-04-11,紫薯,2.0,1.5,2.5,1,冀
2026-04-12,紫薯,2.0,1.5,2.5,1,冀
2026-04-13,紫薯,2.0,1.5,2.5,1,冀
2026-04-14,紫薯,2.0,1.5,2.5,1,冀
2026-04-15,紫薯,1.75,1.5,2.0,1,冀
2026-04-16,紫薯,1.75,1.5,2.0,1,冀
2026-04-17,紫薯,1.75,1.5,2.0,1,冀
2026-04-18,紫薯,1.75,1.5,2.0,1,冀
2026-04-19,紫薯,1.75,1.5,2.0,1,冀
2026-04-20,紫薯,1.75,1.5,2.0,1,冀
2026-04-21,紫薯,1.75,1.5,2.0,1,冀
2026-04-22,紫薯,1.75,1.5,2.0,1,冀
2026-04-23,紫薯,1.75,1.5,2.0,1,冀
2026-04-24,紫薯,1.75,1.5,2.0,1,冀
2026-04-25,紫薯,1.75,1.5,2.0,1,冀
2026-04-26,紫薯,1.75,1.5,2.0,1,冀
2026-04-27,紫薯,1.75,1.5,2.0,1,冀
2026-04-28,紫薯,1.75,1.5,2.0,1,冀
2026-04-29,紫薯,1.75,1.5,2.0,1,冀
2026-04-30,紫薯,1.75,1.5,2.0,1,冀
2026-05-01,紫薯,1.75,1.5,2.0,1,冀
2026-05-02,紫薯,1.75,1.5,2.0,1,冀
2026-05-03,紫薯,1.75,1.5,2.0,1,冀
2026-05-04,紫薯,1.75,1.5,2.0,1,冀
2026-05-05,紫薯,1.75,1.5,2.0,1,冀
2026-05-06,紫薯,1.75,1.5,2.0,1,冀
2026-05-07,紫薯,1.75,1.5,2.0,1,冀
2026-05-08,紫薯,1.75,1.5,2.0,1,冀
2026-05-09,紫薯,1.75,1.5,2.0,1,冀
2026-05-10,紫薯,1.75,1.5,2.0,1,冀
2026-05-11,紫薯,1.75,1.5,2.0,1,冀
2026-05-12,紫薯,1.65,1.5,1.8,1,冀
2026-05-13,紫薯,1.65,1.5,1.8,1,冀
2026-05-14,紫薯,1.65,1.5,1.8,1,冀
2026-05-15,紫薯,1.65,1.5,1.8,1,冀
2026-05-16,紫薯,1.65,1.5,1.8,1,冀
2026-05-17,紫薯,1.65,1.5,1.8,1,冀
2026-05-18,紫薯,1.55,1.3,1.8,1,冀
2026-05-19,紫薯,1.55,1.3,1.8,1,冀
2026-05-20,紫薯,1.55,1.3,1.8,1,冀
2026-05-21,紫薯,1.45,1.3,1.6,1,冀
2026-05-22,紫薯,1.45,1.3,1.6,1,冀
2026-05-23,紫薯,1.45,1.3,1.6,1,冀
2026-05-24,紫薯,1.45,1.3,1.6,1,冀
2026-05-25,紫薯,1.45,1.3,1.6,1,冀
2026-05-26,紫薯,1.45,1.3,1.6,1,冀
2026-05-27,紫薯,1.45,1.3,1.6,1,冀
2026-05-28,紫薯,1.45,1.3,1.6,1,冀
2026-05-29,紫薯,1.45,1.3,1.6,1,冀
2026-05-30,紫薯,1.45,1.3,1.6,1,冀
2026-05-31,紫薯,1.45,1.3,1.6,1,冀
2026-06-01,紫薯,1.45,1.3,1.6,1,冀
2026-06-02,紫薯,1.45,1.3,1.6,1,冀
2026-06-03,紫薯,1.45,1.3,1.6,1,冀
2026-06-04,紫薯,1.45,1.3,1.6,1,冀
2026-06-05,紫薯,1.45,1.3,1.6,1,冀
2026-06-06,紫薯,1.45,1.3,1.6,1,冀
2026-06-07,紫薯,1.45,1.3,1.6,1,冀
2026-06-08,紫薯,1.45,1.3,1.6,1,冀
2026-06-09,紫薯,1.45,1.3,1.6,1,冀
2026-06-10,紫薯,1.45,1.3,1.6,1,冀
2026-06-11,紫薯,1.45,1.3,1.6,1,冀
2026-06-12,紫薯,1.45,1.3,1.6,1,冀
2026-06-13,紫薯,1.45,1.3,1.6,1,冀
2026-06-14,紫薯,1.45,1.3,1.6,1,冀
2026-06-15,紫薯,1.45,1.3,1.6,1,冀
2026-06-16,紫薯,1.45,1.3,1.6,1,冀
2026-06-17,紫薯,1.45,1.3,1.6,1,冀
2026-06-18,紫薯,1.45,1.3,1.6,1,冀
2026-06-19,紫薯,1.45,1.3,1.6,1,冀
2026-06-20,紫薯,1.45,1.3,1.6,1,冀
2026-06-21,紫薯,1.45,1.3,1.6,1,冀
2026-06-22,紫薯,1.45,1.3,1.6,1,冀
2026-06-23,紫薯,1.6,1.2,2.0,1,冀闽
2026-06-24,紫薯,1.6,1.2,2.0,1,冀闽
2026-06-25,紫薯,1.6,1.2,2.0,1,冀闽
2026-06-26,紫薯,1.6,1.2,2.0,1,冀闽
2026-06-27,紫薯,1.6,1.2,2.0,1,冀闽
2026-06-28,紫薯,1.6,1.2,2.0,1,冀闽
2026-06-29,紫薯,1.6,1.2,2.0,1,冀闽
2026-06-30,紫薯,1.6,1.2,2.0,1,冀闽
2026-07-01,紫薯,1.6,1.2,2.0,1,冀闽
2026-07-02,紫薯,1.6,1.2,2.0,1,冀闽
2026-07-03,紫薯,1.6,1.2,2.0,1,冀闽
2026-07-04,紫薯,1.6,1.2,2.0,1,冀闽
2026-07-05,紫薯,1.6,1.2,2.0,1,冀闽
2026-07-06,紫薯,1.6,1.2,2.0,1,冀闽
2026-07-07,紫薯,1.6,1.2,2.0,1,冀闽
2026-07-08,紫薯,1.6,1.2,2.0,1,冀闽
2026-07-09,紫薯,1.6,1.2,2.0,1,冀闽
2026-07-10,紫薯,1.6,1.2,2.0,1,冀闽
2026-07-11,紫薯,1.6,1.2,2.0,1,冀闽
2026-07-12,紫薯,1.6,1.2,2.0,1,冀闽
2026-07-13,紫薯,1.6,1.2,2.0,1,冀闽
2026-07-14,紫薯,1.6,1.2,2.0,1,冀闽
2026-07-15,紫薯,1.6,1.2,2.0,1,冀闽
2026-07-16,紫薯,1.6,1.2,2.0,1,冀闽
2026-07-17,紫薯,1.6,1.2,2.0,1,冀闽
2026-07-18,紫薯,1.6,1.2,2.0,1,冀闽
2026-07-19,紫薯,1.6,1.2,2.0,1,冀闽
2026-07-20,紫薯,1.6,1.2,2.0,1,冀闽
2026-07-21,紫薯,1.6,1.2,2.0,1,冀闽
2026-07-22,紫薯,1.6,1.2,2.0,1,冀闽
2026-07-23,紫薯,1.8,1.6,2.0,1,冀闽
2026-07-24,紫薯,1.8,1.6,2.0,1,冀闽
2026-07-25,紫薯,1.8,1.6,2.0,1,冀闽
2026-07-26,紫薯,1.95,1.6,2.3,1,冀闽
2026-07-27,紫薯,1.95,1.6,2.3,1,冀闽
2026-07-28,紫薯,1.95,1.6,2.3,1,冀闽
2026-07-29,紫薯,1.95,1.6,2.3,1,冀闽
2026-07-30,紫薯,1.95,1.6,2.3,1,冀闽
2026-07-31,紫薯,1.95,1.6,2.3,1,冀闽
2026-08-01,紫薯,1.95,1.6,2.3,1,冀闽
2026-08-02,紫薯,1.95,1.6,2.3,1,冀闽
2026-08-03,紫薯,1.95,1.6,2.3,1,冀闽
2026-08-04,紫薯,1.95,1.6,2.3,1,冀闽
2026-08-05,紫薯,1.95,1.6,2.3,1,冀闽
2026-08-06,紫薯,1.85,1.7,2.0,1,冀闽
2026-08-07,紫薯,1.85,1.7,2.0,1,冀闽
2026-08-08,紫薯,1.85,1.7,2.0,1,冀闽
2026-08-09,紫薯,1.85,1.7,2.0,1,冀闽
2026-08-10,紫薯,1.85,1.7,2.0,1,冀闽
2026-08-11,紫薯,1.85,1.7,2.0,1,冀闽
2026-01-10,紫贝天葵,11.5,11.0,12.0,1,
2026-01-20,紫贝天葵,11.5,11.0,12.0,1,
2026-01-31,紫贝天葵,11.5,11.0,12.0,1,
2026-02-10,紫贝天葵,12.5,12.0,13.0,1,
2026-02-28,紫贝天葵,11.5,11.0,12.0,1,
2026-03-10,紫贝天葵,10.5,10.0,11.0,1,
2026-03-20,紫贝天葵,9.5,9.0,10.0,1,
2026-03-31,紫贝天葵,9.5,9.0,10.0,1,
2026-04-10,紫贝天葵,8.5,8.0,9.0,1,
2026-04-20,紫贝天葵,8.5,8.0,9.0,1,
2026-04-30,紫贝天葵,9.5,9.0,10.0,1,
2026-05-10,紫贝天葵,9.5,9.0,10.0,1,
2026-05-20,紫贝天葵,8.25,8.0,8.5,1,
2026-05-31,紫贝天葵,8.25,8.0,8.5,1,
2026-06-10,紫贝天葵,8.25,8.0,8.5,1,
2026-06-20,紫贝天葵,8.25,8.0,8.5,1,
2026-06-30,紫贝天葵,8.25,8.0,8.5,1,
2026-07-10,紫贝天葵,8.5,8.0,9.0,1,
2026-07-20,紫贝天葵,8.5,8.0,9.0,1,
2026-07-31,紫贝天葵,8.5,8.0,9.0,1,
2026-08-10,紫贝天葵,8.5,8.0,9.0,1,
2026-01-01,红尖椒,5.5,5.0,6.0,1,鲁徽
2026-01-02,红尖椒,5.5,5.0,6.0,1,鲁徽
2026-01-03,红尖椒,5.5,5.0,6.0,1,鲁徽
2026-01-04,红尖椒,5.5,5.0,6.0,1,鲁徽
2026-01-05,红尖椒,5.5,5.0,6.0,1,鲁徽
2026-01-06,红尖椒,5.5,5.0,6.0,1,鲁徽
2026-01-07,红尖椒,5.5,5.0,6.0,1,鲁徽
2026-01-08,红尖椒,5.5,5.0,6.0,1,鲁徽
2026-01-09,红尖椒,5.5,5.0,6.0,1,鲁徽
2026-01-10,红尖椒,5.5,5.0,6.0,1,鲁徽
2026-01-11,红尖椒,5.5,5.0,6.0,1,鲁徽
2026-01-12,红尖椒,5.5,5.0,6.0,1,鲁徽
2026-01-13,红尖椒,5.5,5.0,6.0,1,鲁徽
2026-01-14,红尖椒,5.5,5.0,6.0,1,鲁徽
2026-01-15,红尖椒,6.0,5.0,7.0,1,鲁徽
2026-01-16,红尖椒,5.5,5.0,6.0,1,鲁徽
2026-01-17,红尖椒,5.5,5.0,6.0,1,鲁徽
2026-01-18,红尖椒,6.0,5.5,6.5,1,鲁徽
2026-01-19,红尖椒,6.75,6.5,7.0,1,鲁徽
2026-01-20,红尖椒,6.75,6.5,7.0,1,鲁徽
2026-01-21,红尖椒,6.75,6.5,7.0,1,鲁徽
2026-01-22,红尖椒,6.75,6.5,7.0,1,鲁徽
2026-01-23,红尖椒,6.75,6.5,7.0,1,鲁徽
2026-01-24,红尖椒,6.75,6.5,7.0,1,鲁徽
2026-01-25,红尖椒,6.5,6.0,7.0,1,鲁徽
2026-01-26,红尖椒,6.5,6.0,7.0,1,鲁徽
2026-01-27,红尖椒,6.5,6.0,7.0,1,鲁徽
2026-01-28,红尖椒,6.5,6.0,7.0,1,鲁徽
2026-01-29,红尖椒,6.75,6.5,7.0,1,鲁徽
2026-01-30,红尖椒,6.75,6.5,7.0,1,鲁徽
2026-01-31,红尖椒,6.75,6.5,7.0,1,鲁徽
2026-02-01,红尖椒,6.75,6.5,7.0,1,鲁徽
2026-02-02,红尖椒,6.75,6.5,7.0,1,鲁徽
2026-02-03,红尖椒,6.75,6.5,7.0,1,鲁徽
2026-02-04,红尖椒,6.75,6.5,7.0,1,鲁徽
2026-02-05,红尖椒,6.75,6.5,7.0,1,鲁徽
2026-02-06,红尖椒,6.75,6.5,7.0,1,鲁徽
2026-02-07,红尖椒,6.75,6.5,7.0,1,鲁徽
2026-02-08,红尖椒,6.75,6.5,7.0,1,鲁徽
2026-02-09,红尖椒,6.75,6.5,7.0,1,鲁徽
2026-02-10,红尖椒,6.75,6.5,7.0,1,鲁徽
2026-02-11,红尖椒,6.75,6.5,7.0,1,鲁徽
2026-02-12,红尖椒,6.75,6.5,7.0,1,鲁徽
2026-02-13,红尖椒,6.75,6.5,7.0,1,鲁徽
2026-02-14,红尖椒,6.75,6.5,7.0,1,鲁徽
2026-02-15,红尖椒,6.75,6.5,7.0,1,鲁徽
2026-02-16,红尖椒,6.75,6.5,7.0,1,鲁徽
2026-02-24,红尖椒,9.25,9.0,9.5,1,鲁徽
2026-02-25,红尖椒,9.25,9.0,9.5,1,鲁徽
2026-02-26,红尖椒,10.0,9.5,10.5,1,鲁徽
2026-02-27,红尖椒,10.0,9.5,10.5,1,鲁徽
2026-02-28,红尖椒,10.0,9.5,10.5,1,鲁徽
2026-03-01,红尖椒,10.0,9.5,10.5,1,鲁徽
2026-03-02,红尖椒,10.0,9.5,10.5,1,鲁徽
2026-03-03,红尖椒,10.0,9.5,10.5,1,鲁徽
2026-03-04,红尖椒,7.5,7.0,8.0,1,鲁徽
2026-03-05,红尖椒,7.0,6.5,7.5,1,鲁徽
2026-03-06,红尖椒,7.0,6.5,7.5,1,鲁徽
2026-03-07,红尖椒,7.0,6.5,7.5,1,鲁徽
2026-03-08,红尖椒,7.0,6.5,7.5,1,鲁徽
2026-03-09,红尖椒,7.0,6.5,7.5,1,鲁徽
2026-03-10,红尖椒,7.25,6.5,8.0,1,鲁徽
2026-03-11,红尖椒,7.25,6.5,8.0,1,鲁徽
2026-03-12,红尖椒,7.25,6.5,8.0,1,鲁徽
2026-03-13,红尖椒,7.25,6.5,8.0,1,鲁徽
2026-03-14,红尖椒,7.25,6.5,8.0,1,鲁徽
2026-03-15,红尖椒,7.25,6.5,8.0,1,鲁徽
2026-03-16,红尖椒,7.25,6.5,8.0,1,鲁徽
2026-03-17,红尖椒,7.25,6.5,8.0,1,鲁徽
2026-03-18,红尖椒,7.25,6.5,8.0,1,鲁徽
2026-03-19,红尖椒,7.25,6.5,8.0,1,鲁徽
2026-03-20,红尖椒,7.25,6.5,8.0,1,鲁徽
2026-03-21,红尖椒,7.25,6.5,8.0,1,鲁徽
2026-03-22,红尖椒,7.25,6.5,8.0,1,鲁徽
2026-03-23,红尖椒,6.5,6.0,7.0,1,鲁徽
2026-03-24,红尖椒,6.5,6.0,7.0,1,鲁徽
2026-03-25,红尖椒,6.5,6.0,7.0,1,鲁徽
2026-03-26,红尖椒,6.5,6.0,7.0,1,鲁徽
2026-03-27,红尖椒,6.5,6.0,7.0,1,鲁徽
2026-03-28,红尖椒,6.5,6.0,7.0,1,鲁徽
2026-03-29,红尖椒,6.5,6.0,7.0,1,鲁徽
2026-03-30,红尖椒,6.5,6.0,7.0,1,鲁徽
2026-03-31,红尖椒,6.5,6.0,7.0,1,鲁徽
2026-04-01,红尖椒,6.5,6.0,7.0,1,鲁徽
2026-04-02,红尖椒,6.5,6.0,7.0,1,鲁徽
2026-04-03,红尖椒,6.5,6.0,7.0,1,鲁徽
2026-04-04,红尖椒,6.5,6.0,7.0,1,鲁徽
2026-04-05,红尖椒,6.5,6.0,7.0,1,鲁徽
2026-04-06,红尖椒,6.5,6.0,7.0,1,鲁徽
2026-04-07,红尖椒,6.5,6.0,7.0,1,鲁徽
2026-04-08,红尖椒,6.5,6.0,7.0,1,鲁徽
2026-04-09,红尖椒,6.5,6.0,7.0,1,鲁徽
2026-04-10,红尖椒,6.5,6.0,7.0,1,鲁徽
2026-04-11,红尖椒,6.5,6.0,7.0,1,鲁徽
2026-04-12,红尖椒,6.5,6.0,7.0,1,鲁徽
2026-04-13,红尖椒,6.5,6.0,7.0,1,鲁徽
2026-04-14,红尖椒,6.5,6.0,7.0,1,鲁徽
2026-04-15,红尖椒,6.5,6.0,7.0,1,鲁徽
2026-04-16,红尖椒,6.5,6.0,7.0,1,鲁徽
2026-04-17,红尖椒,6.5,6.0,7.0,1,鲁徽
2026-04-18,红尖椒,6.5,6.0,7.0,1,鲁徽
2026-04-19,红尖椒,6.5,6.0,7.0,1,鲁徽
2026-04-20,红尖椒,6.5,6.0,7.0,1,鲁徽
2026-04-21,红尖椒,6.5,6.0,7.0,1,鲁徽
2026-04-22,红尖椒,6.5,6.0,7.0,1,鲁徽
2026-04-23,红尖椒,6.5,6.0,7.0,1,鲁徽
2026-04-24,红尖椒,6.5,6.0,7.0,1,鲁徽
2026-04-25,红尖椒,6.5,6.0,7.0,1,鲁徽
2026-04-26,红尖椒,6.5,6.0,7.0,1,鲁徽
2026-04-27,红尖椒,6.5,6.0,7.0,1,鲁徽
2026-04-28,红尖椒,6.5,6.0,7.0,1,鲁徽
2026-04-29,红尖椒,7.5,7.0,8.0,1,鲁桂
2026-04-30,红尖椒,7.5,7.0,8.0,1,鲁桂
2026-05-01,红尖椒,7.5,7.0,8.0,1,鲁桂
2026-05-02,红尖椒,7.5,7.0,8.0,1,鲁桂
2026-05-03,红尖椒,7.5,7.0,8.0,1,鲁桂
2026-05-04,红尖椒,7.5,7.0,8.0,1,鲁桂
2026-05-05,红尖椒,7.75,7.0,8.5,1,鲁桂
2026-05-06,红尖椒,7.5,7.0,8.0,1,鲁桂
2026-05-07,红尖椒,6.5,6.0,7.0,1,鲁桂
2026-05-08,红尖椒,6.5,6.0,7.0,1,鲁桂
2026-05-09,红尖椒,6.5,6.0,7.0,1,鲁桂
2026-05-10,红尖椒,5.5,5.0,6.0,1,鲁桂
2026-05-11,红尖椒,5.5,5.0,6.0,1,鲁桂
2026-05-12,红尖椒,5.5,5.0,6.0,1,鲁桂
2026-05-13,红尖椒,5.5,5.0,6.0,1,鲁桂
2026-05-14,红尖椒,5.5,5.0,6.0,1,鲁桂
2026-05-15,红尖椒,4.5,4.0,5.0,1,鲁桂
2026-05-16,红尖椒,4.5,4.0,5.0,1,鲁桂
2026-05-17,红尖椒,4.5,4.0,5.0,1,鲁桂
2026-05-18,红尖椒,4.5,4.0,5.0,1,鲁桂
2026-05-19,红尖椒,4.5,4.0,5.0,1,鲁桂
2026-05-20,红尖椒,4.5,4.0,5.0,1,鲁桂
2026-05-21,红尖椒,4.5,4.0,5.0,1,鲁桂
2026-05-22,红尖椒,4.5,4.0,5.0,1,鲁桂
2026-05-23,红尖椒,4.5,4.0,5.0,1,鲁桂
2026-05-24,红尖椒,4.5,4.0,5.0,1,鲁桂
2026-05-25,红尖椒,4.5,4.0,5.0,1,鲁桂
2026-05-26,红尖椒,4.5,4.0,5.0,1,鲁桂
2026-05-27,红尖椒,4.5,4.0,5.0,1,鲁辽
2026-05-28,红尖椒,4.5,4.0,5.0,1,鲁辽
2026-05-29,红尖椒,4.5,4.0,5.0,1,鲁辽
2026-05-30,红尖椒,4.5,4.0,5.0,1,鲁辽
2026-05-31,红尖椒,4.5,4.0,5.0,1,鲁辽
2026-06-01,红尖椒,4.5,4.0,5.0,1,鲁辽
2026-06-02,红尖椒,4.5,4.0,5.0,1,鲁辽
2026-06-03,红尖椒,4.5,4.0,5.0,1,鲁辽
2026-06-04,红尖椒,4.5,4.0,5.0,1,鲁辽
2026-06-05,红尖椒,4.5,4.0,5.0,1,鲁辽
2026-06-06,红尖椒,4.5,4.0,5.0,1,鲁辽
2026-06-07,红尖椒,4.5,4.0,5.0,1,鲁辽
2026-06-08,红尖椒,4.5,4.0,5.0,1,鲁辽
2026-06-09,红尖椒,4.5,4.0,5.0,1,鲁辽
2026-06-10,红尖椒,4.5,4.0,5.0,1,鲁辽
2026-06-11,红尖椒,4.5,4.0,5.0,1,鲁辽
2026-06-12,红尖椒,4.5,4.0,5.0,1,鲁辽
2026-06-13,红尖椒,4.5,4.0,5.0,1,鲁辽
2026-06-14,红尖椒,4.5,4.0,5.0,1,鲁辽
2026-06-15,红尖椒,4.5,4.0,5.0,1,鲁辽
2026-06-16,红尖椒,4.5,4.0,5.0,1,鲁辽
2026-06-17,红尖椒,4.5,4.0,5.0,1,鲁辽
2026-06-18,红尖椒,4.5,4.0,5.0,1,鲁辽
2026-06-19,红尖椒,4.5,4.0,5.0,1,鲁辽
2026-06-20,红尖椒,3.5,3.0,4.0,1,鲁辽
2026-06-21,红尖椒,3.5,3.0,4.0,1,鲁辽
2026-06-22,红尖椒,3.5,3.0,4.0,1,鲁辽
2026-06-23,红尖椒,3.5,3.0,4.0,1,鲁辽
2026-06-24,红尖椒,3.5,3.0,4.0,1,鲁辽
2026-06-25,红尖椒,3.5,3.0,4.0,1,鲁辽
2026-06-26,红尖椒,3.5,3.0,4.0,1,鲁辽
2026-06-27,红尖椒,3.5,3.0,4.0,1,鲁辽
2026-06-28,红尖椒,3.5,3.0,4.0,1,鲁辽
2026-06-29,红尖椒,3.5,3.0,4.0,1,鲁辽
2026-06-30,红尖椒,3.5,3.0,4.0,1,鲁辽
2026-07-01,红尖椒,3.5,3.0,4.0,1,鲁辽
2026-07-02,红尖椒,3.5,3.0,4.0,1,鲁辽
2026-07-03,红尖椒,3.5,3.0,4.0,1,鲁辽
2026-07-04,红尖椒,3.5,3.0,4.0,1,鲁辽
2026-07-05,红尖椒,3.5,3.0,4.0,1,鲁辽
2026-07-06,红尖椒,3.5,3.0,4.0,1,鲁辽
2026-07-07,红尖椒,3.5,3.0,4.0,1,鲁辽
2026-07-08,红尖椒,3.5,3.0,4.0,1,鲁辽
2026-07-09,红尖椒,3.5,3.0,4.0,1,鲁辽
2026-07-10,红尖椒,3.5,3.0,4.0,1,鲁辽
2026-07-11,红尖椒,3.5,3.0,4.0,1,鲁辽
2026-07-12,红尖椒,3.5,3.0,4.0,1,鲁辽
2026-07-13,红尖椒,3.5,3.0,4.0,1,鲁辽
2026-07-14,红尖椒,3.5,3.0,4.0,1,鲁辽
2026-07-15,红尖椒,3.5,3.0,4.0,1,鲁辽
2026-07-16,红尖椒,3.5,3.0,4.0,1,鲁辽
2026-07-17,红尖椒,3.5,3.0,4.0,1,鲁辽
2026-07-18,红尖椒,3.5,3.0,4.0,1,鲁辽
2026-07-19,红尖椒,3.5,3.0,4.0,1,鲁辽
2026-07-20,红尖椒,3.5,3.0,4.0,1,鲁辽
2026-07-21,红尖椒,3.5,3.0,4.0,1,鲁辽
2026-07-22,红尖椒,3.5,3.0,4.0,1,鲁辽
2026-07-23,红尖椒,3.5,3.0,4.0,1,鲁辽
2026-07-24,红尖椒,3.5,3.0,4.0,1,鲁辽
2026-07-25,红尖椒,3.5,3.0,4.0,1,鲁辽
2026-07-26,红尖椒,3.5,3.0,4.0,1,鲁辽
2026-07-27,红尖椒,3.0,2.5,3.5,1,鲁辽
2026-07-28,红尖椒,3.0,2.5,3.5,1,鲁辽
2026-07-29,红尖椒,3.0,2.5,3.5,1,鲁辽
2026-07-30,红尖椒,3.0,2.5,3.5,1,鲁辽
2026-07-31,红尖椒,3.0,2.5,3.5,1,鲁辽
2026-08-01,红尖椒,3.0,2.5,3.5,1,鲁辽
2026-08-02,红尖椒,3.0,2.5,3.5,1,鲁辽
2026-08-03,红尖椒,3.0,2.5,3.5,1,鲁辽
2026-08-04,红尖椒,3.0,2.5,3.5,1,鲁辽
2026-08-05,红尖椒,3.0,2.5,3.5,1,鲁辽
2026-08-06,红尖椒,3.0,2.5,3.5,1,鲁辽
2026-08-07,红尖椒,3.0,2.5,3.5,1,鲁辽
2026-08-08,红尖椒,3.0,2.5,3.5,1,鲁辽
2026-08-09,红尖椒,3.0,2.5,3.5,1,鲁辽
2026-08-10,红尖椒,3.0,2.5,3.5,1,鲁辽
2026-08-11,红尖椒,3.0,2.5,3.5,1,鲁辽
2026-01-01,红薯,1.575,1.0,2.5,2,冀
2026-01-02,红薯,1.575,1.0,2.5,2,冀
2026-01-03,红薯,1.575,1.0,2.5,2,冀
2026-01-04,红薯,1.575,1.0,2.5,2,冀
2026-01-05,红薯,1.575,1.0,2.5,2,冀
2026-01-06,红薯,1.575,1.0,2.5,2,冀
2026-01-07,红薯,1.575,1.0,2.5,2,冀
2026-01-08,红薯,1.425,1.0,2.0,2,冀
2026-01-09,红薯,1.425,1.0,2.0,2,冀
2026-01-10,红薯,1.425,1.0,2.0,2,冀
2026-01-11,红薯,1.425,1.0,2.0,2,冀
2026-01-12,红薯,1.425,1.0,2.0,2,冀
2026-01-13,红薯,1.425,1.0,2.0,2,冀
2026-01-14,红薯,1.425,1.0,2.0,2,冀
2026-01-15,红薯,1.475,1.1,2.0,2,冀
2026-01-16,红薯,1.475,1.1,2.0,2,冀
2026-01-17,红薯,1.475,1.1,2.0,2,冀
2026-01-18,红薯,1.475,1.1,2.0,2,冀
2026-01-19,红薯,1.475,1.1,2.0,2,冀
2026-01-20,红薯,1.475,1.1,2.0,2,冀
2026-01-21,红薯,1.475,1.1,2.0,2,冀
2026-01-22,红薯,1.475,1.1,2.0,2,冀
2026-01-23,红薯,1.475,1.1,2.0,2,冀
2026-01-24,红薯,1.475,1.1,2.0,2,冀
2026-01-25,红薯,1.475,1.1,2.0,2,冀
2026-01-26,红薯,1.475,1.1,2.0,2,冀
2026-01-27,红薯,1.5,1.1,2.1,2,冀
2026-01-28,红薯,1.5,1.1,2.1,2,冀
2026-01-29,红薯,1.5,1.1,2.1,2,冀
2026-01-30,红薯,1.5,1.1,2.1,2,冀
2026-01-31,红薯,1.5,1.1,2.1,2,冀
2026-02-01,红薯,1.5,1.1,2.1,2,冀
2026-02-02,红薯,1.5,1.1,2.1,2,冀
2026-02-03,红薯,1.5,1.1,2.1,2,冀
2026-02-04,红薯,1.5,1.1,2.1,2,冀
2026-02-05,红薯,1.5,1.1,2.1,2,冀
2026-02-06,红薯,1.5,1.1,2.1,2,冀
2026-02-07,红薯,1.5,1.1,2.1,2,冀
2026-02-08,红薯,1.5,1.1,2.1,2,冀
2026-02-09,红薯,1.5,1.1,2.1,2,冀
2026-02-10,红薯,1.5,1.1,2.1,2,冀
2026-02-11,红薯,1.5,1.1,2.1,2,冀
2026-02-12,红薯,1.5,1.1,2.1,2,冀
2026-02-13,红薯,1.5,1.1,2.1,2,冀
2026-02-14,红薯,1.5,1.1,2.1,2,冀
2026-02-15,红薯,1.5,1.1,2.1,2,冀
2026-02-16,红薯,1.5,1.1,2.1,2,冀
2026-02-24,红薯,1.5,1.1,2.1,2,冀
2026-02-25,红薯,1.5,1.1,2.1,2,冀
2026-02-26,红薯,1.5,1.1,2.1,2,冀
2026-02-27,红薯,1.5,1.1,2.1,2,冀
2026-02-28,红薯,1.85,1.1,2.8,2,冀
2026-03-01,红薯,1.85,1.1,2.8,2,冀
2026-03-02,红薯,1.85,1.1,2.8,2,冀
2026-03-03,红薯,1.85,1.1,2.8,2,冀
2026-03-04,红薯,1.85,1.1,2.8,2,冀
2026-03-05,红薯,1.85,1.1,2.8,2,冀
2026-03-06,红薯,1.85,1.1,2.8,2,冀
2026-03-07,红薯,1.85,1.1,2.8,2,冀
2026-03-08,红薯,1.85,1.1,2.8,2,冀
2026-03-09,红薯,1.875,1.1,2.8,2,冀
2026-03-10,红薯,1.875,1.1,2.8,2,冀
2026-03-11,红薯,1.85,1.1,2.8,2,冀/冀粤
2026-03-12,红薯,1.85,1.1,2.8,2,冀/冀粤
2026-03-13,红薯,1.85,1.1,2.8,2,冀/冀粤
2026-03-14,红薯,1.85,1.1,2.8,2,冀/冀粤
2026-03-15,红薯,1.85,1.1,2.8,2,冀/冀粤
2026-03-16,红薯,1.625,1.1,2.5,2,冀/冀粤
2026-03-17,红薯,1.625,1.1,2.5,2,冀/冀粤
2026-03-18,红薯,1.625,1.1,2.5,2,冀/冀粤
2026-03-19,红薯,1.625,1.1,2.5,2,冀/冀粤
2026-03-20,红薯,1.625,1.1,2.5,2,冀/冀粤
2026-03-21,红薯,1.625,1.1,2.5,2,冀/冀粤
2026-03-22,红薯,1.625,1.1,2.5,2,冀/冀粤
2026-03-23,红薯,1.625,1.1,2.5,2,冀/冀粤
2026-03-24,红薯,1.625,1.1,2.5,2,冀/冀粤
2026-03-25,红薯,1.6,1.1,2.5,2,冀/冀粤
2026-03-26,红薯,1.6,1.1,2.5,2,冀/冀粤
2026-03-27,红薯,1.6,1.1,2.5,2,冀/冀粤
2026-03-28,红薯,1.6,1.1,2.5,2,冀/冀粤
2026-03-29,红薯,1.6,1.1,2.5,2,冀/冀粤
2026-03-30,红薯,1.6,1.1,2.5,2,冀/冀粤
2026-03-31,红薯,1.6,1.1,2.5,2,冀/冀粤
2026-04-01,红薯,1.6,1.1,2.5,2,冀/冀粤
2026-04-02,红薯,1.6,1.1,2.5,2,冀/冀粤
2026-04-03,红薯,1.6,1.1,2.5,2,冀/冀粤
2026-04-04,红薯,1.6,1.1,2.5,2,冀/冀粤
2026-04-05,红薯,1.6,1.1,2.5,2,冀/冀粤
2026-04-06,红薯,1.6,1.1,2.5,2,冀/冀粤
2026-04-07,红薯,1.6,1.1,2.5,2,冀/冀粤
2026-04-08,红薯,1.6,1.1,2.5,2,冀/冀粤
2026-04-09,红薯,1.6,1.1,2.5,2,冀/冀粤
2026-04-10,红薯,1.6,1.1,2.5,2,冀/冀粤
2026-04-11,红薯,1.6,1.1,2.5,2,冀/冀粤
2026-04-12,红薯,1.6,1.1,2.5,2,冀/冀粤
2026-04-13,红薯,1.6,1.1,2.5,2,冀/冀粤
2026-04-14,红薯,1.6,1.1,2.5,2,冀/冀粤
2026-04-15,红薯,1.625,0.9,2.8,2,冀/冀粤
2026-04-16,红薯,1.625,0.9,2.8,2,冀/冀粤
2026-04-17,红薯,1.625,0.9,2.8,2,冀/冀粤
2026-04-18,红薯,1.625,0.9,2.8,2,冀/冀粤
2026-04-19,红薯,1.625,0.9,2.8,2,冀/冀粤
2026-04-20,红薯,1.625,0.9,2.8,2,冀/冀粤
2026-04-21,红薯,1.625,0.9,2.8,2,冀/冀粤
2026-04-22,红薯,1.625,0.9,2.8,2,冀/冀粤
2026-04-23,红薯,1.625,0.9,2.8,2,冀/冀粤
2026-04-24,红薯,1.625,0.9,2.8,2,冀/冀粤
2026-04-25,红薯,1.625,0.9,2.8,2,冀/冀粤
2026-04-26,红薯,1.625,0.9,2.8,2,冀/冀粤
2026-04-27,红薯,1.625,0.9,2.8,2,冀/冀粤
2026-04-28,红薯,1.7,1.0,2.8,2,冀/冀粤
2026-04-29,红薯,1.7,1.0,2.8,2,冀/冀粤
2026-04-30,红薯,1.7,1.0,2.8,2,冀/冀粤
2026-05-01,红薯,1.7,1.0,2.8,2,冀/冀粤
2026-05-02,红薯,1.7,1.0,2.8,2,冀/冀粤
2026-05-03,红薯,1.7,1.0,2.8,2,冀/冀粤
2026-05-04,红薯,1.7,1.0,2.8,2,冀/冀粤
2026-05-05,红薯,1.7,1.0,2.8,2,冀/冀粤
2026-05-06,红薯,1.7,1.0,2.8,2,冀/冀粤
2026-05-07,红薯,1.7,1.0,2.8,2,冀/冀粤
2026-05-08,红薯,1.7,1.0,2.8,2,冀/冀粤
2026-05-09,红薯,1.7,1.0,2.8,2,冀/冀粤
2026-05-10,红薯,1.7,1.0,2.8,2,冀/冀粤
2026-05-11,红薯,1.7,1.0,2.8,2,冀/冀粤
2026-05-12,红薯,1.7,1.2,2.6,2,冀/冀粤
2026-05-13,红薯,1.783,1.2,2.6,3,冀/冀粤
2026-05-14,红薯,1.783,1.2,2.6,3,冀/冀粤
2026-05-15,红薯,1.783,1.3,2.6,3,冀/冀粤
2026-05-16,红薯,1.783,1.3,2.6,3,冀/冀粤
2026-05-17,红薯,1.783,1.3,2.6,3,冀/冀粤
2026-05-18,红薯,1.783,1.3,2.6,3,冀/冀粤
2026-05-19,红薯,1.783,1.3,2.6,3,冀/冀粤
2026-05-20,红薯,1.783,1.3,2.6,3,冀/冀粤
2026-05-21,红薯,1.783,1.3,2.6,3,冀/冀粤
2026-05-22,红薯,1.783,1.3,2.6,3,冀/冀粤
2026-05-23,红薯,1.783,1.3,2.6,3,冀/冀粤
2026-05-24,红薯,1.783,1.3,2.6,3,冀/冀粤
2026-05-25,红薯,1.7,1.1,2.6,3,冀/冀粤
2026-05-26,红薯,1.7,1.1,2.6,3,冀/冀粤
2026-05-27,红薯,1.733,1.2,2.6,3,冀/冀粤
2026-05-28,红薯,1.733,1.2,2.6,3,冀/冀粤
2026-05-29,红薯,1.733,1.2,2.6,3,冀/冀粤
2026-05-30,红薯,1.733,1.2,2.6,3,冀/冀粤
2026-05-31,红薯,1.733,1.2,2.6,3,冀/冀粤
2026-06-01,红薯,1.733,1.2,2.6,3,冀/冀粤
2026-06-02,红薯,1.733,1.2,2.6,3,冀/冀粤
2026-06-03,红薯,1.733,1.2,2.6,3,冀/冀粤
2026-06-04,红薯,1.733,1.2,2.6,3,冀/冀粤
2026-06-05,红薯,1.733,1.2,2.6,3,冀/冀粤
2026-06-06,红薯,1.733,1.2,2.6,3,冀/冀粤
2026-06-07,红薯,1.733,1.2,2.6,3,冀/冀粤
2026-06-08,红薯,1.733,1.2,2.6,3,冀/冀粤
2026-06-09,红薯,1.733,1.2,2.6,3,冀/冀粤
2026-06-10,红薯,1.817,1.2,2.6,3,冀/冀粤
2026-06-11,红薯,1.733,1.2,2.6,3,冀/冀粤
2026-06-12,红薯,1.733,1.2,2.6,3,冀/冀粤
2026-06-13,红薯,1.733,1.2,2.6,3,冀/冀粤
2026-06-14,红薯,1.733,1.2,2.6,3,冀/冀粤
2026-06-15,红薯,1.733,1.2,2.6,3,冀/冀粤
2026-06-16,红薯,1.733,1.2,2.6,3,冀/冀粤
2026-06-17,红薯,1.733,1.2,2.6,3,冀/冀粤
2026-06-18,红薯,1.733,1.2,2.6,3,冀/冀粤
2026-06-19,红薯,1.733,1.2,2.6,3,冀/冀粤
2026-06-20,红薯,1.733,1.2,2.6,3,冀/冀粤
2026-06-21,红薯,1.733,1.2,2.6,3,冀/冀粤
2026-06-22,红薯,1.733,1.2,2.6,3,冀/冀粤
2026-06-23,红薯,1.75,1.1,2.8,3,冀/冀粤
2026-06-24,红薯,1.75,1.1,2.8,3,冀/冀粤
2026-06-25,红薯,1.75,1.1,2.8,3,冀/冀粤
2026-06-26,红薯,1.75,1.1,2.8,3,冀/冀粤
2026-06-27,红薯,1.75,1.1,2.8,3,冀/冀粤
2026-06-28,红薯,1.75,1.1,2.8,3,冀/冀粤
2026-06-29,红薯,1.75,1.1,2.8,3,冀/冀粤
2026-06-30,红薯,1.75,1.1,2.8,3,冀/冀粤
2026-07-01,红薯,1.4,1.1,2.0,2,冀/冀粤
2026-07-02,红薯,1.4,1.1,2.0,2,冀/冀粤
2026-07-03,红薯,1.4,1.1,2.0,2,冀/冀粤
2026-07-04,红薯,1.4,1.1,2.0,2,冀/冀粤
2026-07-05,红薯,1.4,1.1,2.0,2,冀/冀粤
2026-07-06,红薯,1.4,1.1,2.0,2,冀/冀粤
2026-07-07,红薯,1.4,1.1,2.0,2,冀/冀粤
2026-07-08,红薯,1.4,1.1,2.0,2,冀/冀粤
2026-07-09,红薯,1.4,1.1,2.0,2,冀/冀粤
2026-07-10,红薯,1.4,1.1,2.0,2,冀/冀粤
2026-07-11,红薯,1.4,1.1,2.0,2,冀/冀粤
2026-07-12,红薯,1.4,1.1,2.0,2,冀/冀粤
2026-07-13,红薯,1.475,1.2,2.0,2,冀/冀粤
2026-07-14,红薯,1.475,1.2,2.0,2,冀/冀粤
2026-07-15,红薯,1.475,1.2,2.0,2,冀/冀粤
2026-07-16,红薯,1.475,1.2,2.0,2,冀/冀粤
2026-07-17,红薯,1.475,1.2,2.0,2,冀/冀粤
2026-07-18,红薯,1.475,1.2,2.0,2,冀/冀粤
2026-07-19,红薯,1.475,1.2,2.0,2,冀/冀粤
2026-07-20,红薯,1.475,1.2,2.0,2,冀/冀粤
2026-07-21,红薯,1.475,1.2,2.0,2,冀/冀粤
2026-07-22,红薯,1.475,1.2,2.0,2,冀/冀粤
2026-07-23,红薯,1.35,0.9,2.0,2,冀/冀粤
2026-07-24,红薯,1.35,0.9,2.0,2,冀/冀粤
2026-07-25,红薯,1.35,0.9,2.0,2,冀/冀粤
2026-07-26,红薯,1.35,0.9,2.0,2,冀/冀粤
2026-07-27,红薯,1.35,0.9,2.0,2,冀/冀粤
2026-07-28,红薯,1.35,0.9,2.0,2,冀/冀粤
2026-07-29,红薯,1.35,0.9,2.0,2,冀/冀粤
2026-07-30,红薯,1.3,0.9,1.8,2,冀/冀粤
2026-07-31,红薯,1.3,0.9,1.8,2,冀/冀粤
2026-08-01,红薯,1.3,0.9,1.8,2,冀/冀粤
2026-08-02,红薯,1.3,0.9,1.8,2,冀/冀粤
2026-08-03,红薯,1.3,0.9,1.8,2,冀/冀粤
2026-08-04,红薯,1.3,0.9,1.8,2,冀/冀粤
2026-08-05,红薯,1.3,0.9,1.8,2,冀/冀粤
2026-08-06,红薯,1.3,0.9,1.8,2,冀/冀粤
2026-08-07,红薯,1.3,0.9,1.8,2,冀/冀粤
2026-08-08,红薯,1.3,0.9,1.8,2,冀/冀粤
2026-08-09,红薯,1.3,0.9,1.8,2,冀/冀粤
2026-08-10,红薯,1.3,0.9,1.8,2,冀/冀粤
2026-08-11,红薯,1.3,0.9,1.8,2,冀/冀粤
2026-01-01,线椒,8.0,7.5,8.5,1,鲁
2026-01-02,线椒,8.0,7.5,8.5,1,鲁
2026-01-03,线椒,8.0,7.5,8.5,1,鲁
2026-01-04,线椒,8.0,7.5,8.5,1,鲁闽
2026-01-05,线椒,8.0,7.5,8.5,1,鲁闽
2026-01-06,线椒,8.0,7.5,8.5,1,鲁闽
2026-01-07,线椒,8.0,7.5,8.5,1,鲁闽
2026-01-08,线椒,8.0,7.5,8.5,1,鲁闽
2026-01-09,线椒,8.0,7.5,8.5,1,鲁
2026-01-10,线椒,8.0,7.5,8.5,1,鲁
2026-01-11,线椒,8.0,7.5,8.5,1,鲁
2026-01-12,线椒,8.0,7.5,8.5,1,鲁
2026-01-13,线椒,8.0,7.5,8.5,1,鲁
2026-01-14,线椒,8.0,7.5,8.5,1,鲁
2026-01-15,线椒,7.5,7.0,8.0,1,鲁
2026-01-16,线椒,7.5,7.0,8.0,1,鲁
2026-01-17,线椒,7.5,7.0,8.0,1,鲁
2026-01-18,线椒,7.5,7.0,8.0,1,鲁
2026-01-19,线椒,7.5,7.0,8.0,1,鲁
2026-01-20,线椒,7.5,7.0,8.0,1,鲁
2026-01-21,线椒,7.5,7.0,8.0,1,鲁
2026-01-22,线椒,7.5,7.0,8.0,1,鲁
2026-01-23,线椒,6.5,6.0,7.0,1,鲁
2026-01-24,线椒,6.5,6.0,7.0,1,鲁
2026-01-25,线椒,6.5,6.0,7.0,1,鲁
2026-01-26,线椒,6.5,6.0,7.0,1,鲁
2026-01-27,线椒,6.5,6.0,7.0,1,鲁闽
2026-01-28,线椒,6.5,6.0,7.0,1,鲁闽
2026-01-29,线椒,6.5,6.0,7.0,1,鲁闽
2026-01-30,线椒,6.5,6.0,7.0,1,鲁闽
2026-01-31,线椒,6.0,5.0,7.0,1,鲁闽
2026-02-01,线椒,6.0,5.0,7.0,1,鲁闽
2026-02-02,线椒,6.0,5.0,7.0,1,鲁闽
2026-02-03,线椒,6.0,5.0,7.0,1,鲁闽
2026-02-04,线椒,6.0,5.0,7.0,1,鲁闽
2026-02-05,线椒,6.0,5.0,7.0,1,鲁闽
2026-02-06,线椒,6.0,5.0,7.0,1,鲁闽
2026-02-07,线椒,6.0,5.0,7.0,1,鲁闽
2026-02-08,线椒,6.0,5.0,7.0,1,鲁闽
2026-02-09,线椒,6.0,5.0,7.0,1,鲁闽
2026-02-10,线椒,6.0,5.0,7.0,1,鲁闽
2026-02-11,线椒,6.0,5.0,7.0,1,鲁闽
2026-02-12,线椒,6.0,5.0,7.0,1,鲁闽
2026-02-13,线椒,6.0,5.0,7.0,1,鲁闽
2026-02-14,线椒,6.0,5.0,7.0,1,鲁闽
2026-02-15,线椒,6.0,5.0,7.0,1,鲁闽
2026-02-16,线椒,6.0,5.0,7.0,1,鲁闽
2026-02-24,线椒,5.5,4.0,7.0,1,鲁闽
2026-02-25,线椒,5.5,4.0,7.0,1,鲁闽
2026-02-26,线椒,5.5,4.0,7.0,1,鲁闽
2026-02-27,线椒,5.5,4.0,7.0,1,鲁闽
2026-02-28,线椒,5.5,4.0,7.0,1,鲁闽
2026-03-01,线椒,5.5,4.0,7.0,1,鲁闽
2026-03-02,线椒,5.5,4.0,7.0,1,鲁闽
2026-03-03,线椒,4.75,2.5,7.0,1,鲁闽
2026-03-04,线椒,4.75,2.5,7.0,1,鲁闽
2026-03-05,线椒,4.25,2.5,6.0,1,鲁闽
2026-03-06,线椒,4.25,2.5,6.0,1,鲁闽
2026-03-07,线椒,4.25,2.5,6.0,1,鲁闽
2026-03-08,线椒,4.25,2.5,6.0,1,鲁闽
2026-03-09,线椒,4.25,2.5,6.0,1,鲁闽
2026-03-10,线椒,4.25,2.5,6.0,1,鲁闽
2026-03-11,线椒,4.25,2.5,6.0,1,鲁闽
2026-03-12,线椒,4.25,2.5,6.0,1,鲁闽
2026-03-13,线椒,4.25,2.5,6.0,1,鲁闽
2026-03-14,线椒,4.25,2.5,6.0,1,鲁闽
2026-03-15,线椒,4.25,2.5,6.0,1,鲁闽
2026-03-16,线椒,4.25,2.5,6.0,1,鲁闽
2026-03-17,线椒,4.25,2.5,6.0,1,鲁闽
2026-03-18,线椒,4.25,2.5,6.0,1,鲁闽
2026-03-19,线椒,4.25,2.5,6.0,1,鲁闽
2026-03-20,线椒,4.25,2.5,6.0,1,鲁闽
2026-03-21,线椒,4.25,2.5,6.0,1,鲁闽
2026-03-22,线椒,4.25,2.5,6.0,1,鲁闽
2026-03-23,线椒,4.25,2.5,6.0,1,鲁闽
2026-03-24,线椒,4.25,2.5,6.0,1,鲁闽
2026-03-25,线椒,4.25,2.5,6.0,1,鲁闽
2026-03-26,线椒,4.25,2.5,6.0,1,鲁闽
2026-03-27,线椒,4.25,2.5,6.0,1,鲁闽
2026-03-28,线椒,4.0,2.5,5.5,1,鲁闽
2026-03-29,线椒,4.0,2.5,5.5,1,鲁闽
2026-03-30,线椒,4.0,2.5,5.5,1,鲁闽
2026-03-31,线椒,4.0,2.5,5.5,1,鲁闽
2026-04-01,线椒,4.25,3.0,5.5,1,鲁闽
2026-04-02,线椒,4.25,3.0,5.5,1,鲁闽
2026-04-03,线椒,4.25,3.0,5.5,1,鲁闽
2026-04-04,线椒,4.25,3.0,5.5,1,鲁闽
2026-04-05,线椒,4.25,3.0,5.5,1,鲁闽
2026-04-06,线椒,4.25,3.0,5.5,1,鲁闽
2026-04-07,线椒,4.25,3.0,5.5,1,鲁闽
2026-04-08,线椒,4.25,3.0,5.5,1,鲁闽
2026-04-09,线椒,4.25,3.0,5.5,1,鲁闽
2026-04-10,线椒,4.25,3.0,5.5,1,鲁闽
2026-04-11,线椒,4.75,4.0,5.5,1,鲁闽
2026-04-12,线椒,4.75,4.0,5.5,1,鲁闽
2026-04-13,线椒,4.75,4.0,5.5,1,鲁闽
2026-04-14,线椒,4.75,4.0,5.5,1,鲁闽
2026-04-15,线椒,4.75,4.0,5.5,1,鲁闽
2026-04-16,线椒,4.75,4.0,5.5,1,鲁闽
2026-04-17,线椒,4.75,4.0,5.5,1,鲁闽
2026-04-18,线椒,4.25,3.5,5.0,1,鲁闽
2026-04-19,线椒,4.25,3.5,5.0,1,鲁闽
2026-04-20,线椒,4.25,3.5,5.0,1,鲁闽
2026-04-21,线椒,4.25,3.5,5.0,1,鲁闽
2026-04-22,线椒,4.25,3.5,5.0,1,鲁闽
2026-04-23,线椒,4.25,3.5,5.0,1,鲁闽
2026-04-24,线椒,4.25,3.5,5.0,1,鲁闽
2026-04-25,线椒,4.75,4.5,5.0,1,鲁闽
2026-04-26,线椒,4.75,4.5,5.0,1,鲁闽
2026-04-27,线椒,4.75,4.5,5.0,1,鲁闽
2026-04-28,线椒,5.25,5.0,5.5,1,鲁闽
2026-04-29,线椒,5.25,5.0,5.5,1,鲁闽
2026-04-30,线椒,5.25,5.0,5.5,1,鲁闽
2026-05-01,线椒,5.25,5.0,5.5,1,鲁闽
2026-05-02,线椒,5.25,5.0,5.5,1,鲁闽
2026-05-03,线椒,5.75,5.5,6.0,1,鲁闽
2026-05-04,线椒,5.75,5.5,6.0,1,鲁闽
2026-05-05,线椒,5.75,5.5,6.0,1,鲁闽
2026-05-06,线椒,5.75,5.5,6.0,1,鲁闽
2026-05-07,线椒,5.75,5.5,6.0,1,鲁闽
2026-05-08,线椒,5.5,5.0,6.0,1,鲁闽
2026-05-09,线椒,5.5,5.0,6.0,1,鲁闽
2026-05-10,线椒,4.75,4.0,5.5,1,鲁闽
2026-05-11,线椒,4.75,4.0,5.5,1,鲁闽
2026-05-12,线椒,4.75,4.0,5.5,1,鲁闽
2026-05-13,线椒,4.75,4.0,5.5,1,鲁闽
2026-05-14,线椒,4.75,4.0,5.5,1,鲁闽
2026-05-15,线椒,4.5,3.5,5.5,1,鲁闽
2026-05-16,线椒,4.5,3.5,5.5,1,鲁闽
2026-05-17,线椒,4.5,3.5,5.5,1,鲁冀
2026-05-18,线椒,4.5,3.5,5.5,1,鲁冀
2026-05-19,线椒,4.5,3.5,5.5,1,鲁冀
2026-05-20,线椒,4.25,3.5,5.0,1,鲁冀
2026-05-21,线椒,4.25,3.5,5.0,1,鲁冀
2026-05-22,线椒,3.5,2.5,4.5,1,鲁冀
2026-05-23,线椒,3.25,2.5,4.0,1,鲁冀
2026-05-24,线椒,3.0,2.0,4.0,1,鲁冀
2026-05-25,线椒,3.0,2.0,4.0,1,鲁冀
2026-05-26,线椒,3.0,2.0,4.0,1,鲁冀
2026-05-27,线椒,3.0,2.0,4.0,1,鲁冀
2026-05-28,线椒,3.0,2.0,4.0,1,鲁冀
2026-05-29,线椒,3.0,2.0,4.0,1,鲁冀
2026-05-30,线椒,3.0,2.0,4.0,1,鲁冀
2026-05-31,线椒,3.0,2.0,4.0,1,鲁冀
2026-06-01,线椒,3.0,2.0,4.0,1,鲁冀
2026-06-02,线椒,3.0,2.0,4.0,1,鲁冀
2026-06-03,线椒,3.0,2.0,4.0,1,鲁冀
2026-06-04,线椒,3.0,2.0,4.0,1,鲁冀
2026-06-05,线椒,3.0,2.0,4.0,1,鲁冀
2026-06-06,线椒,3.0,2.0,4.0,1,鲁冀
2026-06-07,线椒,3.0,2.0,4.0,1,鲁冀
2026-06-08,线椒,3.0,2.0,4.0,1,鲁冀
2026-06-09,线椒,3.0,2.0,4.0,1,鲁冀
2026-06-10,线椒,3.0,2.0,4.0,1,鲁冀
2026-06-11,线椒,3.0,2.0,4.0,1,鲁冀
2026-06-12,线椒,3.0,2.0,4.0,1,鲁冀
2026-06-13,线椒,3.0,2.0,4.0,1,鲁冀
2026-06-14,线椒,3.0,2.0,4.0,1,鲁冀
2026-06-15,线椒,3.0,2.0,4.0,1,鲁冀
2026-06-16,线椒,3.0,2.0,4.0,1,鲁冀
2026-06-17,线椒,3.0,2.0,4.0,1,鲁冀
2026-06-18,线椒,3.0,2.0,4.0,1,鲁冀
2026-06-19,线椒,3.0,2.0,4.0,1,鲁冀
2026-06-20,线椒,3.0,2.0,4.0,1,鲁冀
2026-06-21,线椒,3.0,2.0,4.0,1,鲁冀
2026-06-22,线椒,3.0,2.0,4.0,1,鲁冀
2026-06-23,线椒,3.0,2.0,4.0,1,鲁冀
2026-06-24,线椒,3.0,2.0,4.0,1,鲁冀
2026-06-25,线椒,3.0,2.0,4.0,1,鲁冀
2026-06-26,线椒,3.0,2.0,4.0,1,鲁冀
2026-06-27,线椒,3.0,2.0,4.0,1,鲁冀
2026-06-28,线椒,3.0,2.0,4.0,1,鲁冀
2026-06-29,线椒,3.0,2.0,4.0,1,鲁冀
2026-06-30,线椒,3.0,2.0,4.0,1,鲁冀
2026-07-01,线椒,3.0,2.0,4.0,1,鲁冀
2026-07-02,线椒,3.0,2.0,4.0,1,鲁冀
2026-07-03,线椒,2.5,1.5,3.5,1,鲁冀
2026-07-04,线椒,2.5,1.5,3.5,1,鲁冀
2026-07-05,线椒,2.5,1.5,3.5,1,鲁冀
2026-07-06,线椒,2.5,1.5,3.5,1,鲁冀
2026-07-07,线椒,2.5,1.5,3.5,1,鲁冀
2026-07-08,线椒,2.5,1.5,3.5,1,鲁冀
2026-07-09,线椒,2.5,1.5,3.5,1,鲁冀
2026-07-10,线椒,2.5,1.5,3.5,1,鲁冀
2026-07-11,线椒,2.5,1.5,3.5,1,鲁冀
2026-07-12,线椒,2.5,1.5,3.5,1,鲁冀
2026-07-13,线椒,2.5,1.5,3.5,1,鲁冀
2026-07-14,线椒,2.75,2.0,3.5,1,鲁冀
2026-07-15,线椒,2.75,2.0,3.5,1,鲁冀
2026-07-16,线椒,2.75,2.0,3.5,1,鲁冀
2026-07-17,线椒,2.75,2.0,3.5,1,鲁冀
2026-07-18,线椒,2.75,2.0,3.5,1,鲁冀
2026-07-19,线椒,2.75,2.0,3.5,1,鲁冀
2026-07-20,线椒,2.75,2.0,3.5,1,鲁冀
2026-07-21,线椒,2.75,2.0,3.5,1,鲁冀
2026-07-22,线椒,2.75,2.0,3.5,1,鲁冀
2026-07-23,线椒,2.75,2.0,3.5,1,鲁冀
2026-07-24,线椒,3.25,2.5,4.0,1,鲁冀
2026-07-25,线椒,3.25,2.5,4.0,1,鲁冀
2026-07-26,线椒,3.25,2.5,4.0,1,鲁冀
2026-07-27,线椒,3.25,2.5,4.0,1,鲁冀
2026-07-28,线椒,3.0,2.0,4.0,1,鲁冀
2026-07-29,线椒,3.0,2.0,4.0,1,鲁冀
2026-07-30,线椒,3.0,2.0,4.0,1,鲁冀
2026-07-31,线椒,3.0,2.0,4.0,1,鲁冀
2026-08-01,线椒,3.0,2.0,4.0,1,鲁冀
2026-08-02,线椒,3.25,2.5,4.0,1,鲁冀
2026-08-03,线椒,3.25,2.5,4.0,1,鲁冀
2026-08-04,线椒,3.25,2.5,4.0,1,鲁冀
2026-08-05,线椒,3.25,2.5,4.0,1,鲁冀
2026-08-06,线椒,3.25,2.5,4.0,1,鲁冀
2026-08-07,线椒,3.25,2.5,4.0,1,鲁冀
2026-08-08,线椒,3.25,2.5,4.0,1,鲁冀
2026-08-09,线椒,3.25,2.5,4.0,1,鲁冀
2026-08-10,线椒,3.25,2.5,4.0,1,鲁冀
2026-08-11,线椒,3.25,2.5,4.0,1,鲁冀
2026-01-01,线茄,3.3,2.5,4.1,1,闽
2026-01-02,线茄,3.3,2.5,4.1,1,闽
2026-01-03,线茄,3.3,2.5,4.1,1,闽
2026-01-04,线茄,3.3,2.5,4.1,1,闽
2026-01-05,线茄,4.25,3.3,5.2,1,闽
2026-01-06,线茄,4.25,3.3,5.2,1,闽
2026-01-07,线茄,4.25,3.3,5.2,1,闽
2026-01-08,线茄,4.25,3.3,5.2,1,闽
2026-01-09,线茄,4.3,3.3,5.3,1,闽
2026-01-10,线茄,4.3,3.3,5.3,1,闽
2026-01-11,线茄,4.45,3.3,5.6,1,闽
2026-01-12,线茄,5.0,4.0,6.0,1,闽
2026-01-13,线茄,5.0,4.0,6.0,1,闽
2026-01-14,线茄,5.75,5.0,6.5,1,闽
2026-01-15,线茄,5.75,5.0,6.5,1,闽
2026-01-16,线茄,5.75,5.0,6.5,1,闽
2026-01-17,线茄,5.9,5.0,6.8,1,闽
2026-01-18,线茄,5.9,5.0,6.8,1,闽
2026-01-19,线茄,5.9,5.0,6.8,1,闽
2026-01-20,线茄,5.9,5.0,6.8,1,闽
2026-01-21,线茄,5.9,5.0,6.8,1,闽
2026-01-22,线茄,5.9,5.0,6.8,1,闽
2026-01-23,线茄,5.9,5.0,6.8,1,闽
2026-01-24,线茄,5.9,5.0,6.8,1,闽
2026-01-25,线茄,5.9,5.0,6.8,1,闽
2026-01-26,线茄,4.5,4.0,5.0,1,闽
2026-01-27,线茄,4.25,3.5,5.0,1,闽
2026-01-28,线茄,4.25,3.5,5.0,1,闽
2026-01-29,线茄,4.25,3.5,5.0,1,闽
2026-01-30,线茄,3.95,3.5,4.4,1,闽
2026-01-31,线茄,3.95,3.5,4.4,1,闽
2026-02-01,线茄,3.95,3.5,4.4,1,闽
2026-02-02,线茄,3.95,3.5,4.4,1,闽
2026-02-03,线茄,3.95,3.5,4.4,1,闽
2026-02-04,线茄,3.95,3.5,4.4,1,闽
2026-02-05,线茄,3.95,3.5,4.4,1,闽
2026-02-06,线茄,3.95,3.5,4.4,1,闽
2026-02-07,线茄,3.95,3.5,4.4,1,闽
2026-02-08,线茄,3.95,3.5,4.4,1,闽
2026-02-09,线茄,3.95,3.5,4.4,1,闽
2026-02-10,线茄,3.65,3.5,3.8,1,闽
2026-02-11,线茄,3.35,3.2,3.5,1,闽
2026-02-12,线茄,3.35,3.2,3.5,1,闽
2026-02-13,线茄,3.35,3.2,3.5,1,闽
2026-02-14,线茄,3.35,3.2,3.5,1,闽
2026-02-15,线茄,3.35,3.2,3.5,1,闽
2026-02-16,线茄,3.35,3.2,3.5,1,闽
2026-02-24,线茄,3.35,3.2,3.5,1,闽
2026-02-25,线茄,2.9,2.8,3.0,1,闽
2026-02-26,线茄,3.25,3.0,3.5,1,闽
2026-02-27,线茄,3.25,3.0,3.5,1,闽
2026-02-28,线茄,2.9,2.8,3.0,1,闽
2026-03-01,线茄,2.9,2.8,3.0,1,闽
2026-03-02,线茄,2.9,2.8,3.0,1,闽
2026-03-03,线茄,2.9,2.8,3.0,1,闽
2026-03-04,线茄,2.9,2.8,3.0,1,闽
2026-03-05,线茄,2.9,2.8,3.0,1,闽
2026-03-06,线茄,2.9,2.8,3.0,1,闽
2026-03-07,线茄,2.9,2.8,3.0,1,闽
2026-03-08,线茄,2.9,2.8,3.0,1,闽
2026-03-09,线茄,2.9,2.8,3.0,1,闽
2026-03-10,线茄,2.9,2.8,3.0,1,闽
2026-03-11,线茄,2.9,2.8,3.0,1,闽
2026-03-12,线茄,3.05,2.8,3.3,1,闽
2026-03-13,线茄,3.05,2.8,3.3,1,闽
2026-03-14,线茄,3.05,2.8,3.3,1,闽
2026-03-15,线茄,3.05,2.8,3.3,1,闽
2026-03-16,线茄,2.75,2.0,3.5,1,闽
2026-03-17,线茄,2.75,2.0,3.5,1,闽
2026-03-18,线茄,3.15,2.5,3.8,1,闽
2026-03-19,线茄,3.15,2.5,3.8,1,闽
2026-03-20,线茄,3.15,2.5,3.8,1,闽
2026-03-21,线茄,3.15,2.5,3.8,1,闽
2026-03-22,线茄,3.0,2.5,3.5,1,闽
2026-03-23,线茄,3.0,2.5,3.5,1,闽
2026-03-24,线茄,3.0,2.5,3.5,1,闽
2026-03-25,线茄,3.0,2.5,3.5,1,闽
2026-03-26,线茄,3.0,2.5,3.5,1,闽
2026-03-27,线茄,2.75,2.0,3.5,1,闽
2026-03-28,线茄,2.9,2.0,3.8,1,闽
2026-03-29,线茄,2.9,2.0,3.8,1,闽
2026-03-30,线茄,2.75,2.0,3.5,1,闽
2026-03-31,线茄,2.75,2.0,3.5,1,闽
2026-04-01,线茄,2.6,2.0,3.2,1,闽
2026-04-02,线茄,2.85,2.0,3.7,1,闽
2026-04-03,线茄,2.85,2.0,3.7,1,闽
2026-04-04,线茄,2.85,2.0,3.7,1,闽
2026-04-05,线茄,2.85,2.0,3.7,1,闽
2026-04-06,线茄,2.85,2.0,3.7,1,闽
2026-04-07,线茄,2.85,2.0,3.7,1,闽
2026-04-08,线茄,2.85,2.0,3.7,1,闽
2026-04-09,线茄,2.75,2.0,3.5,1,闽冀
2026-04-10,线茄,2.75,2.0,3.5,1,闽冀
2026-04-11,线茄,2.75,2.0,3.5,1,闽冀
2026-04-12,线茄,2.75,2.0,3.5,1,闽冀
2026-04-13,线茄,2.75,2.0,3.5,1,闽冀
2026-04-14,线茄,2.9,2.3,3.5,1,闽冀
2026-04-15,线茄,2.9,2.3,3.5,1,闽冀
2026-04-16,线茄,2.9,2.3,3.5,1,闽冀
2026-04-17,线茄,2.9,2.3,3.5,1,闽冀
2026-04-18,线茄,2.9,2.3,3.5,1,闽冀
2026-04-19,线茄,2.9,2.3,3.5,1,闽冀
2026-04-20,线茄,2.9,2.3,3.5,1,闽冀
2026-04-21,线茄,2.9,2.3,3.5,1,闽冀
2026-04-22,线茄,2.9,2.3,3.5,1,闽冀
2026-04-23,线茄,3.15,2.5,3.8,1,闽冀
2026-04-24,线茄,3.15,2.5,3.8,1,闽冀
2026-04-25,线茄,3.15,2.5,3.8,1,闽冀
2026-04-26,线茄,3.15,2.5,3.8,1,闽冀
2026-04-27,线茄,3.0,2.5,3.5,1,闽冀
2026-04-28,线茄,3.0,2.5,3.5,1,闽冀
2026-04-29,线茄,2.5,2.0,3.0,1,冀
2026-04-30,线茄,2.5,2.0,3.0,1,冀
2026-05-01,线茄,2.5,2.0,3.0,1,冀
2026-05-02,线茄,2.5,2.0,3.0,1,冀
2026-05-03,线茄,2.5,2.0,3.0,1,冀
2026-05-04,线茄,2.5,2.0,3.0,1,冀
2026-05-05,线茄,2.5,2.0,3.0,1,冀
2026-05-06,线茄,2.5,2.0,3.0,1,冀
2026-05-07,线茄,2.5,2.0,3.0,1,冀
2026-05-08,线茄,2.5,2.0,3.0,1,冀
2026-05-09,线茄,2.5,2.0,3.0,1,冀
2026-05-10,线茄,2.25,2.0,2.5,1,冀
2026-05-11,线茄,1.75,1.5,2.0,1,冀
2026-05-12,线茄,1.75,1.5,2.0,1,冀
2026-05-13,线茄,1.75,1.5,2.0,1,冀
2026-05-14,线茄,1.75,1.5,2.0,1,冀
2026-05-15,线茄,1.65,1.5,1.8,1,冀
2026-05-16,线茄,1.65,1.5,1.8,1,冀
2026-05-17,线茄,1.5,1.2,1.8,1,冀
2026-05-18,线茄,1.5,1.2,1.8,1,冀
2026-05-19,线茄,1.5,1.2,1.8,1,冀
2026-05-20,线茄,1.5,1.2,1.8,1,冀
2026-05-21,线茄,1.5,1.2,1.8,1,冀
2026-05-22,线茄,1.5,1.2,1.8,1,冀
2026-05-23,线茄,1.5,1.2,1.8,1,冀
2026-05-24,线茄,1.5,1.2,1.8,1,冀
2026-05-25,线茄,2.0,1.5,2.5,1,冀
2026-05-26,线茄,2.0,1.5,2.5,1,冀
2026-05-27,线茄,2.0,1.5,2.5,1,冀
2026-05-28,线茄,2.0,1.5,2.5,1,冀
2026-05-29,线茄,2.15,1.5,2.8,1,冀
2026-05-30,线茄,2.15,1.5,2.8,1,冀
2026-05-31,线茄,2.15,1.5,2.8,1,冀
2026-06-01,线茄,2.15,1.5,2.8,1,冀
2026-06-02,线茄,2.15,1.5,2.8,1,冀
2026-06-03,线茄,2.0,1.5,2.5,1,冀
2026-06-04,线茄,2.0,1.5,2.5,1,冀
2026-06-05,线茄,1.9,1.5,2.3,1,冀
2026-06-06,线茄,1.9,1.5,2.3,1,冀
2026-06-07,线茄,2.0,1.5,2.5,1,冀
2026-06-08,线茄,2.0,1.5,2.5,1,冀
2026-06-09,线茄,1.8,1.3,2.3,1,冀
2026-06-10,线茄,1.9,1.3,2.5,1,冀
2026-06-11,线茄,1.9,1.3,2.5,1,冀
2026-06-12,线茄,1.9,1.3,2.5,1,冀
2026-06-13,线茄,1.9,1.3,2.5,1,冀
2026-06-14,线茄,1.9,1.3,2.5,1,冀
2026-06-15,线茄,1.9,1.3,2.5,1,冀
2026-06-16,线茄,1.55,1.3,1.8,1,冀
2026-06-17,线茄,1.55,1.3,1.8,1,冀
2026-06-18,线茄,1.55,1.3,1.8,1,冀
2026-06-19,线茄,1.25,1.0,1.5,1,冀
2026-06-20,线茄,1.25,1.0,1.5,1,冀
2026-06-21,线茄,1.25,1.0,1.5,1,冀
2026-06-22,线茄,1.15,1.0,1.3,1,冀
2026-06-23,线茄,1.15,1.0,1.3,1,冀
2026-06-24,线茄,1.15,1.0,1.3,1,冀
2026-06-25,线茄,1.15,1.0,1.3,1,冀
2026-06-26,线茄,1.15,1.0,1.3,1,冀
2026-06-27,线茄,1.15,1.0,1.3,1,冀
2026-06-28,线茄,1.15,1.0,1.3,1,冀
2026-06-29,线茄,1.15,1.0,1.3,1,冀
2026-06-30,线茄,1.15,1.0,1.3,1,冀
2026-07-01,线茄,1.15,1.0,1.3,1,冀
2026-07-02,线茄,0.95,0.9,1.0,1,冀
2026-07-03,线茄,0.95,0.9,1.0,1,冀
2026-07-04,线茄,0.95,0.9,1.0,1,冀
2026-07-05,线茄,0.75,0.5,1.0,1,冀
2026-07-06,线茄,0.75,0.5,1.0,1,冀
2026-07-07,线茄,0.75,0.5,1.0,1,冀
2026-07-08,线茄,0.75,0.5,1.0,1,冀
2026-07-09,线茄,0.75,0.5,1.0,1,冀
2026-07-10,线茄,0.75,0.5,1.0,1,冀
2026-07-11,线茄,0.75,0.5,1.0,1,冀
2026-07-12,线茄,0.75,0.5,1.0,1,冀
2026-07-13,线茄,1.0,0.7,1.3,1,冀
2026-07-14,线茄,1.0,0.7,1.3,1,冀
2026-07-15,线茄,1.0,0.7,1.3,1,冀
2026-07-16,线茄,1.0,0.7,1.3,1,冀
2026-07-17,线茄,1.0,0.7,1.3,1,冀
2026-07-18,线茄,1.0,0.7,1.3,1,冀
2026-07-19,线茄,1.0,0.7,1.3,1,冀
2026-07-20,线茄,1.0,0.7,1.3,1,冀
2026-07-21,线茄,1.0,0.7,1.3,1,冀
2026-07-22,线茄,1.0,0.7,1.3,1,冀
2026-07-23,线茄,1.0,0.7,1.3,1,冀
2026-07-24,线茄,1.1,0.7,1.5,1,冀
2026-07-25,线茄,1.1,0.7,1.5,1,冀
2026-07-26,线茄,1.1,0.7,1.5,1,冀
2026-07-27,线茄,1.1,0.7,1.5,1,冀
2026-07-28,线茄,1.1,0.7,1.5,1,冀
2026-07-29,线茄,1.1,0.7,1.5,1,冀
2026-07-30,线茄,1.0,0.7,1.3,1,冀
2026-07-31,线茄,1.0,0.7,1.3,1,冀
2026-08-01,线茄,1.0,0.7,1.3,1,冀
2026-08-02,线茄,1.0,0.7,1.3,1,冀
2026-08-03,线茄,1.0,0.7,1.3,1,冀
2026-08-04,线茄,1.25,1.0,1.5,1,冀
2026-08-05,线茄,1.25,1.0,1.5,1,冀
2026-08-06,线茄,1.25,1.0,1.5,1,冀
2026-08-07,线茄,1.25,1.0,1.5,1,冀
2026-08-08,线茄,1.25,1.0,1.5,1,冀
2026-08-09,线茄,1.25,1.0,1.5,1,冀
2026-08-10,线茄,1.25,1.0,1.5,1,冀
2026-08-11,线茄,1.4,1.0,1.8,1,冀
2026-01-01,绿菜花,2.05,1.8,2.3,1,鄂苏浙
2026-01-02,绿菜花,2.05,1.8,2.3,1,鄂苏浙
2026-01-03,绿菜花,2.05,1.8,2.3,1,鄂苏浙
2026-01-04,绿菜花,2.05,1.8,2.3,1,鄂苏浙
2026-01-05,绿菜花,2.05,1.8,2.3,1,鄂苏浙
2026-01-06,绿菜花,2.0,1.8,2.2,1,鄂苏浙
2026-01-07,绿菜花,2.0,1.8,2.2,1,鄂苏浙
2026-01-08,绿菜花,2.0,1.8,2.2,1,鄂苏浙
2026-01-09,绿菜花,2.0,1.8,2.2,1,鄂苏浙
2026-01-10,绿菜花,2.0,1.8,2.2,1,鄂苏浙
2026-01-11,绿菜花,1.9,1.7,2.1,1,鄂苏浙
2026-01-12,绿菜花,1.9,1.7,2.1,1,鄂苏浙
2026-01-13,绿菜花,1.9,1.7,2.1,1,鄂苏浙
2026-01-14,绿菜花,1.9,1.7,2.1,1,鄂苏浙
2026-01-15,绿菜花,1.9,1.7,2.1,1,鄂苏浙
2026-01-16,绿菜花,1.9,1.7,2.1,1,鄂苏浙
2026-01-17,绿菜花,1.9,1.7,2.1,1,鄂苏浙
2026-01-18,绿菜花,2.05,1.9,2.2,1,鄂苏浙
2026-01-19,绿菜花,2.05,1.9,2.2,1,鄂苏浙
2026-01-20,绿菜花,2.05,1.9,2.2,1,鄂苏浙
2026-01-21,绿菜花,2.05,1.9,2.2,1,鄂苏浙
2026-01-22,绿菜花,2.05,1.9,2.2,1,鄂苏浙
2026-01-23,绿菜花,2.05,1.9,2.2,1,鄂苏浙
2026-01-24,绿菜花,2.0,1.8,2.2,1,鄂苏浙
2026-01-25,绿菜花,2.0,1.8,2.2,1,鄂浙
2026-01-26,绿菜花,1.95,1.7,2.2,1,鄂浙
2026-01-27,绿菜花,1.95,1.7,2.2,1,鄂浙
2026-01-28,绿菜花,1.95,1.7,2.2,1,鄂浙
2026-01-29,绿菜花,1.95,1.7,2.2,1,鄂浙
2026-01-30,绿菜花,1.95,1.7,2.2,1,鄂浙
2026-01-31,绿菜花,1.95,1.7,2.2,1,鄂浙
2026-02-01,绿菜花,1.75,1.5,2.0,1,鄂浙
2026-02-02,绿菜花,1.75,1.5,2.0,1,鄂浙
2026-02-03,绿菜花,1.75,1.5,2.0,1,鄂浙
2026-02-04,绿菜花,1.75,1.5,2.0,1,鄂浙
2026-02-05,绿菜花,1.6,1.4,1.8,1,鄂浙
2026-02-06,绿菜花,1.6,1.4,1.8,1,鄂浙
2026-02-07,绿菜花,1.6,1.4,1.8,1,鄂浙
2026-02-08,绿菜花,1.6,1.4,1.8,1,鄂浙
2026-02-09,绿菜花,1.6,1.4,1.8,1,鄂浙
2026-02-10,绿菜花,1.6,1.4,1.8,1,鄂浙
2026-02-11,绿菜花,1.6,1.4,1.8,1,鄂浙
2026-02-12,绿菜花,1.6,1.4,1.8,1,鄂浙
2026-02-13,绿菜花,1.6,1.4,1.8,1,鄂浙
2026-02-14,绿菜花,1.6,1.4,1.8,1,鄂浙
2026-02-15,绿菜花,1.6,1.4,1.8,1,鄂浙
2026-02-16,绿菜花,1.6,1.4,1.8,1,鄂浙
2026-02-24,绿菜花,1.6,1.4,1.8,1,鄂浙
2026-02-25,绿菜花,1.6,1.4,1.8,1,鄂浙
2026-02-26,绿菜花,1.75,1.5,2.0,1,鄂浙
2026-02-27,绿菜花,1.75,1.5,2.0,1,鄂浙
2026-02-28,绿菜花,2.0,1.5,2.5,1,鄂浙
2026-03-01,绿菜花,1.75,1.5,2.0,1,鄂浙
2026-03-02,绿菜花,1.75,1.5,2.0,1,鄂浙
2026-03-03,绿菜花,1.75,1.5,2.0,1,鄂浙
2026-03-04,绿菜花,1.75,1.5,2.0,1,鄂浙
2026-03-05,绿菜花,1.75,1.5,2.0,1,鄂浙
2026-03-06,绿菜花,1.75,1.5,2.0,1,鄂浙
2026-03-07,绿菜花,1.75,1.5,2.0,1,鄂浙
2026-03-08,绿菜花,1.9,1.6,2.2,1,鄂浙
2026-03-09,绿菜花,1.9,1.6,2.2,1,鄂浙
2026-03-10,绿菜花,1.9,1.6,2.2,1,鄂浙
2026-03-11,绿菜花,2.0,1.8,2.2,1,鄂浙
2026-03-12,绿菜花,2.0,1.8,2.2,1,鄂浙
2026-03-13,绿菜花,2.0,1.8,2.2,1,鄂浙
2026-03-14,绿菜花,2.0,1.8,2.2,1,鄂浙
2026-03-15,绿菜花,2.0,1.8,2.2,1,鄂浙
2026-03-16,绿菜花,2.0,1.8,2.2,1,鄂浙
2026-03-17,绿菜花,2.0,1.8,2.2,1,鄂浙
2026-03-18,绿菜花,2.0,1.8,2.2,1,鄂浙
2026-03-19,绿菜花,2.0,1.8,2.2,1,鄂浙
2026-03-20,绿菜花,2.0,1.8,2.2,1,鄂浙
2026-03-21,绿菜花,2.0,1.8,2.2,1,鄂浙
2026-03-22,绿菜花,2.0,1.8,2.2,1,鄂浙
2026-03-23,绿菜花,2.15,2.0,2.3,1,浙
2026-03-24,绿菜花,2.4,2.3,2.5,1,浙
2026-03-25,绿菜花,2.5,2.4,2.6,1,浙
2026-03-26,绿菜花,2.5,2.4,2.6,1,浙
2026-03-27,绿菜花,2.5,2.4,2.6,1,浙
2026-03-28,绿菜花,2.5,2.4,2.6,1,浙
2026-03-29,绿菜花,2.5,2.4,2.6,1,浙
2026-03-30,绿菜花,2.5,2.4,2.6,1,浙
2026-03-31,绿菜花,2.6,2.4,2.8,1,浙
2026-04-01,绿菜花,2.8,2.6,3.0,1,浙
2026-04-02,绿菜花,2.8,2.6,3.0,1,浙
2026-04-03,绿菜花,2.8,2.6,3.0,1,浙
2026-04-04,绿菜花,2.8,2.6,3.0,1,浙
2026-04-05,绿菜花,2.8,2.6,3.0,1,浙
2026-04-06,绿菜花,2.8,2.6,3.0,1,浙
2026-04-07,绿菜花,2.6,2.4,2.8,1,浙
2026-04-08,绿菜花,2.6,2.4,2.8,1,浙
2026-04-09,绿菜花,2.6,2.4,2.8,1,浙
2026-04-10,绿菜花,2.5,2.3,2.7,1,浙
2026-04-11,绿菜花,2.5,2.3,2.7,1,浙
2026-04-12,绿菜花,2.5,2.3,2.7,1,浙
2026-04-13,绿菜花,2.5,2.3,2.7,1,云浙
2026-04-14,绿菜花,2.5,2.3,2.7,1,云浙
2026-04-15,绿菜花,2.5,2.3,2.7,1,云浙
2026-04-16,绿菜花,2.5,2.3,2.7,1,云浙
2026-04-17,绿菜花,2.4,2.2,2.6,1,云浙
2026-04-18,绿菜花,2.25,2.0,2.5,1,云浙
2026-04-19,绿菜花,2.25,2.0,2.5,1,云浙
2026-04-20,绿菜花,2.25,2.0,2.5,1,云浙
2026-04-21,绿菜花,2.15,1.8,2.5,1,云浙
2026-04-22,绿菜花,2.25,2.0,2.5,1,云浙
2026-04-23,绿菜花,2.25,2.0,2.5,1,云浙
2026-04-24,绿菜花,2.35,2.2,2.5,1,云浙
2026-04-25,绿菜花,2.35,2.2,2.5,1,云浙
2026-04-26,绿菜花,2.35,2.2,2.5,1,云浙
2026-04-27,绿菜花,2.35,2.2,2.5,1,云浙
2026-04-28,绿菜花,2.25,2.0,2.5,1,云浙
2026-04-29,绿菜花,2.35,2.2,2.5,1,云豫
2026-04-30,绿菜花,2.35,2.2,2.5,1,云豫
2026-05-01,绿菜花,2.35,2.2,2.5,1,云豫
2026-05-02,绿菜花,2.35,2.2,2.5,1,云豫
2026-05-03,绿菜花,2.35,2.2,2.5,1,云豫
2026-05-04,绿菜花,2.35,2.2,2.5,1,云豫
2026-05-05,绿菜花,2.35,2.2,2.5,1,云豫
2026-05-06,绿菜花,2.35,2.2,2.5,1,云豫
2026-05-07,绿菜花,2.3,2.2,2.4,1,云豫
2026-05-08,绿菜花,2.2,2.0,2.4,1,云豫
2026-05-09,绿菜花,2.2,2.0,2.4,1,云豫
2026-05-10,绿菜花,2.15,1.8,2.5,1,云豫
2026-05-11,绿菜花,2.15,1.8,2.5,1,鲁豫冀
2026-05-12,绿菜花,2.15,1.8,2.5,1,鲁豫冀
2026-05-13,绿菜花,2.15,1.8,2.5,1,鲁豫冀
2026-05-14,绿菜花,2.05,1.8,2.3,1,鲁豫冀
2026-05-15,绿菜花,1.95,1.6,2.3,1,鲁冀
2026-05-16,绿菜花,1.95,1.6,2.3,1,鲁冀
2026-05-17,绿菜花,1.95,1.6,2.3,1,鲁冀
2026-05-18,绿菜花,1.95,1.6,2.3,1,鲁冀
2026-05-19,绿菜花,1.75,1.5,2.0,1,冀
2026-05-20,绿菜花,1.75,1.5,2.0,1,冀
2026-05-21,绿菜花,1.75,1.5,2.0,1,冀
2026-05-22,绿菜花,1.6,1.2,2.0,1,冀
2026-05-23,绿菜花,1.6,1.2,2.0,1,冀
2026-05-24,绿菜花,1.6,1.2,2.0,1,冀
2026-05-25,绿菜花,1.6,1.2,2.0,1,冀
2026-05-26,绿菜花,1.6,1.2,2.0,1,冀
2026-05-27,绿菜花,1.6,1.2,2.0,1,冀
2026-05-28,绿菜花,1.85,1.5,2.2,1,冀
2026-05-29,绿菜花,1.85,1.5,2.2,1,冀
2026-05-30,绿菜花,1.85,1.5,2.2,1,冀
2026-05-31,绿菜花,1.85,1.5,2.2,1,冀
2026-06-01,绿菜花,1.85,1.5,2.2,1,冀
2026-06-02,绿菜花,1.85,1.5,2.2,1,冀
2026-06-03,绿菜花,1.85,1.5,2.2,1,冀
2026-06-04,绿菜花,1.85,1.5,2.2,1,冀
2026-06-05,绿菜花,1.85,1.5,2.2,1,冀
2026-06-06,绿菜花,1.85,1.5,2.2,1,冀
2026-06-07,绿菜花,1.85,1.5,2.2,1,冀
2026-06-08,绿菜花,1.85,1.5,2.2,1,冀
2026-06-09,绿菜花,1.65,1.3,2.0,1,冀甘
2026-06-10,绿菜花,1.65,1.3,2.0,1,冀甘
2026-06-11,绿菜花,1.65,1.3,2.0,1,冀甘
2026-06-12,绿菜花,1.55,1.3,1.8,1,冀甘
2026-06-13,绿菜花,1.55,1.3,1.8,1,冀甘
2026-06-14,绿菜花,1.55,1.3,1.8,1,冀甘
2026-06-15,绿菜花,1.55,1.3,1.8,1,冀甘
2026-06-16,绿菜花,1.25,1.0,1.5,1,冀京
2026-06-17,绿菜花,1.25,1.0,1.5,1,冀京
2026-06-18,绿菜花,1.25,1.0,1.5,1,冀京
2026-06-19,绿菜花,1.25,1.0,1.5,1,冀京
2026-06-20,绿菜花,1.25,1.0,1.5,1,冀京
2026-06-21,绿菜花,1.25,1.0,1.5,1,冀京
2026-06-22,绿菜花,1.35,1.0,1.7,1,冀京
2026-06-23,绿菜花,1.35,1.0,1.7,1,冀京
2026-06-24,绿菜花,1.35,1.0,1.7,1,冀京
2026-06-25,绿菜花,1.35,1.0,1.7,1,冀京
2026-06-26,绿菜花,1.35,1.0,1.7,1,冀京
2026-06-27,绿菜花,1.35,1.0,1.7,1,冀京
2026-06-28,绿菜花,1.35,1.0,1.7,1,冀京
2026-06-29,绿菜花,1.35,1.0,1.7,1,冀京
2026-06-30,绿菜花,1.35,1.0,1.7,1,冀京
2026-07-01,绿菜花,1.35,1.0,1.7,1,冀京
2026-07-02,绿菜花,1.35,1.0,1.7,1,冀京
2026-07-03,绿菜花,1.35,1.0,1.7,1,冀京
2026-07-04,绿菜花,1.35,1.0,1.7,1,冀京
2026-07-05,绿菜花,1.5,1.2,1.8,1,冀
2026-07-06,绿菜花,1.5,1.2,1.8,1,冀
2026-07-07,绿菜花,1.45,1.2,1.7,1,冀京
2026-07-08,绿菜花,1.5,1.2,1.8,1,冀京
2026-07-09,绿菜花,1.5,1.2,1.8,1,冀京
2026-07-10,绿菜花,1.5,1.2,1.8,1,冀京
2026-07-11,绿菜花,1.5,1.2,1.8,1,冀京
2026-07-12,绿菜花,1.5,1.2,1.8,1,冀京
2026-07-13,绿菜花,1.5,1.2,1.8,1,冀京
2026-07-14,绿菜花,1.5,1.2,1.8,1,冀京
2026-07-15,绿菜花,1.5,1.2,1.8,1,冀京
2026-07-16,绿菜花,1.5,1.2,1.8,1,冀京
2026-07-17,绿菜花,1.5,1.2,1.8,1,冀京
2026-07-18,绿菜花,1.5,1.2,1.8,1,冀京
2026-07-19,绿菜花,1.5,1.2,1.8,1,冀京
2026-07-20,绿菜花,1.5,1.2,1.8,1,冀京
2026-07-21,绿菜花,1.5,1.2,1.8,1,冀京
2026-07-22,绿菜花,1.5,1.2,1.8,1,冀京
2026-07-23,绿菜花,1.5,1.2,1.8,1,冀京
2026-07-24,绿菜花,1.5,1.2,1.8,1,冀京
2026-07-25,绿菜花,1.5,1.2,1.8,1,冀
2026-07-26,绿菜花,1.4,1.2,1.6,1,冀
2026-07-27,绿菜花,1.3,1.0,1.6,1,冀
2026-07-28,绿菜花,1.3,1.0,1.6,1,冀
2026-07-29,绿菜花,1.3,1.0,1.6,1,冀
2026-07-30,绿菜花,1.3,1.0,1.6,1,冀
2026-07-31,绿菜花,1.3,1.0,1.6,1,冀
2026-08-01,绿菜花,1.3,1.0,1.6,1,冀
2026-08-02,绿菜花,1.3,1.0,1.6,1,冀
2026-08-03,绿菜花,1.3,1.0,1.6,1,冀
2026-08-04,绿菜花,1.3,1.0,1.6,1,冀
2026-08-05,绿菜花,1.2,0.9,1.5,1,冀
2026-08-06,绿菜花,1.2,0.9,1.5,1,冀
2026-08-07,绿菜花,1.2,0.9,1.5,1,冀
2026-08-08,绿菜花,1.2,0.9,1.5,1,冀
2026-08-09,绿菜花,1.2,0.9,1.5,1,冀
2026-08-10,绿菜花,1.2,0.9,1.5,1,冀
2026-08-11,绿菜花,1.45,1.2,1.7,1,冀
2026-01-01,绿豆芽,0.98,0.95,1.0,1,
2026-01-02,绿豆芽,0.98,0.95,1.0,1,
2026-01-03,绿豆芽,0.98,0.95,1.0,1,
2026-01-04,绿豆芽,0.98,0.95,1.0,1,
2026-01-05,绿豆芽,0.98,0.95,1.0,1,
2026-01-06,绿豆芽,0.98,0.95,1.0,1,
2026-01-07,绿豆芽,0.98,0.95,1.0,1,
2026-01-08,绿豆芽,0.98,0.95,1.0,1,
2026-01-09,绿豆芽,0.98,0.95,1.0,1,
2026-01-10,绿豆芽,0.98,0.95,1.0,1,
2026-01-11,绿豆芽,0.98,0.95,1.0,1,
2026-01-12,绿豆芽,0.98,0.95,1.0,1,
2026-01-13,绿豆芽,0.98,0.95,1.0,1,
2026-01-14,绿豆芽,0.98,0.95,1.0,1,
2026-01-15,绿豆芽,0.98,0.95,1.0,1,
2026-01-16,绿豆芽,0.98,0.95,1.0,1,
2026-01-17,绿豆芽,0.98,0.95,1.0,1,
2026-01-18,绿豆芽,0.98,0.95,1.0,1,
2026-01-19,绿豆芽,0.98,0.95,1.0,1,
2026-01-20,绿豆芽,0.98,0.95,1.0,1,
2026-01-21,绿豆芽,0.98,0.95,1.0,1,
2026-01-22,绿豆芽,0.98,0.95,1.0,1,
2026-01-23,绿豆芽,0.98,0.95,1.0,1,
2026-01-24,绿豆芽,0.98,0.95,1.0,1,
2026-01-25,绿豆芽,0.98,0.95,1.0,1,
2026-01-26,绿豆芽,0.98,0.95,1.0,1,
2026-01-27,绿豆芽,0.98,0.95,1.0,1,
2026-01-28,绿豆芽,0.98,0.95,1.0,1,
2026-01-29,绿豆芽,0.98,0.95,1.0,1,
2026-01-30,绿豆芽,0.98,0.95,1.0,1,
2026-01-31,绿豆芽,0.98,0.95,1.0,1,
2026-02-01,绿豆芽,0.98,0.95,1.0,1,
2026-02-02,绿豆芽,0.98,0.95,1.0,1,
2026-02-03,绿豆芽,0.98,0.95,1.0,1,
2026-02-04,绿豆芽,1.05,0.9,1.2,1,
2026-02-05,绿豆芽,0.95,0.9,1.0,1,
2026-02-06,绿豆芽,0.95,0.9,1.0,1,
2026-02-07,绿豆芽,0.95,0.9,1.0,1,
2026-02-08,绿豆芽,0.95,0.9,1.0,1,
2026-02-09,绿豆芽,0.95,0.9,1.0,1,
2026-02-10,绿豆芽,0.95,0.9,1.0,1,
2026-02-11,绿豆芽,0.95,0.9,1.0,1,
2026-02-12,绿豆芽,0.95,0.9,1.0,1,
2026-02-13,绿豆芽,0.95,0.9,1.0,1,
2026-02-14,绿豆芽,0.95,0.9,1.0,1,
2026-02-15,绿豆芽,0.95,0.9,1.0,1,
2026-02-16,绿豆芽,0.95,0.9,1.0,1,
2026-02-24,绿豆芽,0.95,0.9,1.0,1,
2026-02-25,绿豆芽,0.95,0.9,1.0,1,
2026-02-26,绿豆芽,0.95,0.9,1.0,1,
2026-02-27,绿豆芽,0.95,0.9,1.0,1,
2026-02-28,绿豆芽,0.95,0.9,1.0,1,
2026-03-01,绿豆芽,0.95,0.9,1.0,1,
2026-03-02,绿豆芽,0.95,0.9,1.0,1,
2026-03-03,绿豆芽,0.95,0.9,1.0,1,
2026-03-04,绿豆芽,0.95,0.9,1.0,1,
2026-03-05,绿豆芽,0.95,0.9,1.0,1,
2026-03-06,绿豆芽,0.95,0.9,1.0,1,
2026-03-07,绿豆芽,0.95,0.9,1.0,1,
2026-03-08,绿豆芽,0.95,0.9,1.0,1,
2026-03-09,绿豆芽,0.95,0.9,1.0,1,
2026-03-10,绿豆芽,0.95,0.9,1.0,1,
2026-03-11,绿豆芽,0.95,0.9,1.0,1,
2026-03-12,绿豆芽,0.95,0.9,1.0,1,
2026-03-13,绿豆芽,0.95,0.9,1.0,1,
2026-03-14,绿豆芽,0.95,0.9,1.0,1,
2026-03-15,绿豆芽,0.95,0.9,1.0,1,
2026-03-16,绿豆芽,0.95,0.9,1.0,1,
2026-03-17,绿豆芽,0.95,0.9,1.0,1,
2026-03-18,绿豆芽,0.95,0.9,1.0,1,
2026-03-19,绿豆芽,0.95,0.9,1.0,1,
2026-03-20,绿豆芽,0.95,0.9,1.0,1,
2026-03-21,绿豆芽,0.95,0.9,1.0,1,
2026-03-22,绿豆芽,0.95,0.9,1.0,1,
2026-03-23,绿豆芽,0.95,0.9,1.0,1,
2026-03-24,绿豆芽,0.95,0.9,1.0,1,
2026-03-25,绿豆芽,0.95,0.9,1.0,1,
2026-03-26,绿豆芽,0.95,0.9,1.0,1,
2026-03-27,绿豆芽,0.95,0.9,1.0,1,
2026-03-28,绿豆芽,0.95,0.9,1.0,1,
2026-03-29,绿豆芽,0.95,0.9,1.0,1,
2026-03-30,绿豆芽,0.95,0.9,1.0,1,
2026-03-31,绿豆芽,0.95,0.9,1.0,1,
2026-04-01,绿豆芽,0.95,0.9,1.0,1,
2026-04-02,绿豆芽,0.95,0.9,1.0,1,
2026-04-03,绿豆芽,0.95,0.9,1.0,1,
2026-04-04,绿豆芽,0.95,0.9,1.0,1,
2026-04-05,绿豆芽,0.95,0.9,1.0,1,
2026-04-06,绿豆芽,0.95,0.9,1.0,1,
2026-04-07,绿豆芽,0.95,0.9,1.0,1,
2026-04-08,绿豆芽,0.95,0.9,1.0,1,
2026-04-09,绿豆芽,0.95,0.9,1.0,1,
2026-04-10,绿豆芽,0.95,0.9,1.0,1,
2026-04-11,绿豆芽,0.95,0.9,1.0,1,
2026-04-12,绿豆芽,0.95,0.9,1.0,1,
2026-04-13,绿豆芽,0.95,0.9,1.0,1,
2026-04-14,绿豆芽,0.95,0.9,1.0,1,
2026-04-15,绿豆芽,0.95,0.9,1.0,1,
2026-04-16,绿豆芽,0.95,0.9,1.0,1,
2026-04-17,绿豆芽,0.95,0.9,1.0,1,
2026-04-18,绿豆芽,0.95,0.9,1.0,1,
2026-04-19,绿豆芽,0.95,0.9,1.0,1,
2026-04-20,绿豆芽,0.95,0.9,1.0,1,
2026-04-21,绿豆芽,0.95,0.9,1.0,1,
2026-04-22,绿豆芽,0.95,0.9,1.0,1,
2026-04-23,绿豆芽,0.95,0.9,1.0,1,
2026-04-24,绿豆芽,0.95,0.9,1.0,1,
2026-04-25,绿豆芽,0.95,0.9,1.0,1,
2026-04-26,绿豆芽,0.95,0.9,1.0,1,
2026-04-27,绿豆芽,0.95,0.9,1.0,1,
2026-04-28,绿豆芽,0.95,0.9,1.0,1,
2026-04-29,绿豆芽,0.95,0.9,1.0,1,
2026-04-30,绿豆芽,0.95,0.9,1.0,1,
2026-05-01,绿豆芽,0.95,0.9,1.0,1,
2026-05-02,绿豆芽,0.95,0.9,1.0,1,
2026-05-03,绿豆芽,0.95,0.9,1.0,1,
2026-05-04,绿豆芽,0.95,0.9,1.0,1,
2026-05-05,绿豆芽,0.95,0.9,1.0,1,
2026-05-06,绿豆芽,0.95,0.9,1.0,1,
2026-05-07,绿豆芽,0.95,0.9,1.0,1,
2026-05-08,绿豆芽,0.95,0.9,1.0,1,
2026-05-09,绿豆芽,0.95,0.9,1.0,1,
2026-05-10,绿豆芽,0.95,0.9,1.0,1,
2026-05-11,绿豆芽,0.95,0.9,1.0,1,
2026-05-12,绿豆芽,0.95,0.9,1.0,1,
2026-05-13,绿豆芽,0.95,0.9,1.0,1,
2026-05-14,绿豆芽,0.95,0.9,1.0,1,
2026-05-15,绿豆芽,0.95,0.9,1.0,1,
2026-05-16,绿豆芽,0.95,0.9,1.0,1,
2026-05-17,绿豆芽,0.95,0.9,1.0,1,
2026-05-18,绿豆芽,0.95,0.9,1.0,1,
2026-05-19,绿豆芽,0.95,0.9,1.0,1,
2026-05-20,绿豆芽,0.95,0.9,1.0,1,
2026-05-21,绿豆芽,0.95,0.9,1.0,1,
2026-05-22,绿豆芽,0.95,0.9,1.0,1,
2026-05-23,绿豆芽,0.95,0.9,1.0,1,
2026-05-24,绿豆芽,0.95,0.9,1.0,1,
2026-05-25,绿豆芽,0.95,0.9,1.0,1,
2026-05-26,绿豆芽,0.95,0.9,1.0,1,
2026-05-27,绿豆芽,0.95,0.9,1.0,1,
2026-05-28,绿豆芽,0.95,0.9,1.0,1,
2026-05-29,绿豆芽,0.95,0.9,1.0,1,
2026-05-30,绿豆芽,0.95,0.9,1.0,1,
2026-05-31,绿豆芽,0.95,0.9,1.0,1,
2026-06-01,绿豆芽,0.95,0.9,1.0,1,
2026-06-02,绿豆芽,0.95,0.9,1.0,1,
2026-06-03,绿豆芽,0.95,0.9,1.0,1,
2026-06-04,绿豆芽,0.95,0.9,1.0,1,
2026-06-05,绿豆芽,0.95,0.9,1.0,1,
2026-06-06,绿豆芽,0.95,0.9,1.0,1,
2026-06-07,绿豆芽,0.95,0.9,1.0,1,
2026-06-08,绿豆芽,0.95,0.9,1.0,1,
2026-06-09,绿豆芽,0.95,0.9,1.0,1,
2026-06-10,绿豆芽,0.95,0.9,1.0,1,
2026-06-11,绿豆芽,0.95,0.9,1.0,1,
2026-06-12,绿豆芽,0.95,0.9,1.0,1,
2026-06-13,绿豆芽,0.95,0.9,1.0,1,
2026-06-14,绿豆芽,0.95,0.9,1.0,1,
2026-06-15,绿豆芽,0.95,0.9,1.0,1,
2026-06-16,绿豆芽,0.95,0.9,1.0,1,
2026-06-17,绿豆芽,0.95,0.9,1.0,1,
2026-06-18,绿豆芽,0.95,0.9,1.0,1,
2026-06-19,绿豆芽,0.95,0.9,1.0,1,
2026-06-20,绿豆芽,0.95,0.9,1.0,1,
2026-06-21,绿豆芽,0.95,0.9,1.0,1,
2026-06-22,绿豆芽,0.95,0.9,1.0,1,
2026-06-23,绿豆芽,0.95,0.9,1.0,1,
2026-06-24,绿豆芽,0.95,0.9,1.0,1,
2026-06-25,绿豆芽,0.95,0.9,1.0,1,
2026-06-26,绿豆芽,0.95,0.9,1.0,1,
2026-06-27,绿豆芽,0.95,0.9,1.0,1,
2026-06-28,绿豆芽,0.95,0.9,1.0,1,
2026-06-29,绿豆芽,0.95,0.9,1.0,1,
2026-06-30,绿豆芽,0.95,0.9,1.0,1,
2026-07-01,绿豆芽,0.95,0.9,1.0,1,
2026-07-02,绿豆芽,0.95,0.9,1.0,1,
2026-07-03,绿豆芽,0.95,0.9,1.0,1,
2026-07-04,绿豆芽,0.95,0.9,1.0,1,
2026-07-05,绿豆芽,0.95,0.9,1.0,1,
2026-07-06,绿豆芽,0.95,0.9,1.0,1,
2026-07-07,绿豆芽,0.95,0.9,1.0,1,
2026-07-08,绿豆芽,0.95,0.9,1.0,1,
2026-07-09,绿豆芽,0.95,0.9,1.0,1,
2026-07-10,绿豆芽,0.95,0.9,1.0,1,
2026-07-11,绿豆芽,0.95,0.9,1.0,1,
2026-07-12,绿豆芽,0.95,0.9,1.0,1,
2026-07-13,绿豆芽,0.95,0.9,1.0,1,
2026-07-14,绿豆芽,0.95,0.9,1.0,1,
2026-07-15,绿豆芽,0.95,0.9,1.0,1,
2026-07-16,绿豆芽,0.95,0.9,1.0,1,
2026-07-17,绿豆芽,0.95,0.9,1.0,1,
2026-07-18,绿豆芽,0.95,0.9,1.0,1,
2026-07-19,绿豆芽,0.95,0.9,1.0,1,
2026-07-20,绿豆芽,0.95,0.9,1.0,1,
2026-07-21,绿豆芽,0.95,0.9,1.0,1,
2026-07-22,绿豆芽,0.95,0.9,1.0,1,
2026-07-23,绿豆芽,0.95,0.9,1.0,1,
2026-07-24,绿豆芽,0.95,0.9,1.0,1,
2026-07-25,绿豆芽,0.95,0.9,1.0,1,
2026-07-26,绿豆芽,0.95,0.9,1.0,1,
2026-07-27,绿豆芽,0.95,0.9,1.0,1,
2026-07-28,绿豆芽,0.95,0.9,1.0,1,
2026-07-29,绿豆芽,0.95,0.9,1.0,1,
2026-07-30,绿豆芽,0.95,0.9,1.0,1,
2026-07-31,绿豆芽,0.95,0.9,1.0,1,
2026-08-01,绿豆芽,0.95,0.9,1.0,1,
2026-08-02,绿豆芽,0.95,0.9,1.0,1,
2026-08-03,绿豆芽,0.95,0.9,1.0,1,
2026-08-04,绿豆芽,0.95,0.9,1.0,1,
2026-08-05,绿豆芽,0.95,0.9,1.0,1,
2026-08-06,绿豆芽,0.95,0.9,1.0,1,
2026-08-07,绿豆芽,0.95,0.9,1.0,1,
2026-08-08,绿豆芽,0.95,0.9,1.0,1,
2026-08-09,绿豆芽,0.95,0.9,1.0,1,
2026-08-10,绿豆芽,0.95,0.9,1.0,1,
2026-08-11,绿豆芽,0.95,0.9,1.0,1,
2026-01-01,罗马生菜,1.85,1.7,2.0,1,云
2026-01-02,罗马生菜,1.75,1.5,2.0,1,云
2026-01-03,罗马生菜,1.75,1.5,2.0,1,云
2026-01-04,罗马生菜,1.75,1.5,2.0,1,云
2026-01-05,罗马生菜,1.65,1.5,1.8,1,云
2026-01-06,罗马生菜,1.65,1.5,1.8,1,云
2026-01-07,罗马生菜,1.65,1.5,1.8,1,云
2026-01-08,罗马生菜,1.65,1.5,1.8,1,云
2026-01-09,罗马生菜,1.65,1.5,1.8,1,云
2026-01-10,罗马生菜,1.65,1.5,1.8,1,云
2026-01-11,罗马生菜,1.65,1.5,1.8,1,云
2026-01-12,罗马生菜,1.65,1.5,1.8,1,云
2026-01-13,罗马生菜,1.65,1.5,1.8,1,云
2026-01-14,罗马生菜,1.65,1.5,1.8,1,云
2026-01-15,罗马生菜,1.65,1.5,1.8,1,云
2026-01-16,罗马生菜,1.65,1.5,1.8,1,云
2026-01-17,罗马生菜,1.75,1.5,2.0,1,云
2026-01-18,罗马生菜,2.1,2.0,2.2,1,云
2026-01-19,罗马生菜,2.1,2.0,2.2,1,云
2026-01-20,罗马生菜,2.1,2.0,2.2,1,云
2026-01-21,罗马生菜,2.1,2.0,2.2,1,云
2026-01-22,罗马生菜,1.9,1.8,2.0,1,云
2026-01-23,罗马生菜,1.75,1.5,2.0,1,云
2026-01-24,罗马生菜,1.75,1.5,2.0,1,云
2026-01-25,罗马生菜,1.75,1.5,2.0,1,云
2026-01-26,罗马生菜,1.75,1.5,2.0,1,云
2026-01-27,罗马生菜,1.65,1.5,1.8,1,云
2026-01-28,罗马生菜,1.65,1.5,1.8,1,云
2026-01-29,罗马生菜,1.65,1.5,1.8,1,云
2026-01-30,罗马生菜,1.65,1.5,1.8,1,云
2026-01-31,罗马生菜,1.65,1.5,1.8,1,云
2026-02-01,罗马生菜,1.65,1.5,1.8,1,云
2026-02-02,罗马生菜,1.65,1.5,1.8,1,云
2026-02-03,罗马生菜,1.75,1.5,2.0,1,云
2026-02-04,罗马生菜,1.75,1.5,2.0,1,云
2026-02-05,罗马生菜,1.75,1.5,2.0,1,云
2026-02-06,罗马生菜,1.75,1.5,2.0,1,云
2026-02-07,罗马生菜,1.75,1.5,2.0,1,云
2026-02-08,罗马生菜,1.75,1.5,2.0,1,云
2026-02-09,罗马生菜,1.75,1.5,2.0,1,云
2026-02-10,罗马生菜,1.75,1.5,2.0,1,云
2026-02-11,罗马生菜,1.75,1.5,2.0,1,云
2026-02-12,罗马生菜,2.15,2.0,2.3,1,云
2026-02-13,罗马生菜,2.15,2.0,2.3,1,云
2026-02-14,罗马生菜,2.15,2.0,2.3,1,云
2026-02-15,罗马生菜,2.15,2.0,2.3,1,云
2026-02-16,罗马生菜,2.15,2.0,2.3,1,云
2026-02-24,罗马生菜,2.9,2.8,3.0,1,云
2026-02-25,罗马生菜,3.05,2.8,3.3,1,云
2026-02-26,罗马生菜,3.05,2.8,3.3,1,云
2026-02-27,罗马生菜,3.05,2.8,3.3,1,云
2026-02-28,罗马生菜,2.75,2.5,3.0,1,云
2026-03-01,罗马生菜,2.4,2.3,2.5,1,云
2026-03-02,罗马生菜,2.25,2.0,2.5,1,云
2026-03-03,罗马生菜,2.25,2.0,2.5,1,云
2026-03-04,罗马生菜,2.25,2.0,2.5,1,云
2026-03-05,罗马生菜,2.05,1.8,2.3,1,云
2026-03-06,罗马生菜,2.05,1.8,2.3,1,云
2026-03-07,罗马生菜,2.05,1.8,2.3,1,云
2026-03-08,罗马生菜,1.75,1.5,2.0,1,云
2026-03-09,罗马生菜,1.65,1.5,1.8,1,云
2026-03-10,罗马生菜,1.65,1.5,1.8,1,云
2026-03-11,罗马生菜,1.65,1.5,1.8,1,云
2026-03-12,罗马生菜,1.65,1.5,1.8,1,云
2026-03-13,罗马生菜,1.65,1.5,1.8,1,云
2026-03-14,罗马生菜,1.65,1.5,1.8,1,云
2026-03-15,罗马生菜,1.65,1.5,1.8,1,云
2026-03-16,罗马生菜,1.65,1.5,1.8,1,云
2026-03-17,罗马生菜,1.65,1.5,1.8,1,云
2026-03-18,罗马生菜,1.9,1.8,2.0,1,云
2026-03-19,罗马生菜,2.0,1.8,2.2,1,云
2026-03-20,罗马生菜,2.25,2.0,2.5,1,云
2026-03-21,罗马生菜,2.25,2.0,2.5,1,云
2026-03-22,罗马生菜,2.25,2.0,2.5,1,云
2026-03-23,罗马生菜,2.35,2.2,2.5,1,云
2026-03-24,罗马生菜,2.15,1.8,2.5,1,京云
2026-03-25,罗马生菜,2.15,1.8,2.5,1,京云
2026-03-26,罗马生菜,2.0,1.5,2.5,1,京云
2026-03-27,罗马生菜,2.0,1.5,2.5,1,京云
2026-03-28,罗马生菜,1.85,1.5,2.2,1,京云
2026-03-29,罗马生菜,1.75,1.5,2.0,1,京云
2026-03-30,罗马生菜,1.55,1.3,1.8,1,京云
2026-03-31,罗马生菜,1.4,1.3,1.5,1,京云
2026-04-01,罗马生菜,1.4,1.3,1.5,1,京云
2026-04-02,罗马生菜,1.4,1.3,1.5,1,京云
2026-04-03,罗马生菜,1.4,1.3,1.5,1,京云
2026-04-04,罗马生菜,1.4,1.3,1.5,1,京云
2026-04-05,罗马生菜,1.4,1.3,1.5,1,京云
2026-04-06,罗马生菜,1.4,1.3,1.5,1,京云
2026-04-07,罗马生菜,1.4,1.3,1.5,1,京云
2026-04-08,罗马生菜,1.85,1.8,1.9,1,京云
2026-04-09,罗马生菜,1.85,1.8,1.9,1,京云
2026-04-10,罗马生菜,2.05,1.8,2.3,1,京云
2026-04-11,罗马生菜,2.05,1.8,2.3,1,京云
2026-04-12,罗马生菜,2.05,1.8,2.3,1,京云
2026-04-13,罗马生菜,2.05,1.8,2.3,1,京豫
2026-04-14,罗马生菜,1.9,1.8,2.0,1,京豫
2026-04-15,罗马生菜,1.8,1.7,1.9,1,京豫
2026-04-16,罗马生菜,1.65,1.5,1.8,1,京豫
2026-04-17,罗马生菜,1.65,1.5,1.8,1,京豫
2026-04-18,罗马生菜,1.65,1.5,1.8,1,京豫
2026-04-19,罗马生菜,1.65,1.5,1.8,1,京豫
2026-04-20,罗马生菜,1.65,1.5,1.8,1,京豫
2026-04-21,罗马生菜,1.65,1.5,1.8,1,京豫
2026-04-22,罗马生菜,1.65,1.5,1.8,1,京豫
2026-04-23,罗马生菜,1.7,1.6,1.8,1,京豫
2026-04-24,罗马生菜,1.7,1.6,1.8,1,京豫
2026-04-25,罗马生菜,1.7,1.6,1.8,1,京豫
2026-04-26,罗马生菜,1.7,1.6,1.8,1,京豫
2026-04-27,罗马生菜,1.7,1.6,1.8,1,京冀
2026-04-28,罗马生菜,1.7,1.6,1.8,1,京冀
2026-04-29,罗马生菜,1.7,1.6,1.8,1,京冀
2026-04-30,罗马生菜,1.7,1.6,1.8,1,京冀
2026-05-01,罗马生菜,1.65,1.5,1.8,1,京冀
2026-05-02,罗马生菜,1.65,1.5,1.8,1,京冀
2026-05-03,罗马生菜,1.65,1.5,1.8,1,京冀
2026-05-04,罗马生菜,1.65,1.5,1.8,1,京冀
2026-05-05,罗马生菜,1.65,1.5,1.8,1,京冀
2026-05-06,罗马生菜,1.65,1.5,1.8,1,京冀
2026-05-07,罗马生菜,1.65,1.5,1.8,1,京冀
2026-05-08,罗马生菜,1.65,1.5,1.8,1,京冀
2026-05-09,罗马生菜,1.65,1.5,1.8,1,京冀
2026-05-10,罗马生菜,1.65,1.5,1.8,1,京冀
2026-05-11,罗马生菜,1.65,1.5,1.8,1,京冀
2026-05-12,罗马生菜,1.65,1.5,1.8,1,京冀
2026-05-13,罗马生菜,1.65,1.5,1.8,1,京冀
2026-05-14,罗马生菜,1.65,1.5,1.8,1,京冀
2026-05-15,罗马生菜,1.65,1.5,1.8,1,京冀
2026-05-16,罗马生菜,1.65,1.5,1.8,1,京冀
2026-05-17,罗马生菜,1.65,1.5,1.8,1,京冀
2026-05-18,罗马生菜,1.45,1.3,1.6,1,京冀
2026-05-19,罗马生菜,1.45,1.3,1.6,1,京冀
2026-05-20,罗马生菜,1.45,1.3,1.6,1,京冀
2026-05-21,罗马生菜,1.45,1.3,1.6,1,京冀
2026-05-22,罗马生菜,1.45,1.3,1.6,1,京冀
2026-05-23,罗马生菜,1.45,1.3,1.6,1,京冀
2026-05-24,罗马生菜,1.45,1.3,1.6,1,京冀
2026-05-25,罗马生菜,1.45,1.3,1.6,1,京冀
2026-05-26,罗马生菜,1.6,1.5,1.7,1,京冀
2026-05-27,罗马生菜,1.6,1.5,1.7,1,京冀
2026-05-28,罗马生菜,1.6,1.5,1.7,1,京冀
2026-05-29,罗马生菜,1.6,1.5,1.7,1,京冀
2026-05-30,罗马生菜,1.6,1.5,1.7,1,京冀
2026-05-31,罗马生菜,1.6,1.5,1.7,1,京冀
2026-06-01,罗马生菜,1.75,1.5,2.0,1,京冀
2026-06-02,罗马生菜,1.75,1.5,2.0,1,京冀
2026-06-03,罗马生菜,1.75,1.5,2.0,1,京冀
2026-06-04,罗马生菜,1.5,1.2,1.8,1,京冀
2026-06-05,罗马生菜,1.5,1.2,1.8,1,京冀
2026-06-06,罗马生菜,1.75,1.5,2.0,1,京冀
2026-06-07,罗马生菜,1.75,1.5,2.0,1,京冀
2026-06-08,罗马生菜,1.75,1.5,2.0,1,京冀
2026-06-09,罗马生菜,1.75,1.5,2.0,1,京冀
2026-06-10,罗马生菜,1.65,1.5,1.8,1,京冀
2026-06-11,罗马生菜,1.65,1.5,1.8,1,京冀
2026-06-12,罗马生菜,1.45,1.2,1.7,1,京冀
2026-06-13,罗马生菜,1.45,1.2,1.7,1,京冀
2026-06-14,罗马生菜,1.35,1.2,1.5,1,京冀
2026-06-15,罗马生菜,1.35,1.2,1.5,1,京冀
2026-06-16,罗马生菜,1.35,1.2,1.5,1,京冀
2026-06-17,罗马生菜,1.35,1.2,1.5,1,京冀
2026-06-18,罗马生菜,1.35,1.2,1.5,1,京冀
2026-06-19,罗马生菜,1.15,1.0,1.3,1,京冀
2026-06-20,罗马生菜,1.15,1.0,1.3,1,京冀
2026-06-21,罗马生菜,1.15,1.0,1.3,1,京冀
2026-06-22,罗马生菜,1.15,1.0,1.3,1,京冀
2026-06-23,罗马生菜,1.15,1.0,1.3,1,京冀
2026-06-24,罗马生菜,1.15,1.0,1.3,1,京冀
2026-06-25,罗马生菜,1.15,1.0,1.3,1,京冀
2026-06-26,罗马生菜,1.15,1.0,1.3,1,京冀
2026-06-27,罗马生菜,1.15,1.0,1.3,1,京冀
2026-06-28,罗马生菜,1.15,1.0,1.3,1,京冀
2026-06-29,罗马生菜,1.15,1.0,1.3,1,京冀
2026-06-30,罗马生菜,1.15,1.0,1.3,1,京冀
2026-07-01,罗马生菜,1.15,1.0,1.3,1,京冀
2026-07-02,罗马生菜,1.15,1.0,1.3,1,京冀
2026-07-03,罗马生菜,1.15,1.0,1.3,1,京冀
2026-07-04,罗马生菜,1.15,1.0,1.3,1,京冀
2026-07-05,罗马生菜,1.15,1.0,1.3,1,京冀
2026-07-06,罗马生菜,1.15,1.0,1.3,1,京冀
2026-07-07,罗马生菜,1.15,1.0,1.3,1,京冀
2026-07-08,罗马生菜,1.15,1.0,1.3,1,京冀
2026-07-09,罗马生菜,1.15,1.0,1.3,1,京冀
2026-07-10,罗马生菜,1.15,1.0,1.3,1,京冀
2026-07-11,罗马生菜,1.15,1.0,1.3,1,京冀
2026-07-12,罗马生菜,1.15,1.0,1.3,1,京冀
2026-07-13,罗马生菜,1.15,1.0,1.3,1,京冀
2026-07-14,罗马生菜,1.25,1.0,1.5,1,京冀
2026-07-15,罗马生菜,1.15,1.0,1.3,1,京冀
2026-07-16,罗马生菜,1.15,1.0,1.3,1,京冀
2026-07-17,罗马生菜,1.4,1.3,1.5,1,京冀
2026-07-18,罗马生菜,1.4,1.3,1.5,1,京冀
2026-07-19,罗马生菜,1.4,1.3,1.5,1,京冀
2026-07-20,罗马生菜,1.4,1.3,1.5,1,冀
2026-07-21,罗马生菜,1.4,1.3,1.5,1,冀
2026-07-22,罗马生菜,1.4,1.3,1.5,1,冀
2026-07-23,罗马生菜,1.4,1.3,1.5,1,冀
2026-07-24,罗马生菜,1.4,1.3,1.5,1,冀
2026-07-25,罗马生菜,1.4,1.3,1.5,1,冀
2026-07-26,罗马生菜,1.4,1.3,1.5,1,冀
2026-07-27,罗马生菜,1.9,1.8,2.0,1,冀
2026-07-28,罗马生菜,2.25,2.0,2.5,1,冀
2026-07-29,罗马生菜,2.25,2.0,2.5,1,冀
2026-07-30,罗马生菜,2.25,2.0,2.5,1,冀
2026-07-31,罗马生菜,2.1,2.0,2.2,1,冀
2026-08-01,罗马生菜,2.1,2.0,2.2,1,冀
2026-08-02,罗马生菜,2.1,2.0,2.2,1,冀
2026-08-03,罗马生菜,2.15,2.0,2.3,1,冀
2026-08-04,罗马生菜,2.4,2.3,2.5,1,冀
2026-08-05,罗马生菜,2.4,2.3,2.5,1,冀
2026-08-06,罗马生菜,2.4,2.3,2.5,1,冀
2026-08-07,罗马生菜,2.4,2.3,2.5,1,冀
2026-08-08,罗马生菜,2.4,2.3,2.5,1,冀
2026-08-09,罗马生菜,2.4,2.3,2.5,1,冀
2026-08-10,罗马生菜,2.4,2.3,2.5,1,冀
2026-08-11,罗马生菜,2.75,2.5,3.0,1,冀
2026-01-01,美人椒,10.5,10.0,11.0,1,鲁
2026-01-02,美人椒,11.5,11.0,12.0,1,鲁
2026-01-03,美人椒,11.5,11.0,12.0,1,鲁
2026-01-04,美人椒,11.5,11.0,12.0,1,鲁
2026-01-05,美人椒,12.5,12.0,13.0,1,鲁
2026-01-06,美人椒,12.5,12.0,13.0,1,鲁
2026-01-07,美人椒,12.5,12.0,13.0,1,鲁
2026-01-08,美人椒,12.5,12.0,13.0,1,鲁
2026-01-09,美人椒,12.5,12.0,13.0,1,鲁
2026-01-10,美人椒,12.5,12.0,13.0,1,鲁
2026-01-11,美人椒,12.5,12.0,13.0,1,鲁
2026-01-12,美人椒,12.5,12.0,13.0,1,鲁
2026-01-13,美人椒,13.5,13.0,14.0,1,鲁
2026-01-14,美人椒,13.5,13.0,14.0,1,鲁
2026-01-15,美人椒,13.5,13.0,14.0,1,鲁
2026-01-16,美人椒,16.5,16.0,17.0,1,鲁
2026-01-17,美人椒,16.5,16.0,17.0,1,鲁
2026-01-18,美人椒,17.5,17.0,18.0,1,鲁
2026-01-19,美人椒,18.5,18.0,19.0,1,鲁
2026-01-20,美人椒,18.5,18.0,19.0,1,鲁
2026-01-21,美人椒,18.5,18.0,19.0,1,鲁
2026-01-22,美人椒,17.5,17.0,18.0,1,鲁
2026-01-23,美人椒,14.5,14.0,15.0,1,鲁
2026-01-24,美人椒,14.5,14.0,15.0,1,鲁
2026-01-25,美人椒,15.5,15.0,16.0,1,鲁
2026-01-26,美人椒,15.0,14.0,16.0,1,鲁
2026-01-27,美人椒,15.0,14.0,16.0,1,鲁
2026-01-28,美人椒,14.5,14.0,15.0,1,鲁
2026-01-29,美人椒,14.5,14.0,15.0,1,鲁
2026-01-30,美人椒,14.5,14.0,15.0,1,鲁
2026-01-31,美人椒,13.5,13.0,14.0,1,鲁
2026-02-01,美人椒,12.5,12.0,13.0,1,鲁
2026-02-02,美人椒,10.5,10.0,11.0,1,鲁
2026-02-03,美人椒,10.5,10.0,11.0,1,鲁
2026-02-04,美人椒,10.5,10.0,11.0,1,鲁
2026-02-05,美人椒,10.5,10.0,11.0,1,鲁
2026-02-06,美人椒,10.5,10.0,11.0,1,鲁
2026-02-07,美人椒,10.5,10.0,11.0,1,鲁
2026-02-08,美人椒,10.5,10.0,11.0,1,鲁
2026-02-09,美人椒,10.5,10.0,11.0,1,鲁
2026-02-10,美人椒,8.5,8.0,9.0,1,鲁
2026-02-11,美人椒,8.5,8.0,9.0,1,鲁
2026-02-12,美人椒,7.5,7.0,8.0,1,鲁
2026-02-13,美人椒,7.5,7.0,8.0,1,鲁
2026-02-14,美人椒,7.5,7.0,8.0,1,鲁
2026-02-15,美人椒,7.5,7.0,8.0,1,鲁
2026-02-16,美人椒,7.5,7.0,8.0,1,鲁
2026-02-24,美人椒,7.5,7.0,8.0,1,鲁
2026-02-25,美人椒,7.5,7.0,8.0,1,鲁
2026-02-26,美人椒,7.5,7.0,8.0,1,鲁
2026-02-27,美人椒,7.5,7.0,8.0,1,鲁
2026-02-28,美人椒,7.5,7.0,8.0,1,鲁
2026-03-01,美人椒,7.5,7.0,8.0,1,鲁
2026-03-02,美人椒,7.5,7.0,8.0,1,鲁
2026-03-03,美人椒,7.5,7.0,8.0,1,鲁
2026-03-04,美人椒,7.5,7.0,8.0,1,鲁
2026-03-05,美人椒,7.5,7.0,8.0,1,鲁
2026-03-06,美人椒,7.5,7.0,8.0,1,鲁
2026-03-07,美人椒,7.5,7.0,8.0,1,鲁
2026-03-08,美人椒,7.5,7.0,8.0,1,鲁
2026-03-09,美人椒,7.5,7.0,8.0,1,鲁
2026-03-10,美人椒,7.5,7.0,8.0,1,鲁
2026-03-11,美人椒,7.5,7.0,8.0,1,鲁
2026-03-12,美人椒,7.5,7.0,8.0,1,鲁
2026-03-13,美人椒,7.5,7.0,8.0,1,鲁
2026-03-14,美人椒,7.5,7.0,8.0,1,鲁
2026-03-15,美人椒,6.5,6.0,7.0,1,鲁
2026-03-16,美人椒,6.5,6.0,7.0,1,鲁
2026-03-17,美人椒,6.5,6.0,7.0,1,鲁
2026-03-18,美人椒,6.5,6.0,7.0,1,鲁
2026-03-19,美人椒,6.5,6.0,7.0,1,鲁
2026-03-20,美人椒,6.5,6.0,7.0,1,鲁
2026-03-21,美人椒,6.5,6.0,7.0,1,鲁
2026-03-22,美人椒,6.5,6.0,7.0,1,鲁
2026-03-23,美人椒,5.5,5.0,6.0,1,鲁
2026-03-24,美人椒,5.5,5.0,6.0,1,鲁
2026-03-25,美人椒,5.5,5.0,6.0,1,鲁
2026-03-26,美人椒,5.5,5.0,6.0,1,鲁
2026-03-27,美人椒,5.5,5.0,6.0,1,鲁
2026-03-28,美人椒,5.5,5.0,6.0,1,鲁
2026-03-29,美人椒,5.5,5.0,6.0,1,鲁
2026-03-30,美人椒,5.5,5.0,6.0,1,鲁
2026-03-31,美人椒,5.5,5.0,6.0,1,鲁
2026-04-01,美人椒,5.5,5.0,6.0,1,鲁
2026-04-02,美人椒,5.5,5.0,6.0,1,鲁
2026-04-03,美人椒,5.5,5.0,6.0,1,鲁
2026-04-04,美人椒,5.5,5.0,6.0,1,鲁
2026-04-05,美人椒,5.5,5.0,6.0,1,鲁
2026-04-06,美人椒,5.5,5.0,6.0,1,鲁
2026-04-07,美人椒,5.5,5.0,6.0,1,鲁
2026-04-08,美人椒,5.35,4.7,6.0,1,鲁
2026-04-09,美人椒,5.35,4.7,6.0,1,鲁
2026-04-10,美人椒,5.35,4.7,6.0,1,鲁
2026-04-11,美人椒,5.35,4.7,6.0,1,鲁
2026-04-12,美人椒,5.35,4.7,6.0,1,鲁
2026-04-13,美人椒,5.35,4.7,6.0,1,鲁
2026-04-14,美人椒,5.35,4.7,6.0,1,鲁
2026-04-15,美人椒,5.35,4.7,6.0,1,鲁
2026-04-16,美人椒,5.35,4.7,6.0,1,鲁
2026-04-17,美人椒,5.35,4.7,6.0,1,鲁
2026-04-18,美人椒,5.35,4.7,6.0,1,鲁
2026-04-19,美人椒,5.35,4.7,6.0,1,鲁
2026-04-20,美人椒,5.35,4.7,6.0,1,鲁
2026-04-21,美人椒,5.35,4.7,6.0,1,鲁
2026-04-22,美人椒,5.35,4.7,6.0,1,鲁
2026-04-23,美人椒,5.35,4.7,6.0,1,鲁
2026-04-24,美人椒,5.35,4.7,6.0,1,鲁
2026-04-25,美人椒,5.5,5.0,6.0,1,鲁
2026-04-26,美人椒,5.5,5.0,6.0,1,鲁
2026-04-27,美人椒,5.5,5.0,6.0,1,鲁
2026-04-28,美人椒,5.5,5.0,6.0,1,鲁
2026-04-29,美人椒,6.5,6.0,7.0,1,鲁闽
2026-04-30,美人椒,6.5,6.0,7.0,1,鲁闽
2026-05-01,美人椒,6.5,6.0,7.0,1,鲁闽
2026-05-02,美人椒,6.5,6.0,7.0,1,鲁闽
2026-05-03,美人椒,6.5,6.0,7.0,1,鲁闽
2026-05-04,美人椒,6.5,6.0,7.0,1,鲁闽
2026-05-05,美人椒,7.0,6.0,8.0,1,鲁闽
2026-05-06,美人椒,7.0,6.0,8.0,1,鲁闽
2026-05-07,美人椒,6.5,6.0,7.0,1,鲁闽
2026-05-08,美人椒,6.5,6.0,7.0,1,鲁闽
2026-05-09,美人椒,6.5,6.0,7.0,1,鲁闽
2026-05-10,美人椒,6.5,6.0,7.0,1,鲁闽
2026-05-11,美人椒,6.5,6.0,7.0,1,鲁闽
2026-05-12,美人椒,6.5,6.0,7.0,1,鲁闽
2026-05-13,美人椒,6.5,6.0,7.0,1,鲁闽
2026-05-14,美人椒,5.5,5.0,6.0,1,鲁闽
2026-05-15,美人椒,4.5,4.0,5.0,1,鲁闽
2026-05-16,美人椒,4.5,4.0,5.0,1,鲁闽
2026-05-17,美人椒,4.5,4.0,5.0,1,鲁闽
2026-05-18,美人椒,4.5,4.0,5.0,1,鲁闽
2026-05-19,美人椒,4.5,4.0,5.0,1,鲁闽
2026-05-20,美人椒,4.5,4.0,5.0,1,鲁闽
2026-05-21,美人椒,4.5,4.0,5.0,1,鲁闽
2026-05-22,美人椒,4.5,4.0,5.0,1,鲁闽
2026-05-23,美人椒,4.5,4.0,5.0,1,鲁闽
2026-05-24,美人椒,4.5,4.0,5.0,1,鲁闽
2026-05-25,美人椒,4.5,4.0,5.0,1,鲁闽
2026-05-26,美人椒,4.5,4.0,5.0,1,鲁闽
2026-05-27,美人椒,4.5,4.0,5.0,1,鲁闽
2026-05-28,美人椒,4.5,4.0,5.0,1,鲁闽
2026-05-29,美人椒,4.5,4.0,5.0,1,鲁闽
2026-05-30,美人椒,4.5,4.0,5.0,1,鲁闽
2026-05-31,美人椒,4.5,4.0,5.0,1,鲁闽
2026-06-01,美人椒,4.5,4.0,5.0,1,鲁闽
2026-06-02,美人椒,4.5,4.0,5.0,1,鲁闽
2026-06-03,美人椒,4.5,4.0,5.0,1,鲁闽
2026-06-04,美人椒,5.5,5.0,6.0,1,鲁闽
2026-06-05,美人椒,5.5,5.0,6.0,1,鲁闽
2026-06-06,美人椒,5.5,5.0,6.0,1,鲁闽
2026-06-07,美人椒,5.5,5.0,6.0,1,鲁闽
2026-06-08,美人椒,5.5,5.0,6.0,1,鲁闽
2026-06-09,美人椒,5.5,5.0,6.0,1,鲁闽
2026-06-10,美人椒,5.5,5.0,6.0,1,鲁闽
2026-06-11,美人椒,4.5,4.0,5.0,1,鲁闽
2026-06-12,美人椒,4.5,4.0,5.0,1,鲁闽
2026-06-13,美人椒,4.5,4.0,5.0,1,鲁闽
2026-06-14,美人椒,4.5,4.0,5.0,1,鲁闽
2026-06-15,美人椒,4.5,4.0,5.0,1,鲁闽
2026-06-16,美人椒,4.5,4.0,5.0,1,鲁闽
2026-06-17,美人椒,4.5,4.0,5.0,1,鲁闽
2026-06-18,美人椒,4.5,4.0,5.0,1,鲁闽
2026-06-19,美人椒,4.5,4.0,5.0,1,鲁闽
2026-06-20,美人椒,4.5,4.0,5.0,1,鲁闽
2026-06-21,美人椒,4.5,4.0,5.0,1,鲁闽
2026-06-22,美人椒,4.5,4.0,5.0,1,鲁闽
2026-06-23,美人椒,4.5,4.0,5.0,1,鲁闽
2026-06-24,美人椒,4.5,4.0,5.0,1,鲁闽
2026-06-25,美人椒,4.5,4.0,5.0,1,鲁闽
2026-06-26,美人椒,4.5,4.0,5.0,1,鲁闽
2026-06-27,美人椒,4.5,4.0,5.0,1,鲁闽
2026-06-28,美人椒,4.5,4.0,5.0,1,鲁闽
2026-06-29,美人椒,4.5,4.0,5.0,1,鲁闽
2026-06-30,美人椒,4.5,4.0,5.0,1,鲁闽
2026-07-01,美人椒,4.5,4.0,5.0,1,鲁闽
2026-07-02,美人椒,4.5,4.0,5.0,1,鲁闽
2026-07-03,美人椒,4.5,4.0,5.0,1,鲁闽
2026-07-04,美人椒,4.5,4.0,5.0,1,鲁闽
2026-07-05,美人椒,4.5,4.0,5.0,1,鲁闽
2026-07-06,美人椒,4.5,4.0,5.0,1,鲁闽
2026-07-07,美人椒,4.5,4.0,5.0,1,鲁闽
2026-07-08,美人椒,4.5,4.0,5.0,1,鲁闽
2026-07-09,美人椒,4.5,4.0,5.0,1,鲁闽
2026-07-10,美人椒,4.5,4.0,5.0,1,鲁闽
2026-07-11,美人椒,4.5,4.0,5.0,1,鲁闽
2026-07-12,美人椒,4.5,4.0,5.0,1,鲁闽
2026-07-13,美人椒,5.0,4.5,5.5,1,鲁闽
2026-07-14,美人椒,5.0,4.5,5.5,1,鲁闽
2026-07-15,美人椒,5.0,4.5,5.5,1,鲁闽
2026-07-16,美人椒,5.0,4.5,5.5,1,鲁闽
2026-07-17,美人椒,5.0,4.5,5.5,1,鲁闽
2026-07-18,美人椒,5.0,4.5,5.5,1,鲁闽
2026-07-19,美人椒,5.0,4.5,5.5,1,鲁闽
2026-07-20,美人椒,5.0,4.5,5.5,1,鲁闽
2026-07-21,美人椒,5.0,4.5,5.5,1,鲁闽
2026-07-22,美人椒,5.0,4.5,5.5,1,鲁闽
2026-07-23,美人椒,5.0,4.5,5.5,1,鲁闽
2026-07-24,美人椒,5.0,4.5,5.5,1,鲁闽
2026-07-25,美人椒,5.0,4.5,5.5,1,鲁闽
2026-07-26,美人椒,5.0,4.5,5.5,1,鲁闽
2026-07-27,美人椒,5.0,4.5,5.5,1,鲁闽
2026-07-28,美人椒,4.5,4.0,5.0,1,鲁闽
2026-07-29,美人椒,4.5,4.0,5.0,1,鲁闽
2026-07-30,美人椒,4.0,3.5,4.5,1,鲁闽
2026-07-31,美人椒,4.0,3.5,4.5,1,鲁闽
2026-08-01,美人椒,3.5,3.0,4.0,1,鲁闽
2026-08-02,美人椒,3.5,3.0,4.0,1,鲁闽
2026-08-03,美人椒,3.5,3.0,4.0,1,鲁闽
2026-08-04,美人椒,3.5,3.0,4.0,1,鲁闽
2026-08-05,美人椒,3.5,3.0,4.0,1,鲁闽
2026-08-06,美人椒,3.5,3.0,4.0,1,鲁闽
2026-08-07,美人椒,3.5,3.0,4.0,1,鲁闽
2026-08-08,美人椒,3.5,3.0,4.0,1,鲁闽
2026-08-09,美人椒,3.5,3.0,4.0,1,鲁闽
2026-08-10,美人椒,3.5,3.0,4.0,1,鲁闽
2026-08-11,美人椒,4.0,3.5,4.5,1,鲁闽
2026-01-01,胡萝卜,1.365,1.0,1.6,2,鲁蒙
2026-01-02,胡萝卜,1.365,1.0,1.6,2,鲁蒙
2026-01-03,胡萝卜,1.365,1.0,1.6,2,鲁蒙
2026-01-04,胡萝卜,1.365,1.0,1.6,2,鲁蒙
2026-01-05,胡萝卜,1.365,1.0,1.6,2,鲁蒙
2026-01-06,胡萝卜,1.365,1.0,1.6,2,鲁蒙
2026-01-07,胡萝卜,1.365,1.0,1.6,2,鲁蒙
2026-01-08,胡萝卜,1.365,1.0,1.6,2,鲁蒙
2026-01-09,胡萝卜,1.365,1.0,1.6,2,鲁蒙
2026-01-10,胡萝卜,1.35,0.95,1.6,2,鲁蒙
2026-01-11,胡萝卜,1.35,0.95,1.6,2,鲁蒙
2026-01-12,胡萝卜,1.35,0.95,1.6,2,鲁蒙
2026-01-13,胡萝卜,1.35,0.95,1.6,2,鲁蒙
2026-01-14,胡萝卜,1.35,0.95,1.6,2,鲁蒙
2026-01-15,胡萝卜,1.35,0.95,1.6,2,鲁蒙
2026-01-16,胡萝卜,1.35,0.95,1.6,2,鲁蒙
2026-01-17,胡萝卜,1.35,0.95,1.6,2,鲁蒙
2026-01-18,胡萝卜,1.365,1.0,1.6,2,鲁蒙
2026-01-19,胡萝卜,1.365,1.0,1.6,2,鲁蒙
2026-01-20,胡萝卜,1.365,1.0,1.6,2,鲁蒙
2026-01-21,胡萝卜,1.365,1.0,1.6,2,鲁蒙/鲁蒙闽
2026-01-22,胡萝卜,1.365,1.0,1.6,2,鲁蒙/鲁蒙闽
2026-01-23,胡萝卜,1.365,1.0,1.6,2,鲁蒙
2026-01-24,胡萝卜,1.365,1.0,1.6,2,鲁蒙
2026-01-25,胡萝卜,1.365,1.0,1.6,2,鲁蒙/鲁蒙闽
2026-01-26,胡萝卜,1.365,1.0,1.6,2,鲁蒙/鲁蒙闽
2026-01-27,胡萝卜,1.365,1.0,1.6,2,鲁蒙/鲁蒙闽
2026-01-28,胡萝卜,1.365,1.0,1.6,2,鲁蒙/鲁蒙闽
2026-01-29,胡萝卜,1.365,1.0,1.6,2,鲁蒙/鲁蒙闽
2026-01-30,胡萝卜,1.34,0.9,1.6,2,鲁蒙/鲁蒙闽
2026-01-31,胡萝卜,1.34,0.9,1.6,2,鲁蒙/鲁蒙闽
2026-02-01,胡萝卜,1.34,0.9,1.6,2,鲁蒙/鲁蒙闽
2026-02-02,胡萝卜,1.34,0.9,1.6,2,鲁蒙/鲁蒙闽
2026-02-03,胡萝卜,1.34,0.9,1.6,2,鲁蒙/鲁蒙闽
2026-02-04,胡萝卜,1.34,0.9,1.6,2,鲁蒙/鲁蒙闽
2026-02-05,胡萝卜,1.325,0.9,1.6,2,鲁蒙/鲁蒙闽
2026-02-06,胡萝卜,1.325,0.9,1.6,2,鲁蒙/鲁蒙闽
2026-02-07,胡萝卜,1.325,0.9,1.6,2,鲁蒙/鲁蒙闽
2026-02-08,胡萝卜,1.325,0.9,1.6,2,鲁蒙/鲁蒙闽
2026-02-09,胡萝卜,1.275,0.9,1.5,2,鲁蒙/鲁蒙闽
2026-02-10,胡萝卜,1.275,0.9,1.5,2,鲁蒙/鲁蒙闽
2026-02-11,胡萝卜,1.275,0.9,1.5,2,鲁蒙/鲁蒙闽
2026-02-12,胡萝卜,1.25,0.9,1.4,2,鲁蒙/鲁蒙闽
2026-02-13,胡萝卜,1.25,0.9,1.4,2,鲁蒙/鲁蒙闽
2026-02-14,胡萝卜,1.25,0.9,1.4,2,鲁蒙/鲁蒙闽
2026-02-15,胡萝卜,1.25,0.9,1.4,2,鲁蒙/鲁蒙闽
2026-02-16,胡萝卜,1.25,0.9,1.4,2,鲁蒙/鲁蒙闽
2026-02-24,胡萝卜,1.25,0.9,1.4,2,豫闽/鲁蒙
2026-02-25,胡萝卜,1.25,0.9,1.4,2,豫闽/鲁蒙
2026-02-26,胡萝卜,1.25,0.9,1.4,2,豫闽/鲁蒙
2026-02-27,胡萝卜,1.25,0.9,1.4,2,豫闽/鲁蒙
2026-02-28,胡萝卜,1.25,0.9,1.4,2,豫闽/鲁蒙
2026-03-01,胡萝卜,1.225,0.9,1.4,2,豫闽/鲁蒙
2026-03-02,胡萝卜,1.175,0.9,1.3,2,豫闽/鲁闽
2026-03-03,胡萝卜,1.15,0.9,1.3,2,豫闽/闽
2026-03-04,胡萝卜,1.125,0.9,1.3,2,豫闽/闽
2026-03-05,胡萝卜,1.0,0.8,1.2,2,豫闽/闽
2026-03-06,胡萝卜,1.0,0.8,1.2,2,豫闽/闽
2026-03-07,胡萝卜,1.0,0.8,1.2,2,豫闽/闽
2026-03-08,胡萝卜,1.0,0.8,1.2,2,豫闽/闽
2026-03-09,胡萝卜,1.05,0.9,1.2,2,豫闽/闽
2026-03-10,胡萝卜,1.05,0.9,1.2,2,豫闽/闽
2026-03-11,胡萝卜,1.0,0.9,1.1,2,豫闽/闽
2026-03-12,胡萝卜,1.0,0.9,1.1,2,豫闽/闽
2026-03-13,胡萝卜,1.025,0.8,1.3,2,豫闽/闽
2026-03-14,胡萝卜,0.975,0.8,1.1,2,豫闽/闽
2026-03-15,胡萝卜,0.975,0.8,1.1,2,豫闽/闽
2026-03-16,胡萝卜,0.975,0.8,1.1,2,豫闽/闽
2026-03-17,胡萝卜,0.975,0.8,1.1,2,豫闽/闽
2026-03-18,胡萝卜,0.975,0.8,1.1,2,豫闽/闽
2026-03-19,胡萝卜,0.9,0.8,1.0,2,豫闽/闽
2026-03-20,胡萝卜,0.9,0.8,1.0,2,豫闽/闽
2026-03-21,胡萝卜,0.95,0.8,1.2,2,豫闽/闽
2026-03-22,胡萝卜,0.95,0.8,1.2,2,豫闽/闽
2026-03-23,胡萝卜,0.95,0.8,1.2,2,豫闽/闽
2026-03-24,胡萝卜,0.95,0.8,1.1,2,豫闽/闽
2026-03-25,胡萝卜,0.95,0.8,1.1,2,豫闽/闽
2026-03-26,胡萝卜,1.0,0.8,1.2,2,豫闽/闽
2026-03-27,胡萝卜,1.0,0.8,1.2,2,豫闽/闽
2026-03-28,胡萝卜,1.0,0.8,1.2,2,豫闽/闽
2026-03-29,胡萝卜,1.015,0.8,1.2,2,豫闽/闽
2026-03-30,胡萝卜,1.015,0.8,1.2,2,豫闽/闽
2026-03-31,胡萝卜,1.015,0.8,1.2,2,豫闽/闽
2026-04-01,胡萝卜,1.015,0.8,1.2,2,豫闽/闽
2026-04-02,胡萝卜,1.015,0.8,1.2,2,豫闽/闽
2026-04-03,胡萝卜,1.015,0.8,1.2,2,豫闽/闽
2026-04-04,胡萝卜,1.015,0.8,1.2,2,豫闽/闽
2026-04-05,胡萝卜,1.015,0.8,1.2,2,豫闽/闽
2026-04-06,胡萝卜,0.99,0.8,1.15,2,豫闽/闽
2026-04-07,胡萝卜,0.99,0.8,1.15,2,豫闽/闽
2026-04-08,胡萝卜,0.99,0.8,1.15,2,豫闽/闽
2026-04-09,胡萝卜,0.99,0.8,1.15,2,豫闽/闽
2026-04-10,胡萝卜,0.99,0.8,1.15,2,豫闽/闽
2026-04-11,胡萝卜,0.99,0.8,1.15,2,豫闽/闽
2026-04-12,胡萝卜,0.99,0.8,1.15,2,豫闽/闽
2026-04-13,胡萝卜,0.99,0.8,1.15,2,豫闽/闽
2026-04-14,胡萝卜,0.99,0.8,1.15,2,豫闽/闽
2026-04-15,胡萝卜,0.99,0.8,1.15,2,豫闽/闽
2026-04-16,胡萝卜,0.99,0.8,1.15,2,豫闽/闽
2026-04-17,胡萝卜,0.99,0.8,1.15,2,豫闽/闽
2026-04-18,胡萝卜,0.99,0.8,1.15,2,豫闽/闽
2026-04-19,胡萝卜,0.99,0.8,1.15,2,豫闽/闽
2026-04-20,胡萝卜,1.025,0.8,1.3,2,豫闽/闽鲁
2026-04-21,胡萝卜,1.025,0.8,1.3,2,豫闽/闽鲁
2026-04-22,胡萝卜,1.025,0.8,1.3,2,豫闽/闽鲁
2026-04-23,胡萝卜,1.025,0.8,1.3,2,豫闽/闽鲁
2026-04-24,胡萝卜,1.025,0.8,1.3,2,豫闽/闽鲁
2026-04-25,胡萝卜,1.025,0.8,1.3,2,豫闽/闽鲁
2026-04-26,胡萝卜,0.925,0.7,1.3,2,豫闽/闽鲁
2026-04-27,胡萝卜,0.85,0.6,1.1,2,豫闽/闽鲁
2026-04-28,胡萝卜,0.85,0.6,1.1,2,豫闽/闽鲁
2026-04-29,胡萝卜,0.85,0.6,1.1,2,豫闽/闽鲁
2026-04-30,胡萝卜,0.85,0.7,1.0,2,豫闽/闽鲁
2026-05-01,胡萝卜,0.875,0.7,1.0,2,豫闽/闽鲁
2026-05-02,胡萝卜,0.875,0.7,1.0,2,豫闽/闽鲁
2026-05-03,胡萝卜,0.8,0.7,0.9,2,豫闽/闽鲁
2026-05-04,胡萝卜,0.8,0.7,0.9,2,豫闽/闽鲁
2026-05-05,胡萝卜,0.8,0.7,0.9,2,豫闽/闽鲁
2026-05-06,胡萝卜,0.765,0.6,0.9,2,豫闽/闽鲁
2026-05-07,胡萝卜,0.74,0.6,0.9,2,豫闽/闽鲁
2026-05-08,胡萝卜,0.705,0.6,0.85,2,豫闽/闽鲁
2026-05-09,胡萝卜,0.705,0.6,0.85,2,豫闽/闽鲁
2026-05-10,胡萝卜,0.705,0.6,0.85,2,豫闽/闽鲁
2026-05-11,胡萝卜,0.705,0.6,0.85,2,豫闽/闽鲁
2026-05-12,胡萝卜,0.64,0.5,0.8,2,豫闽/闽鲁
2026-05-13,胡萝卜,0.64,0.5,0.8,2,豫闽/闽鲁
2026-05-14,胡萝卜,0.625,0.5,0.8,2,豫闽/闽鲁
2026-05-15,胡萝卜,0.6,0.4,0.8,2,豫闽/闽鲁
2026-05-16,胡萝卜,0.6,0.4,0.8,2,豫闽/闽鲁
2026-05-17,胡萝卜,0.65,0.55,0.8,2,豫闽/鲁
2026-05-18,胡萝卜,0.675,0.6,0.8,2,豫闽/鲁
2026-05-19,胡萝卜,0.725,0.6,0.8,2,豫闽/鲁
2026-05-20,胡萝卜,0.665,0.6,0.75,2,豫闽/鲁
2026-05-21,胡萝卜,0.665,0.6,0.75,2,豫闽/鲁
2026-05-22,胡萝卜,0.665,0.6,0.75,2,豫闽/鲁
2026-05-23,胡萝卜,0.665,0.6,0.75,2,豫闽/鲁
2026-05-24,胡萝卜,0.665,0.6,0.75,2,豫闽/鲁
2026-05-25,胡萝卜,0.665,0.6,0.75,2,豫闽/鲁
2026-05-26,胡萝卜,0.665,0.6,0.75,2,豫闽/鲁
2026-05-27,胡萝卜,0.665,0.6,0.75,2,豫闽/鲁
2026-05-28,胡萝卜,0.69,0.6,0.8,2,豫闽/鲁
2026-05-29,胡萝卜,0.69,0.6,0.8,2,豫闽/鲁
2026-05-30,胡萝卜,0.68,0.6,0.75,2,豫闽/鲁
2026-05-31,胡萝卜,0.665,0.6,0.75,2,豫闽/鲁
2026-06-01,胡萝卜,0.64,0.55,0.75,2,豫闽/鲁
2026-06-02,胡萝卜,0.64,0.55,0.75,2,豫闽/鲁
2026-06-03,胡萝卜,0.64,0.55,0.75,2,豫闽/鲁
2026-06-04,胡萝卜,0.64,0.55,0.75,2,豫闽/鲁
2026-06-05,胡萝卜,0.64,0.55,0.75,2,豫闽/鲁
2026-06-06,胡萝卜,0.64,0.55,0.75,2,豫闽/鲁
2026-06-07,胡萝卜,0.64,0.55,0.75,2,豫闽/鲁
2026-06-08,胡萝卜,0.605,0.5,0.7,2,豫闽/鲁
2026-06-09,胡萝卜,0.605,0.5,0.7,2,豫闽/鲁
2026-06-10,胡萝卜,0.63,0.5,0.75,2,豫闽/鲁
2026-06-11,胡萝卜,0.605,0.5,0.7,2,豫闽/鲁
2026-06-12,胡萝卜,0.605,0.5,0.7,2,豫闽/鲁
2026-06-13,胡萝卜,0.605,0.5,0.7,2,豫闽/鲁
2026-06-14,胡萝卜,0.605,0.5,0.7,2,豫闽/鲁
2026-06-15,胡萝卜,0.565,0.4,0.7,2,豫闽/鲁
2026-06-16,胡萝卜,0.565,0.4,0.7,2,豫闽/鲁
2026-06-17,胡萝卜,0.565,0.4,0.7,2,豫闽/鲁
2026-06-18,胡萝卜,0.565,0.4,0.7,2,豫闽/鲁
2026-06-19,胡萝卜,0.565,0.4,0.7,2,豫闽/鲁
2026-06-20,胡萝卜,0.565,0.4,0.7,2,豫闽/鲁
2026-06-21,胡萝卜,0.565,0.4,0.7,2,豫闽/鲁
2026-06-22,胡萝卜,0.565,0.4,0.7,2,豫闽/鲁
2026-06-23,胡萝卜,0.555,0.4,0.7,2,豫闽/鲁
2026-06-24,胡萝卜,0.555,0.4,0.7,2,豫闽/鲁
2026-06-25,胡萝卜,0.555,0.4,0.7,2,豫闽/鲁
2026-06-26,胡萝卜,0.555,0.4,0.7,2,豫闽/鲁
2026-06-27,胡萝卜,0.555,0.4,0.7,2,豫闽/鲁
2026-06-28,胡萝卜,0.615,0.55,0.7,2,鲁
2026-06-29,胡萝卜,0.615,0.55,0.7,2,鲁
2026-06-30,胡萝卜,0.615,0.55,0.7,2,鲁
2026-07-01,胡萝卜,0.615,0.55,0.7,2,鲁
2026-07-02,胡萝卜,0.615,0.55,0.7,2,鲁
2026-07-03,胡萝卜,0.64,0.55,0.75,2,鲁
2026-07-04,胡萝卜,0.64,0.55,0.75,2,鲁
2026-07-05,胡萝卜,0.64,0.55,0.75,2,鲁
2026-07-06,胡萝卜,0.64,0.55,0.75,2,鲁
2026-07-07,胡萝卜,0.64,0.5,0.8,2,鲁
2026-07-08,胡萝卜,0.68,0.5,0.85,2,鲁
2026-07-09,胡萝卜,0.68,0.5,0.85,2,鲁
2026-07-10,胡萝卜,0.68,0.5,0.85,2,鲁
2026-07-11,胡萝卜,0.68,0.5,0.85,2,鲁
2026-07-12,胡萝卜,0.68,0.5,0.85,2,鲁
2026-07-13,胡萝卜,0.68,0.5,0.85,2,鲁
2026-07-14,胡萝卜,0.705,0.5,0.85,2,鲁
2026-07-15,胡萝卜,0.705,0.5,0.85,2,鲁
2026-07-16,胡萝卜,0.69,0.5,0.85,2,鲁
2026-07-17,胡萝卜,0.69,0.5,0.85,2,鲁
2026-07-18,胡萝卜,0.69,0.5,0.85,2,鲁
2026-07-19,胡萝卜,0.69,0.5,0.85,2,鲁
2026-07-20,胡萝卜,0.705,0.55,0.85,2,鲁
2026-07-21,胡萝卜,0.705,0.55,0.85,2,鲁
2026-07-22,胡萝卜,0.705,0.55,0.85,2,鲁
2026-07-23,胡萝卜,0.705,0.55,0.85,2,鲁
2026-07-24,胡萝卜,0.705,0.55,0.85,2,鲁
2026-07-25,胡萝卜,0.705,0.55,0.85,2,鲁
2026-07-26,胡萝卜,0.705,0.55,0.85,2,鲁
2026-07-27,胡萝卜,0.705,0.55,0.85,2,鲁
2026-07-28,胡萝卜,0.69,0.55,0.85,2,鲁
2026-07-29,胡萝卜,0.665,0.5,0.85,2,鲁
2026-07-30,胡萝卜,0.665,0.5,0.85,2,鲁
2026-07-31,胡萝卜,0.68,0.5,0.85,2,鲁
2026-08-01,胡萝卜,0.68,0.5,0.85,2,鲁
2026-08-02,胡萝卜,0.625,0.5,0.8,2,鲁
2026-08-03,胡萝卜,0.65,0.55,0.8,2,鲁
2026-08-04,胡萝卜,0.65,0.55,0.8,2,鲁
2026-08-05,胡萝卜,0.65,0.55,0.8,2,鲁
2026-08-06,胡萝卜,0.65,0.55,0.8,2,鲁
2026-08-07,胡萝卜,0.65,0.55,0.8,2,鲁
2026-08-08,胡萝卜,0.65,0.55,0.8,2,鲁
2026-08-09,胡萝卜,0.6,0.45,0.8,2,冀蒙
2026-08-10,胡萝卜,0.615,0.45,0.8,2,冀蒙
2026-08-11,胡萝卜,0.615,0.45,0.8,2,鲁
2026-01-01,芋头,3.25,2.0,5.0,2,闽桂/鲁
2026-01-02,芋头,3.25,2.0,5.0,2,闽桂/鲁
2026-01-03,芋头,3.25,2.0,5.0,2,闽桂/鲁
2026-01-04,芋头,3.25,2.0,5.0,2,闽桂/鲁
2026-01-05,芋头,3.25,2.0,5.0,2,闽桂/鲁
2026-01-06,芋头,3.25,2.0,5.0,2,闽桂/鲁
2026-01-07,芋头,3.25,2.0,5.0,2,闽桂/鲁
2026-01-08,芋头,3.25,2.0,5.0,2,闽桂/鲁
2026-01-09,芋头,3.25,2.0,5.0,2,闽桂/鲁
2026-01-10,芋头,3.25,2.0,5.0,2,闽桂/鲁
2026-01-11,芋头,3.25,2.0,5.0,2,闽桂/鲁
2026-01-12,芋头,3.25,2.0,5.0,2,闽桂/鲁
2026-01-13,芋头,3.25,2.0,5.0,2,闽桂/鲁
2026-01-14,芋头,3.25,2.0,5.0,2,闽桂/鲁
2026-01-15,芋头,3.25,2.0,5.0,2,闽桂/鲁
2026-01-16,芋头,3.25,2.0,5.0,2,闽桂/鲁
2026-01-17,芋头,3.25,2.0,5.0,2,闽桂/鲁
2026-01-18,芋头,3.25,2.0,5.0,2,闽桂/鲁
2026-01-19,芋头,3.25,2.0,5.0,2,闽桂/鲁
2026-01-20,芋头,3.25,2.0,5.0,2,闽桂/鲁
2026-01-21,芋头,3.25,2.0,5.0,2,闽桂/鲁
2026-01-22,芋头,3.25,2.0,5.0,2,闽桂/鲁
2026-01-23,芋头,3.25,2.0,5.0,2,闽桂/鲁
2026-01-24,芋头,3.25,2.0,5.0,2,闽桂/鲁
2026-01-25,芋头,3.25,2.0,5.0,2,闽桂/鲁
2026-01-26,芋头,3.25,2.0,5.0,2,闽桂/鲁
2026-01-27,芋头,3.25,2.0,5.0,2,闽桂/鲁
2026-01-28,芋头,3.25,2.0,5.0,2,闽桂/鲁
2026-01-29,芋头,3.25,2.0,5.0,2,闽桂/鲁
2026-01-30,芋头,3.25,2.0,5.0,2,闽桂/鲁
2026-01-31,芋头,3.25,2.0,5.0,2,闽桂/鲁
2026-02-01,芋头,3.25,2.0,5.0,2,闽桂/鲁
2026-02-02,芋头,3.25,2.0,5.0,2,闽桂/鲁
2026-02-03,芋头,3.25,2.0,5.0,2,闽桂/鲁
2026-02-04,芋头,3.25,2.0,5.0,2,闽桂/鲁
2026-02-05,芋头,3.25,2.0,5.0,2,闽桂/鲁
2026-02-06,芋头,3.25,2.0,5.0,2,闽桂/鲁
2026-02-07,芋头,3.25,2.0,5.0,2,闽桂/鲁
2026-02-08,芋头,3.25,2.0,5.0,2,闽桂/鲁
2026-02-09,芋头,3.25,2.0,5.0,2,闽桂/鲁
2026-02-10,芋头,3.25,2.0,5.0,2,闽桂/鲁
2026-02-11,芋头,3.25,2.0,5.0,2,闽桂/鲁
2026-02-12,芋头,3.25,2.0,5.0,2,闽桂/鲁
2026-02-13,芋头,3.25,2.0,5.0,2,闽桂/鲁
2026-02-14,芋头,3.25,2.0,5.0,2,闽桂/鲁
2026-02-15,芋头,3.25,2.0,5.0,2,闽桂/鲁
2026-02-16,芋头,3.25,2.0,5.0,2,闽桂/鲁
2026-02-24,芋头,3.25,2.0,5.0,2,闽桂/鲁
2026-02-25,芋头,3.25,2.0,5.0,2,闽桂/鲁
2026-02-26,芋头,3.25,2.0,5.0,2,闽桂/鲁
2026-02-27,芋头,3.25,2.0,5.0,2,闽桂/鲁
2026-02-28,芋头,3.25,2.0,5.0,2,闽桂/鲁
2026-03-01,芋头,3.125,2.0,5.0,2,闽桂/鲁
2026-03-02,芋头,3.125,2.0,5.0,2,闽桂/鲁
2026-03-03,芋头,3.125,2.0,5.0,2,闽桂/鲁
2026-03-04,芋头,3.125,2.0,5.0,2,闽桂/鲁
2026-03-05,芋头,3.125,2.0,5.0,2,闽桂/鲁
2026-03-06,芋头,3.125,2.0,5.0,2,闽桂/鲁
2026-03-07,芋头,3.125,2.0,5.0,2,闽桂/鲁
2026-03-08,芋头,3.125,2.0,5.0,2,闽桂/鲁
2026-03-09,芋头,3.125,2.0,5.0,2,闽桂/鲁
2026-03-10,芋头,3.125,2.0,5.0,2,闽桂/鲁
2026-03-11,芋头,3.125,2.0,5.0,2,闽桂/鲁
2026-03-12,芋头,3.125,2.0,5.0,2,闽桂/鲁
2026-03-13,芋头,3.125,2.0,5.0,2,闽桂/鲁
2026-03-14,芋头,3.125,2.0,5.0,2,闽桂/鲁
2026-03-15,芋头,3.125,2.0,5.0,2,闽桂/鲁
2026-03-16,芋头,3.125,2.0,5.0,2,闽桂/鲁
2026-03-17,芋头,3.125,2.0,5.0,2,闽桂/鲁
2026-03-18,芋头,3.125,2.0,5.0,2,闽桂/鲁
2026-03-19,芋头,3.125,2.0,5.0,2,闽桂/鲁
2026-03-20,芋头,3.125,2.0,5.0,2,闽桂/鲁
2026-03-21,芋头,3.125,2.0,5.0,2,闽桂/鲁
2026-03-22,芋头,3.125,2.0,5.0,2,闽桂/鲁
2026-03-23,芋头,3.125,2.0,5.0,2,闽桂/鲁
2026-03-24,芋头,3.125,2.0,5.0,2,闽桂/鲁
2026-03-25,芋头,3.125,2.0,5.0,2,闽桂/鲁
2026-03-26,芋头,3.125,2.0,5.0,2,闽桂/鲁
2026-03-27,芋头,3.125,2.0,5.0,2,闽桂/鲁
2026-03-28,芋头,3.125,2.0,5.0,2,闽桂/鲁
2026-03-29,芋头,3.125,2.0,5.0,2,闽桂/鲁
2026-03-30,芋头,3.125,2.0,5.0,2,闽桂/鲁
2026-03-31,芋头,3.125,2.0,5.0,2,闽桂/鲁
2026-04-01,芋头,3.125,2.0,5.0,2,闽桂/鲁
2026-04-02,芋头,3.125,2.0,5.0,2,闽桂/鲁
2026-04-03,芋头,3.125,2.0,5.0,2,闽桂/鲁
2026-04-04,芋头,3.125,2.0,5.0,2,闽桂/鲁
2026-04-05,芋头,3.125,2.0,5.0,2,闽桂/鲁
2026-04-06,芋头,3.125,2.0,5.0,2,闽桂/鲁
2026-04-07,芋头,3.125,2.0,5.0,2,闽桂/鲁
2026-04-08,芋头,3.125,2.0,5.0,2,闽桂/鲁
2026-04-09,芋头,3.125,2.0,5.0,2,闽桂/鲁
2026-04-10,芋头,3.125,2.0,5.0,2,闽桂/鲁
2026-04-11,芋头,3.125,2.0,5.0,2,闽桂/鲁
2026-04-12,芋头,3.125,2.0,5.0,2,闽桂/鲁
2026-04-13,芋头,3.125,2.0,5.0,2,闽桂/鲁
2026-04-14,芋头,3.125,2.0,5.0,2,闽桂/鲁
2026-04-15,芋头,3.125,2.0,5.0,2,闽桂/鲁
2026-04-16,芋头,3.125,2.0,5.0,2,闽桂/鲁
2026-04-17,芋头,3.125,2.0,5.0,2,闽桂/鲁
2026-04-18,芋头,3.125,2.0,5.0,2,闽桂/鲁
2026-04-19,芋头,3.125,2.0,5.0,2,闽桂/鲁
2026-04-20,芋头,3.125,2.0,5.0,2,闽桂/鲁
2026-04-21,芋头,3.125,2.0,5.0,2,闽桂/鲁
2026-04-22,芋头,3.125,2.0,5.0,2,闽桂/鲁
2026-04-23,芋头,3.125,2.0,5.0,2,闽桂/鲁
2026-04-24,芋头,3.125,2.0,5.0,2,闽桂/鲁
2026-04-25,芋头,3.125,2.0,5.0,2,闽桂/鲁
2026-04-26,芋头,3.125,2.0,5.0,2,闽桂/鲁
2026-04-27,芋头,3.125,2.0,5.0,2,闽桂/鲁
2026-04-28,芋头,3.125,2.0,5.0,2,闽桂/鲁
2026-04-29,芋头,3.125,2.0,5.0,2,闽桂/鲁
2026-04-30,芋头,3.125,2.0,5.0,2,闽桂/鲁
2026-05-01,芋头,3.125,2.0,5.0,2,闽桂/鲁
2026-05-02,芋头,3.125,2.0,5.0,2,闽桂/鲁
2026-05-03,芋头,3.125,2.0,5.0,2,闽桂/鲁
2026-05-04,芋头,3.125,2.0,5.0,2,闽桂/鲁
2026-05-05,芋头,3.125,2.0,5.0,2,闽桂/鲁
2026-05-06,芋头,3.125,2.0,5.0,2,闽桂/鲁
2026-05-07,芋头,3.125,2.0,5.0,2,闽桂/鲁
2026-05-08,芋头,3.125,2.0,5.0,2,闽桂/鲁
2026-05-09,芋头,3.125,2.0,5.0,2,闽桂/鲁
2026-05-10,芋头,3.125,2.0,5.0,2,闽桂/鲁
2026-05-11,芋头,3.125,2.0,5.0,2,闽桂/鲁
2026-05-12,芋头,3.125,2.0,5.0,2,闽桂/鲁
2026-05-13,芋头,3.0,1.5,5.0,2,闽桂/鲁
2026-05-14,芋头,3.0,1.5,5.0,2,闽桂/鲁
2026-05-15,芋头,3.0,1.5,5.0,2,闽桂/鲁
2026-05-16,芋头,3.0,1.5,5.0,2,闽桂/鲁
2026-05-17,芋头,3.0,1.5,5.0,2,闽桂/鲁
2026-05-18,芋头,3.0,1.5,5.0,2,闽桂/鲁
2026-05-19,芋头,3.0,1.5,5.0,2,闽桂/鲁
2026-05-20,芋头,2.875,1.5,4.5,2,闽桂/鲁
2026-05-21,芋头,2.875,1.5,4.5,2,闽桂/鲁
2026-05-22,芋头,2.875,1.5,4.5,2,闽桂/鲁
2026-05-23,芋头,2.875,1.5,4.5,2,闽桂/鲁
2026-05-24,芋头,2.875,1.5,4.5,2,闽桂/鲁
2026-05-25,芋头,2.875,1.5,4.5,2,闽桂/鲁
2026-05-26,芋头,2.875,1.5,4.5,2,闽桂/鲁
2026-05-27,芋头,2.875,1.5,4.5,2,闽桂/鲁
2026-05-28,芋头,2.875,1.5,4.5,2,闽桂/鲁
2026-05-29,芋头,2.875,1.5,4.5,2,闽桂/鲁
2026-05-30,芋头,2.875,1.5,4.5,2,闽桂/鲁
2026-05-31,芋头,2.875,1.5,4.5,2,闽桂/鲁
2026-06-01,芋头,2.875,1.5,4.5,2,闽桂/鲁
2026-06-02,芋头,2.875,1.5,4.5,2,闽桂/鲁
2026-06-03,芋头,2.875,1.5,4.5,2,闽桂/鲁
2026-06-04,芋头,2.875,1.5,4.5,2,闽桂/鲁
2026-06-05,芋头,2.875,1.5,4.5,2,闽桂/鲁
2026-06-06,芋头,2.875,1.5,4.5,2,闽桂/鲁
2026-06-07,芋头,2.875,1.5,4.5,2,闽桂/鲁
2026-06-08,芋头,2.875,1.5,4.5,2,闽桂/鲁
2026-06-09,芋头,2.875,1.5,4.5,2,闽桂/鲁
2026-06-10,芋头,2.875,1.5,4.5,2,闽桂/鲁
2026-06-11,芋头,2.875,1.5,4.5,2,闽桂/鲁
2026-06-12,芋头,2.875,1.5,4.5,2,闽桂/鲁
2026-06-13,芋头,2.875,1.5,4.5,2,闽桂/鲁
2026-06-14,芋头,2.875,1.5,4.5,2,闽桂/鲁
2026-06-15,芋头,2.875,1.5,4.5,2,闽桂/鲁
2026-06-16,芋头,2.875,1.5,4.5,2,闽桂/鲁
2026-06-17,芋头,2.875,1.5,4.5,2,闽桂/鲁
2026-06-18,芋头,2.875,1.5,4.5,2,闽桂/鲁
2026-06-19,芋头,2.875,1.5,4.5,2,闽桂/鲁
2026-06-20,芋头,2.875,1.5,4.5,2,闽桂/鲁
2026-06-21,芋头,2.875,1.5,4.5,2,闽桂/鲁
2026-06-22,芋头,2.875,1.5,4.5,2,闽桂/鲁
2026-06-23,芋头,2.875,1.5,4.5,2,闽桂/鲁
2026-06-24,芋头,2.875,1.5,4.5,2,闽桂/鲁
2026-06-25,芋头,2.875,1.5,4.5,2,闽桂/鲁
2026-06-26,芋头,2.875,1.5,4.5,2,闽桂/鲁
2026-06-27,芋头,2.875,1.5,4.5,2,闽桂/鲁
2026-06-28,芋头,2.875,1.5,4.5,2,闽桂/鲁
2026-06-29,芋头,2.875,1.5,4.5,2,闽桂/鲁
2026-06-30,芋头,2.875,1.5,4.5,2,闽桂/鲁
2026-07-01,芋头,2.875,1.5,4.5,2,闽桂/鲁
2026-07-02,芋头,2.875,1.5,4.5,2,闽桂/鲁
2026-07-03,芋头,2.875,1.5,4.5,2,闽桂/鲁
2026-07-04,芋头,2.875,1.5,4.5,2,闽桂/鲁
2026-07-05,芋头,2.875,1.5,4.5,2,闽桂/鲁
2026-07-06,芋头,2.875,1.5,4.5,2,闽桂/鲁
2026-07-07,芋头,2.875,1.5,4.5,2,闽桂/鲁
2026-07-08,芋头,2.875,1.5,4.5,2,闽桂/鲁
2026-07-09,芋头,2.875,1.5,4.5,2,闽桂/鲁
2026-07-10,芋头,2.875,1.5,4.5,2,闽桂/鲁
2026-07-11,芋头,2.875,1.5,4.5,2,闽桂/鲁
2026-07-12,芋头,2.875,1.5,4.5,2,闽桂/鲁
2026-07-13,芋头,2.875,1.5,4.5,2,闽桂/鲁
2026-07-14,芋头,2.875,1.5,4.5,2,闽桂/鲁
2026-07-15,芋头,2.75,1.5,4.5,2,闽桂/鲁
2026-07-16,芋头,2.75,1.5,4.5,2,闽桂/鲁
2026-07-17,芋头,2.75,1.5,4.5,2,闽桂/鲁
2026-07-18,芋头,2.75,1.5,4.5,2,闽桂/鲁
2026-07-19,芋头,2.75,1.5,4.5,2,闽桂/鲁
2026-07-20,芋头,2.75,1.5,4.5,2,闽桂/鲁
2026-07-21,芋头,2.75,1.5,4.5,2,闽桂/鲁
2026-07-22,芋头,2.75,1.5,4.5,2,闽桂/鲁
2026-07-23,芋头,2.75,1.5,4.5,2,闽桂/鲁
2026-07-24,芋头,2.75,1.5,4.5,2,闽桂/鲁
2026-07-25,芋头,2.75,1.5,4.5,2,闽桂/鲁
2026-07-26,芋头,2.75,1.5,4.5,2,闽桂/鲁
2026-07-27,芋头,2.75,1.5,4.5,2,闽桂/鲁
2026-07-28,芋头,2.75,1.5,4.5,2,闽桂/鲁
2026-07-29,芋头,2.75,1.5,4.5,2,闽桂/鲁
2026-07-30,芋头,2.75,1.5,4.5,2,闽桂/鲁
2026-07-31,芋头,2.75,1.5,4.5,2,闽桂/鲁
2026-08-01,芋头,2.75,1.5,4.5,2,闽桂/鲁
2026-08-02,芋头,2.75,1.5,4.5,2,闽桂/鲁
2026-08-03,芋头,2.75,1.5,4.5,2,闽桂/鲁
2026-08-04,芋头,2.75,1.5,4.5,2,闽桂/鲁
2026-08-05,芋头,2.75,1.5,4.5,2,闽桂/鲁
2026-08-06,芋头,2.75,1.5,4.5,2,闽桂/鲁
2026-08-07,芋头,2.75,1.5,4.5,2,闽桂/鲁
2026-08-08,芋头,2.75,1.5,4.5,2,闽桂/鲁
2026-08-09,芋头,2.75,1.5,4.5,2,闽桂/鲁
2026-08-10,芋头,2.75,1.5,4.5,2,闽桂/鲁
2026-08-11,芋头,2.75,1.5,4.5,2,闽桂/鲁
2026-01-01,芥兰,3.0,2.5,3.5,1,
2026-01-02,芥兰,3.0,2.5,3.5,1,
2026-01-05,芥兰,3.1,2.7,3.5,1,
2026-01-06,芥兰,3.4,3.0,3.8,1,
2026-01-07,芥兰,3.65,3.3,4.0,1,
2026-01-08,芥兰,3.65,3.3,4.0,1,
2026-01-09,芥兰,3.65,3.3,4.0,1,
2026-01-12,芥兰,3.65,3.3,4.0,1,
2026-01-13,芥兰,3.65,3.3,4.0,1,
2026-01-14,芥兰,3.65,3.3,4.0,1,
2026-01-15,芥兰,3.75,3.5,4.0,1,
2026-01-16,芥兰,3.05,2.6,3.5,1,
2026-01-19,芥兰,3.25,2.8,3.7,1,
2026-01-20,芥兰,3.25,2.8,3.7,1,
2026-01-21,芥兰,3.25,2.8,3.7,1,
2026-01-22,芥兰,3.25,2.8,3.7,1,
2026-01-23,芥兰,3.25,2.8,3.7,1,
2026-01-26,芥兰,3.25,2.8,3.7,1,
2026-01-27,芥兰,3.25,2.8,3.7,1,
2026-01-28,芥兰,3.25,2.8,3.7,1,
2026-01-29,芥兰,2.9,2.5,3.3,1,
2026-01-30,芥兰,2.5,2.0,3.0,1,
2026-02-02,芥兰,2.5,2.0,3.0,1,
2026-02-03,芥兰,2.5,2.0,3.0,1,
2026-02-04,芥兰,2.75,2.0,3.5,1,
2026-02-05,芥兰,2.75,2.0,3.5,1,
2026-02-06,芥兰,2.75,2.0,3.5,1,
2026-02-09,芥兰,2.75,2.0,3.5,1,
2026-02-10,芥兰,2.75,2.0,3.5,1,
2026-02-11,芥兰,3.5,3.0,4.0,1,
2026-02-12,芥兰,3.5,3.0,4.0,1,
2026-02-13,芥兰,3.4,3.0,3.8,1,
2026-02-24,芥兰,3.25,3.0,3.5,1,
2026-02-25,芥兰,3.25,3.0,3.5,1,
2026-02-26,芥兰,3.25,3.0,3.5,1,
2026-02-27,芥兰,3.25,3.0,3.5,1,
2026-03-02,芥兰,2.75,2.5,3.0,1,
2026-03-03,芥兰,2.75,2.5,3.0,1,
2026-03-04,芥兰,2.65,2.3,3.0,1,
2026-03-05,芥兰,2.65,2.3,3.0,1,
2026-03-06,芥兰,2.65,2.3,3.0,1,
2026-03-09,芥兰,3.5,3.0,4.0,1,
2026-03-10,芥兰,3.5,3.0,4.0,1,
2026-03-11,芥兰,3.9,3.8,4.0,1,
2026-03-12,芥兰,3.9,3.8,4.0,1,
2026-03-13,芥兰,4.5,4.0,5.0,1,
2026-03-16,芥兰,4.5,4.0,5.0,1,
2026-03-17,芥兰,4.5,4.0,5.0,1,
2026-03-18,芥兰,4.5,4.0,5.0,1,
2026-03-19,芥兰,4.9,4.3,5.5,1,
2026-03-20,芥兰,5.75,5.5,6.0,1,
2026-03-23,芥兰,4.5,4.0,5.0,1,
2026-03-24,芥兰,4.3,3.8,4.8,1,
2026-03-25,芥兰,4.3,3.8,4.8,1,
2026-03-26,芥兰,4.3,3.8,4.8,1,
2026-03-27,芥兰,4.5,4.0,5.0,1,
2026-03-30,芥兰,3.3,3.0,3.6,1,
2026-03-31,芥兰,3.55,3.3,3.8,1,
2026-04-01,芥兰,3.55,3.3,3.8,1,
2026-04-02,芥兰,3.65,3.3,4.0,1,
2026-04-03,芥兰,3.65,3.3,4.0,1,
2026-04-06,芥兰,3.25,3.0,3.5,1,
2026-04-07,芥兰,2.75,2.5,3.0,1,
2026-04-08,芥兰,2.75,2.5,3.0,1,
2026-04-09,芥兰,2.75,2.5,3.0,1,
2026-04-10,芥兰,2.75,2.5,3.0,1,
2026-04-13,芥兰,2.55,2.3,2.8,1,
2026-04-14,芥兰,2.4,2.3,2.5,1,
2026-04-15,芥兰,2.55,2.3,2.8,1,
2026-04-16,芥兰,2.55,2.3,2.8,1,
2026-04-17,芥兰,2.55,2.3,2.8,1,
2026-04-20,芥兰,2.55,2.3,2.8,1,
2026-04-21,芥兰,2.55,2.3,2.8,1,
2026-04-22,芥兰,2.4,2.3,2.5,1,
2026-04-23,芥兰,2.25,2.0,2.5,1,
2026-04-24,芥兰,2.25,2.0,2.5,1,
2026-04-27,芥兰,2.25,2.0,2.5,1,
2026-04-28,芥兰,2.25,2.0,2.5,1,
2026-04-29,芥兰,2.25,2.0,2.5,1,
2026-04-30,芥兰,2.15,1.8,2.5,1,
2026-05-01,芥兰,2.15,1.8,2.5,1,
2026-05-04,芥兰,1.85,1.5,2.2,1,
2026-05-05,芥兰,1.85,1.5,2.2,1,
2026-05-06,芥兰,1.85,1.5,2.2,1,
2026-05-07,芥兰,1.75,1.4,2.1,1,
2026-05-08,芥兰,2.05,1.8,2.3,1,
2026-05-11,芥兰,1.75,1.5,2.0,1,
2026-05-12,芥兰,1.65,1.3,2.0,1,
2026-05-13,芥兰,1.65,1.3,2.0,1,
2026-05-14,芥兰,1.75,1.5,2.0,1,
2026-05-15,芥兰,1.75,1.5,2.0,1,
2026-05-18,芥兰,2.25,2.0,2.5,1,
2026-05-19,芥兰,1.85,1.7,2.0,1,
2026-05-20,芥兰,2.05,1.8,2.3,1,
2026-05-21,芥兰,2.05,1.8,2.3,1,
2026-05-22,芥兰,2.05,1.8,2.3,1,
2026-05-25,芥兰,2.05,1.8,2.3,1,
2026-05-26,芥兰,2.05,1.8,2.3,1,
2026-05-27,芥兰,2.05,1.8,2.3,1,
2026-05-28,芥兰,2.05,1.8,2.3,1,
2026-05-29,芥兰,2.05,1.8,2.3,1,
2026-06-01,芥兰,2.05,1.8,2.3,1,
2026-06-02,芥兰,1.9,1.8,2.0,1,
2026-06-03,芥兰,1.9,1.8,2.0,1,
2026-06-04,芥兰,1.9,1.8,2.0,1,
2026-06-05,芥兰,1.9,1.8,2.0,1,
2026-06-08,芥兰,1.85,1.7,2.0,1,
2026-06-09,芥兰,1.85,1.7,2.0,1,
2026-06-10,芥兰,1.85,1.7,2.0,1,
2026-06-11,芥兰,1.85,1.7,2.0,1,
2026-06-12,芥兰,1.85,1.7,2.0,1,
2026-06-15,芥兰,2.0,1.8,2.2,1,
2026-06-16,芥兰,2.0,1.8,2.2,1,
2026-06-17,芥兰,1.9,1.8,2.0,1,
2026-06-18,芥兰,1.9,1.8,2.0,1,
2026-06-19,芥兰,1.9,1.8,2.0,1,
2026-06-22,芥兰,2.1,2.0,2.2,1,
2026-06-23,芥兰,2.1,2.0,2.2,1,
2026-06-24,芥兰,2.1,2.0,2.2,1,
2026-06-25,芥兰,2.1,2.0,2.2,1,
2026-06-26,芥兰,2.1,2.0,2.2,1,
2026-06-29,芥兰,2.1,2.0,2.2,1,
2026-06-30,芥兰,1.9,1.8,2.0,1,
2026-07-01,芥兰,1.9,1.8,2.0,1,
2026-07-02,芥兰,1.9,1.8,2.0,1,
2026-07-03,芥兰,1.9,1.8,2.0,1,
2026-07-06,芥兰,1.9,1.8,2.0,1,
2026-07-07,芥兰,1.9,1.8,2.0,1,
2026-07-08,芥兰,1.9,1.8,2.0,1,
2026-07-09,芥兰,1.9,1.8,2.0,1,
2026-07-10,芥兰,1.9,1.8,2.0,1,
2026-07-13,芥兰,2.1,2.0,2.2,1,
2026-07-14,芥兰,2.1,2.0,2.2,1,
2026-07-15,芥兰,2.1,2.0,2.2,1,
2026-07-16,芥兰,2.1,2.0,2.2,1,
2026-07-17,芥兰,2.1,2.0,2.2,1,
2026-07-20,芥兰,2.1,2.0,2.2,1,
2026-07-21,芥兰,2.1,2.0,2.2,1,
2026-07-22,芥兰,2.1,2.0,2.2,1,
2026-07-23,芥兰,2.1,2.0,2.2,1,
2026-07-24,芥兰,2.1,2.0,2.2,1,
2026-07-27,芥兰,2.1,2.0,2.2,1,
2026-07-28,芥兰,2.1,2.0,2.2,1,
2026-07-29,芥兰,2.1,2.0,2.2,1,
2026-07-30,芥兰,2.1,2.0,2.2,1,
2026-07-31,芥兰,2.1,2.0,2.2,1,
2026-08-03,芥兰,2.1,2.0,2.2,1,
2026-08-04,芥兰,2.0,1.8,2.2,1,
2026-08-05,芥兰,2.15,1.8,2.5,1,
2026-08-06,芥兰,2.25,1.8,2.7,1,
2026-08-07,芥兰,2.4,1.8,3.0,1,
2026-08-10,芥兰,3.5,3.0,4.0,1,
2026-08-11,芥兰,3.25,3.0,3.5,1,
2026-01-10,芦笋,20.5,20.0,21.0,1,
2026-01-20,芦笋,18.5,18.0,19.0,1,
2026-01-31,芦笋,16.5,16.0,17.0,1,
2026-02-10,芦笋,15.5,15.0,16.0,1,
2026-02-28,芦笋,15.5,15.0,16.0,1,
2026-03-10,芦笋,14.5,14.0,15.0,1,
2026-03-20,芦笋,14.5,14.0,15.0,1,
2026-03-31,芦笋,14.5,14.0,15.0,1,
2026-04-10,芦笋,13.5,13.0,14.0,1,
2026-04-20,芦笋,12.5,12.0,13.0,1,
2026-04-30,芦笋,11.5,11.0,12.0,1,
2026-05-10,芦笋,12.25,12.0,12.5,1,
2026-05-20,芦笋,12.25,12.0,12.5,1,
2026-05-31,芦笋,12.25,12.0,12.5,1,
2026-06-10,芦笋,12.25,12.0,12.5,1,
2026-06-20,芦笋,12.25,12.0,12.5,1,
2026-06-30,芦笋,11.5,11.0,12.0,1,
2026-07-10,芦笋,11.5,11.0,12.0,1,
2026-07-20,芦笋,12.25,12.0,12.5,1,
2026-07-31,芦笋,14.0,13.0,15.0,1,
2026-08-10,芦笋,13.5,13.0,14.0,1,
2026-01-10,芦荟,8.5,8.0,9.0,1,
2026-01-20,芦荟,8.5,8.0,9.0,1,
2026-01-31,芦荟,8.5,8.0,9.0,1,
2026-02-10,芦荟,8.75,8.5,9.0,1,
2026-02-28,芦荟,8.25,8.0,8.5,1,
2026-03-10,芦荟,8.25,8.0,8.5,1,
2026-03-20,芦荟,8.25,8.0,8.5,1,
2026-03-31,芦荟,8.25,8.0,8.5,1,
2026-04-10,芦荟,8.5,8.0,9.0,1,
2026-04-20,芦荟,9.25,9.0,9.5,1,
2026-04-30,芦荟,9.25,9.0,9.5,1,
2026-05-10,芦荟,9.25,9.0,9.5,1,
2026-05-20,芦荟,9.25,9.0,9.5,1,
2026-05-31,芦荟,9.25,9.0,9.5,1,
2026-06-10,芦荟,9.25,9.0,9.5,1,
2026-06-20,芦荟,9.25,9.0,9.5,1,
2026-06-30,芦荟,9.25,9.0,9.5,1,
2026-07-10,芦荟,8.5,8.0,9.0,1,
2026-07-20,芦荟,9.25,9.0,9.5,1,
2026-07-31,芦荟,9.25,9.0,9.5,1,
2026-08-10,芦荟,9.25,9.0,9.5,1,
2026-01-01,花生,5.15,4.8,5.5,1,苏
2026-01-02,花生,5.15,4.8,5.5,1,苏
2026-01-03,花生,5.15,4.8,5.5,1,苏
2026-01-04,花生,5.15,4.8,5.5,1,苏
2026-01-05,花生,5.15,4.8,5.5,1,苏
2026-01-06,花生,5.15,4.8,5.5,1,苏
2026-01-07,花生,5.15,4.8,5.5,1,苏
2026-01-08,花生,5.15,4.8,5.5,1,苏
2026-01-09,花生,5.15,4.8,5.5,1,苏
2026-01-10,花生,5.15,4.8,5.5,1,苏
2026-01-11,花生,5.15,4.8,5.5,1,苏
2026-01-12,花生,5.15,4.8,5.5,1,苏
2026-01-13,花生,5.15,4.8,5.5,1,苏
2026-01-14,花生,5.15,4.8,5.5,1,苏
2026-01-15,花生,5.15,4.8,5.5,1,苏
2026-01-16,花生,5.15,4.8,5.5,1,苏
2026-01-17,花生,5.15,4.8,5.5,1,苏
2026-01-18,花生,5.15,4.8,5.5,1,苏
2026-01-19,花生,5.15,4.8,5.5,1,苏
2026-01-20,花生,5.15,4.8,5.5,1,苏
2026-01-21,花生,5.15,4.8,5.5,1,苏
2026-01-22,花生,5.15,4.8,5.5,1,苏
2026-01-23,花生,5.15,4.8,5.5,1,苏
2026-01-24,花生,5.15,4.8,5.5,1,苏
2026-01-25,花生,5.15,4.8,5.5,1,苏
2026-01-26,花生,5.15,4.8,5.5,1,苏
2026-01-27,花生,5.15,4.8,5.5,1,苏
2026-01-28,花生,5.15,4.8,5.5,1,苏
2026-01-29,花生,5.15,4.8,5.5,1,苏
2026-01-30,花生,5.15,4.8,5.5,1,苏
2026-01-31,花生,5.15,4.8,5.5,1,苏
2026-02-01,花生,5.15,4.8,5.5,1,苏
2026-02-02,花生,5.15,4.8,5.5,1,苏
2026-02-03,花生,5.15,4.8,5.5,1,苏
2026-02-04,花生,5.15,4.8,5.5,1,苏
2026-02-05,花生,5.15,4.8,5.5,1,苏
2026-02-06,花生,5.15,4.8,5.5,1,苏
2026-02-07,花生,5.15,4.8,5.5,1,苏
2026-02-08,花生,5.15,4.8,5.5,1,苏
2026-02-09,花生,5.15,4.8,5.5,1,苏
2026-02-10,花生,5.15,4.8,5.5,1,苏
2026-02-11,花生,5.15,4.8,5.5,1,苏
2026-02-12,花生,5.15,4.8,5.5,1,苏
2026-02-13,花生,5.15,4.8,5.5,1,苏
2026-02-14,花生,5.15,4.8,5.5,1,苏
2026-02-15,花生,5.15,4.8,5.5,1,苏
2026-02-16,花生,5.15,4.8,5.5,1,苏
2026-02-24,花生,5.15,4.8,5.5,1,苏
2026-02-25,花生,5.15,4.8,5.5,1,苏
2026-02-26,花生,5.15,4.8,5.5,1,苏
2026-02-27,花生,5.15,4.8,5.5,1,苏
2026-02-28,花生,5.15,4.8,5.5,1,苏
2026-03-01,花生,5.15,4.8,5.5,1,苏
2026-03-02,花生,5.15,4.8,5.5,1,苏
2026-03-03,花生,5.15,4.8,5.5,1,苏
2026-03-04,花生,5.15,4.8,5.5,1,苏
2026-03-05,花生,5.15,4.8,5.5,1,苏
2026-03-06,花生,5.15,4.8,5.5,1,苏
2026-03-07,花生,5.15,4.8,5.5,1,苏
2026-03-08,花生,5.15,4.8,5.5,1,苏
2026-03-09,花生,5.15,4.8,5.5,1,苏
2026-03-10,花生,5.15,4.8,5.5,1,苏
2026-03-11,花生,5.15,4.8,5.5,1,苏
2026-03-12,花生,4.5,4.3,4.7,1,苏
2026-03-13,花生,4.5,4.3,4.7,1,苏
2026-03-14,花生,4.5,4.3,4.7,1,苏
2026-03-15,花生,4.5,4.3,4.7,1,苏
2026-03-16,花生,4.5,4.3,4.7,1,苏
2026-03-17,花生,4.5,4.3,4.7,1,苏
2026-03-18,花生,4.5,4.3,4.7,1,苏
2026-03-19,花生,4.5,4.3,4.7,1,苏
2026-03-20,花生,4.5,4.3,4.7,1,苏
2026-03-21,花生,4.5,4.3,4.7,1,苏
2026-03-22,花生,4.5,4.3,4.7,1,苏
2026-03-23,花生,4.5,4.3,4.7,1,苏
2026-03-24,花生,4.5,4.3,4.7,1,苏
2026-03-25,花生,4.5,4.3,4.7,1,苏
2026-03-26,花生,4.5,4.3,4.7,1,苏
2026-03-27,花生,4.5,4.3,4.7,1,苏
2026-03-28,花生,4.5,4.3,4.7,1,苏
2026-03-29,花生,4.5,4.3,4.7,1,苏
2026-03-30,花生,4.5,4.3,4.7,1,苏
2026-03-31,花生,4.5,4.3,4.7,1,苏
2026-04-01,花生,4.5,4.3,4.7,1,苏
2026-04-02,花生,4.4,4.3,4.5,1,苏
2026-04-03,花生,4.4,4.3,4.5,1,苏
2026-04-04,花生,4.4,4.3,4.5,1,苏
2026-04-05,花生,4.15,4.0,4.3,1,苏鲁
2026-04-06,花生,4.15,4.0,4.3,1,苏鲁
2026-04-07,花生,4.15,4.0,4.3,1,苏鲁
2026-04-08,花生,4.15,4.0,4.3,1,苏鲁
2026-04-09,花生,4.15,4.0,4.3,1,苏鲁
2026-04-10,花生,4.15,4.0,4.3,1,苏鲁
2026-04-11,花生,4.15,4.0,4.3,1,苏鲁
2026-04-12,花生,4.15,4.0,4.3,1,苏鲁
2026-04-13,花生,4.15,4.0,4.3,1,苏鲁
2026-04-14,花生,4.15,4.0,4.3,1,苏鲁
2026-04-15,花生,4.15,4.0,4.3,1,苏鲁
2026-04-16,花生,4.15,4.0,4.3,1,苏鲁
2026-04-17,花生,4.15,4.0,4.3,1,苏鲁
2026-04-18,花生,4.15,4.0,4.3,1,苏鲁
2026-04-19,花生,4.4,4.3,4.5,1,苏鲁
2026-04-20,花生,4.4,4.3,4.5,1,苏鲁
2026-04-21,花生,4.4,4.3,4.5,1,苏鲁
2026-04-22,花生,4.4,4.3,4.5,1,苏鲁
2026-04-23,花生,5.4,4.3,6.5,1,苏鲁海
2026-04-24,花生,5.3,4.3,6.3,1,苏鲁
2026-04-25,花生,5.3,4.3,6.3,1,苏鲁
2026-04-26,花生,5.3,4.3,6.3,1,苏鲁
2026-04-27,花生,5.3,4.3,6.3,1,苏鲁
2026-04-28,花生,5.3,4.3,6.3,1,苏鲁
2026-04-29,花生,5.3,4.3,6.3,1,苏鲁
2026-04-30,花生,5.3,4.3,6.3,1,苏鲁
2026-05-01,花生,5.3,4.3,6.3,1,苏鲁
2026-05-02,花生,5.3,4.3,6.3,1,苏鲁
2026-05-03,花生,5.3,4.3,6.3,1,苏鲁
2026-05-04,花生,5.3,4.3,6.3,1,苏鲁
2026-05-05,花生,5.15,4.0,6.3,1,苏鲁
2026-05-06,花生,5.15,4.0,6.3,1,苏鲁
2026-05-07,花生,5.15,4.0,6.3,1,苏鲁
2026-05-08,花生,5.0,4.0,6.0,1,苏鲁
2026-05-09,花生,5.0,4.0,6.0,1,苏鲁
2026-05-10,花生,5.0,4.0,6.0,1,苏鲁
2026-05-11,花生,5.0,4.0,6.0,1,苏鲁
2026-05-12,花生,5.0,4.0,6.0,1,苏鲁
2026-05-13,花生,5.0,4.0,6.0,1,苏鲁
2026-05-14,花生,5.0,4.0,6.0,1,苏鲁
2026-05-15,花生,5.0,4.0,6.0,1,苏鲁
2026-05-16,花生,5.0,4.0,6.0,1,苏鲁
2026-05-17,花生,5.0,4.0,6.0,1,苏海
2026-05-18,花生,5.0,4.0,6.0,1,苏海
2026-05-19,花生,5.0,4.0,6.0,1,苏海
2026-05-20,花生,5.0,4.0,6.0,1,苏海
2026-05-21,花生,5.0,4.0,6.0,1,苏海
2026-05-22,花生,5.0,4.0,6.0,1,苏海
2026-05-23,花生,5.0,4.0,6.0,1,苏海
2026-05-24,花生,5.0,4.0,6.0,1,苏海
2026-05-25,花生,5.0,4.0,6.0,1,苏海
2026-05-26,花生,5.0,4.0,6.0,1,苏海
2026-05-27,花生,5.0,4.0,6.0,1,粤海
2026-05-28,花生,5.0,4.0,6.0,1,粤海
2026-05-29,花生,5.0,4.0,6.0,1,粤海
2026-05-30,花生,5.0,4.0,6.0,1,粤海
2026-05-31,花生,5.0,4.0,6.0,1,粤海
2026-06-01,花生,5.0,4.0,6.0,1,粤海
2026-06-02,花生,5.0,4.0,6.0,1,粤海
2026-06-03,花生,5.0,4.0,6.0,1,粤海
2026-06-04,花生,5.0,4.0,6.0,1,粤海
2026-06-05,花生,5.0,4.0,6.0,1,粤海
2026-06-06,花生,5.0,4.0,6.0,1,粤海
2026-06-07,花生,5.0,4.0,6.0,1,粤海
2026-06-08,花生,5.0,4.0,6.0,1,粤海
2026-06-09,花生,5.0,4.0,6.0,1,粤海
2026-06-10,花生,5.0,4.0,6.0,1,粤海
2026-06-11,花生,5.0,4.0,6.0,1,粤海
2026-06-12,花生,4.65,3.8,5.5,1,粤海
2026-06-13,花生,4.65,3.8,5.5,1,粤海
2026-06-14,花生,4.65,3.8,5.5,1,粤海
2026-06-15,花生,4.8,3.8,5.8,1,粤海
2026-06-16,花生,4.8,3.8,5.8,1,粤海
2026-06-17,花生,4.8,3.8,5.8,1,粤海
2026-06-18,花生,4.8,3.8,5.8,1,粤海
2026-06-19,花生,4.35,3.5,5.2,1,粤海
2026-06-20,花生,4.35,3.5,5.2,1,粤海
2026-06-21,花生,4.35,3.5,5.2,1,粤海
2026-06-22,花生,4.35,3.5,5.2,1,粤海
2026-06-23,花生,4.35,3.5,5.2,1,粤海
2026-06-24,花生,4.35,3.5,5.2,1,粤海
2026-06-25,花生,4.35,3.5,5.2,1,粤海
2026-06-26,花生,4.35,3.5,5.2,1,粤海
2026-06-27,花生,4.35,3.5,5.2,1,粤海
2026-06-28,花生,4.35,3.5,5.2,1,粤海
2026-06-29,花生,4.35,3.5,5.2,1,粤海
2026-06-30,花生,4.35,3.5,5.2,1,粤海
2026-07-01,花生,4.25,3.5,5.0,1,粤海
2026-07-02,花生,4.25,3.5,5.0,1,粤海
2026-07-03,花生,4.25,3.5,5.0,1,粤海
2026-07-04,花生,4.25,3.5,5.0,1,粤海
2026-07-05,花生,4.25,3.5,5.0,1,粤海
2026-07-06,花生,4.25,3.5,5.0,1,粤海
2026-07-07,花生,4.1,3.2,5.0,1,粤海
2026-07-08,花生,4.0,3.0,5.0,1,粤海
2026-07-09,花生,4.0,3.0,5.0,1,粤海
2026-07-10,花生,4.0,3.0,5.0,1,粤海
2026-07-11,花生,4.0,3.0,5.0,1,粤海
2026-07-12,花生,4.0,3.0,5.0,1,粤海
2026-07-13,花生,3.75,3.0,4.5,1,粤海
2026-07-14,花生,3.75,3.0,4.5,1,粤海
2026-07-15,花生,3.75,3.0,4.5,1,粤海
2026-07-16,花生,3.25,2.5,4.0,1,粤海
2026-07-17,花生,3.25,2.5,4.0,1,粤海
2026-07-18,花生,3.25,2.5,4.0,1,粤海
2026-07-19,花生,3.25,2.5,4.0,1,粤海
2026-07-20,花生,3.25,2.5,4.0,1,粤海
2026-07-21,花生,3.25,2.5,4.0,1,粤海
2026-07-22,花生,3.25,2.5,4.0,1,粤海
2026-07-23,花生,3.25,2.5,4.0,1,粤海
2026-07-24,花生,3.25,2.5,4.0,1,粤海
2026-07-25,花生,3.25,2.5,4.0,1,豫冀粤
2026-07-26,花生,3.25,2.5,4.0,1,豫冀粤
2026-07-27,花生,3.5,2.5,4.5,1,豫冀粤
2026-07-28,花生,3.5,2.5,4.5,1,豫冀粤
2026-07-29,花生,3.5,2.5,4.5,1,豫冀粤
2026-07-30,花生,3.5,2.5,4.5,1,豫冀粤
2026-07-31,花生,3.5,2.5,4.5,1,豫冀粤
2026-08-01,花生,3.5,2.5,4.5,1,豫冀粤
2026-08-02,花生,3.35,2.5,4.2,1,豫冀粤
2026-08-03,花生,3.35,2.5,4.2,1,豫冀粤
2026-08-04,花生,3.35,2.5,4.2,1,豫冀粤
2026-08-05,花生,3.35,2.5,4.2,1,豫冀粤
2026-08-06,花生,3.35,2.5,4.2,1,豫冀粤
2026-08-07,花生,3.35,2.5,4.2,1,豫冀粤
2026-08-08,花生,3.35,2.5,4.2,1,豫冀粤
2026-08-09,花生,3.35,2.5,4.2,1,豫冀粤
2026-08-10,花生,3.35,2.5,4.2,1,豫冀粤
2026-08-11,花生,3.35,2.5,4.2,1,豫冀粤
2026-01-01,芹菜,1.55,1.4,1.7,1,鲁冀豫
2026-01-02,芹菜,1.55,1.4,1.7,1,鲁冀豫
2026-01-03,芹菜,1.55,1.4,1.7,1,鲁冀豫
2026-01-04,芹菜,1.55,1.4,1.7,1,鲁冀豫
2026-01-05,芹菜,1.55,1.4,1.7,1,鲁冀豫
2026-01-06,芹菜,1.55,1.4,1.7,1,鲁冀豫
2026-01-07,芹菜,1.55,1.4,1.7,1,鲁冀豫
2026-01-08,芹菜,1.65,1.5,1.8,1,鲁冀豫
2026-01-09,芹菜,1.65,1.5,1.8,1,鲁冀豫
2026-01-10,芹菜,1.65,1.5,1.8,1,鲁冀豫
2026-01-11,芹菜,1.65,1.5,1.8,1,鲁冀豫
2026-01-12,芹菜,1.65,1.5,1.8,1,鲁冀豫
2026-01-13,芹菜,1.65,1.5,1.8,1,鲁冀豫
2026-01-14,芹菜,1.65,1.5,1.8,1,鲁冀豫
2026-01-15,芹菜,1.65,1.5,1.8,1,鲁冀豫
2026-01-16,芹菜,1.65,1.5,1.8,1,鲁冀豫
2026-01-17,芹菜,1.7,1.6,1.8,1,鲁冀豫
2026-01-18,芹菜,1.75,1.6,1.9,1,鲁冀豫
2026-01-19,芹菜,1.9,1.8,2.0,1,鲁冀豫
2026-01-20,芹菜,1.9,1.8,2.0,1,鲁冀豫
2026-01-21,芹菜,1.9,1.8,2.0,1,鲁冀豫
2026-01-22,芹菜,1.9,1.8,2.0,1,鲁冀豫
2026-01-23,芹菜,1.9,1.8,2.0,1,鲁冀豫
2026-01-24,芹菜,1.9,1.8,2.0,1,鲁冀豫
2026-01-25,芹菜,1.9,1.8,2.0,1,鲁冀豫
2026-01-26,芹菜,2.05,1.9,2.2,1,鲁冀豫
2026-01-27,芹菜,1.95,1.9,2.0,1,鲁冀豫
2026-01-28,芹菜,1.95,1.9,2.0,1,鲁冀豫
2026-01-29,芹菜,1.95,1.9,2.0,1,鲁冀豫
2026-01-30,芹菜,1.95,1.9,2.0,1,鲁冀豫
2026-01-31,芹菜,1.95,1.9,2.0,1,鲁冀豫
2026-02-01,芹菜,1.9,1.8,2.0,1,鲁冀豫
2026-02-02,芹菜,1.9,1.8,2.0,1,鲁冀豫
2026-02-03,芹菜,1.85,1.7,2.0,1,鲁冀豫
2026-02-04,芹菜,1.85,1.7,2.0,1,鲁冀豫
2026-02-05,芹菜,1.85,1.7,2.0,1,鲁冀豫
2026-02-06,芹菜,1.85,1.7,2.0,1,鲁冀豫
2026-02-07,芹菜,1.85,1.7,2.0,1,鲁冀豫
2026-02-08,芹菜,1.9,1.8,2.0,1,鲁冀豫
2026-02-09,芹菜,1.9,1.8,2.0,1,鲁冀豫
2026-02-10,芹菜,1.8,1.7,1.9,1,鲁冀豫
2026-02-11,芹菜,1.8,1.7,1.9,1,鲁冀豫
2026-02-12,芹菜,1.7,1.6,1.8,1,鲁冀豫
2026-02-13,芹菜,1.8,1.7,1.9,1,鲁冀豫
2026-02-14,芹菜,1.9,1.8,2.0,1,鲁冀豫
2026-02-15,芹菜,1.9,1.8,2.0,1,鲁冀豫
2026-02-16,芹菜,1.9,1.8,2.0,1,鲁冀豫
2026-02-24,芹菜,1.65,1.5,1.8,1,鲁津
2026-02-25,芹菜,1.65,1.5,1.8,1,鲁津
2026-02-26,芹菜,1.4,1.2,1.6,1,鲁津
2026-02-27,芹菜,1.35,1.2,1.5,1,鲁津
2026-02-28,芹菜,1.3,1.1,1.5,1,鲁津
2026-03-01,芹菜,1.25,1.0,1.5,1,鲁津
2026-03-02,芹菜,1.25,1.0,1.5,1,鲁津
2026-03-03,芹菜,1.25,1.0,1.5,1,鲁津
2026-03-04,芹菜,1.25,1.0,1.5,1,鲁津
2026-03-05,芹菜,1.25,1.0,1.5,1,鲁津
2026-03-06,芹菜,1.25,1.0,1.5,1,鲁津
2026-03-07,芹菜,1.25,1.0,1.5,1,鲁津
2026-03-08,芹菜,1.25,1.0,1.5,1,鲁津
2026-03-09,芹菜,1.2,1.0,1.4,1,鲁津
2026-03-10,芹菜,1.15,1.0,1.3,1,鲁津
2026-03-11,芹菜,1.15,1.0,1.3,1,鲁津
2026-03-12,芹菜,1.15,1.0,1.3,1,鲁津
2026-03-13,芹菜,1.15,1.0,1.3,1,鲁津
2026-03-14,芹菜,1.15,1.0,1.3,1,鲁津
2026-03-15,芹菜,1.15,1.0,1.3,1,鲁津
2026-03-16,芹菜,1.15,1.0,1.3,1,鲁津
2026-03-17,芹菜,1.15,1.0,1.3,1,鲁津
2026-03-18,芹菜,1.15,1.0,1.3,1,鲁津
2026-03-19,芹菜,1.15,1.0,1.3,1,鲁津
2026-03-20,芹菜,1.15,1.0,1.3,1,鲁津
2026-03-21,芹菜,1.15,1.0,1.3,1,鲁津
2026-03-22,芹菜,1.15,1.0,1.3,1,鲁津
2026-03-23,芹菜,1.15,1.0,1.3,1,鲁津
2026-03-24,芹菜,1.15,1.0,1.3,1,鲁津
2026-03-25,芹菜,1.15,1.0,1.3,1,鲁津
2026-03-26,芹菜,1.15,1.0,1.3,1,鲁津
2026-03-27,芹菜,1.15,1.0,1.3,1,鲁津
2026-03-28,芹菜,1.15,1.0,1.3,1,鲁津
2026-03-29,芹菜,1.15,1.0,1.3,1,鲁津
2026-03-30,芹菜,1.15,1.0,1.3,1,鲁津
2026-03-31,芹菜,1.0,0.8,1.2,1,鲁津
2026-04-01,芹菜,1.0,0.8,1.2,1,鲁津
2026-04-02,芹菜,1.0,0.8,1.2,1,鲁津
2026-04-03,芹菜,1.0,0.8,1.2,1,鲁津
2026-04-04,芹菜,0.95,0.8,1.1,1,鲁津
2026-04-05,芹菜,0.95,0.8,1.1,1,鲁津
2026-04-06,芹菜,0.85,0.7,1.0,1,鲁津
2026-04-07,芹菜,0.85,0.7,1.0,1,鲁津
2026-04-08,芹菜,0.85,0.7,1.0,1,鲁津
2026-04-09,芹菜,0.85,0.7,1.0,1,鲁津
2026-04-10,芹菜,0.85,0.7,1.0,1,鲁津
2026-04-11,芹菜,0.85,0.7,1.0,1,鲁津
2026-04-12,芹菜,0.85,0.7,1.0,1,鲁津
2026-04-13,芹菜,0.9,0.8,1.0,1,鲁津冀
2026-04-14,芹菜,0.9,0.8,1.0,1,鲁津冀
2026-04-15,芹菜,0.9,0.8,1.0,1,鲁津冀
2026-04-16,芹菜,0.9,0.8,1.0,1,鲁津冀
2026-04-17,芹菜,0.9,0.8,1.0,1,鲁津冀
2026-04-18,芹菜,0.9,0.8,1.0,1,鲁津冀
2026-04-19,芹菜,0.9,0.8,1.0,1,鲁津冀
2026-04-20,芹菜,0.9,0.8,1.0,1,鲁津冀
2026-04-21,芹菜,0.9,0.8,1.0,1,鲁津冀
2026-04-22,芹菜,0.9,0.8,1.0,1,鲁津冀
2026-04-23,芹菜,1.0,0.9,1.1,1,鲁津冀
2026-04-24,芹菜,1.0,0.9,1.1,1,鲁津冀
2026-04-25,芹菜,1.1,1.0,1.2,1,鲁津冀
2026-04-26,芹菜,1.15,1.0,1.3,1,鲁津冀
2026-04-27,芹菜,1.15,1.0,1.3,1,鲁津冀
2026-04-28,芹菜,1.15,1.0,1.3,1,鲁津冀
2026-04-29,芹菜,1.15,1.0,1.3,1,鲁津冀
2026-04-30,芹菜,1.15,1.0,1.3,1,鲁津冀
2026-05-01,芹菜,1.15,1.0,1.3,1,鲁津冀
2026-05-02,芹菜,1.25,1.2,1.3,1,鲁津冀
2026-05-03,芹菜,1.3,1.2,1.4,1,鲁津冀
2026-05-04,芹菜,1.3,1.2,1.4,1,鲁津冀
2026-05-05,芹菜,1.3,1.2,1.4,1,鲁津冀
2026-05-06,芹菜,1.3,1.2,1.4,1,鲁津冀
2026-05-07,芹菜,1.3,1.2,1.4,1,鲁津冀
2026-05-08,芹菜,1.3,1.2,1.4,1,鲁津冀
2026-05-09,芹菜,1.3,1.2,1.4,1,鲁津冀
2026-05-10,芹菜,1.3,1.2,1.4,1,鲁津冀
2026-05-11,芹菜,1.1,1.0,1.2,1,鲁津冀京
2026-05-12,芹菜,1.05,0.9,1.2,1,鲁津冀京
2026-05-13,芹菜,1.05,0.9,1.2,1,鲁津冀京
2026-05-14,芹菜,1.05,0.9,1.2,1,鲁津冀京
2026-05-15,芹菜,1.0,0.9,1.1,1,鲁津冀京
2026-05-16,芹菜,1.0,0.9,1.1,1,鲁津冀京
2026-05-17,芹菜,0.85,0.8,0.9,1,鲁津冀京
2026-05-18,芹菜,0.85,0.8,0.9,1,鲁津冀京
2026-05-19,芹菜,0.85,0.8,0.9,1,鲁津冀京
2026-05-20,芹菜,0.85,0.8,0.9,1,鲁津冀京
2026-05-21,芹菜,0.85,0.8,0.9,1,鲁津冀京
2026-05-22,芹菜,0.85,0.8,0.9,1,鲁津冀京
2026-05-23,芹菜,0.85,0.8,0.9,1,鲁津冀京
2026-05-24,芹菜,0.85,0.8,0.9,1,鲁津冀京
2026-05-25,芹菜,0.85,0.8,0.9,1,鲁津冀京
2026-05-26,芹菜,0.85,0.8,0.9,1,鲁津冀京
2026-05-27,芹菜,0.85,0.8,0.9,1,鲁津冀京
2026-05-28,芹菜,0.85,0.8,0.9,1,鲁津冀京
2026-05-29,芹菜,0.85,0.8,0.9,1,鲁津冀京
2026-05-30,芹菜,0.85,0.8,0.9,1,鲁津冀京
2026-05-31,芹菜,0.85,0.8,0.9,1,鲁津冀京
2026-06-01,芹菜,0.8,0.7,0.9,1,鲁津冀京
2026-06-02,芹菜,0.8,0.7,0.9,1,鲁津冀京
2026-06-03,芹菜,0.9,0.8,1.0,1,鲁津冀京
2026-06-04,芹菜,0.9,0.8,1.0,1,鲁津冀京
2026-06-05,芹菜,0.9,0.8,1.0,1,鲁津冀京
2026-06-06,芹菜,0.9,0.8,1.0,1,鲁津冀京
2026-06-07,芹菜,0.9,0.8,1.0,1,津冀京
2026-06-08,芹菜,1.0,0.9,1.1,1,津冀京
2026-06-09,芹菜,1.0,0.9,1.1,1,津冀京
2026-06-10,芹菜,1.1,1.0,1.2,1,津冀京
2026-06-11,芹菜,1.25,1.1,1.4,1,津冀京
2026-06-12,芹菜,1.3,1.1,1.5,1,津冀京
2026-06-13,芹菜,1.3,1.1,1.5,1,津冀京
2026-06-14,芹菜,1.3,1.1,1.5,1,津冀京
2026-06-15,芹菜,1.35,1.1,1.6,1,津冀京
2026-06-16,芹菜,1.45,1.3,1.6,1,津冀京
2026-06-17,芹菜,1.4,1.3,1.5,1,津冀京
2026-06-18,芹菜,1.4,1.3,1.5,1,津冀京
2026-06-19,芹菜,1.45,1.3,1.6,1,津冀京
2026-06-20,芹菜,1.45,1.3,1.6,1,津冀京
2026-06-21,芹菜,1.45,1.3,1.6,1,津冀京
2026-06-22,芹菜,1.45,1.3,1.6,1,津冀京
2026-06-23,芹菜,1.45,1.3,1.6,1,津冀京
2026-06-24,芹菜,1.45,1.3,1.6,1,津冀京
2026-06-25,芹菜,1.45,1.3,1.6,1,津冀京
2026-06-26,芹菜,1.45,1.3,1.6,1,津冀京
2026-06-27,芹菜,1.45,1.3,1.6,1,津冀京
2026-06-28,芹菜,1.45,1.3,1.6,1,津冀京
2026-06-29,芹菜,1.2,1.1,1.3,1,冀京
2026-06-30,芹菜,1.2,1.1,1.3,1,冀
2026-07-01,芹菜,1.2,1.1,1.3,1,冀
2026-07-02,芹菜,1.2,1.1,1.3,1,冀
2026-07-03,芹菜,1.15,1.0,1.3,1,冀
2026-07-04,芹菜,1.15,1.0,1.3,1,冀
2026-07-05,芹菜,1.15,1.0,1.3,1,冀
2026-07-06,芹菜,1.0,0.8,1.2,1,冀
2026-07-07,芹菜,1.0,0.8,1.2,1,冀
2026-07-08,芹菜,1.0,0.8,1.2,1,冀
2026-07-09,芹菜,1.0,0.8,1.2,1,冀
2026-07-10,芹菜,1.0,0.8,1.2,1,冀
2026-07-11,芹菜,1.15,1.0,1.3,1,冀
2026-07-12,芹菜,1.15,1.0,1.3,1,冀
2026-07-13,芹菜,1.15,1.0,1.3,1,冀
2026-07-14,芹菜,1.15,1.0,1.3,1,冀
2026-07-15,芹菜,1.05,0.9,1.2,1,冀
2026-07-16,芹菜,1.05,0.9,1.2,1,冀
2026-07-17,芹菜,1.05,0.9,1.2,1,冀
2026-07-18,芹菜,1.05,0.9,1.2,1,冀
2026-07-19,芹菜,1.05,0.9,1.2,1,冀
2026-07-20,芹菜,1.05,0.9,1.2,1,冀
2026-07-21,芹菜,1.05,0.9,1.2,1,冀
2026-07-22,芹菜,1.05,0.9,1.2,1,冀
2026-07-23,芹菜,1.05,0.9,1.2,1,冀
2026-07-24,芹菜,1.1,1.0,1.2,1,冀
2026-07-25,芹菜,1.1,1.0,1.2,1,冀
2026-07-26,芹菜,1.1,1.0,1.2,1,冀
2026-07-27,芹菜,1.0,0.8,1.2,1,冀
2026-07-28,芹菜,1.0,0.8,1.2,1,冀
2026-07-29,芹菜,1.0,0.8,1.2,1,冀
2026-07-30,芹菜,1.0,0.8,1.2,1,冀
2026-07-31,芹菜,1.0,0.8,1.2,1,冀
2026-08-01,芹菜,1.0,0.8,1.2,1,冀
2026-08-02,芹菜,1.0,0.8,1.2,1,冀
2026-08-03,芹菜,1.0,0.8,1.2,1,冀
2026-08-04,芹菜,0.9,0.8,1.0,1,冀
2026-08-05,芹菜,0.9,0.8,1.0,1,冀
2026-08-06,芹菜,0.9,0.8,1.0,1,冀
2026-08-07,芹菜,0.9,0.8,1.0,1,冀
2026-08-08,芹菜,0.9,0.8,1.0,1,冀
2026-08-09,芹菜,0.85,0.7,1.0,1,冀蒙
2026-08-10,芹菜,0.85,0.7,1.0,1,冀蒙
2026-08-11,芹菜,0.95,0.7,1.2,1,冀
2026-01-01,苋菜,5.65,5.3,6.0,1,
2026-01-02,苋菜,5.65,5.3,6.0,1,
2026-01-05,苋菜,6.1,5.7,6.5,1,
2026-01-06,苋菜,6.1,5.7,6.5,1,
2026-01-07,苋菜,6.1,5.7,6.5,1,
2026-01-08,苋菜,6.3,6.0,6.6,1,
2026-01-09,苋菜,6.5,6.0,7.0,1,
2026-01-12,苋菜,7.25,6.8,7.7,1,
2026-01-13,苋菜,7.5,7.0,8.0,1,
2026-01-14,苋菜,7.9,7.5,8.3,1,
2026-01-15,苋菜,8.15,7.8,8.5,1,
2026-01-16,苋菜,8.5,8.0,9.0,1,
2026-01-19,苋菜,8.9,8.5,9.3,1,
2026-01-20,苋菜,8.5,8.3,8.7,1,
2026-01-21,苋菜,8.5,8.3,8.7,1,
2026-01-22,苋菜,8.0,7.5,8.5,1,
2026-01-23,苋菜,8.0,7.5,8.5,1,
2026-01-26,苋菜,7.15,6.5,7.8,1,
2026-01-27,苋菜,6.4,6.0,6.8,1,
2026-01-28,苋菜,6.2,5.8,6.6,1,
2026-01-29,苋菜,6.2,5.8,6.6,1,
2026-01-30,苋菜,7.0,6.5,7.5,1,
2026-02-02,苋菜,5.9,5.3,6.5,1,
2026-02-03,苋菜,5.9,5.3,6.5,1,
2026-02-04,苋菜,5.9,5.3,6.5,1,
2026-02-05,苋菜,5.9,5.3,6.5,1,
2026-02-06,苋菜,5.9,5.3,6.5,1,
2026-02-09,苋菜,5.9,5.3,6.5,1,
2026-02-10,苋菜,6.5,6.0,7.0,1,
2026-02-11,苋菜,7.25,7.0,7.5,1,
2026-02-12,苋菜,7.5,7.0,8.0,1,
2026-02-13,苋菜,7.5,7.0,8.0,1,
2026-02-24,苋菜,7.25,7.0,7.5,1,
2026-02-25,苋菜,7.25,7.0,7.5,1,
2026-02-26,苋菜,6.75,6.5,7.0,1,
2026-02-27,苋菜,6.25,6.0,6.5,1,
2026-03-02,苋菜,6.25,6.0,6.5,1,
2026-03-03,苋菜,6.5,6.0,7.0,1,
2026-03-04,苋菜,6.65,6.3,7.0,1,
2026-03-05,苋菜,7.1,6.7,7.5,1,
2026-03-06,苋菜,7.15,6.8,7.5,1,
2026-03-09,苋菜,7.9,7.5,8.3,1,
2026-03-10,苋菜,7.9,7.5,8.3,1,
2026-03-11,苋菜,10.0,9.5,10.5,1,
2026-03-12,苋菜,10.0,9.5,10.5,1,
2026-03-13,苋菜,10.0,9.5,10.5,1,
2026-03-16,苋菜,9.25,8.5,10.0,1,
2026-03-17,苋菜,8.15,7.5,8.8,1,
2026-03-18,苋菜,8.15,7.5,8.8,1,
2026-03-19,苋菜,8.15,7.5,8.8,1,
2026-03-20,苋菜,8.15,7.5,8.8,1,
2026-03-23,苋菜,5.9,5.5,6.3,1,
2026-03-24,苋菜,5.5,5.0,6.0,1,
2026-03-25,苋菜,5.5,5.0,6.0,1,
2026-03-26,苋菜,5.55,5.3,5.8,1,
2026-03-27,苋菜,5.55,5.3,5.8,1,
2026-03-30,苋菜,6.3,5.8,6.8,1,
2026-03-31,苋菜,6.5,6.0,7.0,1,
2026-04-01,苋菜,6.5,6.0,7.0,1,
2026-04-02,苋菜,4.75,4.5,5.0,1,
2026-04-03,苋菜,4.75,4.5,5.0,1,
2026-04-06,苋菜,4.75,4.5,5.0,1,
2026-04-07,苋菜,4.75,4.5,5.0,1,
2026-04-08,苋菜,4.75,4.5,5.0,1,
2026-04-09,苋菜,4.75,4.5,5.0,1,
2026-04-10,苋菜,4.75,4.5,5.0,1,
2026-04-13,苋菜,4.5,4.0,5.0,1,
2026-04-14,苋菜,4.0,3.5,4.5,1,
2026-04-15,苋菜,3.75,3.5,4.0,1,
2026-04-16,苋菜,4.25,3.5,5.0,1,
2026-04-17,苋菜,5.5,5.0,6.0,1,
2026-04-20,苋菜,5.75,5.5,6.0,1,
2026-04-21,苋菜,5.75,5.5,6.0,1,
2026-04-22,苋菜,5.75,5.5,6.0,1,
2026-04-23,苋菜,5.75,5.5,6.0,1,
2026-04-24,苋菜,5.5,5.0,6.0,1,
2026-04-27,苋菜,3.9,3.5,4.3,1,
2026-04-28,苋菜,3.25,3.0,3.5,1,
2026-04-29,苋菜,2.75,2.5,3.0,1,
2026-04-30,苋菜,2.75,2.5,3.0,1,
2026-05-01,苋菜,2.75,2.5,3.0,1,
2026-05-04,苋菜,2.85,2.5,3.2,1,
2026-05-05,苋菜,3.0,2.8,3.2,1,
2026-05-06,苋菜,3.0,2.8,3.2,1,
2026-05-07,苋菜,2.75,2.5,3.0,1,
2026-05-08,苋菜,2.05,1.8,2.3,1,
2026-05-11,苋菜,2.75,2.5,3.0,1,
2026-05-12,苋菜,2.65,2.3,3.0,1,
2026-05-13,苋菜,2.45,2.2,2.7,1,
2026-05-14,苋菜,2.0,1.8,2.2,1,
2026-05-15,苋菜,2.0,1.8,2.2,1,
2026-05-18,苋菜,2.9,2.5,3.3,1,
2026-05-19,苋菜,3.35,3.2,3.5,1,
2026-05-20,苋菜,3.55,3.3,3.8,1,
2026-05-21,苋菜,3.5,3.2,3.8,1,
2026-05-22,苋菜,3.5,3.2,3.8,1,
2026-05-25,苋菜,3.5,3.2,3.8,1,
2026-05-26,苋菜,3.5,3.2,3.8,1,
2026-05-27,苋菜,2.9,2.5,3.3,1,
2026-05-28,苋菜,3.3,3.0,3.6,1,
2026-05-29,苋菜,3.75,3.5,4.0,1,
2026-06-01,苋菜,3.7,3.5,3.9,1,
2026-06-02,苋菜,3.25,3.0,3.5,1,
2026-06-03,苋菜,3.25,3.0,3.5,1,
2026-06-04,苋菜,2.6,2.2,3.0,1,
2026-06-05,苋菜,2.45,2.2,2.7,1,
2026-06-08,苋菜,3.75,3.5,4.0,1,
2026-06-09,苋菜,3.65,3.5,3.8,1,
2026-06-10,苋菜,3.25,3.0,3.5,1,
2026-06-11,苋菜,2.75,2.5,3.0,1,
2026-06-12,苋菜,2.65,2.5,2.8,1,
2026-06-15,苋菜,2.55,2.3,2.8,1,
2026-06-16,苋菜,2.55,2.3,2.8,1,
2026-06-17,苋菜,2.65,2.3,3.0,1,
2026-06-18,苋菜,3.85,3.7,4.0,1,
2026-06-19,苋菜,3.55,3.3,3.8,1,
2026-06-22,苋菜,3.55,3.3,3.8,1,
2026-06-23,苋菜,2.75,2.0,3.5,1,
2026-06-24,苋菜,3.25,3.0,3.5,1,
2026-06-25,苋菜,2.75,2.5,3.0,1,
2026-06-26,苋菜,2.65,2.5,2.8,1,
2026-06-29,苋菜,2.5,2.3,2.7,1,
2026-06-30,苋菜,2.15,1.8,2.5,1,
2026-07-01,苋菜,1.95,1.6,2.3,1,
2026-07-02,苋菜,2.05,1.7,2.4,1,
2026-07-03,苋菜,2.05,1.7,2.4,1,
2026-07-06,苋菜,2.05,1.7,2.4,1,
2026-07-07,苋菜,2.0,1.6,2.4,1,
2026-07-08,苋菜,2.0,1.6,2.4,1,
2026-07-09,苋菜,2.6,2.5,2.7,1,
2026-07-10,苋菜,2.6,2.5,2.7,1,
2026-07-13,苋菜,4.0,3.5,4.5,1,
2026-07-14,苋菜,3.9,3.5,4.3,1,
2026-07-15,苋菜,3.95,3.7,4.2,1,
2026-07-16,苋菜,3.95,3.7,4.2,1,
2026-07-17,苋菜,3.95,3.7,4.2,1,
2026-07-20,苋菜,3.85,3.6,4.1,1,
2026-07-21,苋菜,4.5,4.0,5.0,1,
2026-07-22,苋菜,4.25,3.8,4.7,1,
2026-07-23,苋菜,4.1,3.7,4.5,1,
2026-07-24,苋菜,3.5,3.0,4.0,1,
2026-07-27,苋菜,3.15,2.8,3.5,1,
2026-07-28,苋菜,2.75,2.5,3.0,1,
2026-07-29,苋菜,2.6,2.3,2.9,1,
2026-07-30,苋菜,2.6,2.3,2.9,1,
2026-07-31,苋菜,2.15,2.0,2.3,1,
2026-08-03,苋菜,2.75,2.5,3.0,1,
2026-08-04,苋菜,2.75,2.5,3.0,1,
2026-08-05,苋菜,2.6,2.5,2.7,1,
2026-08-06,苋菜,2.6,2.5,2.7,1,
2026-08-07,苋菜,2.6,2.5,2.7,1,
2026-08-10,苋菜,3.0,2.8,3.2,1,
2026-08-11,苋菜,3.3,2.8,3.8,1,
2026-01-10,苤蓝,4.75,4.5,5.0,1,
2026-01-20,苤蓝,4.75,4.5,5.0,1,
2026-01-31,苤蓝,4.75,4.5,5.0,1,
2026-02-10,苤蓝,5.25,5.0,5.5,1,
2026-02-28,苤蓝,4.9,4.8,5.0,1,
2026-03-10,苤蓝,4.75,4.5,5.0,1,
2026-03-20,苤蓝,4.75,4.5,5.0,1,
2026-03-31,苤蓝,4.75,4.5,5.0,1,
2026-04-10,苤蓝,4.25,4.0,4.5,1,
2026-04-20,苤蓝,3.75,3.5,4.0,1,
2026-04-30,苤蓝,3.75,3.5,4.0,1,
2026-05-10,苤蓝,3.5,3.0,4.0,1,
2026-05-20,苤蓝,3.25,3.0,3.5,1,
2026-05-31,苤蓝,3.25,3.0,3.5,1,
2026-06-10,苤蓝,3.25,3.0,3.5,1,
2026-06-20,苤蓝,2.9,2.8,3.0,1,
2026-06-30,苤蓝,3.75,3.5,4.0,1,
2026-07-10,苤蓝,3.75,3.5,4.0,1,
2026-07-20,苤蓝,4.25,4.0,4.5,1,
2026-07-31,苤蓝,4.25,4.0,4.5,1,
2026-08-10,苤蓝,3.75,3.5,4.0,1,
2026-01-01,苦瓜,6.65,6.5,6.8,1,鲁
2026-01-02,苦瓜,6.65,6.5,6.8,1,鲁
2026-01-03,苦瓜,6.65,6.5,6.8,1,鲁
2026-01-04,苦瓜,6.5,6.4,6.6,1,鲁
2026-01-05,苦瓜,6.25,6.0,6.5,1,鲁
2026-01-06,苦瓜,5.75,5.5,6.0,1,鲁
2026-01-07,苦瓜,5.75,5.5,6.0,1,鲁
2026-01-08,苦瓜,5.75,5.5,6.0,1,鲁
2026-01-09,苦瓜,5.75,5.5,6.0,1,鲁
2026-01-10,苦瓜,5.75,5.5,6.0,1,鲁
2026-01-11,苦瓜,5.25,5.0,5.5,1,鲁
2026-01-12,苦瓜,5.25,5.0,5.5,1,鲁
2026-01-13,苦瓜,5.25,5.0,5.5,1,鲁
2026-01-14,苦瓜,5.25,5.0,5.5,1,鲁
2026-01-15,苦瓜,5.25,5.0,5.5,1,鲁
2026-01-16,苦瓜,5.25,5.0,5.5,1,鲁
2026-01-17,苦瓜,5.75,5.5,6.0,1,鲁
2026-01-18,苦瓜,5.75,5.5,6.0,1,鲁
2026-01-19,苦瓜,5.75,5.5,6.0,1,鲁
2026-01-20,苦瓜,5.75,5.5,6.0,1,鲁
2026-01-21,苦瓜,5.75,5.5,6.0,1,鲁
2026-01-22,苦瓜,5.75,5.5,6.0,1,鲁
2026-01-23,苦瓜,5.25,5.0,5.5,1,鲁
2026-01-24,苦瓜,5.25,5.0,5.5,1,鲁
2026-01-25,苦瓜,5.25,5.0,5.5,1,鲁
2026-01-26,苦瓜,5.25,5.0,5.5,1,鲁
2026-01-27,苦瓜,5.1,5.0,5.2,1,鲁
2026-01-28,苦瓜,5.1,5.0,5.2,1,鲁
2026-01-29,苦瓜,4.9,4.8,5.0,1,鲁
2026-01-30,苦瓜,4.9,4.8,5.0,1,鲁
2026-01-31,苦瓜,4.9,4.8,5.0,1,鲁
2026-02-01,苦瓜,4.9,4.8,5.0,1,鲁
2026-02-02,苦瓜,4.9,4.8,5.0,1,鲁
2026-02-03,苦瓜,4.9,4.8,5.0,1,鲁
2026-02-04,苦瓜,4.5,4.0,5.0,1,鲁
2026-02-05,苦瓜,4.4,4.0,4.8,1,鲁
2026-02-06,苦瓜,4.4,4.0,4.8,1,鲁
2026-02-07,苦瓜,4.4,4.0,4.8,1,鲁
2026-02-08,苦瓜,4.25,4.0,4.5,1,鲁
2026-02-09,苦瓜,4.25,4.0,4.5,1,鲁
2026-02-10,苦瓜,4.55,4.5,4.6,1,鲁
2026-02-11,苦瓜,4.75,4.5,5.0,1,鲁
2026-02-12,苦瓜,5.25,5.0,5.5,1,鲁
2026-02-13,苦瓜,5.25,5.0,5.5,1,鲁
2026-02-14,苦瓜,5.25,5.0,5.5,1,鲁
2026-02-15,苦瓜,4.5,4.0,5.0,1,鲁
2026-02-16,苦瓜,4.75,4.5,5.0,1,鲁
2026-02-24,苦瓜,3.25,3.0,3.5,1,鲁
2026-02-25,苦瓜,3.25,3.0,3.5,1,鲁
2026-02-26,苦瓜,2.75,2.5,3.0,1,鲁
2026-02-27,苦瓜,2.75,2.5,3.0,1,鲁
2026-02-28,苦瓜,2.75,2.5,3.0,1,鲁
2026-03-01,苦瓜,2.25,2.0,2.5,1,鲁
2026-03-02,苦瓜,2.25,2.0,2.5,1,鲁
2026-03-03,苦瓜,2.25,2.0,2.5,1,鲁
2026-03-04,苦瓜,2.25,2.0,2.5,1,鲁
2026-03-05,苦瓜,2.25,2.0,2.5,1,鲁
2026-03-06,苦瓜,3.25,3.0,3.5,1,鲁
2026-03-07,苦瓜,3.25,3.0,3.5,1,鲁
2026-03-08,苦瓜,3.25,3.0,3.5,1,鲁
2026-03-09,苦瓜,3.25,3.0,3.5,1,鲁
2026-03-10,苦瓜,3.25,3.0,3.5,1,鲁
2026-03-11,苦瓜,4.0,3.5,4.5,1,鲁
2026-03-12,苦瓜,4.0,3.5,4.5,1,鲁
2026-03-13,苦瓜,3.75,3.5,4.0,1,鲁
2026-03-14,苦瓜,3.75,3.5,4.0,1,鲁
2026-03-15,苦瓜,3.75,3.5,4.0,1,鲁
2026-03-16,苦瓜,3.75,3.5,4.0,1,鲁
2026-03-17,苦瓜,3.75,3.5,4.0,1,鲁
2026-03-18,苦瓜,3.75,3.5,4.0,1,鲁
2026-03-19,苦瓜,3.75,3.5,4.0,1,鲁
2026-03-20,苦瓜,3.75,3.5,4.0,1,鲁
2026-03-21,苦瓜,3.25,3.0,3.5,1,鲁
2026-03-22,苦瓜,3.25,3.0,3.5,1,鲁
2026-03-23,苦瓜,3.25,3.0,3.5,1,鲁
2026-03-24,苦瓜,3.0,2.5,3.5,1,鲁
2026-03-25,苦瓜,2.75,2.5,3.0,1,鲁
2026-03-26,苦瓜,2.75,2.5,3.0,1,鲁
2026-03-27,苦瓜,2.75,2.5,3.0,1,鲁
2026-03-28,苦瓜,3.25,3.0,3.5,1,鲁
2026-03-29,苦瓜,3.25,3.0,3.5,1,鲁
2026-03-30,苦瓜,3.25,3.0,3.5,1,鲁
2026-03-31,苦瓜,3.0,2.5,3.5,1,鲁
2026-04-01,苦瓜,3.0,2.5,3.5,1,鲁
2026-04-02,苦瓜,3.0,2.5,3.5,1,鲁
2026-04-03,苦瓜,2.75,2.5,3.0,1,鲁
2026-04-04,苦瓜,2.75,2.5,3.0,1,鲁
2026-04-05,苦瓜,2.55,2.3,2.8,1,鲁
2026-04-06,苦瓜,2.55,2.3,2.8,1,鲁
2026-04-07,苦瓜,2.4,2.3,2.5,1,鲁
2026-04-08,苦瓜,2.4,2.3,2.5,1,鲁
2026-04-09,苦瓜,2.4,2.3,2.5,1,鲁
2026-04-10,苦瓜,2.25,2.0,2.5,1,鲁
2026-04-11,苦瓜,2.25,2.0,2.5,1,鲁
2026-04-12,苦瓜,2.25,2.0,2.5,1,鲁
2026-04-13,苦瓜,2.25,2.0,2.5,1,鲁
2026-04-14,苦瓜,2.25,2.0,2.5,1,鲁
2026-04-15,苦瓜,2.25,2.0,2.5,1,鲁
2026-04-16,苦瓜,2.25,2.0,2.5,1,鲁
2026-04-17,苦瓜,2.25,2.0,2.5,1,鲁
2026-04-18,苦瓜,2.25,2.0,2.5,1,鲁
2026-04-19,苦瓜,2.25,2.0,2.5,1,鲁
2026-04-20,苦瓜,2.4,2.3,2.5,1,鲁
2026-04-21,苦瓜,2.4,2.3,2.5,1,鲁
2026-04-22,苦瓜,2.4,2.3,2.5,1,鲁
2026-04-23,苦瓜,2.4,2.3,2.5,1,鲁
2026-04-24,苦瓜,2.4,2.3,2.5,1,鲁
2026-04-25,苦瓜,2.4,2.3,2.5,1,鲁
2026-04-26,苦瓜,2.9,2.8,3.0,1,鲁
2026-04-27,苦瓜,2.9,2.8,3.0,1,鲁
2026-04-28,苦瓜,2.9,2.8,3.0,1,鲁
2026-04-29,苦瓜,2.9,2.8,3.0,1,鲁
2026-04-30,苦瓜,2.9,2.8,3.0,1,鲁
2026-05-01,苦瓜,2.9,2.8,3.0,1,鲁
2026-05-02,苦瓜,2.9,2.8,3.0,1,鲁
2026-05-03,苦瓜,2.9,2.8,3.0,1,鲁
2026-05-04,苦瓜,2.9,2.8,3.0,1,鲁
2026-05-05,苦瓜,2.5,2.4,2.6,1,鲁
2026-05-06,苦瓜,2.25,2.0,2.5,1,鲁
2026-05-07,苦瓜,2.25,2.0,2.5,1,鲁
2026-05-08,苦瓜,2.25,2.0,2.5,1,鲁
2026-05-09,苦瓜,2.25,2.0,2.5,1,鲁
2026-05-10,苦瓜,2.25,2.0,2.5,1,鲁
2026-05-11,苦瓜,2.25,2.0,2.5,1,鲁
2026-05-12,苦瓜,2.25,2.0,2.5,1,鲁
2026-05-13,苦瓜,2.15,2.0,2.3,1,鲁
2026-05-14,苦瓜,2.15,2.0,2.3,1,鲁
2026-05-15,苦瓜,2.15,2.0,2.3,1,鲁
2026-05-16,苦瓜,2.15,2.0,2.3,1,鲁
2026-05-17,苦瓜,2.0,1.8,2.2,1,鲁
2026-05-18,苦瓜,1.5,1.2,1.8,1,鲁
2026-05-19,苦瓜,1.5,1.2,1.8,1,鲁
2026-05-20,苦瓜,1.5,1.2,1.8,1,鲁
2026-05-21,苦瓜,1.5,1.2,1.8,1,鲁
2026-05-22,苦瓜,1.5,1.2,1.8,1,鲁
2026-05-23,苦瓜,2.25,2.0,2.5,1,鲁
2026-05-24,苦瓜,2.75,2.5,3.0,1,鲁
2026-05-25,苦瓜,2.15,1.8,2.5,1,鲁
2026-05-26,苦瓜,2.0,1.5,2.5,1,鲁
2026-05-27,苦瓜,2.0,1.5,2.5,1,鲁
2026-05-28,苦瓜,2.0,1.5,2.5,1,鲁
2026-05-29,苦瓜,2.75,2.5,3.0,1,鲁
2026-05-30,苦瓜,3.65,3.5,3.8,1,鲁
2026-05-31,苦瓜,3.25,3.0,3.5,1,鲁
2026-06-01,苦瓜,3.25,3.0,3.5,1,鲁
2026-06-02,苦瓜,3.25,3.0,3.5,1,鲁
2026-06-03,苦瓜,3.25,3.0,3.5,1,鲁
2026-06-04,苦瓜,3.25,3.0,3.5,1,鲁
2026-06-05,苦瓜,2.75,2.5,3.0,1,鲁
2026-06-06,苦瓜,2.65,2.5,2.8,1,鲁
2026-06-07,苦瓜,2.25,2.0,2.5,1,鲁
2026-06-08,苦瓜,2.25,2.0,2.5,1,鲁
2026-06-09,苦瓜,2.25,2.0,2.5,1,鲁
2026-06-10,苦瓜,2.55,2.3,2.8,1,鲁
2026-06-11,苦瓜,2.4,2.3,2.5,1,鲁
2026-06-12,苦瓜,2.4,2.3,2.5,1,鲁
2026-06-13,苦瓜,2.4,2.3,2.5,1,鲁
2026-06-14,苦瓜,2.4,2.3,2.5,1,鲁
2026-06-15,苦瓜,2.4,2.3,2.5,1,鲁
2026-06-16,苦瓜,2.05,1.8,2.3,1,鲁
2026-06-17,苦瓜,2.05,1.8,2.3,1,鲁
2026-06-18,苦瓜,2.25,2.0,2.5,1,鲁
2026-06-19,苦瓜,2.25,2.0,2.5,1,鲁
2026-06-20,苦瓜,2.25,2.0,2.5,1,鲁
2026-06-21,苦瓜,1.9,1.8,2.0,1,鲁
2026-06-22,苦瓜,1.9,1.8,2.0,1,鲁
2026-06-23,苦瓜,1.9,1.8,2.0,1,鲁
2026-06-24,苦瓜,1.9,1.8,2.0,1,鲁
2026-06-25,苦瓜,1.9,1.8,2.0,1,鲁
2026-06-26,苦瓜,1.9,1.8,2.0,1,鲁
2026-06-27,苦瓜,1.9,1.8,2.0,1,鲁
2026-06-28,苦瓜,1.9,1.8,2.0,1,鲁
2026-06-29,苦瓜,1.9,1.8,2.0,1,鲁
2026-06-30,苦瓜,1.75,1.5,2.0,1,鲁
2026-07-01,苦瓜,1.75,1.5,2.0,1,鲁
2026-07-02,苦瓜,1.75,1.5,2.0,1,鲁
2026-07-03,苦瓜,1.25,1.0,1.5,1,鲁
2026-07-04,苦瓜,1.25,1.0,1.5,1,鲁
2026-07-05,苦瓜,1.25,1.0,1.5,1,鲁
2026-07-06,苦瓜,1.25,1.0,1.5,1,鲁
2026-07-07,苦瓜,1.25,1.0,1.5,1,鲁
2026-07-08,苦瓜,1.25,1.0,1.5,1,鲁
2026-07-09,苦瓜,1.25,1.0,1.5,1,鲁
2026-07-10,苦瓜,1.25,1.0,1.5,1,鲁
2026-07-11,苦瓜,1.25,1.0,1.5,1,鲁
2026-07-12,苦瓜,1.25,1.0,1.5,1,鲁
2026-07-13,苦瓜,1.25,1.0,1.5,1,鲁
2026-07-14,苦瓜,1.25,1.0,1.5,1,鲁
2026-07-15,苦瓜,1.25,1.0,1.5,1,鲁
2026-07-16,苦瓜,1.25,1.0,1.5,1,鲁
2026-07-17,苦瓜,1.65,1.5,1.8,1,鲁
2026-07-18,苦瓜,1.65,1.5,1.8,1,鲁
2026-07-19,苦瓜,1.9,1.8,2.0,1,鲁
2026-07-20,苦瓜,1.9,1.8,2.0,1,鲁
2026-07-21,苦瓜,1.9,1.8,2.0,1,鲁
2026-07-22,苦瓜,2.25,2.0,2.5,1,鲁
2026-07-23,苦瓜,2.25,2.0,2.5,1,鲁
2026-07-24,苦瓜,2.25,2.0,2.5,1,鲁
2026-07-25,苦瓜,2.25,2.0,2.5,1,鲁冀
2026-07-26,苦瓜,2.25,2.0,2.5,1,鲁冀
2026-07-27,苦瓜,2.25,2.0,2.5,1,鲁冀
2026-07-28,苦瓜,2.4,2.0,2.8,1,鲁冀
2026-07-29,苦瓜,2.4,2.0,2.8,1,鲁冀
2026-07-30,苦瓜,2.5,2.0,3.0,1,鲁冀
2026-07-31,苦瓜,2.75,2.5,3.0,1,鲁冀
2026-08-01,苦瓜,2.75,2.5,3.0,1,鲁冀
2026-08-02,苦瓜,2.75,2.5,3.0,1,鲁冀
2026-08-03,苦瓜,2.75,2.5,3.0,1,鲁冀
2026-08-04,苦瓜,2.75,2.5,3.0,1,鲁冀
2026-08-05,苦瓜,2.75,2.5,3.0,1,鲁冀
2026-08-06,苦瓜,2.75,2.5,3.0,1,鲁冀
2026-08-07,苦瓜,2.4,2.0,2.8,1,鲁冀
2026-08-08,苦瓜,2.4,2.0,2.8,1,鲁冀
2026-08-09,苦瓜,2.25,2.0,2.5,1,鲁冀
2026-08-10,苦瓜,2.25,2.0,2.5,1,鲁冀
2026-08-11,苦瓜,2.25,2.0,2.5,1,鲁冀
2026-01-01,苦菊,5.025,4.3,6.0,2,辽冀
2026-01-02,苦菊,5.025,4.3,6.0,2,辽冀
2026-01-03,苦菊,4.4,4.3,4.5,1,辽冀
2026-01-04,苦菊,4.4,4.3,4.5,1,辽冀
2026-01-05,苦菊,5.025,4.3,6.0,2,辽冀
2026-01-06,苦菊,4.7,4.3,5.5,2,辽冀
2026-01-07,苦菊,4.7,4.3,5.5,2,辽冀
2026-01-08,苦菊,4.7,4.3,5.5,2,辽冀
2026-01-09,苦菊,4.475,3.9,5.5,2,辽冀
2026-01-10,苦菊,3.95,3.9,4.0,1,辽冀
2026-01-11,苦菊,3.4,3.3,3.5,1,辽冀
2026-01-12,苦菊,4.075,3.3,5.0,2,辽冀
2026-01-13,苦菊,3.925,3.0,5.0,2,辽冀
2026-01-14,苦菊,3.8,3.0,5.0,2,辽冀
2026-01-15,苦菊,3.8,3.0,5.0,2,辽冀
2026-01-16,苦菊,3.8,3.0,5.0,2,辽冀
2026-01-17,苦菊,3.1,3.0,3.2,1,辽冀
2026-01-18,苦菊,3.1,3.0,3.2,1,辽冀
2026-01-19,苦菊,3.95,3.3,5.0,2,辽冀
2026-01-20,苦菊,4.05,3.5,4.8,2,辽冀
2026-01-21,苦菊,4.225,3.5,5.0,2,辽冀
2026-01-22,苦菊,4.225,3.5,5.0,2,辽冀
2026-01-23,苦菊,4.225,3.5,5.0,2,辽冀
2026-01-24,苦菊,3.7,3.5,3.9,1,辽冀
2026-01-25,苦菊,3.7,3.5,3.9,1,辽冀
2026-01-26,苦菊,4.1,3.4,5.0,2,辽冀
2026-01-27,苦菊,3.975,3.4,5.0,2,辽冀
2026-01-28,苦菊,3.875,3.4,4.8,2,辽冀
2026-01-29,苦菊,3.875,3.4,4.8,2,辽冀
2026-01-30,苦菊,3.875,3.4,4.8,2,辽冀
2026-01-31,苦菊,3.45,3.4,3.5,1,辽冀
2026-02-01,苦菊,3.55,3.5,3.6,1,辽冀
2026-02-02,苦菊,4.025,3.7,4.8,2,辽冀
2026-02-03,苦菊,3.825,3.7,4.0,2,辽冀
2026-02-04,苦菊,3.825,3.7,4.0,2,辽冀
2026-02-05,苦菊,3.5,3.0,3.8,2,辽冀
2026-02-06,苦菊,3.5,3.0,3.8,2,辽冀
2026-02-07,苦菊,3.75,3.7,3.8,1,辽冀
2026-02-08,苦菊,3.75,3.7,3.8,1,辽冀
2026-02-09,苦菊,3.425,3.0,4.0,2,辽冀
2026-02-10,苦菊,3.425,3.0,4.0,2,辽冀
2026-02-11,苦菊,3.55,3.0,4.5,2,辽冀
2026-02-12,苦菊,3.675,3.0,5.0,2,辽冀
2026-02-13,苦菊,3.675,3.0,5.0,2,辽冀
2026-02-14,苦菊,3.35,3.3,3.4,1,辽冀
2026-02-15,苦菊,3.35,3.3,3.4,1,辽冀
2026-02-16,苦菊,3.35,3.3,3.4,1,辽冀
2026-02-24,苦菊,3.475,2.9,5.0,2,辽冀
2026-02-25,苦菊,3.475,2.9,5.0,2,辽冀
2026-02-26,苦菊,3.225,2.9,4.0,2,辽冀
2026-02-27,苦菊,3.175,2.9,3.8,2,辽冀
2026-02-28,苦菊,2.95,2.9,3.0,1,辽冀
2026-03-01,苦菊,2.95,2.9,3.0,1,辽冀
2026-03-02,苦菊,3.175,2.9,3.8,2,辽冀
2026-03-03,苦菊,3.175,2.9,3.8,2,辽冀
2026-03-04,苦菊,3.175,2.9,3.8,2,辽冀
2026-03-05,苦菊,3.275,3.0,3.8,2,辽冀
2026-03-06,苦菊,3.275,3.0,3.8,2,辽冀
2026-03-07,苦菊,3.15,3.0,3.3,1,辽冀
2026-03-08,苦菊,3.15,3.0,3.3,1,辽冀
2026-03-09,苦菊,3.275,3.0,3.8,2,辽冀
2026-03-10,苦菊,3.275,3.0,3.8,2,辽冀
2026-03-11,苦菊,3.275,3.0,3.8,2,辽冀
2026-03-12,苦菊,3.275,3.0,3.8,2,辽冀
2026-03-13,苦菊,3.275,3.0,3.8,2,辽冀
2026-03-14,苦菊,3.15,3.0,3.3,1,辽冀
2026-03-15,苦菊,3.15,3.0,3.3,1,辽冀
2026-03-16,苦菊,3.275,3.0,3.8,2,辽冀
2026-03-17,苦菊,3.25,2.5,4.0,2,辽冀
2026-03-18,苦菊,3.2,2.5,4.0,2,辽冀
2026-03-19,苦菊,2.95,2.3,4.0,2,辽冀
2026-03-20,苦菊,2.95,2.3,4.0,2,辽冀
2026-03-21,苦菊,2.4,2.3,2.5,1,辽冀
2026-03-22,苦菊,2.4,2.3,2.5,1,辽冀
2026-03-23,苦菊,2.95,2.3,4.0,2,辽冀
2026-03-24,苦菊,2.9,2.1,4.0,2,辽冀
2026-03-25,苦菊,2.8,2.0,4.0,2,辽冀
2026-03-26,苦菊,2.8,2.0,4.0,2,辽冀
2026-03-27,苦菊,2.675,1.7,4.0,2,辽冀
2026-03-28,苦菊,1.75,1.7,1.8,1,辽冀
2026-03-29,苦菊,1.7,1.6,1.8,1,辽冀
2026-03-30,苦菊,2.3,1.6,3.3,2,辽冀
2026-03-31,苦菊,2.3,1.6,3.3,2,辽冀
2026-04-01,苦菊,2.225,1.6,3.0,2,辽冀
2026-04-02,苦菊,2.275,1.7,3.0,2,辽冀
2026-04-03,苦菊,2.275,1.7,3.0,2,辽冀
2026-04-04,苦菊,1.8,1.7,1.9,1,辽冀
2026-04-05,苦菊,1.8,1.7,1.9,1,辽冀
2026-04-06,苦菊,2.275,1.7,3.0,2,辽冀
2026-04-07,苦菊,2.425,2.0,3.0,2,辽冀
2026-04-08,苦菊,2.55,2.2,3.0,2,辽冀
2026-04-09,苦菊,2.55,2.2,3.0,2,辽冀
2026-04-10,苦菊,2.45,2.0,3.0,2,辽冀
2026-04-11,苦菊,2.15,2.0,2.3,1,辽冀
2026-04-12,苦菊,2.0,1.9,2.1,1,辽冀
2026-04-13,苦菊,2.625,1.9,3.5,2,辽冀
2026-04-14,苦菊,2.625,1.9,3.5,2,辽冀
2026-04-15,苦菊,2.625,1.9,3.5,2,辽冀
2026-04-16,苦菊,2.625,1.9,3.5,2,辽冀
2026-04-17,苦菊,2.625,1.9,3.5,2,辽冀
2026-04-18,苦菊,2.0,1.9,2.1,1,辽冀
2026-04-19,苦菊,2.0,1.9,2.1,1,辽冀
2026-04-20,苦菊,2.725,2.1,3.5,2,辽冀
2026-04-21,苦菊,2.825,2.3,3.5,2,辽冀
2026-04-22,苦菊,2.825,2.3,3.5,2,辽冀
2026-04-23,苦菊,2.825,2.3,3.5,2,辽冀
2026-04-24,苦菊,2.825,2.3,3.5,2,辽冀
2026-04-25,苦菊,2.4,2.3,2.5,1,辽冀
2026-04-26,苦菊,2.4,2.3,2.5,1,辽冀
2026-04-27,苦菊,2.95,2.3,4.0,2,辽冀
2026-04-28,苦菊,2.85,2.1,4.0,2,辽冀
2026-04-29,苦菊,2.725,2.1,3.5,2,辽冀
2026-04-30,苦菊,2.85,2.1,4.0,2,辽冀
2026-05-01,苦菊,2.75,1.9,4.0,2,辽冀
2026-05-02,苦菊,2.0,1.9,2.1,1,辽冀
2026-05-03,苦菊,2.0,1.9,2.1,1,辽冀
2026-05-04,苦菊,2.675,1.7,4.0,2,辽冀
2026-05-05,苦菊,2.675,1.7,4.0,2,辽冀
2026-05-06,苦菊,2.5,1.7,3.5,2,辽冀
2026-05-07,苦菊,2.5,1.7,3.5,2,辽冀
2026-05-08,苦菊,2.225,1.7,3.0,2,辽冀
2026-05-09,苦菊,1.85,1.7,2.0,1,辽冀
2026-05-10,苦菊,1.8,1.7,1.9,1,辽冀
2026-05-11,苦菊,2.2,1.7,3.0,2,辽冀
2026-05-12,苦菊,2.2,1.7,3.0,2,辽冀
2026-05-13,苦菊,2.2,1.7,3.0,2,辽冀
2026-05-14,苦菊,2.2,1.7,3.0,2,辽冀
2026-05-15,苦菊,2.2,1.7,3.0,2,辽冀
2026-05-16,苦菊,1.8,1.7,1.9,1,辽冀
2026-05-17,苦菊,1.8,1.7,1.9,1,辽冀
2026-05-18,苦菊,2.175,1.7,3.0,2,辽冀
2026-05-19,苦菊,2.175,1.7,3.0,2,辽冀
2026-05-20,苦菊,2.175,1.7,3.0,2,辽冀
2026-05-21,苦菊,2.175,1.7,3.0,2,辽冀
2026-05-22,苦菊,2.175,1.7,3.0,2,辽冀
2026-05-23,苦菊,1.75,1.7,1.8,1,辽冀
2026-05-24,苦菊,1.75,1.7,1.8,1,辽冀
2026-05-25,苦菊,2.15,1.6,3.0,2,辽冀
2026-05-26,苦菊,2.2,1.6,3.0,2,辽冀
2026-05-27,苦菊,2.2,1.6,3.0,2,辽冀
2026-05-28,苦菊,2.15,1.6,2.8,2,辽冀
2026-05-29,苦菊,2.15,1.6,2.8,2,辽冀
2026-05-30,苦菊,1.65,1.6,1.7,1,辽冀
2026-05-31,苦菊,1.65,1.6,1.7,1,辽冀
2026-06-01,苦菊,2.15,1.6,2.8,2,辽冀
2026-06-02,苦菊,2.275,1.8,2.8,2,辽冀
2026-06-03,苦菊,2.8,2.3,3.5,2,辽冀
2026-06-04,苦菊,3.225,2.9,4.0,2,辽冀
2026-06-05,苦菊,3.225,2.9,4.0,2,辽冀
2026-06-06,苦菊,3.55,3.3,3.8,1,辽冀
2026-06-07,苦菊,3.55,3.3,3.8,1,辽冀
2026-06-08,苦菊,4.225,3.6,5.0,2,辽冀
2026-06-09,苦菊,4.225,3.6,5.0,2,辽冀
2026-06-10,苦菊,3.95,3.0,5.0,2,辽冀
2026-06-11,苦菊,3.95,3.0,5.0,2,辽冀
2026-06-12,苦菊,3.325,2.3,4.5,2,辽冀
2026-06-13,苦菊,2.4,2.3,2.5,1,辽冀
2026-06-14,苦菊,2.4,2.3,2.5,1,辽冀
2026-06-15,苦菊,2.95,2.3,3.8,2,辽冀
2026-06-16,苦菊,2.875,2.3,3.5,2,辽冀
2026-06-17,苦菊,2.875,2.3,3.5,2,辽冀
2026-06-18,苦菊,2.875,2.3,3.5,2,辽冀
2026-06-19,苦菊,2.875,2.3,3.5,2,辽冀
2026-06-20,苦菊,2.4,2.3,2.5,1,辽冀
2026-06-21,苦菊,2.2,2.1,2.3,1,辽冀
2026-06-22,苦菊,2.5,1.9,3.5,2,辽冀
2026-06-23,苦菊,2.5,1.9,3.5,2,辽冀
2026-06-24,苦菊,2.375,1.9,3.0,2,辽冀
2026-06-25,苦菊,2.375,1.9,3.0,2,辽冀
2026-06-26,苦菊,2.375,1.9,3.0,2,辽冀
2026-06-27,苦菊,2.0,1.9,2.1,1,辽冀
2026-06-28,苦菊,2.0,1.9,2.1,1,辽冀
2026-06-29,苦菊,2.375,1.9,3.0,2,辽冀
2026-06-30,苦菊,2.375,1.9,3.0,2,辽冀
2026-07-01,苦菊,2.375,1.9,3.0,2,辽冀
2026-07-02,苦菊,2.375,1.9,3.0,2,辽冀
2026-07-03,苦菊,2.375,1.9,3.0,2,辽冀
2026-07-04,苦菊,2.0,1.9,2.1,1,辽冀
2026-07-05,苦菊,2.0,1.9,2.1,1,辽冀
2026-07-06,苦菊,2.275,1.7,3.0,2,辽冀
2026-07-07,苦菊,2.275,1.7,3.0,2,辽冀
2026-07-08,苦菊,2.275,1.7,3.0,2,辽冀
2026-07-09,苦菊,2.275,1.7,3.0,2,辽冀
2026-07-10,苦菊,2.825,2.5,3.0,2,辽冀
2026-07-11,苦菊,3.6,3.5,3.7,1,辽冀
2026-07-12,苦菊,4.3,4.2,4.4,1,辽冀
2026-07-13,苦菊,4.725,4.3,5.5,2,辽冀
2026-07-14,苦菊,4.725,4.3,5.5,2,辽冀
2026-07-15,苦菊,4.65,4.0,5.5,2,辽冀
2026-07-16,苦菊,3.817,2.5,5.3,3,冀/辽
2026-07-17,苦菊,3.817,2.5,5.3,3,冀/辽
2026-07-18,苦菊,3.125,2.2,4.0,2,冀/辽
2026-07-19,苦菊,3.125,2.2,4.0,2,冀/辽
2026-07-20,苦菊,3.75,2.2,5.3,3,冀/辽
2026-07-21,苦菊,4.15,2.5,5.5,3,冀/辽
2026-07-22,苦菊,4.117,2.4,5.5,3,冀/辽
2026-07-23,苦菊,4.45,2.4,6.5,3,冀/辽
2026-07-24,苦菊,4.45,2.4,6.5,3,冀/辽
2026-07-25,苦菊,3.675,2.4,5.0,2,冀/辽
2026-07-26,苦菊,3.45,2.4,4.6,2,冀/辽
2026-07-27,苦菊,4.05,2.2,6.3,3,冀/辽
2026-07-28,苦菊,3.767,2.2,5.8,3,冀/辽
2026-07-29,苦菊,3.45,2.2,5.0,3,冀/辽
2026-07-30,苦菊,3.333,2.2,4.8,3,冀/辽
2026-07-31,苦菊,3.333,2.2,4.8,3,冀/辽
2026-08-01,苦菊,2.8,2.2,3.3,2,冀/辽
2026-08-02,苦菊,2.8,2.2,3.3,2,冀/辽
2026-08-03,苦菊,3.167,2.2,4.3,3,冀/辽
2026-08-04,苦菊,2.967,2.2,4.0,3,冀/辽
2026-08-05,苦菊,2.967,2.2,4.0,3,冀/辽
2026-08-06,苦菊,2.967,2.2,4.0,3,冀/辽
2026-08-07,苦菊,2.967,2.2,4.0,3,冀/辽
2026-08-08,苦菊,2.575,2.2,2.9,2,冀/辽
2026-08-09,苦菊,2.9,2.5,3.3,2,冀/辽
2026-08-10,苦菊,3.233,2.0,4.0,3,冀/辽
2026-08-11,苦菊,3.233,2.0,4.0,3,冀/辽
2026-01-01,茄子,3.55,3.3,3.8,1,云
2026-01-02,茄子,3.55,3.3,3.8,1,云
2026-01-03,茄子,3.55,3.3,3.8,1,云
2026-01-04,茄子,3.55,3.3,3.8,1,云
2026-01-05,茄子,3.55,3.3,3.8,1,云
2026-01-06,茄子,3.55,3.3,3.8,1,云
2026-01-07,茄子,3.55,3.3,3.8,1,云
2026-01-08,茄子,3.55,3.3,3.8,1,云
2026-01-09,茄子,3.55,3.3,3.8,1,云
2026-01-10,茄子,3.5,3.3,3.7,1,云
2026-01-11,茄子,3.4,3.2,3.6,1,云
2026-01-12,茄子,3.4,3.2,3.6,1,云
2026-01-13,茄子,3.4,3.2,3.6,1,云
2026-01-14,茄子,3.4,3.2,3.6,1,云
2026-01-15,茄子,3.4,3.2,3.6,1,云
2026-01-16,茄子,3.55,3.3,3.8,1,云
2026-01-17,茄子,3.55,3.3,3.8,1,云
2026-01-18,茄子,3.65,3.3,4.0,1,云
2026-01-19,茄子,3.65,3.3,4.0,1,云
2026-01-20,茄子,3.65,3.3,4.0,1,云
2026-01-21,茄子,3.5,3.2,3.8,1,云
2026-01-22,茄子,3.5,3.2,3.8,1,云
2026-01-23,茄子,3.35,3.0,3.7,1,云
2026-01-24,茄子,3.35,3.0,3.7,1,云
2026-01-25,茄子,3.35,3.0,3.7,1,云
2026-01-26,茄子,3.1,2.5,3.7,1,云
2026-01-27,茄子,3.1,2.5,3.7,1,云
2026-01-28,茄子,3.1,2.5,3.7,1,云
2026-01-29,茄子,3.05,2.5,3.6,1,云
2026-01-30,茄子,3.05,2.5,3.6,1,云
2026-01-31,茄子,3.05,2.5,3.6,1,云
2026-02-01,茄子,3.05,2.5,3.6,1,云
2026-02-02,茄子,2.9,2.5,3.3,1,云
2026-02-03,茄子,2.6,2.2,3.0,1,云
2026-02-04,茄子,2.6,2.2,3.0,1,云
2026-02-05,茄子,2.6,2.2,3.0,1,云
2026-02-06,茄子,2.65,1.8,3.5,1,云
2026-02-07,茄子,2.65,1.8,3.5,1,云
2026-02-08,茄子,2.65,2.0,3.3,1,云
2026-02-09,茄子,2.65,2.0,3.3,1,云
2026-02-10,茄子,2.4,1.8,3.0,1,云
2026-02-11,茄子,2.4,1.8,3.0,1,云
2026-02-12,茄子,2.4,1.8,3.0,1,云
2026-02-13,茄子,2.4,1.8,3.0,1,云
2026-02-14,茄子,2.4,1.8,3.0,1,云
2026-02-15,茄子,2.4,1.8,3.0,1,云
2026-02-16,茄子,2.4,1.8,3.0,1,云
2026-02-24,茄子,1.7,1.2,2.2,1,云冀
2026-02-25,茄子,1.7,1.2,2.2,1,云冀
2026-02-26,茄子,1.85,1.2,2.5,1,云冀
2026-02-27,茄子,2.0,1.2,2.8,1,云冀
2026-02-28,茄子,2.25,1.5,3.0,1,云冀
2026-03-01,茄子,2.25,1.5,3.0,1,云冀
2026-03-02,茄子,2.25,1.5,3.0,1,云冀
2026-03-03,茄子,2.25,1.5,3.0,1,云冀
2026-03-04,茄子,2.25,1.5,3.0,1,云冀
2026-03-05,茄子,2.25,1.5,3.0,1,云冀
2026-03-06,茄子,2.25,1.5,3.0,1,云冀
2026-03-07,茄子,2.25,1.5,3.0,1,云冀
2026-03-08,茄子,2.35,1.5,3.2,1,云冀
2026-03-09,茄子,2.5,1.8,3.2,1,云冀
2026-03-10,茄子,2.5,1.8,3.2,1,云冀
2026-03-11,茄子,2.5,1.8,3.2,1,云冀
2026-03-12,茄子,2.5,1.8,3.2,1,云冀
2026-03-13,茄子,2.4,1.8,3.0,1,云冀
2026-03-14,茄子,2.4,1.8,3.0,1,云冀
2026-03-15,茄子,2.25,1.8,2.7,1,云冀
2026-03-16,茄子,2.25,1.8,2.7,1,云冀
2026-03-17,茄子,2.25,1.8,2.7,1,云冀
2026-03-18,茄子,2.3,1.8,2.8,1,云冀
2026-03-19,茄子,2.4,1.8,3.0,1,云冀
2026-03-20,茄子,2.4,1.8,3.0,1,云冀
2026-03-21,茄子,2.4,1.8,3.0,1,云冀
2026-03-22,茄子,2.5,2.0,3.0,1,云冀
2026-03-23,茄子,2.5,2.0,3.0,1,云冀
2026-03-24,茄子,2.4,2.0,2.8,1,云冀
2026-03-25,茄子,2.4,2.0,2.8,1,云冀
2026-03-26,茄子,2.25,1.8,2.7,1,云冀
2026-03-27,茄子,2.15,1.6,2.7,1,云冀
2026-03-28,茄子,2.0,1.5,2.5,1,云冀
2026-03-29,茄子,2.0,1.5,2.5,1,云冀
2026-03-30,茄子,1.9,1.5,2.3,1,云冀
2026-03-31,茄子,1.9,1.5,2.3,1,云冀
2026-04-01,茄子,1.7,1.2,2.2,1,云冀
2026-04-02,茄子,1.7,1.2,2.2,1,云冀
2026-04-03,茄子,1.75,1.2,2.3,1,云冀
2026-04-04,茄子,1.85,1.2,2.5,1,云冀
2026-04-05,茄子,2.05,1.2,2.9,1,云冀
2026-04-06,茄子,2.05,1.2,2.9,1,云冀
2026-04-07,茄子,1.85,1.2,2.5,1,云冀
2026-04-08,茄子,1.85,1.2,2.5,1,云冀
2026-04-09,茄子,2.0,1.5,2.5,1,云冀
2026-04-10,茄子,1.9,1.3,2.5,1,云冀
2026-04-11,茄子,1.9,1.3,2.5,1,云冀
2026-04-12,茄子,2.0,1.3,2.7,1,云冀
2026-04-13,茄子,2.15,1.4,2.9,1,云冀
2026-04-14,茄子,2.15,1.4,2.9,1,云冀
2026-04-15,茄子,2.05,1.4,2.7,1,云冀
2026-04-16,茄子,1.95,1.4,2.5,1,云冀
2026-04-17,茄子,1.95,1.4,2.5,1,云冀
2026-04-18,茄子,1.85,1.4,2.3,1,云冀
2026-04-19,茄子,1.85,1.4,2.3,1,云冀
2026-04-20,茄子,1.8,1.4,2.2,1,云冀鲁
2026-04-21,茄子,1.65,1.3,2.0,1,云冀鲁
2026-04-22,茄子,1.65,1.3,2.0,1,云冀鲁
2026-04-23,茄子,1.5,1.2,1.8,1,云冀鲁
2026-04-24,茄子,1.4,1.0,1.8,1,云冀鲁
2026-04-25,茄子,1.25,1.0,1.5,1,云冀鲁
2026-04-26,茄子,1.25,1.0,1.5,1,云冀鲁
2026-04-27,茄子,1.25,1.0,1.5,1,云冀鲁
2026-04-28,茄子,1.2,1.0,1.4,1,云冀鲁
2026-04-29,茄子,1.2,1.0,1.4,1,云冀鲁
2026-04-30,茄子,1.2,1.0,1.4,1,云冀鲁
2026-05-01,茄子,1.35,1.0,1.7,1,云冀鲁
2026-05-02,茄子,1.5,1.2,1.8,1,冀鲁
2026-05-03,茄子,1.4,1.2,1.6,1,冀鲁
2026-05-04,茄子,1.35,1.2,1.5,1,冀鲁
2026-05-05,茄子,1.35,1.2,1.5,1,冀鲁
2026-05-06,茄子,1.5,1.3,1.7,1,冀鲁
2026-05-07,茄子,1.35,1.2,1.5,1,冀鲁
2026-05-08,茄子,1.35,1.2,1.5,1,冀鲁
2026-05-09,茄子,1.35,1.2,1.5,1,冀鲁
2026-05-10,茄子,1.3,1.0,1.6,1,冀鲁
2026-05-11,茄子,1.25,1.0,1.5,1,冀鲁
2026-05-12,茄子,1.25,1.0,1.5,1,冀鲁
2026-05-13,茄子,1.1,0.9,1.3,1,冀鲁
2026-05-14,茄子,1.0,0.8,1.2,1,冀鲁
2026-05-15,茄子,0.9,0.6,1.2,1,冀鲁
2026-05-16,茄子,0.9,0.6,1.2,1,冀鲁
2026-05-17,茄子,0.95,0.7,1.2,1,冀鲁
2026-05-18,茄子,0.95,0.7,1.2,1,冀鲁
2026-05-19,茄子,0.95,0.7,1.2,1,冀鲁
2026-05-20,茄子,0.95,0.7,1.2,1,冀鲁
2026-05-21,茄子,0.95,0.7,1.2,1,冀鲁
2026-05-22,茄子,0.95,0.7,1.2,1,冀鲁
2026-05-23,茄子,1.1,0.9,1.3,1,冀鲁
2026-05-24,茄子,1.3,1.2,1.4,1,冀鲁
2026-05-25,茄子,1.25,1.1,1.4,1,冀鲁
2026-05-26,茄子,1.2,1.0,1.4,1,冀鲁
2026-05-27,茄子,1.25,1.0,1.5,1,冀鲁
2026-05-28,茄子,1.25,1.0,1.5,1,冀鲁
2026-05-29,茄子,1.25,1.0,1.5,1,冀鲁
2026-05-30,茄子,1.25,1.0,1.5,1,冀鲁
2026-05-31,茄子,1.55,1.3,1.8,1,冀鲁
2026-06-01,茄子,1.55,1.3,1.8,1,冀鲁
2026-06-02,茄子,1.55,1.3,1.8,1,冀鲁
2026-06-03,茄子,1.45,1.2,1.7,1,冀鲁
2026-06-04,茄子,1.45,1.2,1.7,1,冀鲁
2026-06-05,茄子,1.45,1.2,1.7,1,冀鲁
2026-06-06,茄子,1.45,1.2,1.7,1,冀鲁
2026-06-07,茄子,1.45,1.2,1.7,1,冀鲁
2026-06-08,茄子,1.35,1.0,1.7,1,冀
2026-06-09,茄子,1.35,1.0,1.7,1,冀
2026-06-10,茄子,1.5,1.1,1.9,1,冀
2026-06-11,茄子,1.5,1.1,1.9,1,冀
2026-06-12,茄子,1.5,1.1,1.9,1,冀
2026-06-13,茄子,1.4,1.0,1.8,1,冀
2026-06-14,茄子,1.2,0.9,1.5,1,冀
2026-06-15,茄子,1.2,0.9,1.5,1,冀
2026-06-16,茄子,1.1,0.7,1.5,1,冀鲁津
2026-06-17,茄子,1.0,0.6,1.4,1,冀鲁津
2026-06-18,茄子,1.0,0.6,1.4,1,冀鲁津
2026-06-19,茄子,1.0,0.6,1.4,1,冀鲁津
2026-06-20,茄子,1.0,0.6,1.4,1,冀鲁津
2026-06-21,茄子,1.0,0.6,1.4,1,冀鲁津
2026-06-22,茄子,0.85,0.5,1.2,1,冀鲁津
2026-06-23,茄子,0.85,0.5,1.2,1,冀鲁津
2026-06-24,茄子,0.8,0.45,1.15,1,冀鲁津
2026-06-25,茄子,0.8,0.45,1.15,1,冀鲁津
2026-06-26,茄子,0.8,0.45,1.15,1,冀鲁津
2026-06-27,茄子,0.8,0.45,1.15,1,冀鲁津
2026-06-28,茄子,0.8,0.45,1.15,1,冀鲁津
2026-06-29,茄子,0.78,0.45,1.1,1,冀鲁津
2026-06-30,茄子,0.78,0.45,1.1,1,冀鲁津
2026-07-01,茄子,0.68,0.35,1.0,1,冀鲁津
2026-07-02,茄子,0.68,0.35,1.0,1,冀鲁津
2026-07-03,茄子,0.68,0.35,1.0,1,冀鲁津
2026-07-04,茄子,0.68,0.35,1.0,1,冀鲁津
2026-07-05,茄子,0.68,0.35,1.0,1,冀鲁津
2026-07-06,茄子,0.75,0.4,1.1,1,冀津京
2026-07-07,茄子,0.75,0.4,1.1,1,冀鲁津
2026-07-08,茄子,0.75,0.4,1.1,1,冀鲁津
2026-07-09,茄子,0.85,0.5,1.2,1,冀鲁津
2026-07-10,茄子,0.85,0.5,1.2,1,冀鲁津
2026-07-11,茄子,0.85,0.5,1.2,1,冀鲁津
2026-07-12,茄子,0.85,0.5,1.2,1,冀鲁津
2026-07-13,茄子,0.9,0.5,1.3,1,冀鲁津
2026-07-14,茄子,1.0,0.5,1.5,1,冀鲁津
2026-07-15,茄子,1.0,0.5,1.5,1,冀鲁津
2026-07-16,茄子,1.0,0.5,1.5,1,冀鲁津
2026-07-17,茄子,1.0,0.5,1.5,1,冀鲁津
2026-07-18,茄子,1.0,0.5,1.5,1,冀鲁津
2026-07-19,茄子,1.0,0.5,1.5,1,冀鲁津
2026-07-20,茄子,1.0,0.5,1.5,1,冀鲁津
2026-07-21,茄子,1.0,0.5,1.5,1,冀鲁津
2026-07-22,茄子,1.0,0.5,1.5,1,冀鲁津
2026-07-23,茄子,1.0,0.5,1.5,1,冀鲁津
2026-07-24,茄子,1.0,0.5,1.5,1,冀鲁津
2026-07-25,茄子,1.0,0.5,1.5,1,冀津京
2026-07-26,茄子,1.2,0.7,1.7,1,冀津京
2026-07-27,茄子,1.2,0.7,1.7,1,冀津京
2026-07-28,茄子,1.2,0.7,1.7,1,冀津京
2026-07-29,茄子,1.1,0.6,1.6,1,冀津京
2026-07-30,茄子,1.1,0.6,1.6,1,冀津京
2026-07-31,茄子,1.05,0.6,1.5,1,冀津京
2026-08-01,茄子,1.05,0.6,1.5,1,冀津京
2026-08-02,茄子,1.05,0.6,1.5,1,冀津京
2026-08-03,茄子,1.05,0.6,1.5,1,冀津京
2026-08-04,茄子,0.95,0.5,1.4,1,冀津京
2026-08-05,茄子,0.95,0.5,1.4,1,冀津京
2026-08-06,茄子,0.95,0.5,1.4,1,冀津京
2026-08-07,茄子,0.95,0.5,1.4,1,冀津京
2026-08-08,茄子,0.95,0.5,1.4,1,冀津京
2026-08-09,茄子,0.95,0.5,1.4,1,冀津京
2026-08-10,茄子,0.95,0.5,1.4,1,冀津京
2026-08-11,茄子,0.95,0.5,1.4,1,冀津京
2026-01-01,茴香,3.1,3.0,3.2,1,冀
2026-01-02,茴香,3.1,3.0,3.2,1,冀
2026-01-03,茴香,4.75,4.5,5.0,1,冀
2026-01-04,茴香,4.75,4.5,5.0,1,冀
2026-01-05,茴香,4.25,4.0,4.5,1,冀
2026-01-06,茴香,3.65,3.5,3.8,1,冀
2026-01-07,茴香,3.65,3.5,3.8,1,冀
2026-01-08,茴香,4.25,4.0,4.5,1,冀
2026-01-09,茴香,3.9,3.8,4.0,1,冀
2026-01-10,茴香,3.65,3.5,3.8,1,冀
2026-01-11,茴香,3.65,3.5,3.8,1,冀
2026-01-12,茴香,3.25,3.0,3.5,1,冀
2026-01-13,茴香,3.15,3.0,3.3,1,冀
2026-01-14,茴香,3.05,2.8,3.3,1,冀
2026-01-15,茴香,3.05,2.8,3.3,1,冀
2026-01-16,茴香,2.9,2.8,3.0,1,冀
2026-01-17,茴香,3.1,3.0,3.2,1,冀
2026-01-18,茴香,3.25,3.0,3.5,1,冀
2026-01-19,茴香,3.25,3.0,3.5,1,冀
2026-01-20,茴香,2.9,2.8,3.0,1,冀
2026-01-21,茴香,2.9,2.8,3.0,1,冀
2026-01-22,茴香,2.9,2.8,3.0,1,冀
2026-01-23,茴香,2.9,2.8,3.0,1,冀
2026-01-24,茴香,2.9,2.8,3.0,1,冀
2026-01-25,茴香,2.9,2.8,3.0,1,冀
2026-01-26,茴香,2.9,2.8,3.0,1,冀
2026-01-27,茴香,3.25,3.0,3.5,1,冀
2026-01-28,茴香,3.25,3.0,3.5,1,冀
2026-01-29,茴香,2.9,2.8,3.0,1,冀
2026-01-30,茴香,2.9,2.8,3.0,1,冀
2026-01-31,茴香,2.75,2.5,3.0,1,冀
2026-02-01,茴香,2.75,2.5,3.0,1,冀
2026-02-02,茴香,2.75,2.5,3.0,1,冀
2026-02-03,茴香,2.75,2.5,3.0,1,冀
2026-02-04,茴香,3.25,3.0,3.5,1,冀
2026-02-05,茴香,3.05,2.8,3.3,1,冀
2026-02-06,茴香,2.9,2.8,3.0,1,冀
2026-02-07,茴香,2.9,2.8,3.0,1,冀
2026-02-08,茴香,2.9,2.8,3.0,1,冀
2026-02-09,茴香,3.0,2.8,3.2,1,冀
2026-02-10,茴香,3.75,3.5,4.0,1,冀
2026-02-11,茴香,4.75,4.5,5.0,1,冀
2026-02-12,茴香,5.0,4.5,5.5,1,冀
2026-02-13,茴香,4.0,3.5,4.5,1,冀
2026-02-14,茴香,4.5,4.0,5.0,1,冀
2026-02-15,茴香,5.5,5.0,6.0,1,冀
2026-02-16,茴香,5.5,5.0,6.0,1,冀
2026-02-24,茴香,1.9,1.8,2.0,1,冀
2026-02-25,茴香,1.65,1.5,1.8,1,冀
2026-02-26,茴香,2.9,2.8,3.0,1,冀
2026-02-27,茴香,2.25,2.0,2.5,1,冀
2026-02-28,茴香,2.25,2.0,2.5,1,冀
2026-03-01,茴香,2.25,2.0,2.5,1,冀
2026-03-02,茴香,2.25,2.0,2.5,1,冀
2026-03-03,茴香,3.0,2.5,3.5,1,冀
2026-03-04,茴香,4.25,4.0,4.5,1,冀
2026-03-05,茴香,4.75,4.5,5.0,1,冀
2026-03-06,茴香,4.25,4.0,4.5,1,冀
2026-03-07,茴香,4.0,3.5,4.5,1,冀
2026-03-08,茴香,4.0,3.5,4.5,1,冀
2026-03-09,茴香,3.75,3.5,4.0,1,冀
2026-03-10,茴香,2.75,2.5,3.0,1,冀
2026-03-11,茴香,2.75,2.5,3.0,1,冀
2026-03-12,茴香,2.75,2.5,3.0,1,冀
2026-03-13,茴香,2.75,2.5,3.0,1,冀
2026-03-14,茴香,3.25,3.0,3.5,1,冀
2026-03-15,茴香,3.25,3.0,3.5,1,冀
2026-03-16,茴香,3.25,3.0,3.5,1,冀
2026-03-17,茴香,3.25,3.0,3.5,1,冀
2026-03-18,茴香,3.25,3.0,3.5,1,冀
2026-03-19,茴香,3.25,3.0,3.5,1,冀
2026-03-20,茴香,3.15,3.0,3.3,1,冀
2026-03-21,茴香,2.9,2.8,3.0,1,冀
2026-03-22,茴香,2.75,2.5,3.0,1,冀
2026-03-23,茴香,2.25,2.0,2.5,1,冀
2026-03-24,茴香,2.25,2.0,2.5,1,冀
2026-03-25,茴香,1.75,1.5,2.0,1,冀
2026-03-26,茴香,1.75,1.5,2.0,1,冀
2026-03-27,茴香,1.75,1.5,2.0,1,冀
2026-03-28,茴香,1.75,1.5,2.0,1,冀
2026-03-29,茴香,1.5,1.2,1.8,1,冀
2026-03-30,茴香,1.5,1.2,1.8,1,冀
2026-03-31,茴香,1.5,1.2,1.8,1,冀
2026-04-01,茴香,1.5,1.2,1.8,1,冀
2026-04-02,茴香,1.65,1.5,1.8,1,冀
2026-04-03,茴香,1.5,1.2,1.8,1,冀
2026-04-04,茴香,1.35,1.2,1.5,1,冀
2026-04-05,茴香,1.35,1.2,1.5,1,冀
2026-04-06,茴香,1.25,1.0,1.5,1,冀
2026-04-07,茴香,1.65,1.5,1.8,1,冀
2026-04-08,茴香,1.65,1.5,1.8,1,冀
2026-04-09,茴香,1.55,1.5,1.6,1,冀
2026-04-10,茴香,1.65,1.5,1.8,1,冀
2026-04-11,茴香,1.65,1.5,1.8,1,冀
2026-04-12,茴香,1.65,1.5,1.8,1,冀
2026-04-13,茴香,1.65,1.5,1.8,1,冀
2026-04-14,茴香,1.65,1.5,1.8,1,冀
2026-04-15,茴香,1.65,1.5,1.8,1,冀
2026-04-16,茴香,1.75,1.5,2.0,1,冀
2026-04-17,茴香,1.75,1.5,2.0,1,冀
2026-04-18,茴香,1.5,1.2,1.8,1,冀
2026-04-19,茴香,1.5,1.2,1.8,1,冀
2026-04-20,茴香,1.5,1.2,1.8,1,冀
2026-04-21,茴香,1.35,1.2,1.5,1,冀
2026-04-22,茴香,1.35,1.2,1.5,1,冀
2026-04-23,茴香,1.35,1.2,1.5,1,冀
2026-04-24,茴香,1.35,1.2,1.5,1,冀
2026-04-25,茴香,1.35,1.2,1.5,1,冀
2026-04-26,茴香,1.35,1.2,1.5,1,冀
2026-04-27,茴香,1.15,1.0,1.3,1,冀
2026-04-28,茴香,1.1,1.0,1.2,1,冀
2026-04-29,茴香,1.1,1.0,1.2,1,冀
2026-04-30,茴香,1.1,1.0,1.2,1,冀
2026-05-01,茴香,1.1,1.0,1.2,1,冀
2026-05-02,茴香,1.2,1.0,1.4,1,冀
2026-05-03,茴香,1.2,1.0,1.4,1,冀
2026-05-04,茴香,1.15,1.0,1.3,1,冀
2026-05-05,茴香,1.25,1.0,1.5,1,冀
2026-05-06,茴香,1.25,1.0,1.5,1,冀
2026-05-07,茴香,1.25,1.0,1.5,1,冀
2026-05-08,茴香,1.25,1.0,1.5,1,冀
2026-05-09,茴香,1.25,1.0,1.5,1,冀
2026-05-10,茴香,1.25,1.0,1.5,1,冀
2026-05-11,茴香,1.25,1.0,1.5,1,冀
2026-05-12,茴香,1.25,1.0,1.5,1,冀
2026-05-13,茴香,1.25,1.0,1.5,1,冀
2026-05-14,茴香,1.25,1.0,1.5,1,冀
2026-05-15,茴香,1.25,1.0,1.5,1,冀
2026-05-16,茴香,1.25,1.0,1.5,1,冀
2026-05-17,茴香,1.75,1.5,2.0,1,冀
2026-05-18,茴香,1.75,1.5,2.0,1,冀
2026-05-19,茴香,1.75,1.5,2.0,1,冀
2026-05-20,茴香,1.25,1.0,1.5,1,冀
2026-05-21,茴香,1.25,1.0,1.5,1,冀
2026-05-22,茴香,1.25,1.0,1.5,1,冀
2026-05-23,茴香,1.65,1.5,1.8,1,冀
2026-05-24,茴香,1.75,1.5,2.0,1,冀
2026-05-25,茴香,1.5,1.2,1.8,1,冀
2026-05-26,茴香,1.25,1.0,1.5,1,冀
2026-05-27,茴香,1.25,1.0,1.5,1,冀
2026-05-28,茴香,1.25,1.0,1.5,1,冀
2026-05-29,茴香,1.25,1.0,1.5,1,冀
2026-05-30,茴香,1.65,1.5,1.8,1,冀
2026-05-31,茴香,1.75,1.5,2.0,1,冀
2026-06-01,茴香,3.25,3.0,3.5,1,冀
2026-06-02,茴香,2.75,2.5,3.0,1,冀
2026-06-03,茴香,3.0,2.5,3.5,1,冀
2026-06-04,茴香,3.0,2.5,3.5,1,冀
2026-06-05,茴香,3.0,2.5,3.5,1,冀
2026-06-06,茴香,3.0,2.5,3.5,1,冀
2026-06-07,茴香,3.0,2.5,3.5,1,冀
2026-06-08,茴香,2.9,2.5,3.3,1,冀
2026-06-09,茴香,2.75,2.5,3.0,1,冀
2026-06-10,茴香,2.75,2.5,3.0,1,冀
2026-06-11,茴香,2.65,2.5,2.8,1,冀
2026-06-12,茴香,2.25,2.0,2.5,1,冀
2026-06-13,茴香,2.25,2.0,2.5,1,冀
2026-06-14,茴香,2.25,2.0,2.5,1,冀
2026-06-15,茴香,1.75,1.5,2.0,1,冀
2026-06-16,茴香,1.25,1.0,1.5,1,冀
2026-06-17,茴香,1.25,1.0,1.5,1,冀
2026-06-18,茴香,1.25,1.0,1.5,1,冀
2026-06-19,茴香,1.25,1.0,1.5,1,冀
2026-06-20,茴香,1.25,1.0,1.5,1,冀
2026-06-21,茴香,1.25,1.0,1.5,1,冀
2026-06-22,茴香,1.55,1.3,1.8,1,冀
2026-06-23,茴香,1.75,1.5,2.0,1,冀
2026-06-24,茴香,2.25,2.0,2.5,1,冀
2026-06-25,茴香,2.75,2.5,3.0,1,冀
2026-06-26,茴香,2.75,2.5,3.0,1,冀
2026-06-27,茴香,2.75,2.5,3.0,1,冀
2026-06-28,茴香,2.75,2.5,3.0,1,冀
2026-06-29,茴香,2.75,2.5,3.0,1,冀
2026-06-30,茴香,2.75,2.5,3.0,1,冀
2026-07-01,茴香,2.75,2.5,3.0,1,冀
2026-07-02,茴香,2.75,2.5,3.0,1,冀
2026-07-03,茴香,1.75,1.5,2.0,1,冀
2026-07-04,茴香,1.25,1.0,1.5,1,冀
2026-07-05,茴香,1.25,1.0,1.5,1,冀
2026-07-06,茴香,1.25,1.0,1.5,1,冀
2026-07-07,茴香,1.1,1.0,1.2,1,冀
2026-07-08,茴香,1.1,1.0,1.2,1,冀
2026-07-09,茴香,1.1,1.0,1.2,1,冀
2026-07-10,茴香,1.1,1.0,1.2,1,冀
2026-07-11,茴香,1.1,1.0,1.2,1,冀
2026-07-12,茴香,1.1,1.0,1.2,1,冀
2026-07-13,茴香,1.25,1.0,1.5,1,冀
2026-07-14,茴香,1.25,1.0,1.5,1,冀
2026-07-15,茴香,1.25,1.0,1.5,1,冀
2026-07-16,茴香,1.25,1.0,1.5,1,冀
2026-07-17,茴香,2.25,2.0,2.5,1,冀
2026-07-18,茴香,2.25,2.0,2.5,1,冀
2026-07-19,茴香,3.0,2.5,3.5,1,冀
2026-07-20,茴香,3.0,2.5,3.5,1,冀
2026-07-21,茴香,2.75,2.5,3.0,1,冀
2026-07-22,茴香,2.75,2.5,3.0,1,冀
2026-07-23,茴香,2.75,2.5,3.0,1,冀
2026-07-24,茴香,2.25,2.0,2.5,1,冀
2026-07-25,茴香,2.75,2.5,3.0,1,冀
2026-07-26,茴香,2.75,2.5,3.0,1,冀
2026-07-27,茴香,2.75,2.5,3.0,1,冀
2026-07-28,茴香,2.75,2.5,3.0,1,冀
2026-07-29,茴香,2.75,2.5,3.0,1,冀
2026-07-30,茴香,3.25,3.0,3.5,1,冀
2026-07-31,茴香,3.25,3.0,3.5,1,冀
2026-08-01,茴香,3.5,3.0,4.0,1,冀
2026-08-02,茴香,3.5,3.0,4.0,1,冀
2026-08-03,茴香,4.0,3.5,4.5,1,冀
2026-08-04,茴香,4.0,3.5,4.5,1,冀
2026-08-05,茴香,4.25,4.0,4.5,1,冀
2026-08-06,茴香,5.0,4.5,5.5,1,冀
2026-08-07,茴香,5.0,4.5,5.5,1,冀
2026-08-08,茴香,5.0,4.5,5.5,1,冀
2026-08-09,茴香,5.0,4.5,5.5,1,冀
2026-08-10,茴香,5.0,4.5,5.5,1,冀
2026-08-11,茴香,5.0,4.5,5.5,1,冀
2026-01-01,茼蒿,4.5,4.0,5.0,1,
2026-01-02,茼蒿,4.5,4.0,5.0,1,
2026-01-05,茼蒿,4.5,4.0,5.0,1,
2026-01-06,茼蒿,3.75,3.5,4.0,1,
2026-01-07,茼蒿,3.75,3.5,4.0,1,
2026-01-08,茼蒿,3.75,3.5,4.0,1,
2026-01-09,茼蒿,3.75,3.5,4.0,1,
2026-01-12,茼蒿,4.25,4.0,4.5,1,
2026-01-13,茼蒿,4.25,4.0,4.5,1,
2026-01-14,茼蒿,4.25,4.0,4.5,1,
2026-01-15,茼蒿,4.5,4.0,5.0,1,
2026-01-16,茼蒿,4.5,4.0,5.0,1,
2026-01-19,茼蒿,5.75,5.5,6.0,1,
2026-01-20,茼蒿,5.1,5.0,5.2,1,
2026-01-21,茼蒿,4.5,4.0,5.0,1,
2026-01-22,茼蒿,4.5,4.0,5.0,1,
2026-01-23,茼蒿,4.5,4.0,5.0,1,
2026-01-26,茼蒿,4.3,3.8,4.8,1,
2026-01-27,茼蒿,4.3,3.8,4.8,1,
2026-01-28,茼蒿,4.9,4.5,5.3,1,
2026-01-29,茼蒿,5.15,4.6,5.7,1,
2026-01-30,茼蒿,5.15,4.6,5.7,1,
2026-02-02,茼蒿,4.65,4.3,5.0,1,
2026-02-03,茼蒿,4.4,4.3,4.5,1,
2026-02-04,茼蒿,4.4,4.3,4.5,1,
2026-02-05,茼蒿,4.4,4.3,4.5,1,
2026-02-06,茼蒿,4.25,4.0,4.5,1,
2026-02-09,茼蒿,4.25,4.0,4.5,1,
2026-02-10,茼蒿,4.5,4.0,5.0,1,
2026-02-11,茼蒿,5.25,5.0,5.5,1,
2026-02-12,茼蒿,5.25,5.0,5.5,1,
2026-02-13,茼蒿,3.95,2.8,5.5,3,
2026-02-24,茼蒿,5.25,5.0,5.5,1,
2026-02-25,茼蒿,5.25,5.0,5.5,1,
2026-02-26,茼蒿,4.75,4.5,5.0,1,
2026-02-27,茼蒿,4.25,4.0,4.5,1,
2026-03-02,茼蒿,3.75,3.5,4.0,1,
2026-03-03,茼蒿,3.75,3.5,4.0,1,
2026-03-04,茼蒿,3.75,3.5,4.0,1,
2026-03-05,茼蒿,3.75,3.5,4.0,1,
2026-03-06,茼蒿,3.3,2.8,3.8,1,
2026-03-09,茼蒿,5.0,4.5,5.5,1,
2026-03-10,茼蒿,4.15,3.5,4.8,1,
2026-03-11,茼蒿,3.9,3.5,4.3,1,
2026-03-12,茼蒿,3.9,3.5,4.3,1,
2026-03-13,茼蒿,3.9,3.5,4.3,1,
2026-03-16,茼蒿,3.9,3.5,4.3,1,
2026-03-17,茼蒿,3.65,3.3,4.0,1,
2026-03-18,茼蒿,3.65,3.3,4.0,1,
2026-03-19,茼蒿,3.65,3.3,4.0,1,
2026-03-20,茼蒿,3.65,3.3,4.0,1,
2026-03-23,茼蒿,3.65,3.3,4.0,1,
2026-03-24,茼蒿,3.4,3.0,3.8,1,
2026-03-25,茼蒿,3.4,3.0,3.8,1,
2026-03-26,茼蒿,3.4,3.0,3.8,1,
2026-03-27,茼蒿,3.4,3.0,3.8,1,
2026-03-30,茼蒿,2.9,2.5,3.3,1,
2026-03-31,茼蒿,2.9,2.5,3.3,1,
2026-04-01,茼蒿,2.75,2.5,3.0,1,
2026-04-02,茼蒿,2.75,2.5,3.0,1,
2026-04-03,茼蒿,2.75,2.5,3.0,1,
2026-04-06,茼蒿,3.5,3.0,4.0,1,
2026-04-07,茼蒿,3.75,3.0,4.5,1,
2026-04-08,茼蒿,4.75,4.0,5.5,1,
2026-04-09,茼蒿,5.25,4.5,6.0,1,
2026-04-10,茼蒿,5.75,5.0,6.5,1,
2026-04-13,茼蒿,4.8,4.3,5.3,1,
2026-04-14,茼蒿,4.8,4.3,5.3,1,
2026-04-15,茼蒿,4.8,4.3,5.3,1,
2026-04-16,茼蒿,4.65,4.3,5.0,1,
2026-04-17,茼蒿,4.65,4.3,5.0,1,
2026-04-20,茼蒿,3.8,3.3,4.3,1,
2026-04-21,茼蒿,3.8,3.3,4.3,1,
2026-04-22,茼蒿,3.25,3.0,3.5,1,
2026-04-23,茼蒿,2.75,2.5,3.0,1,
2026-04-24,茼蒿,2.75,2.5,3.0,1,
2026-04-27,茼蒿,3.0,2.5,3.5,1,
2026-04-28,茼蒿,3.25,2.5,4.0,1,
2026-04-29,茼蒿,3.25,2.5,4.0,1,
2026-04-30,茼蒿,3.25,2.5,4.0,1,
2026-05-01,茼蒿,2.5,2.0,3.0,1,
2026-05-04,茼蒿,2.65,2.3,3.0,1,
2026-05-05,茼蒿,2.9,2.5,3.3,1,
2026-05-06,茼蒿,3.05,2.6,3.5,1,
2026-05-07,茼蒿,3.05,2.6,3.5,1,
2026-05-08,茼蒿,2.25,2.0,2.5,1,
2026-05-11,茼蒿,3.0,2.5,3.5,1,
2026-05-12,茼蒿,3.5,3.0,4.0,1,
2026-05-13,茼蒿,2.75,2.5,3.0,1,
2026-05-14,茼蒿,2.75,2.5,3.0,1,
2026-05-15,茼蒿,2.75,2.5,3.0,1,
2026-05-18,茼蒿,3.25,3.0,3.5,1,
2026-05-19,茼蒿,4.0,3.5,4.5,1,
2026-05-20,茼蒿,4.75,4.5,5.0,1,
2026-05-21,茼蒿,4.75,4.5,5.0,1,
2026-05-22,茼蒿,5.0,4.5,5.5,1,
2026-05-25,茼蒿,5.0,4.5,5.5,1,
2026-05-26,茼蒿,5.5,5.0,6.0,1,
2026-05-27,茼蒿,5.5,5.0,6.0,1,
2026-05-28,茼蒿,5.5,5.0,6.0,1,
2026-05-29,茼蒿,4.65,4.3,5.0,1,
2026-06-01,茼蒿,6.0,5.5,6.5,1,
2026-06-02,茼蒿,5.75,5.5,6.0,1,
2026-06-03,茼蒿,6.0,5.5,6.5,1,
2026-06-04,茼蒿,6.0,5.5,6.5,1,
2026-06-05,茼蒿,6.5,6.0,7.0,1,
2026-06-08,茼蒿,6.55,6.3,6.8,1,
2026-06-09,茼蒿,6.55,6.3,6.8,1,
2026-06-10,茼蒿,7.25,7.0,7.5,1,
2026-06-11,茼蒿,7.25,7.0,7.5,1,
2026-06-12,茼蒿,7.25,7.0,7.5,1,
2026-06-15,茼蒿,6.0,5.5,6.5,1,
2026-06-16,茼蒿,6.0,5.5,6.5,1,
2026-06-17,茼蒿,6.0,5.5,6.5,1,
2026-06-18,茼蒿,5.75,5.5,6.0,1,
2026-06-19,茼蒿,5.75,5.5,6.0,1,
2026-06-22,茼蒿,7.0,6.5,7.5,1,
2026-06-23,茼蒿,9.0,8.0,10.0,1,
2026-06-24,茼蒿,8.25,7.5,9.0,1,
2026-06-25,茼蒿,7.5,7.0,8.0,1,
2026-06-26,茼蒿,6.5,6.0,7.0,1,
2026-06-29,茼蒿,6.5,6.0,7.0,1,
2026-06-30,茼蒿,6.0,5.5,6.5,1,
2026-07-01,茼蒿,5.65,5.3,6.0,1,
2026-07-02,茼蒿,5.4,5.0,5.8,1,
2026-07-03,茼蒿,4.5,4.0,5.0,1,
2026-07-06,茼蒿,5.0,4.5,5.5,1,
2026-07-07,茼蒿,6.0,5.5,6.5,1,
2026-07-08,茼蒿,6.5,6.0,7.0,1,
2026-07-09,茼蒿,7.25,7.0,7.5,1,
2026-07-10,茼蒿,7.25,7.0,7.5,1,
2026-07-13,茼蒿,9.0,8.5,9.5,1,
2026-07-14,茼蒿,9.0,8.5,9.5,1,
2026-07-15,茼蒿,9.0,8.5,9.5,1,
2026-07-16,茼蒿,9.0,8.5,9.5,1,
2026-07-17,茼蒿,9.0,8.5,9.5,1,
2026-07-20,茼蒿,11.25,10.5,12.0,1,
2026-07-21,茼蒿,11.25,10.5,12.0,1,
2026-07-22,茼蒿,10.0,9.5,10.5,1,
2026-07-23,茼蒿,10.0,9.5,10.5,1,
2026-07-24,茼蒿,10.0,9.5,10.5,1,
2026-07-27,茼蒿,9.0,8.5,9.5,1,
2026-07-28,茼蒿,9.0,8.5,9.5,1,
2026-07-29,茼蒿,8.5,8.0,9.0,1,
2026-07-30,茼蒿,8.5,8.0,9.0,1,
2026-07-31,茼蒿,8.5,8.0,9.0,1,
2026-08-03,茼蒿,8.0,7.5,8.5,1,
2026-08-04,茼蒿,7.25,7.0,7.5,1,
2026-08-05,茼蒿,7.0,6.5,7.5,1,
2026-08-06,茼蒿,7.0,6.5,7.5,1,
2026-08-07,茼蒿,6.75,6.5,7.0,1,
2026-08-10,茼蒿,7.9,7.5,8.3,1,
2026-08-11,茼蒿,8.0,7.5,8.5,1,
2026-01-01,荆芥,9.0,8.0,10.0,1,
2026-01-02,荆芥,9.0,8.0,10.0,1,
2026-01-05,荆芥,9.0,8.0,10.0,1,
2026-01-06,荆芥,9.0,8.0,10.0,1,
2026-01-07,荆芥,9.0,8.0,10.0,1,
2026-01-08,荆芥,9.0,8.0,10.0,1,
2026-01-09,荆芥,9.0,8.0,10.0,1,
2026-01-12,荆芥,9.0,8.0,10.0,1,
2026-01-13,荆芥,9.0,8.0,10.0,1,
2026-01-14,荆芥,9.0,8.0,10.0,1,
2026-01-15,荆芥,9.0,8.0,10.0,1,
2026-01-16,荆芥,9.0,8.0,10.0,1,
2026-01-19,荆芥,9.0,8.0,10.0,1,
2026-01-20,荆芥,9.0,8.0,10.0,1,
2026-01-21,荆芥,9.0,8.0,10.0,1,
2026-01-22,荆芥,9.0,8.0,10.0,1,
2026-01-23,荆芥,9.0,8.0,10.0,1,
2026-01-26,荆芥,9.0,8.0,10.0,1,
2026-01-27,荆芥,9.0,8.0,10.0,1,
2026-01-28,荆芥,9.0,8.0,10.0,1,
2026-01-29,荆芥,9.0,8.0,10.0,1,
2026-01-30,荆芥,9.0,8.0,10.0,1,
2026-02-02,荆芥,9.0,8.0,10.0,1,
2026-02-03,荆芥,8.5,8.0,9.0,1,
2026-02-04,荆芥,8.5,8.0,9.0,1,
2026-02-05,荆芥,8.5,8.0,9.0,1,
2026-02-06,荆芥,8.5,8.0,9.0,1,
2026-02-09,荆芥,8.25,8.0,8.5,1,
2026-02-10,荆芥,8.25,8.0,8.5,1,
2026-02-11,荆芥,8.25,8.0,8.5,1,
2026-02-12,荆芥,8.25,8.0,8.5,1,
2026-02-13,荆芥,8.25,8.0,8.5,1,
2026-02-24,荆芥,7.25,7.0,7.5,1,
2026-02-25,荆芥,7.25,7.0,7.5,1,
2026-02-26,荆芥,6.25,6.0,6.5,1,
2026-02-27,荆芥,6.25,6.0,6.5,1,
2026-03-02,荆芥,6.25,6.0,6.5,1,
2026-03-03,荆芥,6.25,6.0,6.5,1,
2026-03-04,荆芥,6.25,6.0,6.5,1,
2026-03-05,荆芥,6.25,6.0,6.5,1,
2026-03-06,荆芥,6.25,6.0,6.5,1,
2026-03-09,荆芥,6.25,6.0,6.5,1,
2026-03-10,荆芥,6.25,6.0,6.5,1,
2026-03-11,荆芥,6.25,6.0,6.5,1,
2026-03-12,荆芥,6.25,6.0,6.5,1,
2026-03-13,荆芥,6.25,6.0,6.5,1,
2026-03-16,荆芥,6.25,6.0,6.5,1,
2026-03-17,荆芥,6.25,6.0,6.5,1,
2026-03-18,荆芥,6.25,6.0,6.5,1,
2026-03-19,荆芥,6.25,6.0,6.5,1,
2026-03-20,荆芥,6.25,6.0,6.5,1,
2026-03-23,荆芥,6.25,6.0,6.5,1,
2026-03-24,荆芥,6.25,6.0,6.5,1,
2026-03-25,荆芥,6.25,6.0,6.5,1,
2026-03-26,荆芥,6.25,6.0,6.5,1,
2026-03-27,荆芥,5.5,5.0,6.0,1,
2026-03-30,荆芥,3.75,3.5,4.0,1,
2026-03-31,荆芥,3.75,3.5,4.0,1,
2026-04-01,荆芥,3.75,3.5,4.0,1,
2026-04-02,荆芥,3.5,3.0,4.0,1,
2026-04-03,荆芥,3.5,3.0,4.0,1,
2026-04-06,荆芥,3.5,3.0,4.0,1,
2026-04-07,荆芥,3.5,3.0,4.0,1,
2026-04-08,荆芥,3.5,3.0,4.0,1,
2026-04-09,荆芥,3.5,3.0,4.0,1,
2026-04-10,荆芥,3.5,3.0,4.0,1,
2026-04-13,荆芥,3.5,3.0,4.0,1,
2026-04-14,荆芥,3.5,3.0,4.0,1,
2026-04-15,荆芥,3.75,3.0,4.5,1,
2026-04-16,荆芥,3.75,3.0,4.5,1,
2026-04-17,荆芥,3.75,3.0,4.5,1,
2026-04-20,荆芥,4.5,4.0,5.0,1,
2026-04-21,荆芥,4.5,4.0,5.0,1,
2026-04-22,荆芥,4.5,4.0,5.0,1,
2026-04-23,荆芥,4.5,4.0,5.0,1,
2026-04-24,荆芥,4.5,4.0,5.0,1,
2026-04-27,荆芥,4.5,4.0,5.0,1,
2026-04-28,荆芥,3.75,3.5,4.0,1,
2026-04-29,荆芥,3.75,3.5,4.0,1,
2026-04-30,荆芥,3.25,3.0,3.5,1,
2026-05-01,荆芥,3.25,3.0,3.5,1,
2026-05-04,荆芥,3.25,3.0,3.5,1,
2026-05-05,荆芥,3.25,3.0,3.5,1,
2026-05-06,荆芥,3.25,3.0,3.5,1,
2026-05-07,荆芥,4.0,3.5,4.5,1,
2026-05-08,荆芥,3.25,3.0,3.5,1,
2026-05-11,荆芥,3.25,3.0,3.5,1,
2026-05-12,荆芥,3.25,3.0,3.5,1,
2026-05-13,荆芥,3.25,3.0,3.5,1,
2026-05-14,荆芥,3.25,3.0,3.5,1,
2026-05-15,荆芥,3.25,3.0,3.5,1,
2026-05-18,荆芥,3.25,3.0,3.5,1,
2026-05-19,荆芥,3.25,3.0,3.5,1,
2026-05-20,荆芥,3.25,3.0,3.5,1,
2026-05-21,荆芥,3.25,3.0,3.5,1,
2026-05-22,荆芥,3.25,3.0,3.5,1,
2026-05-25,荆芥,3.25,3.0,3.5,1,
2026-05-26,荆芥,3.25,3.0,3.5,1,
2026-05-27,荆芥,3.25,3.0,3.5,1,
2026-05-28,荆芥,3.25,3.0,3.5,1,
2026-05-29,荆芥,3.25,3.0,3.5,1,
2026-06-01,荆芥,3.25,3.0,3.5,1,
2026-06-02,荆芥,3.25,3.0,3.5,1,
2026-06-03,荆芥,3.5,3.0,4.0,1,
2026-06-04,荆芥,3.5,3.0,4.0,1,
2026-06-05,荆芥,3.5,3.0,4.0,1,
2026-06-08,荆芥,4.75,4.0,5.5,1,
2026-06-09,荆芥,4.75,4.0,5.5,1,
2026-06-10,荆芥,4.75,4.0,5.5,1,
2026-06-11,荆芥,4.75,4.0,5.5,1,
2026-06-12,荆芥,5.0,4.0,6.0,1,
2026-06-15,荆芥,5.0,4.0,6.0,1,
2026-06-16,荆芥,5.0,4.0,6.0,1,
2026-06-17,荆芥,5.0,4.0,6.0,1,
2026-06-18,荆芥,5.0,4.0,6.0,1,
2026-06-19,荆芥,3.75,3.5,4.0,1,
2026-06-22,荆芥,4.25,4.0,4.5,1,
2026-06-23,荆芥,4.25,4.0,4.5,1,
2026-06-24,荆芥,4.25,4.0,4.5,1,
2026-06-25,荆芥,4.5,4.0,5.0,1,
2026-06-26,荆芥,4.5,4.0,5.0,1,
2026-06-29,荆芥,4.0,3.5,4.5,1,
2026-06-30,荆芥,3.75,3.5,4.0,1,
2026-07-01,荆芥,3.75,3.5,4.0,1,
2026-07-02,荆芥,3.75,3.5,4.0,1,
2026-07-03,荆芥,3.75,3.5,4.0,1,
2026-07-06,荆芥,3.75,3.5,4.0,1,
2026-07-07,荆芥,3.75,3.5,4.0,1,
2026-07-08,荆芥,3.75,3.5,4.0,1,
2026-07-09,荆芥,3.75,3.5,4.0,1,
2026-07-10,荆芥,3.75,3.5,4.0,1,
2026-07-13,荆芥,3.0,2.5,3.5,1,
2026-07-14,荆芥,3.0,2.5,3.5,1,
2026-07-15,荆芥,3.0,2.5,3.5,1,
2026-07-16,荆芥,3.0,2.5,3.5,1,
2026-07-17,荆芥,3.0,2.5,3.5,1,
2026-07-20,荆芥,2.8,2.3,3.3,1,
2026-07-21,荆芥,2.8,2.3,3.3,1,
2026-07-22,荆芥,2.8,2.3,3.3,1,
2026-07-23,荆芥,2.8,2.3,3.3,1,
2026-07-24,荆芥,2.8,2.3,3.3,1,
2026-07-27,荆芥,4.4,4.0,4.8,1,
2026-07-28,荆芥,4.4,4.0,4.8,1,
2026-07-29,荆芥,4.4,4.0,4.8,1,
2026-07-30,荆芥,3.25,3.0,3.5,1,
2026-07-31,荆芥,3.25,3.0,3.5,1,
2026-08-03,荆芥,3.25,3.0,3.5,1,
2026-08-04,荆芥,4.0,3.5,4.5,1,
2026-08-05,荆芥,4.0,3.5,4.5,1,
2026-08-06,荆芥,4.0,3.5,4.5,1,
2026-08-07,荆芥,4.0,3.5,4.5,1,
2026-08-10,荆芥,4.0,3.5,4.5,1,
2026-08-11,荆芥,3.5,3.0,4.0,1,
2026-01-10,荔浦芋头,7.25,7.0,7.5,1,
2026-01-20,荔浦芋头,7.25,7.0,7.5,1,
2026-01-31,荔浦芋头,6.75,6.5,7.0,1,
2026-02-10,荔浦芋头,7.25,7.0,7.5,1,
2026-02-28,荔浦芋头,7.75,7.5,8.0,1,
2026-03-10,荔浦芋头,7.75,7.5,8.0,1,
2026-03-20,荔浦芋头,7.5,7.0,8.0,1,
2026-03-31,荔浦芋头,7.5,7.0,8.0,1,
2026-04-10,荔浦芋头,6.5,6.0,7.0,1,
2026-04-20,荔浦芋头,6.75,6.5,7.0,1,
2026-04-30,荔浦芋头,6.75,6.5,7.0,1,
2026-05-10,荔浦芋头,6.75,6.5,7.0,1,
2026-05-20,荔浦芋头,6.25,6.0,6.5,1,
2026-05-31,荔浦芋头,6.75,6.5,7.0,1,
2026-06-10,荔浦芋头,6.75,6.5,7.0,1,
2026-06-20,荔浦芋头,6.25,6.0,6.5,1,
2026-06-30,荔浦芋头,6.75,6.5,7.0,1,
2026-07-10,荔浦芋头,6.75,6.5,7.0,1,
2026-07-20,荔浦芋头,6.75,6.5,7.0,1,
2026-07-31,荔浦芋头,6.75,6.5,7.0,1,
2026-08-10,荔浦芋头,6.25,6.0,6.5,1,
2026-01-01,荠菜,7.5,7.0,8.0,1,
2026-01-02,荠菜,7.5,7.0,8.0,1,
2026-01-05,荠菜,7.5,7.0,8.0,1,
2026-01-06,荠菜,7.5,7.0,8.0,1,
2026-01-07,荠菜,7.5,7.0,8.0,1,
2026-01-08,荠菜,7.5,7.0,8.0,1,
2026-01-09,荠菜,9.0,8.5,9.5,1,
2026-01-10,荠菜,15.5,15.0,16.0,1,
2026-01-12,荠菜,9.0,8.5,9.5,1,
2026-01-13,荠菜,9.0,8.5,9.5,1,
2026-01-14,荠菜,9.0,8.5,9.5,1,
2026-01-15,荠菜,9.0,8.5,9.5,1,
2026-01-16,荠菜,9.0,8.5,9.5,1,
2026-01-19,荠菜,9.0,8.5,9.5,1,
2026-01-20,荠菜,12.25,8.5,16.0,2,
2026-01-21,荠菜,9.0,8.5,9.5,1,
2026-01-22,荠菜,9.0,8.5,9.5,1,
2026-01-23,荠菜,9.0,8.5,9.5,1,
2026-01-26,荠菜,9.0,8.5,9.5,1,
2026-01-27,荠菜,9.0,8.5,9.5,1,
2026-01-28,荠菜,9.0,8.5,9.5,1,
2026-01-29,荠菜,9.0,8.5,9.5,1,
2026-01-30,荠菜,9.0,8.5,9.5,1,
2026-01-31,荠菜,15.5,15.0,16.0,1,
2026-02-02,荠菜,9.0,8.5,9.5,1,
2026-02-03,荠菜,8.25,8.0,8.5,1,
2026-02-04,荠菜,7.0,6.5,7.5,1,
2026-02-05,荠菜,7.0,6.5,7.5,1,
2026-02-06,荠菜,7.0,6.5,7.5,1,
2026-02-09,荠菜,7.25,6.5,8.0,1,
2026-02-10,荠菜,11.875,6.5,17.0,2,
2026-02-11,荠菜,7.75,7.0,8.5,1,
2026-02-12,荠菜,7.75,7.0,8.5,1,
2026-02-13,荠菜,7.75,7.0,8.5,1,
2026-02-24,荠菜,7.5,7.0,8.0,1,
2026-02-25,荠菜,7.5,7.0,8.0,1,
2026-02-26,荠菜,6.75,6.5,7.0,1,
2026-02-27,荠菜,6.25,6.0,6.5,1,
2026-02-28,荠菜,18.5,18.0,19.0,1,
2026-03-02,荠菜,6.25,6.0,6.5,1,
2026-03-03,荠菜,6.25,6.0,6.5,1,
2026-03-04,荠菜,6.25,6.0,6.5,1,
2026-03-05,荠菜,6.25,6.0,6.5,1,
2026-03-06,荠菜,6.25,6.0,6.5,1,
2026-03-09,荠菜,6.25,6.0,6.5,1,
2026-03-10,荠菜,11.875,6.0,18.0,2,
2026-03-11,荠菜,6.25,6.0,6.5,1,
2026-03-12,荠菜,5.5,5.0,6.0,1,
2026-03-13,荠菜,5.0,4.5,5.5,1,
2026-03-16,荠菜,5.0,4.5,5.5,1,
2026-03-17,荠菜,5.0,4.5,5.5,1,
2026-03-18,荠菜,5.0,4.5,5.5,1,
2026-03-19,荠菜,5.0,4.5,5.5,1,
2026-03-20,荠菜,13.0,6.0,20.0,2,
2026-03-23,荠菜,5.0,4.5,5.5,1,
2026-03-24,荠菜,5.0,4.5,5.5,1,
2026-03-25,荠菜,5.0,4.5,5.5,1,
2026-03-26,荠菜,5.0,4.5,5.5,1,
2026-03-27,荠菜,6.5,6.0,7.0,1,
2026-03-30,荠菜,6.5,6.0,7.0,1,
2026-03-31,荠菜,13.0,6.0,20.0,2,
2026-04-01,荠菜,6.5,6.0,7.0,1,
2026-04-02,荠菜,6.5,6.0,7.0,1,
2026-04-03,荠菜,6.5,6.0,7.0,1,
2026-04-06,荠菜,6.5,6.0,7.0,1,
2026-04-07,荠菜,6.5,6.0,7.0,1,
2026-04-08,荠菜,5.5,5.0,6.0,1,
2026-04-09,荠菜,5.25,5.0,5.5,1,
2026-04-10,荠菜,9.375,5.0,14.0,2,
2026-04-13,荠菜,4.5,4.0,5.0,1,
2026-04-14,荠菜,4.5,4.0,5.0,1,
2026-04-15,荠菜,5.25,5.0,5.5,1,
2026-04-16,荠菜,5.25,5.0,5.5,1,
2026-04-17,荠菜,5.5,5.0,6.0,1,
2026-04-20,荠菜,10.25,6.5,14.0,2,
2026-04-21,荠菜,6.75,6.5,7.0,1,
2026-04-22,荠菜,6.25,6.0,6.5,1,
2026-04-23,荠菜,6.25,6.0,6.5,1,
2026-04-24,荠菜,6.25,6.0,6.5,1,
2026-04-27,荠菜,6.25,6.0,6.5,1,
2026-04-28,荠菜,6.25,6.0,6.5,1,
2026-04-29,荠菜,6.25,6.0,6.5,1,
2026-04-30,荠菜,11.25,6.0,16.5,2,
2026-05-01,荠菜,7.5,6.0,9.0,1,
2026-05-04,荠菜,7.5,6.0,9.0,1,
2026-05-05,荠菜,7.5,6.0,9.0,1,
2026-05-06,荠菜,7.5,6.0,9.0,1,
2026-05-07,荠菜,7.5,6.0,9.0,1,
2026-05-08,荠菜,7.5,7.0,8.0,1,
2026-05-10,荠菜,16.5,16.0,17.0,1,
2026-05-11,荠菜,7.5,7.0,8.0,1,
2026-05-12,荠菜,7.5,7.0,8.0,1,
2026-05-13,荠菜,7.5,7.0,8.0,1,
2026-05-14,荠菜,7.5,7.0,8.0,1,
2026-05-15,荠菜,6.5,6.0,7.0,1,
2026-05-18,荠菜,6.5,6.0,7.0,1,
2026-05-19,荠菜,6.5,6.0,7.0,1,
2026-05-20,荠菜,11.0,6.0,16.0,2,
2026-05-21,荠菜,6.5,6.0,7.0,1,
2026-05-22,荠菜,6.5,6.0,7.0,1,
2026-05-25,荠菜,6.5,6.0,7.0,1,
2026-05-26,荠菜,7.4,7.0,7.8,1,
2026-05-27,荠菜,7.4,7.0,7.8,1,
2026-05-28,荠菜,7.4,7.0,7.8,1,
2026-05-29,荠菜,7.4,7.0,7.8,1,
2026-05-31,荠菜,16.5,16.0,17.0,1,
2026-06-01,荠菜,7.4,7.0,7.8,1,
2026-06-02,荠菜,6.5,6.0,7.0,1,
2026-06-03,荠菜,6.25,6.0,6.5,1,
2026-06-04,荠菜,6.25,6.0,6.5,1,
2026-06-05,荠菜,5.75,5.5,6.0,1,
2026-06-08,荠菜,5.75,5.5,6.0,1,
2026-06-09,荠菜,5.75,5.5,6.0,1,
2026-06-10,荠菜,9.5,4.5,14.5,2,
2026-06-11,荠菜,4.75,4.5,5.0,1,
2026-06-12,荠菜,4.75,4.5,5.0,1,
2026-06-15,荠菜,8.25,7.5,9.0,1,
2026-06-16,荠菜,8.25,7.5,9.0,1,
2026-06-17,荠菜,8.25,7.5,9.0,1,
2026-06-18,荠菜,8.25,7.5,9.0,1,
2026-06-19,荠菜,8.25,7.5,9.0,1,
2026-06-20,荠菜,12.5,12.0,13.0,1,
2026-06-22,荠菜,8.25,7.5,9.0,1,
2026-06-23,荠菜,8.25,7.5,9.0,1,
2026-06-24,荠菜,8.25,7.5,9.0,1,
2026-06-25,荠菜,8.25,7.5,9.0,1,
2026-06-26,荠菜,8.25,7.5,9.0,1,
2026-06-29,荠菜,8.25,7.5,9.0,1,
2026-06-30,荠菜,10.875,7.5,14.0,2,
2026-07-01,荠菜,8.25,7.5,9.0,1,
2026-07-02,荠菜,8.25,7.5,9.0,1,
2026-07-03,荠菜,8.25,7.5,9.0,1,
2026-07-06,荠菜,8.25,7.5,9.0,1,
2026-07-07,荠菜,11.5,11.0,12.0,1,
2026-07-08,荠菜,11.5,11.0,12.0,1,
2026-07-09,荠菜,11.5,11.0,12.0,1,
2026-07-10,荠菜,13.0,11.0,15.0,2,
2026-07-13,荠菜,11.5,11.0,12.0,1,
2026-07-14,荠菜,11.5,11.0,12.0,1,
2026-07-15,荠菜,11.5,11.0,12.0,1,
2026-07-16,荠菜,11.5,11.0,12.0,1,
2026-07-17,荠菜,11.5,11.0,12.0,1,
2026-07-20,荠菜,13.5,11.0,16.0,2,
2026-07-21,荠菜,11.5,11.0,12.0,1,
2026-07-22,荠菜,11.5,11.0,12.0,1,
2026-07-23,荠菜,11.5,11.0,12.0,1,
2026-07-24,荠菜,11.5,11.0,12.0,1,
2026-07-27,荠菜,11.5,11.0,12.0,1,
2026-07-31,荠菜,19.0,18.0,20.0,1,
2026-08-10,荠菜,19.0,18.0,20.0,1,
2026-01-10,荷兰豆,12.5,12.0,13.0,1,
2026-01-20,荷兰豆,11.5,11.0,12.0,1,
2026-01-31,荷兰豆,10.5,10.0,11.0,1,
2026-02-10,荷兰豆,10.5,10.0,11.0,1,
2026-02-28,荷兰豆,10.5,10.0,11.0,1,
2026-03-10,荷兰豆,9.5,9.0,10.0,1,
2026-03-20,荷兰豆,8.5,8.0,9.0,1,
2026-03-31,荷兰豆,8.5,8.0,9.0,1,
2026-04-10,荷兰豆,8.5,8.0,9.0,1,
2026-04-20,荷兰豆,8.5,8.0,9.0,1,
2026-04-30,荷兰豆,7.5,7.0,8.0,1,
2026-05-10,荷兰豆,8.25,8.0,8.5,1,
2026-05-20,荷兰豆,10.5,10.0,11.0,1,
2026-05-31,荷兰豆,12.5,12.0,13.0,1,
2026-06-10,荷兰豆,11.5,11.0,12.0,1,
2026-06-20,荷兰豆,9.5,9.0,10.0,1,
2026-06-30,荷兰豆,9.5,9.0,10.0,1,
2026-07-10,荷兰豆,9.5,9.0,10.0,1,
2026-07-20,荷兰豆,10.25,10.0,10.5,1,
2026-07-31,荷兰豆,10.25,10.0,10.5,1,
2026-08-10,荷兰豆,9.5,9.0,10.0,1,
2026-01-01,荸荠,4.575,2.8,6.5,2,皖
2026-01-02,荸荠,4.575,2.8,6.5,2,皖
2026-01-03,荸荠,4.575,2.8,6.5,2,皖
2026-01-04,荸荠,4.325,2.8,6.0,2,皖
2026-01-05,荸荠,4.325,2.8,6.0,2,皖
2026-01-06,荸荠,4.325,2.8,6.0,2,皖
2026-01-07,荸荠,4.325,2.8,6.0,2,皖
2026-01-08,荸荠,4.325,2.8,6.0,2,皖
2026-01-09,荸荠,4.325,2.8,6.0,2,皖
2026-01-10,荸荠,4.325,2.8,6.0,2,皖
2026-01-11,荸荠,4.325,2.8,6.0,2,皖
2026-01-12,荸荠,4.325,2.8,6.0,2,皖
2026-01-13,荸荠,4.325,2.8,6.0,2,皖
2026-01-14,荸荠,4.325,2.8,6.0,2,皖
2026-01-15,荸荠,4.325,2.8,6.0,2,皖
2026-01-16,荸荠,4.325,2.8,6.0,2,皖
2026-01-17,荸荠,4.325,2.8,6.0,2,皖
2026-01-18,荸荠,4.325,2.8,6.0,2,皖
2026-01-19,荸荠,4.325,2.8,6.0,2,皖
2026-01-20,荸荠,4.325,2.8,6.0,2,皖
2026-01-21,荸荠,4.325,2.8,6.0,2,皖
2026-01-22,荸荠,4.325,2.8,6.0,2,皖
2026-01-23,荸荠,4.325,2.8,6.0,2,皖
2026-01-24,荸荠,4.325,2.8,6.0,2,皖
2026-01-25,荸荠,4.325,2.8,6.0,2,皖
2026-01-26,荸荠,4.325,2.8,6.0,2,皖
2026-01-27,荸荠,4.325,2.8,6.0,2,皖
2026-01-28,荸荠,4.325,2.8,6.0,2,皖
2026-01-29,荸荠,4.325,2.8,6.0,2,皖
2026-01-30,荸荠,4.325,2.8,6.0,2,皖
2026-01-31,荸荠,4.325,2.8,6.0,2,皖
2026-02-01,荸荠,4.325,2.8,6.0,2,皖
2026-02-02,荸荠,4.325,2.8,6.0,2,皖
2026-02-03,荸荠,4.325,2.8,6.0,2,皖
2026-02-04,荸荠,4.325,2.8,6.0,2,皖
2026-02-05,荸荠,4.325,2.8,6.0,2,皖
2026-02-06,荸荠,4.325,2.8,6.0,2,皖
2026-02-07,荸荠,4.325,2.8,6.0,2,皖
2026-02-08,荸荠,4.325,2.8,6.0,2,皖
2026-02-09,荸荠,4.325,2.8,6.0,2,皖
2026-02-10,荸荠,4.325,2.8,6.0,2,皖
2026-02-11,荸荠,4.325,2.8,6.0,2,皖
2026-02-12,荸荠,4.325,2.8,6.0,2,皖
2026-02-13,荸荠,4.325,2.8,6.0,2,皖
2026-02-14,荸荠,4.325,2.8,6.0,2,皖
2026-02-15,荸荠,4.325,2.8,6.0,2,皖
2026-02-16,荸荠,4.325,2.8,6.0,2,皖
2026-02-24,荸荠,4.425,3.0,6.0,2,皖
2026-02-25,荸荠,4.425,3.0,6.0,2,皖
2026-02-26,荸荠,4.425,3.0,6.0,2,皖
2026-02-27,荸荠,4.425,3.0,6.0,2,皖
2026-02-28,荸荠,4.425,3.0,6.0,2,皖
2026-03-01,荸荠,4.175,3.0,5.5,2,皖
2026-03-02,荸荠,4.175,3.0,5.5,2,皖
2026-03-03,荸荠,4.175,3.0,5.5,2,皖
2026-03-04,荸荠,4.175,3.0,5.5,2,皖
2026-03-05,荸荠,4.175,3.0,5.5,2,皖
2026-03-06,荸荠,4.175,3.0,5.5,2,皖
2026-03-07,荸荠,4.175,3.0,5.5,2,皖
2026-03-08,荸荠,4.175,3.0,5.5,2,皖
2026-03-09,荸荠,4.175,3.0,5.5,2,皖
2026-03-10,荸荠,4.175,3.0,5.5,2,皖
2026-03-11,荸荠,4.075,2.8,5.5,2,皖
2026-03-12,荸荠,4.075,2.8,5.5,2,皖
2026-03-13,荸荠,4.075,2.8,5.5,2,皖
2026-03-14,荸荠,4.075,2.8,5.5,2,皖
2026-03-15,荸荠,4.075,2.8,5.5,2,皖
2026-03-16,荸荠,4.075,2.8,5.5,2,皖
2026-03-17,荸荠,4.025,2.6,5.5,2,皖
2026-03-18,荸荠,4.025,2.6,5.5,2,皖
2026-03-19,荸荠,4.025,2.6,5.5,2,皖
2026-03-20,荸荠,4.025,2.6,5.5,2,皖
2026-03-21,荸荠,4.025,2.6,5.5,2,皖
2026-03-22,荸荠,4.025,2.6,5.5,2,皖
2026-03-23,荸荠,4.025,2.6,5.5,2,皖
2026-03-24,荸荠,4.025,2.6,5.5,2,皖
2026-03-25,荸荠,4.025,2.6,5.5,2,皖
2026-03-26,荸荠,4.025,2.6,5.5,2,皖
2026-03-27,荸荠,4.025,2.6,5.5,2,皖
2026-03-28,荸荠,4.025,2.6,5.5,2,皖
2026-03-29,荸荠,4.025,2.6,5.5,2,皖
2026-03-30,荸荠,4.025,2.6,5.5,2,皖
2026-03-31,荸荠,4.025,2.6,5.5,2,皖
2026-04-01,荸荠,4.025,2.6,5.5,2,皖
2026-04-02,荸荠,4.025,2.6,5.5,2,皖
2026-04-03,荸荠,4.025,2.6,5.5,2,皖
2026-04-04,荸荠,4.025,2.6,5.5,2,皖
2026-04-05,荸荠,4.025,2.6,5.5,2,皖
2026-04-06,荸荠,4.025,2.6,5.5,2,皖
2026-04-07,荸荠,4.025,2.6,5.5,2,皖
2026-04-08,荸荠,4.025,2.6,5.5,2,皖
2026-04-09,荸荠,4.025,2.6,5.5,2,皖
2026-04-10,荸荠,4.025,2.6,5.5,2,皖
2026-04-11,荸荠,4.025,2.6,5.5,2,皖
2026-04-12,荸荠,4.025,2.6,5.5,2,皖
2026-04-13,荸荠,4.025,2.6,5.5,2,皖
2026-04-14,荸荠,4.025,2.6,5.5,2,皖
2026-04-15,荸荠,4.025,2.6,5.5,2,皖
2026-04-16,荸荠,4.025,2.6,5.5,2,皖
2026-04-17,荸荠,4.025,2.6,5.5,2,皖
2026-04-18,荸荠,4.025,2.6,5.5,2,皖
2026-04-19,荸荠,4.025,2.6,5.5,2,皖
2026-04-20,荸荠,4.025,2.6,5.5,2,皖
2026-04-21,荸荠,4.025,2.6,5.5,2,皖
2026-04-22,荸荠,4.025,2.6,5.5,2,皖
2026-04-23,荸荠,4.025,2.6,5.5,2,皖
2026-04-24,荸荠,4.025,2.6,5.5,2,皖
2026-04-25,荸荠,4.025,2.6,5.5,2,皖
2026-04-26,荸荠,4.025,2.6,5.5,2,皖
2026-04-27,荸荠,4.025,2.6,5.5,2,皖
2026-04-28,荸荠,4.025,2.6,5.5,2,皖
2026-04-29,荸荠,4.025,2.6,5.5,2,皖
2026-04-30,荸荠,4.025,2.6,5.5,2,皖
2026-05-01,荸荠,4.025,2.6,5.5,2,皖
2026-05-02,荸荠,4.025,2.6,5.5,2,皖
2026-05-03,荸荠,4.025,2.6,5.5,2,皖
2026-05-04,荸荠,4.025,2.6,5.5,2,皖
2026-05-05,荸荠,4.025,2.6,5.5,2,皖
2026-05-06,荸荠,4.025,2.6,5.5,2,皖
2026-05-07,荸荠,4.025,2.6,5.5,2,皖
2026-05-08,荸荠,4.025,2.6,5.5,2,皖
2026-05-09,荸荠,4.025,2.6,5.5,2,皖
2026-05-10,荸荠,4.025,2.6,5.5,2,皖
2026-05-11,荸荠,4.025,2.6,5.5,2,皖
2026-05-12,荸荠,4.025,2.6,5.5,2,皖
2026-05-13,荸荠,4.025,2.6,5.5,2,皖
2026-05-14,荸荠,4.025,2.6,5.5,2,皖
2026-05-15,荸荠,4.025,2.6,5.5,2,皖
2026-05-16,荸荠,4.025,2.6,5.5,2,皖
2026-05-17,荸荠,4.025,2.6,5.5,2,皖
2026-05-18,荸荠,4.025,2.6,5.5,2,皖
2026-05-19,荸荠,4.025,2.6,5.5,2,皖
2026-05-20,荸荠,4.025,2.6,5.5,2,皖
2026-05-21,荸荠,4.025,2.6,5.5,2,皖
2026-05-22,荸荠,4.025,2.6,5.5,2,皖
2026-05-23,荸荠,4.025,2.6,5.5,2,皖
2026-05-24,荸荠,4.025,2.6,5.5,2,皖
2026-05-25,荸荠,4.025,2.6,5.5,2,皖
2026-05-26,荸荠,4.025,2.6,5.5,2,皖
2026-05-27,荸荠,4.025,2.6,5.5,2,皖
2026-05-28,荸荠,4.025,2.6,5.5,2,皖
2026-05-29,荸荠,4.025,2.6,5.5,2,皖
2026-05-30,荸荠,4.025,2.6,5.5,2,皖
2026-05-31,荸荠,4.025,2.6,5.5,2,皖
2026-06-01,荸荠,4.025,2.6,5.5,2,皖
2026-06-02,荸荠,4.025,2.6,5.5,2,皖
2026-06-03,荸荠,4.025,2.6,5.5,2,皖
2026-06-04,荸荠,4.025,2.6,5.5,2,皖
2026-06-05,荸荠,4.025,2.6,5.5,2,皖
2026-06-06,荸荠,4.025,2.6,5.5,2,皖
2026-06-07,荸荠,4.025,2.6,5.5,2,皖
2026-06-08,荸荠,4.025,2.6,5.5,2,皖
2026-06-09,荸荠,4.025,2.6,5.5,2,皖
2026-06-10,荸荠,4.025,2.6,5.5,2,皖
2026-06-11,荸荠,4.025,2.6,5.5,2,皖
2026-06-12,荸荠,4.025,2.6,5.5,2,皖
2026-06-13,荸荠,4.025,2.6,5.5,2,皖
2026-06-14,荸荠,4.025,2.6,5.5,2,皖
2026-06-15,荸荠,4.025,2.6,5.5,2,皖
2026-06-16,荸荠,4.025,2.6,5.5,2,皖
2026-06-17,荸荠,4.025,2.6,5.5,2,皖
2026-06-18,荸荠,4.025,2.6,5.5,2,皖
2026-06-19,荸荠,4.025,2.6,5.5,2,皖
2026-06-20,荸荠,4.025,2.6,5.5,2,皖
2026-06-21,荸荠,4.025,2.6,5.5,2,皖
2026-06-22,荸荠,4.025,2.6,5.5,2,皖
2026-06-23,荸荠,4.025,2.6,5.5,2,皖
2026-06-24,荸荠,4.025,2.6,5.5,2,皖
2026-06-25,荸荠,4.025,2.6,5.5,2,皖
2026-06-26,荸荠,4.025,2.6,5.5,2,皖
2026-06-27,荸荠,4.025,2.6,5.5,2,皖
2026-06-28,荸荠,4.025,2.6,5.5,2,皖
2026-06-29,荸荠,4.025,2.6,5.5,2,皖
2026-06-30,荸荠,4.025,2.6,5.5,2,皖
2026-07-01,荸荠,4.025,2.6,5.5,2,皖
2026-07-02,荸荠,4.025,2.6,5.5,2,皖
2026-07-03,荸荠,4.025,2.6,5.5,2,皖
2026-07-04,荸荠,4.025,2.6,5.5,2,皖
2026-07-05,荸荠,4.025,2.6,5.5,2,皖
2026-07-06,荸荠,4.025,2.6,5.5,2,皖
2026-07-07,荸荠,4.025,2.6,5.5,2,皖
2026-07-08,荸荠,4.025,2.6,5.5,2,皖
2026-07-09,荸荠,4.025,2.6,5.5,2,皖
2026-07-10,荸荠,4.025,2.6,5.5,2,皖
2026-07-11,荸荠,4.025,2.6,5.5,2,皖
2026-07-12,荸荠,4.025,2.6,5.5,2,皖
2026-07-13,荸荠,4.025,2.6,5.5,2,皖
2026-07-14,荸荠,4.025,2.6,5.5,2,皖
2026-07-15,荸荠,3.85,2.6,5.0,2,皖
2026-07-16,荸荠,3.85,2.6,5.0,2,皖
2026-07-17,荸荠,3.85,2.6,5.0,2,皖
2026-07-18,荸荠,3.85,2.6,5.0,2,皖
2026-07-19,荸荠,3.85,2.6,5.0,2,皖
2026-07-20,荸荠,3.85,2.6,5.0,2,皖
2026-07-21,荸荠,3.85,2.6,5.0,2,皖
2026-07-22,荸荠,3.85,2.6,5.0,2,皖
2026-07-23,荸荠,3.85,2.6,5.0,2,皖
2026-07-24,荸荠,3.85,2.6,5.0,2,皖
2026-07-25,荸荠,3.85,2.6,5.0,2,皖
2026-07-26,荸荠,3.85,2.6,5.0,2,皖
2026-07-27,荸荠,3.85,2.6,5.0,2,皖
2026-07-28,荸荠,3.85,2.6,5.0,2,皖
2026-07-29,荸荠,3.85,2.6,5.0,2,皖
2026-07-30,荸荠,3.85,2.6,5.0,2,皖
2026-07-31,荸荠,3.85,2.6,5.0,2,皖
2026-08-01,荸荠,3.85,2.6,5.0,2,皖
2026-08-02,荸荠,3.85,2.6,5.0,2,皖
2026-08-03,荸荠,3.85,2.6,5.0,2,皖
2026-08-04,荸荠,3.85,2.6,5.0,2,皖
2026-08-05,荸荠,3.85,2.6,5.0,2,皖
2026-08-06,荸荠,3.85,2.6,5.0,2,皖
2026-08-07,荸荠,3.85,2.6,5.0,2,皖
2026-08-08,荸荠,3.85,2.6,5.0,2,皖
2026-08-09,荸荠,3.85,2.6,5.0,2,皖
2026-08-10,荸荠,3.85,2.6,5.0,2,皖
2026-08-11,荸荠,3.85,2.6,5.0,2,皖
2026-01-01,莲藕,3.05,2.8,3.3,1,津
2026-01-02,莲藕,3.05,2.8,3.3,1,津
2026-01-03,莲藕,3.05,2.8,3.3,1,津
2026-01-04,莲藕,3.15,2.8,3.5,1,津
2026-01-05,莲藕,3.15,2.8,3.5,1,津
2026-01-06,莲藕,3.15,2.8,3.5,1,津
2026-01-07,莲藕,3.15,2.8,3.5,1,津
2026-01-08,莲藕,3.15,2.8,3.5,1,津
2026-01-09,莲藕,3.15,2.8,3.5,1,津
2026-01-10,莲藕,3.15,2.8,3.5,1,津
2026-01-11,莲藕,3.15,2.8,3.5,1,津
2026-01-12,莲藕,3.15,2.8,3.5,1,津
2026-01-13,莲藕,3.15,2.8,3.5,1,津
2026-01-14,莲藕,3.15,2.8,3.5,1,津
2026-01-15,莲藕,3.15,2.8,3.5,1,津
2026-01-16,莲藕,3.15,2.8,3.5,1,津
2026-01-17,莲藕,3.15,2.8,3.5,1,津
2026-01-18,莲藕,3.15,2.8,3.5,1,津
2026-01-19,莲藕,3.15,2.8,3.5,1,津
2026-01-20,莲藕,3.15,2.8,3.5,1,津
2026-01-21,莲藕,3.15,2.8,3.5,1,津
2026-01-22,莲藕,3.15,2.8,3.5,1,津
2026-01-23,莲藕,3.15,2.8,3.5,1,津
2026-01-24,莲藕,3.15,2.8,3.5,1,津
2026-01-25,莲藕,3.15,2.8,3.5,1,津
2026-01-26,莲藕,3.15,2.8,3.5,1,津
2026-01-27,莲藕,3.15,2.8,3.5,1,津
2026-01-28,莲藕,3.15,2.8,3.5,1,津
2026-01-29,莲藕,3.15,2.8,3.5,1,津
2026-01-30,莲藕,3.15,2.8,3.5,1,津
2026-01-31,莲藕,3.15,2.8,3.5,1,津
2026-02-01,莲藕,3.15,2.8,3.5,1,津
2026-02-02,莲藕,3.15,2.8,3.5,1,津
2026-02-03,莲藕,3.15,2.8,3.5,1,津
2026-02-04,莲藕,3.15,2.8,3.5,1,津
2026-02-05,莲藕,3.15,2.8,3.5,1,津
2026-02-06,莲藕,3.15,2.8,3.5,1,津
2026-02-07,莲藕,3.15,2.8,3.5,1,津
2026-02-08,莲藕,3.15,2.8,3.5,1,津
2026-02-09,莲藕,3.15,2.8,3.5,1,津
2026-02-10,莲藕,3.15,2.8,3.5,1,津
2026-02-11,莲藕,3.15,2.8,3.5,1,津
2026-02-12,莲藕,4.0,3.5,4.5,1,津
2026-02-13,莲藕,4.75,4.5,5.0,1,津
2026-02-14,莲藕,4.75,4.5,5.0,1,津
2026-02-15,莲藕,4.75,4.5,5.0,1,津
2026-02-16,莲藕,4.75,4.5,5.0,1,津
2026-02-24,莲藕,3.75,3.5,4.0,1,津
2026-02-25,莲藕,3.75,3.5,4.0,1,津
2026-02-26,莲藕,3.75,3.5,4.0,1,津
2026-02-27,莲藕,3.75,3.5,4.0,1,津
2026-02-28,莲藕,3.75,3.5,4.0,1,津
2026-03-01,莲藕,3.65,3.5,3.8,1,津
2026-03-02,莲藕,3.65,3.5,3.8,1,津
2026-03-03,莲藕,3.65,3.5,3.8,1,津
2026-03-04,莲藕,3.65,3.5,3.8,1,津
2026-03-05,莲藕,3.65,3.5,3.8,1,津
2026-03-06,莲藕,3.65,3.5,3.8,1,津
2026-03-07,莲藕,3.65,3.5,3.8,1,津
2026-03-08,莲藕,3.65,3.5,3.8,1,津
2026-03-09,莲藕,3.25,3.0,3.5,1,津
2026-03-10,莲藕,3.25,3.0,3.5,1,津
2026-03-11,莲藕,3.25,3.0,3.5,1,津
2026-03-12,莲藕,3.25,3.0,3.5,1,津
2026-03-13,莲藕,3.25,3.0,3.5,1,津
2026-03-14,莲藕,3.25,3.0,3.5,1,津
2026-03-15,莲藕,3.25,3.0,3.5,1,津
2026-03-16,莲藕,3.05,2.8,3.3,1,津
2026-03-17,莲藕,3.05,2.8,3.3,1,津
2026-03-18,莲藕,3.05,2.8,3.3,1,津
2026-03-19,莲藕,3.05,2.8,3.3,1,津
2026-03-20,莲藕,3.05,2.8,3.3,1,津
2026-03-21,莲藕,3.05,2.8,3.3,1,津
2026-03-22,莲藕,3.05,2.8,3.3,1,津
2026-03-23,莲藕,3.05,2.8,3.3,1,津
2026-03-24,莲藕,2.9,2.8,3.0,1,津
2026-03-25,莲藕,3.05,2.8,3.3,1,津
2026-03-26,莲藕,3.05,2.8,3.3,1,津
2026-03-27,莲藕,3.05,2.8,3.3,1,津
2026-03-28,莲藕,3.05,2.8,3.3,1,津
2026-03-29,莲藕,3.05,2.8,3.3,1,津
2026-03-30,莲藕,3.05,2.8,3.3,1,津
2026-03-31,莲藕,3.05,2.8,3.3,1,津
2026-04-01,莲藕,3.05,2.8,3.3,1,津
2026-04-02,莲藕,3.05,2.8,3.3,1,津
2026-04-03,莲藕,3.05,2.8,3.3,1,津
2026-04-04,莲藕,3.05,2.8,3.3,1,津
2026-04-05,莲藕,3.05,2.8,3.3,1,津
2026-04-06,莲藕,3.05,2.8,3.3,1,津
2026-04-07,莲藕,3.05,2.8,3.3,1,津
2026-04-08,莲藕,3.05,2.8,3.3,1,津
2026-04-09,莲藕,3.05,2.8,3.3,1,津
2026-04-10,莲藕,3.05,2.8,3.3,1,津
2026-04-11,莲藕,3.05,2.8,3.3,1,津
2026-04-12,莲藕,3.05,2.8,3.3,1,津
2026-04-13,莲藕,3.05,2.8,3.3,1,津
2026-04-14,莲藕,3.05,2.8,3.3,1,津
2026-04-15,莲藕,3.05,2.8,3.3,1,津
2026-04-16,莲藕,3.05,2.8,3.3,1,津
2026-04-17,莲藕,3.05,2.8,3.3,1,津
2026-04-18,莲藕,3.05,2.8,3.3,1,津
2026-04-19,莲藕,3.05,2.8,3.3,1,津
2026-04-20,莲藕,3.05,2.8,3.3,1,津
2026-04-21,莲藕,3.05,2.8,3.3,1,津
2026-04-22,莲藕,3.05,2.8,3.3,1,津
2026-04-23,莲藕,3.05,2.8,3.3,1,津
2026-04-24,莲藕,3.05,2.8,3.3,1,津
2026-04-25,莲藕,3.05,2.8,3.3,1,津
2026-04-26,莲藕,3.05,2.8,3.3,1,津
2026-04-27,莲藕,3.05,2.8,3.3,1,津
2026-04-28,莲藕,3.05,2.8,3.3,1,津
2026-04-29,莲藕,3.05,2.8,3.3,1,津
2026-04-30,莲藕,3.05,2.8,3.3,1,津
2026-05-01,莲藕,3.05,2.8,3.3,1,津
2026-05-02,莲藕,3.05,2.8,3.3,1,津
2026-05-03,莲藕,3.05,2.8,3.3,1,津
2026-05-04,莲藕,3.05,2.8,3.3,1,津
2026-05-05,莲藕,3.05,2.8,3.3,1,津
2026-05-06,莲藕,3.05,2.8,3.3,1,津
2026-05-07,莲藕,3.05,2.8,3.3,1,津
2026-05-08,莲藕,3.05,2.8,3.3,1,津
2026-05-09,莲藕,3.05,2.8,3.3,1,津
2026-05-10,莲藕,3.05,2.8,3.3,1,津
2026-05-11,莲藕,3.05,2.8,3.3,1,津
2026-05-12,莲藕,3.05,2.8,3.3,1,津
2026-05-13,莲藕,3.05,2.8,3.3,1,津
2026-05-14,莲藕,3.05,2.8,3.3,1,津
2026-05-15,莲藕,3.05,2.8,3.3,1,津
2026-05-16,莲藕,3.05,2.8,3.3,1,津
2026-05-17,莲藕,3.05,2.8,3.3,1,津
2026-05-18,莲藕,3.05,2.8,3.3,1,津
2026-05-19,莲藕,3.05,2.8,3.3,1,津
2026-05-20,莲藕,3.05,2.8,3.3,1,津
2026-05-21,莲藕,3.05,2.8,3.3,1,津
2026-05-22,莲藕,3.05,2.8,3.3,1,津
2026-05-23,莲藕,3.05,2.8,3.3,1,津
2026-05-24,莲藕,3.25,3.0,3.5,1,津
2026-05-25,莲藕,3.25,3.0,3.5,1,津
2026-05-26,莲藕,3.25,3.0,3.5,1,津
2026-05-27,莲藕,3.25,3.0,3.5,1,津
2026-05-28,莲藕,3.25,3.0,3.5,1,津
2026-05-29,莲藕,3.25,3.0,3.5,1,津
2026-05-30,莲藕,3.25,3.0,3.5,1,津
2026-05-31,莲藕,3.25,3.0,3.5,1,津
2026-06-01,莲藕,5.375,3.0,8.0,2,川/津
2026-06-02,莲藕,5.375,3.0,8.0,2,川/津
2026-06-03,莲藕,5.375,3.0,8.0,2,川/津
2026-06-04,莲藕,5.375,3.0,8.0,2,川/津
2026-06-05,莲藕,5.375,3.0,8.0,2,川/津
2026-06-06,莲藕,5.375,3.0,8.0,2,川/津
2026-06-07,莲藕,5.375,3.0,8.0,2,川/津
2026-06-08,莲藕,5.375,3.0,8.0,2,川/津
2026-06-09,莲藕,5.375,3.0,8.0,2,川/津
2026-06-10,莲藕,5.375,3.0,8.0,2,川/津
2026-06-11,莲藕,7.15,6.8,7.5,1,川
2026-06-12,莲藕,7.15,6.8,7.5,1,川
2026-06-13,莲藕,7.15,6.8,7.5,1,川
2026-06-14,莲藕,7.15,6.8,7.5,1,川
2026-06-15,莲藕,6.5,5.5,7.5,1,川
2026-06-16,莲藕,6.5,5.5,7.5,1,川
2026-06-17,莲藕,6.5,5.5,7.5,1,川
2026-06-18,莲藕,6.25,5.5,7.0,1,川
2026-06-19,莲藕,6.75,6.5,7.0,1,川
2026-06-20,莲藕,6.75,6.5,7.0,1,川
2026-06-21,莲藕,6.75,6.5,7.0,1,川
2026-06-22,莲藕,6.75,6.5,7.0,1,川
2026-06-23,莲藕,6.45,5.9,7.0,1,川
2026-06-24,莲藕,6.45,5.9,7.0,1,川
2026-06-25,莲藕,6.45,5.9,7.0,1,川
2026-06-26,莲藕,6.45,5.9,7.0,1,川
2026-06-27,莲藕,6.45,5.9,7.0,1,川
2026-06-28,莲藕,6.45,5.9,7.0,1,川
2026-06-29,莲藕,5.0,4.5,5.5,1,川
2026-06-30,莲藕,5.0,4.5,5.5,1,川
2026-07-01,莲藕,5.0,4.5,5.5,1,川
2026-07-02,莲藕,5.0,4.5,5.5,1,川
2026-07-03,莲藕,5.0,4.5,5.5,1,川
2026-07-04,莲藕,5.0,4.5,5.5,1,川
2026-07-05,莲藕,5.0,4.5,5.5,1,川
2026-07-06,莲藕,5.05,4.6,5.5,1,川
2026-07-07,莲藕,5.05,4.6,5.5,1,川
2026-07-08,莲藕,5.05,4.6,5.5,1,鄂川
2026-07-09,莲藕,5.05,4.6,5.5,1,鄂川
2026-07-10,莲藕,5.05,4.6,5.5,1,鄂川
2026-07-11,莲藕,5.05,4.6,5.5,1,鄂川
2026-07-12,莲藕,5.05,4.6,5.5,1,鄂川
2026-07-13,莲藕,5.05,4.6,5.5,1,鄂川
2026-07-14,莲藕,5.05,4.6,5.5,1,鄂川
2026-07-15,莲藕,5.05,4.6,5.5,1,鄂川
2026-07-16,莲藕,5.05,4.6,5.5,1,鄂川
2026-07-17,莲藕,5.05,4.6,5.5,1,鄂川
2026-07-18,莲藕,5.05,4.6,5.5,1,鄂川
2026-07-19,莲藕,5.05,4.6,5.5,1,鄂川
2026-07-20,莲藕,4.5,4.0,5.0,1,鄂川鲁
2026-07-21,莲藕,4.5,4.0,5.0,1,鄂川鲁
2026-07-22,莲藕,4.5,4.0,5.0,1,鄂川鲁
2026-07-23,莲藕,4.4,3.8,5.0,1,鄂川鲁
2026-07-24,莲藕,4.4,3.8,5.0,1,鄂川鲁
2026-07-25,莲藕,4.4,3.8,5.0,1,鄂川鲁
2026-07-26,莲藕,4.4,3.8,5.0,1,鄂川鲁
2026-07-27,莲藕,4.4,3.8,5.0,1,鄂川鲁
2026-07-28,莲藕,4.4,3.8,5.0,1,鄂川鲁
2026-07-29,莲藕,4.4,3.8,5.0,1,鄂川鲁
2026-07-30,莲藕,4.4,3.8,5.0,1,鄂川鲁
2026-07-31,莲藕,4.4,3.8,5.0,1,鄂川鲁
2026-08-01,莲藕,4.4,3.8,5.0,1,鄂川鲁
2026-08-02,莲藕,4.4,3.8,5.0,1,鄂川鲁
2026-08-03,莲藕,4.4,3.8,5.0,1,鄂川鲁
2026-08-04,莲藕,4.4,3.8,5.0,1,鄂川鲁
2026-08-05,莲藕,4.4,3.8,5.0,1,鄂川鲁
2026-08-06,莲藕,4.4,3.8,5.0,1,鄂川鲁
2026-08-07,莲藕,4.4,3.8,5.0,1,鄂川鲁
2026-08-08,莲藕,4.4,3.8,5.0,1,鄂川鲁
2026-08-09,莲藕,4.4,3.8,5.0,1,鄂川鲁
2026-08-10,莲藕,4.25,3.5,5.0,1,鄂川鲁
2026-08-11,莲藕,4.25,3.5,5.0,1,鄂川鲁
2026-01-01,莴笋,1.05,0.8,1.3,1,鲁皖浙
2026-01-02,莴笋,1.05,0.8,1.3,1,鲁皖浙
2026-01-03,莴笋,1.05,0.8,1.3,1,鲁皖浙
2026-01-04,莴笋,1.05,0.8,1.3,1,鲁皖
2026-01-05,莴笋,1.0,0.8,1.2,1,鲁皖
2026-01-06,莴笋,1.0,0.8,1.2,1,鲁皖
2026-01-07,莴笋,1.0,0.8,1.2,1,鲁皖
2026-01-08,莴笋,1.0,0.8,1.2,1,鲁皖
2026-01-09,莴笋,1.0,0.8,1.2,1,鲁皖浙
2026-01-10,莴笋,1.0,0.8,1.2,1,鲁皖浙
2026-01-11,莴笋,1.0,0.8,1.2,1,鲁皖浙
2026-01-12,莴笋,1.05,0.9,1.2,1,鲁皖浙
2026-01-13,莴笋,1.15,1.0,1.3,1,鲁皖
2026-01-14,莴笋,1.15,1.0,1.3,1,鲁皖
2026-01-15,莴笋,1.05,0.9,1.2,1,鲁皖
2026-01-16,莴笋,1.1,0.9,1.3,1,鲁皖浙
2026-01-17,莴笋,1.25,1.1,1.4,1,鲁皖浙
2026-01-18,莴笋,1.25,1.1,1.4,1,鲁皖浙
2026-01-19,莴笋,1.3,1.1,1.5,1,鲁皖浙
2026-01-20,莴笋,1.3,1.1,1.5,1,鲁皖浙
2026-01-21,莴笋,1.3,1.1,1.5,1,鲁皖浙
2026-01-22,莴笋,1.5,1.3,1.7,1,鲁皖浙
2026-01-23,莴笋,1.5,1.3,1.7,1,鲁皖浙
2026-01-24,莴笋,1.45,1.3,1.6,1,鲁皖浙
2026-01-25,莴笋,1.45,1.3,1.6,1,鲁皖浙
2026-01-26,莴笋,1.45,1.3,1.6,1,鲁皖浙
2026-01-27,莴笋,1.45,1.3,1.6,1,鲁皖浙
2026-01-28,莴笋,1.45,1.3,1.6,1,鲁皖浙
2026-01-29,莴笋,1.4,1.2,1.6,1,鲁皖浙
2026-01-30,莴笋,1.35,1.1,1.6,1,鲁皖浙
2026-01-31,莴笋,1.4,1.2,1.6,1,鲁皖浙
2026-02-01,莴笋,1.4,1.2,1.6,1,鲁皖浙
2026-02-02,莴笋,1.4,1.2,1.6,1,鲁皖浙
2026-02-03,莴笋,1.3,1.0,1.6,1,闽皖浙
2026-02-04,莴笋,1.3,1.0,1.6,1,闽皖浙
2026-02-05,莴笋,1.25,0.9,1.6,1,闽皖浙
2026-02-06,莴笋,1.25,0.9,1.6,1,闽皖浙
2026-02-07,莴笋,1.2,0.8,1.6,1,闽皖浙
2026-02-08,莴笋,1.2,0.8,1.6,1,闽皖浙
2026-02-09,莴笋,1.2,0.8,1.6,1,闽皖浙
2026-02-10,莴笋,1.2,0.8,1.6,1,闽皖浙
2026-02-11,莴笋,1.35,1.0,1.7,1,闽皖浙
2026-02-12,莴笋,1.3,1.0,1.6,1,闽皖浙
2026-02-13,莴笋,1.3,1.0,1.6,1,闽皖浙
2026-02-14,莴笋,1.2,0.8,1.6,1,闽皖浙
2026-02-15,莴笋,1.2,0.8,1.6,1,闽皖浙
2026-02-16,莴笋,1.2,0.8,1.6,1,闽皖浙
2026-02-24,莴笋,1.3,1.0,1.6,1,闽云浙
2026-02-25,莴笋,1.3,1.0,1.6,1,闽云浙
2026-02-26,莴笋,1.15,0.8,1.5,1,闽云浙
2026-02-27,莴笋,1.15,0.8,1.5,1,闽云浙
2026-02-28,莴笋,1.1,0.8,1.4,1,闽云浙
2026-03-01,莴笋,1.05,0.7,1.4,1,闽云浙
2026-03-02,莴笋,0.95,0.6,1.3,1,闽云浙
2026-03-03,莴笋,1.05,0.8,1.3,1,闽云浙
2026-03-04,莴笋,1.05,0.8,1.3,1,闽云浙
2026-03-05,莴笋,1.05,0.8,1.3,1,闽云浙
2026-03-06,莴笋,1.05,0.8,1.3,1,闽云浙
2026-03-07,莴笋,1.05,0.8,1.3,1,闽云浙
2026-03-08,莴笋,1.1,0.8,1.4,1,闽云浙
2026-03-09,莴笋,1.15,0.8,1.5,1,闽云浙
2026-03-10,莴笋,1.15,0.8,1.5,1,闽云浙
2026-03-11,莴笋,1.2,0.9,1.5,1,闽云浙
2026-03-12,莴笋,1.2,0.9,1.5,1,闽云浙
2026-03-13,莴笋,1.2,0.9,1.5,1,闽云浙
2026-03-14,莴笋,1.2,0.9,1.5,1,闽云浙
2026-03-15,莴笋,1.2,0.8,1.6,1,闽云浙
2026-03-16,莴笋,1.2,0.8,1.6,1,闽云浙
2026-03-17,莴笋,1.25,0.8,1.7,1,闽云浙
2026-03-18,莴笋,1.25,0.8,1.7,1,闽云浙
2026-03-19,莴笋,1.25,0.8,1.7,1,闽云浙
2026-03-20,莴笋,1.25,0.8,1.7,1,闽云浙
2026-03-21,莴笋,1.25,0.8,1.7,1,闽云浙
2026-03-22,莴笋,1.25,1.0,1.5,1,闽云浙
2026-03-23,莴笋,1.3,1.0,1.6,1,皖云浙
2026-03-24,莴笋,1.3,1.0,1.6,1,皖云浙
2026-03-25,莴笋,1.45,1.3,1.6,1,皖云浙
2026-03-26,莴笋,1.55,1.1,2.0,1,皖浙津
2026-03-27,莴笋,1.5,1.0,2.0,1,皖云浙津
2026-03-28,莴笋,1.5,1.0,2.0,1,皖云浙津
2026-03-29,莴笋,1.5,1.0,2.0,1,皖云浙津
2026-03-30,莴笋,1.5,1.0,2.0,1,皖云浙津
2026-03-31,莴笋,1.4,1.0,1.8,1,皖云浙津
2026-04-01,莴笋,1.35,1.0,1.7,1,皖云浙津
2026-04-02,莴笋,1.15,0.7,1.6,1,皖云浙津
2026-04-03,莴笋,1.15,0.7,1.6,1,皖云浙津
2026-04-04,莴笋,1.15,0.7,1.6,1,皖云浙津
2026-04-05,莴笋,0.95,0.6,1.3,1,皖鲁津
2026-04-06,莴笋,0.95,0.6,1.3,1,皖鲁津
2026-04-07,莴笋,0.95,0.6,1.3,1,皖鲁津
2026-04-08,莴笋,1.05,0.8,1.3,1,皖鲁津
2026-04-09,莴笋,1.05,0.8,1.3,1,皖鲁津
2026-04-10,莴笋,1.05,0.8,1.3,1,皖鲁津
2026-04-11,莴笋,1.15,1.0,1.3,1,皖鲁津
2026-04-12,莴笋,1.15,1.0,1.3,1,皖鲁津
2026-04-13,莴笋,1.15,1.0,1.3,1,皖鲁津
2026-04-14,莴笋,1.15,1.0,1.3,1,皖鲁津
2026-04-15,莴笋,1.15,1.0,1.3,1,皖鲁津
2026-04-16,莴笋,1.2,1.0,1.4,1,皖鲁津
2026-04-17,莴笋,1.2,1.0,1.4,1,鲁津
2026-04-18,莴笋,1.2,1.0,1.4,1,鲁津
2026-04-19,莴笋,1.25,1.0,1.5,1,鲁津
2026-04-20,莴笋,1.3,1.0,1.6,1,鲁津
2026-04-21,莴笋,1.35,1.2,1.5,1,鲁津
2026-04-22,莴笋,1.25,1.0,1.5,1,鲁津
2026-04-23,莴笋,1.25,1.0,1.5,1,鲁津
2026-04-24,莴笋,1.35,1.1,1.6,1,鲁津
2026-04-25,莴笋,1.35,1.1,1.6,1,鲁津
2026-04-26,莴笋,1.3,1.0,1.6,1,鲁津
2026-04-27,莴笋,1.25,1.0,1.5,1,鲁津
2026-04-28,莴笋,1.25,1.0,1.5,1,鲁津
2026-04-29,莴笋,1.25,1.0,1.5,1,鲁津
2026-04-30,莴笋,1.25,1.0,1.5,1,鲁津
2026-05-01,莴笋,1.25,1.0,1.5,1,鲁津
2026-05-02,莴笋,1.3,1.0,1.6,1,鲁津
2026-05-03,莴笋,1.3,1.0,1.6,1,鲁津
2026-05-04,莴笋,1.25,1.0,1.5,1,鲁津
2026-05-05,莴笋,1.25,1.0,1.5,1,鲁津
2026-05-06,莴笋,1.25,1.0,1.5,1,鲁津冀
2026-05-07,莴笋,1.15,0.8,1.5,1,鲁津冀
2026-05-08,莴笋,1.15,0.8,1.5,1,鲁津冀
2026-05-09,莴笋,1.05,0.7,1.4,1,鲁津冀
2026-05-10,莴笋,1.05,0.7,1.4,1,鲁津冀
2026-05-11,莴笋,0.95,0.6,1.3,1,鲁津冀
2026-05-12,莴笋,0.9,0.6,1.2,1,鲁津冀
2026-05-13,莴笋,0.9,0.6,1.2,1,鲁津冀
2026-05-14,莴笋,0.8,0.6,1.0,1,鲁津冀
2026-05-15,莴笋,0.8,0.6,1.0,1,鲁津冀
2026-05-16,莴笋,0.8,0.6,1.0,1,鲁津冀
2026-05-17,莴笋,0.8,0.6,1.0,1,鲁津冀
2026-05-18,莴笋,0.8,0.6,1.0,1,鲁津冀
2026-05-19,莴笋,0.75,0.5,1.0,1,津冀
2026-05-20,莴笋,0.75,0.5,1.0,1,津冀
2026-05-21,莴笋,0.75,0.5,1.0,1,津冀
2026-05-22,莴笋,0.75,0.5,1.0,1,津冀
2026-05-23,莴笋,0.75,0.5,1.0,1,津冀
2026-05-24,莴笋,0.75,0.5,1.0,1,津冀
2026-05-25,莴笋,0.75,0.5,1.0,1,津冀
2026-05-26,莴笋,0.85,0.5,1.2,1,津冀
2026-05-27,莴笋,0.85,0.5,1.2,1,津冀
2026-05-28,莴笋,0.8,0.5,1.1,1,津冀
2026-05-29,莴笋,0.85,0.5,1.2,1,津冀
2026-05-30,莴笋,0.95,0.6,1.3,1,津冀
2026-05-31,莴笋,1.05,0.8,1.3,1,津冀
2026-06-01,莴笋,1.05,0.8,1.3,1,津冀
2026-06-02,莴笋,1.05,0.8,1.3,1,津冀
2026-06-03,莴笋,1.05,0.8,1.3,1,津冀
2026-06-04,莴笋,0.9,0.6,1.2,1,津冀
2026-06-05,莴笋,0.9,0.6,1.2,1,津冀
2026-06-06,莴笋,0.95,0.6,1.3,1,津冀
2026-06-07,莴笋,1.05,0.8,1.3,1,冀
2026-06-08,莴笋,1.05,0.8,1.3,1,冀
2026-06-09,莴笋,1.05,0.8,1.3,1,冀
2026-06-10,莴笋,1.2,1.0,1.4,1,冀
2026-06-11,莴笋,1.05,0.8,1.3,1,冀
2026-06-12,莴笋,1.05,0.8,1.3,1,冀
2026-06-13,莴笋,1.05,0.8,1.3,1,冀
2026-06-14,莴笋,1.05,0.8,1.3,1,冀
2026-06-15,莴笋,1.0,0.8,1.2,1,冀
2026-06-16,莴笋,1.0,0.8,1.2,1,冀
2026-06-17,莴笋,1.0,0.8,1.2,1,冀
2026-06-18,莴笋,0.95,0.7,1.2,1,冀
2026-06-19,莴笋,0.95,0.7,1.2,1,冀
2026-06-20,莴笋,0.95,0.7,1.2,1,冀
2026-06-21,莴笋,0.95,0.7,1.2,1,冀
2026-06-22,莴笋,0.95,0.7,1.2,1,冀
2026-06-23,莴笋,1.05,0.8,1.3,1,冀
2026-06-24,莴笋,1.0,0.8,1.2,1,冀
2026-06-25,莴笋,1.0,0.8,1.2,1,冀
2026-06-26,莴笋,1.0,0.8,1.2,1,冀
2026-06-27,莴笋,1.0,0.8,1.2,1,冀
2026-06-28,莴笋,1.0,0.8,1.2,1,冀
2026-06-29,莴笋,1.0,0.8,1.2,1,冀
2026-06-30,莴笋,1.05,0.8,1.3,1,冀
2026-07-01,莴笋,1.0,0.8,1.2,1,冀
2026-07-02,莴笋,1.0,0.8,1.2,1,冀
2026-07-03,莴笋,1.0,0.8,1.2,1,冀
2026-07-04,莴笋,1.0,0.8,1.2,1,冀
2026-07-05,莴笋,1.0,0.8,1.2,1,冀
2026-07-06,莴笋,1.0,0.8,1.2,1,冀
2026-07-07,莴笋,1.0,0.8,1.2,1,冀
2026-07-08,莴笋,1.0,0.8,1.2,1,冀
2026-07-09,莴笋,0.8,0.6,1.0,1,冀
2026-07-10,莴笋,0.8,0.6,1.0,1,冀
2026-07-11,莴笋,0.8,0.6,1.0,1,冀
2026-07-12,莴笋,0.8,0.6,1.0,1,冀
2026-07-13,莴笋,0.75,0.5,1.0,1,冀
2026-07-14,莴笋,0.85,0.6,1.1,1,冀
2026-07-15,莴笋,0.75,0.5,1.0,1,冀
2026-07-16,莴笋,0.75,0.5,1.0,1,冀
2026-07-17,莴笋,0.75,0.5,1.0,1,冀
2026-07-18,莴笋,1.0,0.8,1.2,1,冀
2026-07-19,莴笋,1.0,0.8,1.2,1,冀
2026-07-20,莴笋,1.0,0.8,1.2,1,冀
2026-07-21,莴笋,1.0,0.8,1.2,1,冀
2026-07-22,莴笋,1.0,0.8,1.2,1,冀
2026-07-23,莴笋,1.0,0.8,1.2,1,冀
2026-07-24,莴笋,1.0,0.8,1.2,1,冀
2026-07-25,莴笋,1.0,0.8,1.2,1,冀
2026-07-26,莴笋,1.0,0.8,1.2,1,冀
2026-07-27,莴笋,1.0,0.8,1.2,1,冀
2026-07-28,莴笋,1.0,0.8,1.2,1,冀
2026-07-29,莴笋,1.1,0.9,1.3,1,冀蒙
2026-07-30,莴笋,1.0,0.8,1.2,1,冀蒙
2026-07-31,莴笋,1.0,0.8,1.2,1,冀蒙
2026-08-01,莴笋,1.0,0.8,1.2,1,冀蒙
2026-08-02,莴笋,1.0,0.8,1.2,1,冀蒙
2026-08-03,莴笋,0.9,0.7,1.1,1,冀蒙
2026-08-04,莴笋,0.85,0.6,1.1,1,冀蒙
2026-08-05,莴笋,0.8,0.6,1.0,1,冀蒙
2026-08-06,莴笋,0.75,0.5,1.0,1,冀蒙
2026-08-07,莴笋,0.75,0.5,1.0,1,冀蒙
2026-08-08,莴笋,0.75,0.5,1.0,1,冀蒙
2026-08-09,莴笋,0.75,0.5,1.0,1,冀蒙
2026-08-10,莴笋,0.75,0.5,1.0,1,冀蒙
2026-08-11,莴笋,0.8,0.6,1.0,1,冀蒙
2026-01-01,菊花菜,3.25,3.0,3.5,1,
2026-01-02,菊花菜,3.25,3.0,3.5,1,
2026-01-05,菊花菜,3.25,3.0,3.5,1,
2026-01-06,菊花菜,3.25,3.0,3.5,1,
2026-01-07,菊花菜,3.25,3.0,3.5,1,
2026-01-08,菊花菜,3.25,3.0,3.5,1,
2026-01-09,菊花菜,3.25,3.0,3.5,1,
2026-01-12,菊花菜,3.25,3.0,3.5,1,
2026-01-13,菊花菜,3.25,3.0,3.5,1,
2026-01-14,菊花菜,3.25,3.0,3.5,1,
2026-01-15,菊花菜,3.25,3.0,3.5,1,
2026-01-16,菊花菜,3.25,3.0,3.5,1,
2026-01-19,菊花菜,3.4,3.2,3.6,1,
2026-01-20,菊花菜,3.4,3.2,3.6,1,
2026-01-21,菊花菜,3.4,3.2,3.6,1,
2026-01-22,菊花菜,4.0,3.5,4.5,1,
2026-01-23,菊花菜,4.0,3.5,4.5,1,
2026-01-26,菊花菜,4.15,3.7,4.6,1,
2026-01-27,菊花菜,4.15,3.7,4.6,1,
2026-01-28,菊花菜,4.15,3.7,4.6,1,
2026-01-29,菊花菜,4.15,3.7,4.6,1,
2026-01-30,菊花菜,4.15,3.7,4.6,1,
2026-02-02,菊花菜,4.15,3.7,4.6,1,
2026-02-03,菊花菜,4.15,3.7,4.6,1,
2026-02-04,菊花菜,4.15,3.7,4.6,1,
2026-02-05,菊花菜,4.15,3.7,4.6,1,
2026-02-06,菊花菜,4.15,3.7,4.6,1,
2026-02-09,菊花菜,3.85,3.7,4.0,1,
2026-02-10,菊花菜,4.1,3.7,4.5,1,
2026-02-11,菊花菜,4.5,4.0,5.0,1,
2026-02-12,菊花菜,4.5,4.0,5.0,1,
2026-02-13,菊花菜,4.5,4.0,5.0,1,
2026-02-24,菊花菜,5.0,4.0,6.0,1,
2026-02-25,菊花菜,5.0,4.0,6.0,1,
2026-02-26,菊花菜,4.75,4.0,5.5,1,
2026-02-27,菊花菜,4.5,4.0,5.0,1,
2026-03-02,菊花菜,4.5,4.0,5.0,1,
2026-03-03,菊花菜,4.5,4.0,5.0,1,
2026-03-04,菊花菜,4.5,4.0,5.0,1,
2026-03-05,菊花菜,4.5,4.0,5.0,1,
2026-03-06,菊花菜,4.5,4.0,5.0,1,
2026-03-09,菊花菜,5.5,5.0,6.0,1,
2026-03-10,菊花菜,5.5,5.0,6.0,1,
2026-03-11,菊花菜,5.5,5.0,6.0,1,
2026-03-12,菊花菜,5.5,5.0,6.0,1,
2026-03-13,菊花菜,5.5,5.0,6.0,1,
2026-03-16,菊花菜,5.5,5.0,6.0,1,
2026-03-17,菊花菜,5.0,4.5,5.5,1,
2026-03-18,菊花菜,5.0,4.5,5.5,1,
2026-03-19,菊花菜,5.0,4.5,5.5,1,
2026-03-20,菊花菜,5.0,4.5,5.5,1,
2026-03-23,菊花菜,4.3,3.8,4.8,1,
2026-03-24,菊花菜,3.75,3.5,4.0,1,
2026-03-25,菊花菜,3.55,3.3,3.8,1,
2026-03-26,菊花菜,3.55,3.3,3.8,1,
2026-03-27,菊花菜,3.55,3.3,3.8,1,
2026-03-30,菊花菜,3.0,2.5,3.5,1,
2026-03-31,菊花菜,2.65,2.3,3.0,1,
2026-04-01,菊花菜,2.65,2.3,3.0,1,
2026-04-02,菊花菜,2.25,2.0,2.5,1,
2026-04-03,菊花菜,2.25,2.0,2.5,1,
2026-04-06,菊花菜,2.0,1.8,2.2,1,
2026-04-07,菊花菜,2.0,1.5,2.5,1,
2026-04-08,菊花菜,2.0,1.5,2.5,1,
2026-04-09,菊花菜,2.0,1.5,2.5,1,
2026-04-10,菊花菜,2.0,1.5,2.5,1,
2026-04-13,菊花菜,1.8,1.3,2.3,1,
2026-04-14,菊花菜,1.65,1.3,2.0,1,
2026-04-15,菊花菜,1.55,1.3,1.8,1,
2026-04-16,菊花菜,1.55,1.3,1.8,1,
2026-04-17,菊花菜,1.55,1.3,1.8,1,
2026-04-20,菊花菜,1.55,1.3,1.8,1,
2026-04-21,菊花菜,1.4,1.3,1.5,1,
2026-04-22,菊花菜,1.4,1.3,1.5,1,
2026-04-23,菊花菜,1.4,1.3,1.5,1,
2026-04-24,菊花菜,1.4,1.3,1.5,1,
2026-04-27,菊花菜,1.4,1.3,1.5,1,
2026-04-28,菊花菜,1.4,1.3,1.5,1,
2026-04-29,菊花菜,1.4,1.3,1.5,1,
2026-04-30,菊花菜,1.25,1.0,1.5,1,
2026-05-01,菊花菜,1.25,1.0,1.5,1,
2026-05-04,菊花菜,1.45,1.2,1.7,1,
2026-05-05,菊花菜,1.35,1.1,1.6,1,
2026-05-06,菊花菜,1.35,1.1,1.6,1,
2026-05-07,菊花菜,1.35,1.1,1.6,1,
2026-05-08,菊花菜,1.25,1.0,1.5,1,
2026-05-11,菊花菜,1.2,0.9,1.5,1,
2026-05-12,菊花菜,1.1,0.8,1.4,1,
2026-05-13,菊花菜,1.1,0.8,1.4,1,
2026-05-14,菊花菜,1.1,0.8,1.4,1,
2026-05-15,菊花菜,1.1,0.8,1.4,1,
2026-05-18,菊花菜,1.4,1.0,1.8,1,
2026-05-19,菊花菜,1.4,1.0,1.8,1,
2026-05-20,菊花菜,1.4,1.0,1.8,1,
2026-05-21,菊花菜,1.4,1.0,1.8,1,
2026-05-22,菊花菜,1.4,1.0,1.8,1,
2026-05-25,菊花菜,1.6,1.2,2.0,1,
2026-05-26,菊花菜,2.75,2.5,3.0,1,
2026-05-27,菊花菜,2.55,2.3,2.8,1,
2026-05-28,菊花菜,2.25,2.0,2.5,1,
2026-05-29,菊花菜,2.95,2.6,3.3,1,
2026-06-01,菊花菜,2.95,2.6,3.3,1,
2026-06-02,菊花菜,2.5,2.0,3.0,1,
2026-06-03,菊花菜,2.25,2.0,2.5,1,
2026-06-04,菊花菜,1.75,1.5,2.0,1,
2026-06-05,菊花菜,1.75,1.5,2.0,1,
2026-06-08,菊花菜,2.75,2.5,3.0,1,
2026-06-09,菊花菜,2.25,2.0,2.5,1,
2026-06-10,菊花菜,2.25,2.0,2.5,1,
2026-06-11,菊花菜,2.25,2.0,2.5,1,
2026-06-12,菊花菜,1.9,1.8,2.0,1,
2026-06-15,菊花菜,2.35,2.2,2.5,1,
2026-06-16,菊花菜,2.35,2.2,2.5,1,
2026-06-17,菊花菜,2.15,2.0,2.3,1,
2026-06-18,菊花菜,1.9,1.8,2.0,1,
2026-06-19,菊花菜,1.65,1.5,1.8,1,
2026-06-22,菊花菜,2.45,2.2,2.7,1,
2026-06-23,菊花菜,2.0,1.5,2.5,1,
2026-06-24,菊花菜,2.0,1.5,2.5,1,
2026-06-25,菊花菜,1.75,1.5,2.0,1,
2026-06-26,菊花菜,1.75,1.5,2.0,1,
2026-06-29,菊花菜,2.05,1.8,2.3,1,
2026-06-30,菊花菜,1.9,1.8,2.0,1,
2026-07-01,菊花菜,2.1,2.0,2.2,1,
2026-07-02,菊花菜,1.9,1.8,2.0,1,
2026-07-03,菊花菜,1.9,1.8,2.0,1,
2026-07-06,菊花菜,1.9,1.8,2.0,1,
2026-07-07,菊花菜,1.9,1.8,2.0,1,
2026-07-08,菊花菜,1.9,1.8,2.0,1,
2026-07-09,菊花菜,1.9,1.8,2.0,1,
2026-07-10,菊花菜,1.9,1.8,2.0,1,
2026-07-13,菊花菜,2.75,2.5,3.0,1,
2026-07-14,菊花菜,2.75,2.5,3.0,1,
2026-07-15,菊花菜,2.45,2.3,2.6,1,
2026-07-16,菊花菜,2.45,2.3,2.6,1,
2026-07-17,菊花菜,2.45,2.3,2.6,1,
2026-07-20,菊花菜,2.45,2.3,2.6,1,
2026-07-21,菊花菜,2.45,2.3,2.6,1,
2026-07-22,菊花菜,2.45,2.3,2.6,1,
2026-07-23,菊花菜,2.85,2.5,3.2,1,
2026-07-24,菊花菜,2.85,2.5,3.2,1,
2026-07-27,菊花菜,2.4,2.0,2.8,1,
2026-07-28,菊花菜,2.4,2.0,2.8,1,
2026-07-29,菊花菜,2.4,2.0,2.8,1,
2026-07-30,菊花菜,2.4,2.0,2.8,1,
2026-07-31,菊花菜,2.4,2.0,2.8,1,
2026-08-03,菊花菜,3.25,3.0,3.5,1,
2026-08-04,菊花菜,2.75,2.5,3.0,1,
2026-08-05,菊花菜,2.6,2.5,2.7,1,
2026-08-06,菊花菜,2.25,2.0,2.5,1,
2026-08-07,菊花菜,2.25,2.0,2.5,1,
2026-08-10,菊花菜,3.5,3.0,4.0,1,
2026-08-11,菊花菜,3.15,3.0,3.3,1,
2026-01-10,菊苣,12.5,12.0,13.0,1,
2026-01-20,菊苣,12.5,12.0,13.0,1,
2026-01-31,菊苣,11.5,11.0,12.0,1,
2026-02-10,菊苣,12.5,12.0,13.0,1,
2026-02-28,菊苣,11.5,11.0,12.0,1,
2026-03-10,菊苣,10.5,10.0,11.0,1,
2026-03-20,菊苣,9.5,9.0,10.0,1,
2026-03-31,菊苣,9.5,9.0,10.0,1,
2026-04-10,菊苣,12.5,12.0,13.0,1,
2026-04-20,菊苣,12.5,12.0,13.0,1,
2026-04-30,菊苣,11.5,11.0,12.0,1,
2026-05-10,菊苣,11.5,11.0,12.0,1,
2026-05-20,菊苣,10.5,10.0,11.0,1,
2026-05-31,菊苣,10.5,10.0,11.0,1,
2026-06-10,菊苣,10.5,10.0,11.0,1,
2026-06-20,菊苣,9.5,9.0,10.0,1,
2026-06-30,菊苣,8.5,8.0,9.0,1,
2026-07-10,菊苣,8.5,8.0,9.0,1,
2026-07-20,菊苣,9.25,9.0,9.5,1,
2026-07-31,菊苣,9.25,9.0,9.5,1,
2026-08-10,菊苣,8.5,8.0,9.0,1,
2026-01-01,菜心,2.2,1.9,2.5,1,
2026-01-02,菜心,2.65,2.3,3.0,1,
2026-01-05,菜心,2.35,2.0,2.7,1,
2026-01-06,菜心,2.35,2.0,2.7,1,
2026-01-07,菜心,2.35,2.0,2.7,1,
2026-01-08,菜心,2.35,2.0,2.7,1,
2026-01-09,菜心,2.35,2.0,2.7,1,
2026-01-12,菜心,2.35,2.0,2.7,1,
2026-01-13,菜心,2.35,2.0,2.7,1,
2026-01-14,菜心,2.5,2.2,2.8,1,
2026-01-15,菜心,2.5,2.2,2.8,1,
2026-01-16,菜心,2.5,2.2,2.8,1,
2026-01-19,菜心,2.5,2.2,2.8,1,
2026-01-20,菜心,2.5,2.2,2.8,1,
2026-01-21,菜心,2.65,2.3,3.0,1,
2026-01-22,菜心,2.65,2.3,3.0,1,
2026-01-23,菜心,2.65,2.3,3.0,1,
2026-01-26,菜心,2.45,2.2,2.7,1,
2026-01-27,菜心,2.45,2.2,2.7,1,
2026-01-28,菜心,2.45,2.2,2.7,1,
2026-01-29,菜心,2.45,2.2,2.7,1,
2026-01-30,菜心,2.45,2.2,2.7,1,
2026-02-02,菜心,2.15,1.8,2.5,1,
2026-02-03,菜心,2.9,2.3,3.5,1,
2026-02-04,菜心,2.9,2.3,3.5,1,
2026-02-05,菜心,2.9,2.3,3.5,1,
2026-02-06,菜心,2.9,2.3,3.5,1,
2026-02-09,菜心,3.15,2.3,4.0,1,
2026-02-10,菜心,3.15,2.3,4.0,1,
2026-02-11,菜心,3.15,2.3,4.0,1,
2026-02-12,菜心,3.15,2.3,4.0,1,
2026-02-13,菜心,3.15,2.3,4.0,1,
2026-02-24,菜心,3.15,2.3,4.0,1,
2026-02-25,菜心,3.15,2.3,4.0,1,
2026-02-26,菜心,4.25,4.0,4.5,1,
2026-02-27,菜心,4.25,4.0,4.5,1,
2026-03-02,菜心,2.9,2.5,3.3,1,
2026-03-03,菜心,2.65,2.3,3.0,1,
2026-03-04,菜心,2.75,2.5,3.0,1,
2026-03-05,菜心,2.75,2.5,3.0,1,
2026-03-06,菜心,3.4,3.0,3.8,1,
2026-03-09,菜心,3.4,3.0,3.8,1,
2026-03-10,菜心,3.4,3.0,3.8,1,
2026-03-11,菜心,3.4,3.0,3.8,1,
2026-03-12,菜心,3.4,3.0,3.8,1,
2026-03-13,菜心,4.0,3.5,4.5,1,
2026-03-16,菜心,3.0,2.5,3.5,1,
2026-03-17,菜心,3.0,2.5,3.5,1,
2026-03-18,菜心,3.0,2.5,3.5,1,
2026-03-19,菜心,3.0,2.5,3.5,1,
2026-03-20,菜心,3.0,2.5,3.5,1,
2026-03-23,菜心,1.85,1.5,2.2,1,
2026-03-24,菜心,1.85,1.5,2.2,1,
2026-03-25,菜心,1.85,1.5,2.2,1,
2026-03-26,菜心,1.65,1.3,2.0,1,
2026-03-27,菜心,1.65,1.3,2.0,1,
2026-03-30,菜心,1.65,1.3,2.0,1,
2026-03-31,菜心,1.85,1.7,2.0,1,
2026-04-01,菜心,1.85,1.7,2.0,1,
2026-04-02,菜心,1.85,1.7,2.0,1,
2026-04-03,菜心,2.1,1.7,2.5,1,
2026-04-06,菜心,2.4,2.0,2.8,1,
2026-04-07,菜心,2.75,2.5,3.0,1,
2026-04-08,菜心,2.75,2.5,3.0,1,
2026-04-09,菜心,2.75,2.5,3.0,1,
2026-04-10,菜心,2.75,2.5,3.0,1,
2026-04-13,菜心,2.6,2.3,2.9,1,
2026-04-14,菜心,2.15,1.8,2.5,1,
2026-04-15,菜心,2.15,1.8,2.5,1,
2026-04-16,菜心,2.15,1.8,2.5,1,
2026-04-17,菜心,1.85,1.5,2.2,1,
2026-04-20,菜心,2.0,1.7,2.3,1,
2026-04-21,菜心,1.75,1.5,2.0,1,
2026-04-22,菜心,1.75,1.5,2.0,1,
2026-04-23,菜心,2.0,1.5,2.5,1,
2026-04-24,菜心,1.75,1.5,2.0,1,
2026-04-27,菜心,1.75,1.5,2.0,1,
2026-04-28,菜心,1.5,1.2,1.8,1,
2026-04-29,菜心,1.5,1.2,1.8,1,
2026-04-30,菜心,1.6,1.2,2.0,1,
2026-05-01,菜心,1.6,1.2,2.0,1,
2026-05-04,菜心,1.75,1.5,2.0,1,
2026-05-05,菜心,1.9,1.6,2.2,1,
2026-05-06,菜心,2.0,1.7,2.3,1,
2026-05-07,菜心,2.0,1.7,2.3,1,
2026-05-08,菜心,1.25,1.0,1.5,1,
2026-05-11,菜心,1.5,1.3,1.7,1,
2026-05-12,菜心,1.5,1.2,1.8,1,
2026-05-13,菜心,1.5,1.2,1.8,1,
2026-05-14,菜心,1.5,1.2,1.8,1,
2026-05-15,菜心,1.5,1.2,1.8,1,
2026-05-18,菜心,1.85,1.5,2.2,1,
2026-05-19,菜心,1.7,1.4,2.0,1,
2026-05-20,菜心,1.7,1.4,2.0,1,
2026-05-21,菜心,1.7,1.4,2.0,1,
2026-05-22,菜心,1.7,1.4,2.0,1,
2026-05-25,菜心,2.75,2.5,3.0,1,
2026-05-26,菜心,2.9,2.6,3.2,1,
2026-05-27,菜心,3.0,2.7,3.3,1,
2026-05-28,菜心,2.85,2.6,3.1,1,
2026-05-29,菜心,2.85,2.6,3.1,1,
2026-06-01,菜心,2.85,2.6,3.1,1,
2026-06-02,菜心,2.65,2.3,3.0,1,
2026-06-03,菜心,2.65,2.3,3.0,1,
2026-06-04,菜心,2.25,2.0,2.5,1,
2026-06-05,菜心,2.25,2.0,2.5,1,
2026-06-08,菜心,2.65,2.5,2.8,1,
2026-06-09,菜心,2.15,1.8,2.5,1,
2026-06-10,菜心,2.15,1.8,2.5,1,
2026-06-11,菜心,2.15,1.8,2.5,1,
2026-06-12,菜心,2.15,1.8,2.5,1,
2026-06-15,菜心,2.15,1.8,2.5,1,
2026-06-16,菜心,2.15,1.8,2.5,1,
2026-06-17,菜心,2.15,1.8,2.5,1,
2026-06-18,菜心,2.0,1.8,2.2,1,
2026-06-19,菜心,2.0,1.8,2.2,1,
2026-06-22,菜心,2.05,2.0,2.1,1,
2026-06-23,菜心,2.05,2.0,2.1,1,
2026-06-24,菜心,2.25,2.0,2.5,1,
2026-06-25,菜心,2.25,2.0,2.5,1,
2026-06-26,菜心,2.15,2.0,2.3,1,
2026-06-29,菜心,2.0,1.8,2.2,1,
2026-06-30,菜心,2.0,1.8,2.2,1,
2026-07-01,菜心,1.85,1.7,2.0,1,
2026-07-02,菜心,1.85,1.7,2.0,1,
2026-07-03,菜心,1.85,1.7,2.0,1,
2026-07-06,菜心,1.85,1.7,2.0,1,
2026-07-07,菜心,1.9,1.8,2.0,1,
2026-07-08,菜心,1.9,1.8,2.0,1,
2026-07-09,菜心,1.9,1.8,2.0,1,
2026-07-10,菜心,1.9,1.8,2.0,1,
2026-07-13,菜心,3.55,3.3,3.8,1,
2026-07-14,菜心,3.55,3.3,3.8,1,
2026-07-15,菜心,3.2,2.9,3.5,1,
2026-07-16,菜心,3.0,2.5,3.5,1,
2026-07-17,菜心,2.15,1.8,2.5,1,
2026-07-20,菜心,3.5,3.2,3.8,1,
2026-07-21,菜心,3.5,3.2,3.8,1,
2026-07-22,菜心,3.5,3.2,3.8,1,
2026-07-23,菜心,3.5,3.2,3.8,1,
2026-07-24,菜心,2.9,2.5,3.3,1,
2026-07-27,菜心,3.0,2.6,3.4,1,
2026-07-28,菜心,3.0,2.6,3.4,1,
2026-07-29,菜心,3.0,2.6,3.4,1,
2026-07-30,菜心,3.0,2.6,3.4,1,
2026-07-31,菜心,3.0,2.6,3.4,1,
2026-08-03,菜心,3.0,2.6,3.4,1,
2026-08-04,菜心,2.6,2.2,3.0,1,
2026-08-05,菜心,2.6,2.2,3.0,1,
2026-08-06,菜心,2.6,2.2,3.0,1,
2026-08-07,菜心,2.6,2.2,3.0,1,
2026-08-10,菜心,3.6,3.2,4.0,1,
2026-08-11,菜心,3.6,3.2,4.0,1,
2026-01-01,菠菜,3.7,2.5,5.0,2,冀豫
2026-01-02,菠菜,3.7,2.5,5.0,2,冀豫
2026-01-03,菠菜,2.65,2.5,2.8,1,冀豫
2026-01-04,菠菜,2.65,2.5,2.8,1,冀豫
2026-01-05,菠菜,3.575,2.5,4.8,2,冀豫
2026-01-06,菠菜,3.7,2.5,5.0,2,冀豫
2026-01-07,菠菜,3.45,2.5,4.5,2,冀豫
2026-01-08,菠菜,3.45,2.5,4.5,2,冀豫
2026-01-09,菠菜,3.45,2.5,4.5,2,冀豫
2026-01-10,菠菜,2.65,2.5,2.8,1,冀豫
2026-01-11,菠菜,2.65,2.5,2.8,1,冀豫
2026-01-12,菠菜,3.375,2.2,4.5,2,冀豫
2026-01-13,菠菜,3.45,2.5,4.5,2,冀豫
2026-01-14,菠菜,3.775,2.8,4.8,2,冀豫
2026-01-15,菠菜,3.875,2.8,5.0,2,冀豫
2026-01-16,菠菜,3.875,2.8,5.0,2,冀豫
2026-01-17,菠菜,3.0,2.8,3.2,1,冀豫
2026-01-18,菠菜,3.25,3.0,3.5,1,冀豫
2026-01-19,菠菜,4.15,3.0,5.5,2,冀豫
2026-01-20,菠菜,4.2,3.0,5.6,2,冀豫
2026-01-21,菠菜,4.25,3.0,5.5,2,冀豫
2026-01-22,菠菜,4.2,3.0,5.5,2,冀豫
2026-01-23,菠菜,4.05,2.5,5.5,2,冀豫
2026-01-24,菠菜,2.85,2.5,3.2,1,冀豫
2026-01-25,菠菜,3.0,2.5,3.5,1,冀豫
2026-01-26,菠菜,4.125,2.5,5.5,2,冀豫
2026-01-27,菠菜,3.875,2.5,5.0,2,冀豫
2026-01-28,菠菜,3.875,2.5,5.0,2,冀豫
2026-01-29,菠菜,3.75,2.5,5.0,2,冀豫
2026-01-30,菠菜,3.75,2.5,5.0,2,冀豫
2026-01-31,菠菜,2.75,2.5,3.0,1,冀豫
2026-02-01,菠菜,2.4,2.0,2.8,1,冀豫
2026-02-02,菠菜,3.5,2.0,4.8,2,冀豫
2026-02-03,菠菜,3.55,2.0,5.0,2,冀豫
2026-02-04,菠菜,3.625,2.3,5.0,2,冀豫鲁
2026-02-05,菠菜,3.6,2.2,5.0,2,冀豫鲁
2026-02-06,菠菜,3.6,2.2,5.0,2,冀豫鲁
2026-02-07,菠菜,2.5,2.2,2.8,1,冀豫鲁
2026-02-08,菠菜,2.5,2.2,2.8,1,冀豫鲁
2026-02-09,菠菜,3.5,2.0,5.0,2,冀豫鲁
2026-02-10,菠菜,3.475,2.0,5.0,2,冀豫鲁
2026-02-11,菠菜,3.6,2.0,5.3,2,冀豫鲁
2026-02-12,菠菜,3.75,2.2,5.5,2,冀豫鲁
2026-02-13,菠菜,3.725,2.2,5.5,2,冀豫鲁
2026-02-14,菠菜,2.5,2.2,2.8,1,冀豫鲁
2026-02-15,菠菜,2.6,2.2,3.0,1,冀豫鲁
2026-02-16,菠菜,2.6,2.2,3.0,1,冀豫鲁
2026-02-24,菠菜,3.375,1.5,5.5,2,冀豫鲁
2026-02-25,菠菜,3.325,1.5,5.5,2,冀豫鲁
2026-02-26,菠菜,3.225,1.2,5.5,2,冀豫鲁
2026-02-27,菠菜,3.1,1.2,5.0,2,冀豫鲁
2026-02-28,菠菜,1.3,1.0,1.6,1,冀豫鲁
2026-03-01,菠菜,1.3,1.0,1.6,1,冀豫鲁
2026-03-02,菠菜,2.825,0.9,4.8,2,冀豫鲁
2026-03-03,菠菜,2.425,0.9,4.0,2,冀豫鲁
2026-03-04,菠菜,2.425,0.9,4.0,2,冀豫鲁
2026-03-05,菠菜,2.575,1.0,4.0,2,冀豫鲁
2026-03-06,菠菜,2.625,1.2,4.0,2,冀豫鲁
2026-03-07,菠菜,1.25,1.0,1.5,1,冀豫鲁
2026-03-08,菠菜,1.25,1.0,1.5,1,冀豫鲁
2026-03-09,菠菜,2.375,1.2,4.0,2,冀
2026-03-10,菠菜,2.4,1.5,3.3,2,冀
2026-03-11,菠菜,2.325,1.2,3.3,2,冀
2026-03-12,菠菜,2.325,1.2,3.3,2,冀
2026-03-13,菠菜,2.275,1.2,3.3,2,冀
2026-03-14,菠菜,1.4,1.2,1.6,1,冀
2026-03-15,菠菜,1.4,1.2,1.6,1,冀
2026-03-16,菠菜,2.2,1.0,3.3,2,冀
2026-03-17,菠菜,2.15,1.2,3.0,2,冀
2026-03-18,菠菜,2.15,1.2,3.0,2,冀
2026-03-19,菠菜,2.15,1.2,3.0,2,冀
2026-03-20,菠菜,2.125,1.2,3.0,2,冀
2026-03-21,菠菜,1.3,1.1,1.5,1,冀
2026-03-22,菠菜,1.15,1.0,1.3,1,冀
2026-03-23,菠菜,1.95,0.8,3.0,2,冀
2026-03-24,菠菜,1.75,0.8,2.8,2,冀
2026-03-25,菠菜,1.75,0.8,2.8,2,冀
2026-03-26,菠菜,1.75,0.8,2.8,2,冀
2026-03-27,菠菜,1.625,0.8,2.5,2,冀
2026-03-28,菠菜,1.0,0.8,1.2,1,冀
2026-03-29,菠菜,0.8,0.6,1.0,1,冀
2026-03-30,菠菜,1.45,0.6,2.2,2,冀
2026-03-31,菠菜,1.45,0.6,2.2,2,冀
2026-04-01,菠菜,1.575,0.8,2.5,2,冀
2026-04-02,菠菜,1.625,0.8,2.5,2,冀
2026-04-03,菠菜,1.625,0.8,2.5,2,冀
2026-04-04,菠菜,1.0,0.8,1.2,1,冀
2026-04-05,菠菜,1.0,0.8,1.2,1,冀
2026-04-06,菠菜,1.6,0.7,2.5,2,冀
2026-04-07,菠菜,1.925,0.7,3.0,2,冀
2026-04-08,菠菜,2.1,0.7,3.5,2,冀
2026-04-09,菠菜,2.05,0.7,3.5,2,冀
2026-04-10,菠菜,2.3,0.7,4.0,2,冀
2026-04-11,菠菜,1.1,0.7,1.5,1,冀
2026-04-12,菠菜,1.1,0.7,1.5,1,冀
2026-04-13,菠菜,2.125,0.7,3.8,2,冀
2026-04-14,菠菜,2.25,0.7,4.0,2,冀
2026-04-15,菠菜,2.375,0.7,4.5,2,冀
2026-04-16,菠菜,2.35,0.7,4.5,2,冀
2026-04-17,菠菜,2.35,0.7,4.5,2,冀
2026-04-18,菠菜,0.95,0.7,1.2,1,冀
2026-04-19,菠菜,0.95,0.7,1.2,1,冀
2026-04-20,菠菜,1.925,0.7,3.3,2,冀
2026-04-21,菠菜,1.975,0.7,3.7,2,冀
2026-04-22,菠菜,1.975,0.7,3.7,2,冀
2026-04-23,菠菜,1.975,0.7,3.7,2,冀
2026-04-24,菠菜,1.875,0.7,3.5,2,冀
2026-04-25,菠菜,0.85,0.7,1.0,1,冀
2026-04-26,菠菜,0.85,0.7,1.0,1,冀
2026-04-27,菠菜,1.725,0.7,3.0,2,冀
2026-04-28,菠菜,1.7,0.7,3.0,2,冀
2026-04-29,菠菜,1.775,0.6,3.5,2,冀
2026-04-30,菠菜,1.775,0.6,3.5,2,冀
2026-05-01,菠菜,1.775,0.6,3.5,2,冀
2026-05-02,菠菜,0.8,0.6,1.0,1,冀
2026-05-03,菠菜,0.8,0.6,1.0,1,冀
2026-05-04,菠菜,1.825,0.6,3.5,2,冀
2026-05-05,菠菜,1.7,0.8,3.0,2,冀
2026-05-06,菠菜,1.9,0.8,3.3,2,冀
2026-05-07,菠菜,2.075,1.0,3.3,2,冀
2026-05-08,菠菜,1.75,1.0,2.5,2,冀
2026-05-09,菠菜,1.25,1.0,1.5,1,冀
2026-05-10,菠菜,1.25,1.0,1.5,1,冀
2026-05-11,菠菜,1.8,1.0,2.7,2,冀
2026-05-12,菠菜,2.025,1.0,3.3,2,冀
2026-05-13,菠菜,1.975,0.8,3.3,2,冀
2026-05-14,菠菜,1.85,0.8,3.0,2,冀
2026-05-15,菠菜,1.85,0.8,3.0,2,冀
2026-05-16,菠菜,1.05,0.8,1.3,1,冀
2026-05-17,菠菜,1.05,0.8,1.3,1,冀
2026-05-18,菠菜,2.4,1.0,3.8,2,冀
2026-05-19,菠菜,2.625,1.5,3.8,2,冀
2026-05-20,菠菜,2.425,1.0,3.8,2,冀
2026-05-21,菠菜,1.8,1.0,2.6,2,冀
2026-05-22,菠菜,2.55,1.0,4.3,2,冀
2026-05-23,菠菜,1.25,1.0,1.5,1,冀
2026-05-24,菠菜,1.4,1.0,1.8,1,冀
2026-05-25,菠菜,2.625,1.0,4.3,2,冀
2026-05-26,菠菜,2.825,1.0,4.5,2,冀
2026-05-27,菠菜,2.825,1.0,4.5,2,冀
2026-05-28,菠菜,2.875,1.0,4.5,2,冀蒙
2026-05-29,菠菜,2.775,1.0,4.3,2,冀蒙
2026-05-30,菠菜,1.5,1.0,2.0,1,冀蒙
2026-05-31,菠菜,1.4,1.0,1.8,1,冀蒙
2026-06-01,菠菜,2.725,1.0,4.3,2,冀蒙
2026-06-02,菠菜,2.575,1.0,4.0,2,冀蒙
2026-06-03,菠菜,2.575,1.0,4.0,2,冀蒙
2026-06-04,菠菜,2.875,1.8,4.0,2,冀蒙
2026-06-05,菠菜,2.875,1.8,4.0,2,冀蒙
2026-06-06,菠菜,2.0,1.8,2.2,1,冀蒙
2026-06-07,菠菜,2.25,2.0,2.5,1,蒙
2026-06-08,菠菜,3.45,2.5,4.3,2,蒙
2026-06-09,菠菜,3.75,3.0,4.5,2,蒙
2026-06-10,菠菜,3.7,2.5,4.8,2,蒙
2026-06-11,菠菜,3.575,2.5,4.8,2,蒙
2026-06-12,菠菜,3.325,2.2,4.6,2,蒙
2026-06-13,菠菜,2.25,2.0,2.5,1,蒙
2026-06-14,菠菜,2.25,2.0,2.5,1,蒙
2026-06-15,菠菜,3.125,2.0,4.5,2,蒙
2026-06-16,菠菜,3.0,2.0,4.0,2,蒙
2026-06-17,菠菜,2.75,1.5,4.0,2,蒙
2026-06-18,菠菜,2.75,1.5,4.0,2,蒙
2026-06-19,菠菜,2.7,1.2,4.3,2,蒙
2026-06-20,菠菜,1.5,1.2,1.8,1,蒙
2026-06-21,菠菜,1.5,1.2,1.8,1,蒙
2026-06-22,菠菜,2.375,1.0,3.8,2,蒙
2026-06-23,菠菜,2.375,1.0,3.8,2,蒙
2026-06-24,菠菜,2.375,1.0,4.0,2,蒙
2026-06-25,菠菜,2.375,1.0,4.0,2,蒙
2026-06-26,菠菜,2.375,1.0,4.0,2,蒙
2026-06-27,菠菜,1.25,1.0,1.5,1,蒙
2026-06-28,菠菜,1.9,1.8,2.0,1,蒙
2026-06-29,菠菜,2.7,1.5,4.0,2,蒙
2026-06-30,菠菜,2.75,1.5,4.0,2,蒙
2026-07-01,菠菜,2.7,1.5,4.0,2,蒙
2026-07-02,菠菜,2.75,1.5,4.0,2,蒙
2026-07-03,菠菜,2.75,1.5,4.0,2,蒙
2026-07-04,菠菜,1.75,1.5,2.0,1,蒙
2026-07-05,菠菜,1.75,1.5,2.0,1,蒙
2026-07-06,菠菜,2.625,1.5,4.0,2,蒙
2026-07-07,菠菜,2.725,1.5,4.2,2,蒙
2026-07-08,菠菜,2.775,1.5,4.2,2,蒙
2026-07-09,菠菜,3.0,2.0,4.0,2,蒙
2026-07-10,菠菜,3.075,2.3,4.0,2,蒙
2026-07-11,菠菜,2.4,2.3,2.5,1,蒙
2026-07-12,菠菜,3.0,2.5,3.5,1,蒙
2026-07-13,菠菜,4.25,2.5,6.0,2,蒙
2026-07-14,菠菜,3.6,2.0,5.2,2,蒙
2026-07-15,菠菜,3.7,2.0,5.5,2,蒙
2026-07-16,菠菜,3.625,2.0,5.5,2,蒙
2026-07-17,菠菜,3.125,2.0,4.5,2,蒙
2026-07-18,菠菜,2.75,2.5,3.0,1,蒙
2026-07-19,菠菜,2.75,2.5,3.0,1,蒙
2026-07-20,菠菜,3.75,2.5,5.0,2,蒙
2026-07-21,菠菜,4.175,3.0,5.5,2,蒙
2026-07-22,菠菜,4.175,3.0,5.5,2,蒙
2026-07-23,菠菜,4.225,3.0,5.6,2,蒙
2026-07-24,菠菜,4.225,3.0,5.6,2,蒙
2026-07-25,菠菜,3.25,3.0,3.5,1,蒙
2026-07-26,菠菜,3.25,3.0,3.5,1,蒙
2026-07-27,菠菜,3.875,2.5,5.5,2,蒙
2026-07-28,菠菜,4.0,2.5,5.5,2,蒙
2026-07-29,菠菜,4.0,2.5,5.5,2,蒙
2026-07-30,菠菜,4.125,3.0,5.5,2,蒙
2026-07-31,菠菜,4.125,3.0,5.5,2,蒙
2026-08-01,菠菜,3.25,3.0,3.5,1,蒙
2026-08-02,菠菜,2.75,2.5,3.0,1,蒙
2026-08-03,菠菜,4.0,2.5,5.5,2,蒙
2026-08-04,菠菜,4.275,2.8,6.0,2,蒙
2026-08-05,菠菜,4.575,3.0,6.0,2,蒙
2026-08-06,菠菜,4.75,3.5,6.0,2,蒙
2026-08-07,菠菜,4.75,3.5,6.0,2,蒙
2026-08-08,菠菜,3.75,3.5,4.0,1,蒙
2026-08-09,菠菜,3.5,3.0,4.0,1,蒙
2026-08-10,菠菜,4.625,3.0,6.0,2,蒙
2026-08-11,菠菜,4.75,3.0,6.5,2,蒙
2026-01-01,葱头,0.765,0.65,0.9,2,甘
2026-01-02,葱头,0.765,0.65,0.9,2,甘
2026-01-03,葱头,0.765,0.65,0.9,2,甘
2026-01-04,葱头,0.765,0.65,0.9,2,甘
2026-01-05,葱头,0.765,0.65,0.9,2,甘
2026-01-06,葱头,0.765,0.65,0.9,2,甘
2026-01-07,葱头,0.765,0.65,0.9,2,甘
2026-01-08,葱头,0.765,0.65,0.9,2,甘
2026-01-09,葱头,0.765,0.65,0.9,2,甘
2026-01-10,葱头,0.765,0.65,0.9,2,甘
2026-01-11,葱头,0.765,0.65,0.9,2,甘
2026-01-12,葱头,0.765,0.65,0.9,2,甘
2026-01-13,葱头,0.765,0.65,0.9,2,甘
2026-01-14,葱头,0.765,0.65,0.9,2,甘
2026-01-15,葱头,0.765,0.65,0.9,2,甘
2026-01-16,葱头,0.765,0.65,0.9,2,甘
2026-01-17,葱头,0.765,0.65,0.9,2,甘
2026-01-18,葱头,0.765,0.65,0.9,2,甘
2026-01-19,葱头,0.765,0.7,0.85,2,甘
2026-01-20,葱头,0.765,0.7,0.85,2,甘
2026-01-21,葱头,0.765,0.7,0.85,2,甘
2026-01-22,葱头,0.765,0.7,0.85,2,甘
2026-01-23,葱头,0.765,0.7,0.85,2,甘
2026-01-24,葱头,0.765,0.7,0.85,2,甘
2026-01-25,葱头,0.765,0.7,0.85,2,甘
2026-01-26,葱头,0.765,0.7,0.85,2,甘
2026-01-27,葱头,0.755,0.7,0.85,2,甘/甘蒙
2026-01-28,葱头,0.725,0.65,0.8,2,甘/甘蒙
2026-01-29,葱头,0.725,0.65,0.8,2,甘/甘蒙
2026-01-30,葱头,0.725,0.65,0.8,2,甘/甘蒙
2026-01-31,葱头,0.725,0.65,0.8,2,甘/甘蒙
2026-02-01,葱头,0.725,0.65,0.8,2,甘/甘蒙
2026-02-02,葱头,0.725,0.65,0.8,2,甘/甘蒙
2026-02-03,葱头,0.725,0.65,0.8,2,甘/甘蒙
2026-02-04,葱头,0.725,0.65,0.8,2,甘/甘蒙
2026-02-05,葱头,0.725,0.65,0.8,2,甘/甘蒙
2026-02-06,葱头,0.725,0.65,0.8,2,甘/甘蒙
2026-02-07,葱头,0.725,0.65,0.8,2,甘/甘蒙
2026-02-08,葱头,0.725,0.65,0.8,2,甘/甘蒙
2026-02-09,葱头,0.725,0.65,0.8,2,甘/甘蒙
2026-02-10,葱头,0.725,0.65,0.8,2,甘/甘蒙
2026-02-11,葱头,0.725,0.65,0.8,2,甘/甘蒙
2026-02-12,葱头,0.725,0.65,0.8,2,甘/甘蒙
2026-02-13,葱头,0.725,0.65,0.8,2,甘/甘蒙
2026-02-14,葱头,0.725,0.65,0.8,2,甘/甘蒙
2026-02-15,葱头,0.725,0.65,0.8,2,甘/甘蒙
2026-02-16,葱头,0.725,0.65,0.8,2,甘/甘蒙
2026-02-24,葱头,0.725,0.65,0.8,2,甘
2026-02-25,葱头,0.725,0.65,0.8,2,甘
2026-02-26,葱头,0.725,0.65,0.8,2,甘
2026-02-27,葱头,0.725,0.65,0.8,2,甘
2026-02-28,葱头,0.725,0.65,0.8,2,甘
2026-03-01,葱头,0.725,0.65,0.8,2,甘
2026-03-02,葱头,0.725,0.65,0.8,2,甘
2026-03-03,葱头,0.725,0.65,0.8,2,甘
2026-03-04,葱头,0.7,0.6,0.8,2,甘/甘蒙
2026-03-05,葱头,0.7,0.6,0.8,2,甘/甘蒙
2026-03-06,葱头,0.7,0.6,0.8,2,甘/甘蒙
2026-03-07,葱头,0.7,0.6,0.8,2,甘/甘蒙
2026-03-08,葱头,0.7,0.6,0.8,2,甘/甘蒙
2026-03-09,葱头,0.7,0.6,0.8,2,甘/甘蒙
2026-03-10,葱头,0.7,0.6,0.8,2,甘/甘蒙
2026-03-11,葱头,0.65,0.5,0.8,2,甘/甘蒙
2026-03-12,葱头,0.65,0.5,0.8,2,甘/甘蒙
2026-03-13,葱头,0.65,0.5,0.8,2,甘/甘蒙
2026-03-14,葱头,0.65,0.5,0.8,2,甘/甘蒙
2026-03-15,葱头,0.65,0.5,0.8,2,甘/甘蒙
2026-03-16,葱头,0.65,0.5,0.8,2,甘/甘蒙
2026-03-17,葱头,0.65,0.5,0.8,2,甘/甘蒙
2026-03-18,葱头,0.65,0.5,0.8,2,甘/甘蒙
2026-03-19,葱头,0.625,0.5,0.8,2,甘/甘蒙
2026-03-20,葱头,0.625,0.5,0.8,2,甘/甘蒙
2026-03-21,葱头,0.625,0.5,0.8,2,甘/甘蒙
2026-03-22,葱头,0.625,0.5,0.8,2,甘/甘蒙
2026-03-23,葱头,0.625,0.5,0.8,2,甘/甘蒙
2026-03-24,葱头,0.625,0.5,0.8,2,甘/甘蒙
2026-03-25,葱头,0.625,0.5,0.8,2,甘/甘蒙
2026-03-26,葱头,0.625,0.5,0.8,2,甘/甘蒙
2026-03-27,葱头,0.625,0.5,0.8,2,甘/甘蒙
2026-03-28,葱头,0.625,0.5,0.8,2,甘/甘蒙
2026-03-29,葱头,0.625,0.5,0.8,2,甘/甘蒙
2026-03-30,葱头,0.625,0.5,0.8,2,甘/甘蒙
2026-03-31,葱头,0.625,0.5,0.8,2,甘/甘蒙
2026-04-01,葱头,0.625,0.5,0.8,2,甘/甘蒙
2026-04-02,葱头,0.625,0.5,0.8,2,甘/甘蒙
2026-04-03,葱头,0.625,0.5,0.8,2,甘/甘蒙
2026-04-04,葱头,0.625,0.5,0.8,2,甘/甘蒙
2026-04-05,葱头,0.625,0.5,0.8,2,甘/甘蒙
2026-04-06,葱头,0.625,0.5,0.8,2,甘/甘蒙
2026-04-07,葱头,0.625,0.5,0.8,2,甘/甘蒙
2026-04-08,葱头,0.6,0.5,0.7,2,甘/甘蒙
2026-04-09,葱头,0.6,0.5,0.7,2,甘/甘蒙
2026-04-10,葱头,0.6,0.5,0.7,2,甘/甘蒙
2026-04-11,葱头,0.6,0.5,0.7,2,甘/甘蒙
2026-04-12,葱头,0.6,0.5,0.7,2,甘/甘蒙
2026-04-13,葱头,0.6,0.5,0.7,2,甘/甘蒙
2026-04-14,葱头,0.6,0.5,0.7,2,甘/甘蒙
2026-04-15,葱头,0.6,0.5,0.7,2,甘/甘蒙
2026-04-16,葱头,0.6,0.5,0.7,2,甘/甘蒙
2026-04-17,葱头,0.6,0.5,0.7,2,甘/甘蒙
2026-04-18,葱头,0.6,0.5,0.7,2,甘/甘蒙
2026-04-19,葱头,0.6,0.5,0.7,2,甘/甘蒙
2026-04-20,葱头,0.65,0.5,0.9,2,甘/甘蒙云
2026-04-21,葱头,0.7,0.5,0.9,2,甘/甘蒙云
2026-04-22,葱头,0.675,0.5,0.9,2,甘/甘蒙云
2026-04-23,葱头,0.675,0.5,0.9,2,甘/甘蒙云
2026-04-24,葱头,0.675,0.5,0.9,2,甘/甘蒙云
2026-04-25,葱头,0.675,0.5,0.9,2,甘/甘蒙云
2026-04-26,葱头,0.675,0.5,0.9,2,甘/甘蒙云
2026-04-27,葱头,0.675,0.5,0.9,2,甘/甘蒙云
2026-04-28,葱头,0.675,0.5,0.9,2,甘/甘蒙云
2026-04-29,葱头,0.675,0.5,0.9,2,甘/甘蒙云
2026-04-30,葱头,0.675,0.5,0.9,2,甘/甘蒙云
2026-05-01,葱头,0.675,0.5,0.9,2,甘/甘蒙云
2026-05-02,葱头,0.675,0.5,0.9,2,甘/甘蒙云
2026-05-03,葱头,0.675,0.5,0.9,2,甘/甘蒙云
2026-05-04,葱头,0.725,0.6,0.9,2,甘/甘蒙云
2026-05-05,葱头,0.725,0.6,0.9,2,甘/甘蒙云
2026-05-06,葱头,0.725,0.6,0.9,2,甘/甘蒙云
2026-05-07,葱头,0.725,0.6,0.9,2,甘/甘蒙云
2026-05-08,葱头,0.725,0.6,0.9,2,甘/甘蒙云
2026-05-09,葱头,0.74,0.6,0.95,2,甘/甘蒙云
2026-05-10,葱头,0.74,0.6,0.95,2,甘/甘蒙云
2026-05-11,葱头,0.715,0.55,0.95,2,豫
2026-05-12,葱头,0.7,0.55,0.9,2,豫
2026-05-13,葱头,0.7,0.55,0.9,2,豫
2026-05-14,葱头,0.7,0.55,0.9,2,豫
2026-05-15,葱头,0.7,0.55,0.9,2,豫
2026-05-16,葱头,0.7,0.55,0.9,2,豫
2026-05-17,葱头,0.7,0.55,0.9,2,豫皖
2026-05-18,葱头,0.75,0.6,0.9,2,豫皖
2026-05-19,葱头,0.765,0.65,0.9,2,豫皖
2026-05-20,葱头,0.765,0.65,0.9,2,豫皖
2026-05-21,葱头,0.765,0.65,0.9,2,豫皖
2026-05-22,葱头,0.765,0.65,0.9,2,豫皖
2026-05-23,葱头,0.775,0.65,0.9,2,豫皖
2026-05-24,葱头,0.775,0.65,0.9,2,豫皖
2026-05-25,葱头,0.79,0.7,0.9,2,豫皖
2026-05-26,葱头,0.79,0.7,0.9,2,豫皖
2026-05-27,葱头,0.79,0.7,0.9,2,豫皖
2026-05-28,葱头,0.79,0.7,0.9,2,豫皖
2026-05-29,葱头,0.79,0.7,0.9,2,豫皖
2026-05-30,葱头,0.79,0.7,0.9,2,豫皖
2026-05-31,葱头,0.78,0.7,0.85,2,豫皖
2026-06-01,葱头,0.78,0.7,0.85,2,豫皖
2026-06-02,葱头,0.78,0.7,0.85,2,豫皖
2026-06-03,葱头,0.78,0.7,0.85,2,豫皖
2026-06-04,葱头,0.78,0.7,0.85,2,豫皖
2026-06-05,葱头,0.78,0.7,0.85,2,豫皖
2026-06-06,葱头,0.78,0.7,0.85,2,豫皖
2026-06-07,葱头,0.79,0.7,0.9,2,豫皖
2026-06-08,葱头,0.79,0.7,0.9,2,豫皖
2026-06-09,葱头,0.79,0.7,0.9,2,鲁皖
2026-06-10,葱头,0.775,0.65,0.9,2,鲁皖
2026-06-11,葱头,0.775,0.65,0.9,2,鲁皖
2026-06-12,葱头,0.775,0.65,0.9,2,鲁皖
2026-06-13,葱头,0.775,0.65,0.9,2,鲁皖
2026-06-14,葱头,0.775,0.65,0.9,2,鲁皖
2026-06-15,葱头,0.775,0.65,0.9,2,鲁皖
2026-06-16,葱头,0.775,0.65,0.9,2,鲁皖
2026-06-17,葱头,0.8,0.65,0.95,2,鲁皖
2026-06-18,葱头,0.8,0.65,0.95,2,鲁皖
2026-06-19,葱头,0.815,0.65,1.0,2,鲁皖
2026-06-20,葱头,0.815,0.65,1.0,2,鲁皖
2026-06-21,葱头,0.815,0.65,1.0,2,鲁皖
2026-06-22,葱头,0.815,0.65,1.0,2,鲁皖
2026-06-23,葱头,0.815,0.65,1.0,2,鲁皖
2026-06-24,葱头,0.8,0.65,0.95,2,鲁皖
2026-06-25,葱头,0.8,0.65,0.95,2,鲁皖
2026-06-26,葱头,0.8,0.65,0.95,2,鲁皖
2026-06-27,葱头,0.8,0.65,0.95,2,鲁皖
2026-06-28,葱头,0.8,0.65,0.95,2,鲁皖
2026-06-29,葱头,0.8,0.65,0.95,2,鲁皖
2026-06-30,葱头,0.8,0.65,0.95,2,鲁皖
2026-07-01,葱头,0.8,0.65,0.95,2,鲁皖
2026-07-02,葱头,0.8,0.65,0.95,2,鲁皖
2026-07-03,葱头,0.8,0.65,0.95,2,鲁皖
2026-07-04,葱头,0.815,0.65,1.0,2,鲁皖
2026-07-05,葱头,0.815,0.65,1.0,2,鲁皖
2026-07-06,葱头,0.85,0.7,1.0,2,冀辽
2026-07-07,葱头,0.925,0.8,1.05,2,鲁皖
2026-07-08,葱头,0.925,0.8,1.05,2,鲁皖
2026-07-09,葱头,0.925,0.8,1.05,2,鲁皖
2026-07-10,葱头,0.925,0.8,1.05,2,鲁皖
2026-07-11,葱头,0.925,0.8,1.05,2,鲁皖
2026-07-12,葱头,0.925,0.8,1.05,2,鲁皖
2026-07-13,葱头,0.925,0.8,1.05,2,鲁皖
2026-07-14,葱头,0.925,0.8,1.05,2,鲁皖
2026-07-15,葱头,0.925,0.8,1.05,2,鲁皖
2026-07-16,葱头,0.925,0.8,1.05,2,鲁皖
2026-07-17,葱头,0.925,0.8,1.05,2,鲁皖
2026-07-18,葱头,0.925,0.8,1.05,2,鲁皖
2026-07-19,葱头,0.925,0.8,1.05,2,鲁皖
2026-07-20,葱头,0.925,0.8,1.05,2,鲁皖
2026-07-21,葱头,0.94,0.8,1.05,2,鲁皖
2026-07-22,葱头,0.94,0.8,1.05,2,鲁皖
2026-07-23,葱头,0.95,0.8,1.1,2,鲁皖
2026-07-24,葱头,0.95,0.8,1.1,2,鲁皖
2026-07-25,葱头,0.95,0.8,1.1,2,冀辽
2026-07-26,葱头,0.975,0.8,1.2,2,冀辽/冀辽蒙
2026-07-27,葱头,1.05,0.8,1.3,2,冀辽
2026-07-28,葱头,1.05,0.8,1.3,2,冀辽
2026-07-29,葱头,1.05,0.8,1.3,2,冀辽
2026-07-30,葱头,1.05,0.8,1.3,2,冀辽
2026-07-31,葱头,1.05,0.8,1.3,2,冀辽
2026-08-01,葱头,1.05,0.8,1.3,2,冀辽
2026-08-02,葱头,1.05,0.8,1.3,2,冀辽
2026-08-03,葱头,1.075,0.85,1.3,2,冀辽
2026-08-04,葱头,1.075,0.85,1.3,2,冀辽
2026-08-05,葱头,1.075,0.85,1.3,2,冀辽
2026-08-06,葱头,1.075,0.85,1.3,2,冀辽
2026-08-07,葱头,1.075,0.85,1.3,2,冀辽
2026-08-08,葱头,1.075,0.85,1.3,2,冀辽
2026-08-09,葱头,1.075,0.85,1.3,2,冀辽
2026-08-10,葱头,1.075,0.85,1.3,2,冀辽
2026-08-11,葱头,1.075,0.85,1.3,2,冀辽
2026-01-01,蒜米,3.55,3.3,3.8,1,鲁
2026-01-02,蒜米,3.55,3.3,3.8,1,鲁
2026-01-03,蒜米,3.55,3.3,3.8,1,鲁
2026-01-04,蒜米,3.55,3.3,3.8,1,鲁
2026-01-05,蒜米,3.55,3.3,3.8,1,鲁
2026-01-06,蒜米,3.55,3.3,3.8,1,鲁
2026-01-07,蒜米,3.55,3.3,3.8,1,鲁
2026-01-08,蒜米,3.55,3.3,3.8,1,鲁
2026-01-09,蒜米,3.55,3.3,3.8,1,鲁
2026-01-10,蒜米,3.55,3.3,3.8,1,鲁
2026-01-11,蒜米,3.55,3.3,3.8,1,鲁
2026-01-12,蒜米,3.55,3.3,3.8,1,鲁
2026-01-13,蒜米,3.55,3.3,3.8,1,鲁
2026-01-14,蒜米,3.55,3.3,3.8,1,鲁
2026-01-15,蒜米,3.55,3.3,3.8,1,鲁
2026-01-16,蒜米,3.55,3.3,3.8,1,鲁
2026-01-17,蒜米,3.55,3.3,3.8,1,鲁
2026-01-18,蒜米,3.55,3.3,3.8,1,鲁
2026-01-19,蒜米,3.55,3.3,3.8,1,鲁
2026-01-20,蒜米,3.55,3.3,3.8,1,鲁
2026-01-21,蒜米,3.55,3.3,3.8,1,鲁
2026-01-22,蒜米,3.55,3.3,3.8,1,鲁
2026-01-23,蒜米,3.55,3.3,3.8,1,鲁
2026-01-24,蒜米,3.55,3.3,3.8,1,鲁
2026-01-25,蒜米,3.55,3.3,3.8,1,鲁
2026-01-26,蒜米,3.55,3.3,3.8,1,鲁
2026-01-27,蒜米,3.55,3.3,3.8,1,鲁
2026-01-28,蒜米,3.55,3.3,3.8,1,鲁
2026-01-29,蒜米,3.55,3.3,3.8,1,鲁
2026-01-30,蒜米,3.55,3.3,3.8,1,鲁
2026-01-31,蒜米,3.55,3.3,3.8,1,鲁
2026-02-01,蒜米,3.55,3.3,3.8,1,鲁
2026-02-02,蒜米,3.45,3.3,3.6,1,鲁
2026-02-03,蒜米,3.45,3.3,3.6,1,鲁
2026-02-04,蒜米,3.45,3.3,3.6,1,鲁
2026-02-05,蒜米,3.45,3.3,3.6,1,鲁
2026-02-06,蒜米,3.45,3.3,3.6,1,鲁
2026-02-07,蒜米,3.45,3.3,3.6,1,鲁
2026-02-08,蒜米,3.45,3.3,3.6,1,鲁
2026-02-09,蒜米,3.45,3.3,3.6,1,鲁
2026-02-10,蒜米,3.45,3.3,3.6,1,鲁
2026-02-11,蒜米,3.45,3.3,3.6,1,鲁
2026-02-12,蒜米,3.45,3.3,3.6,1,鲁
2026-02-13,蒜米,3.45,3.3,3.6,1,鲁
2026-02-14,蒜米,3.45,3.3,3.6,1,鲁
2026-02-15,蒜米,3.45,3.3,3.6,1,鲁
2026-02-16,蒜米,3.45,3.3,3.6,1,鲁
2026-02-24,蒜米,3.45,3.3,3.6,1,鲁
2026-02-25,蒜米,3.45,3.3,3.6,1,鲁
2026-02-26,蒜米,3.6,3.3,3.9,1,鲁
2026-02-27,蒜米,3.6,3.3,3.9,1,鲁
2026-02-28,蒜米,3.6,3.3,3.9,1,鲁
2026-03-01,蒜米,3.6,3.3,3.9,1,鲁
2026-03-02,蒜米,3.6,3.3,3.9,1,鲁
2026-03-03,蒜米,3.6,3.3,3.9,1,鲁
2026-03-04,蒜米,3.6,3.3,3.9,1,鲁
2026-03-05,蒜米,3.6,3.3,3.9,1,鲁
2026-03-06,蒜米,3.45,3.3,3.6,1,鲁
2026-03-07,蒜米,3.45,3.3,3.6,1,鲁
2026-03-08,蒜米,3.45,3.3,3.6,1,鲁
2026-03-09,蒜米,3.45,3.3,3.6,1,鲁
2026-03-10,蒜米,3.45,3.3,3.6,1,鲁
2026-03-11,蒜米,3.45,3.3,3.6,1,鲁
2026-03-12,蒜米,3.45,3.3,3.6,1,鲁
2026-03-13,蒜米,3.45,3.3,3.6,1,鲁
2026-03-14,蒜米,3.45,3.3,3.6,1,鲁
2026-03-15,蒜米,3.45,3.3,3.6,1,鲁
2026-03-16,蒜米,3.3,3.1,3.5,1,鲁
2026-03-17,蒜米,3.3,3.1,3.5,1,鲁
2026-03-18,蒜米,3.3,3.1,3.5,1,鲁
2026-03-19,蒜米,3.3,3.1,3.5,1,鲁
2026-03-20,蒜米,3.3,3.1,3.5,1,鲁
2026-03-21,蒜米,3.3,3.1,3.5,1,鲁
2026-03-22,蒜米,3.3,3.1,3.5,1,鲁
2026-03-23,蒜米,3.3,3.1,3.5,1,鲁
2026-03-24,蒜米,3.3,3.1,3.5,1,鲁
2026-03-25,蒜米,3.3,3.1,3.5,1,鲁
2026-03-26,蒜米,3.3,3.1,3.5,1,鲁
2026-03-27,蒜米,3.3,3.1,3.5,1,鲁
2026-03-28,蒜米,3.3,3.1,3.5,1,鲁
2026-03-29,蒜米,3.3,3.1,3.5,1,鲁
2026-03-30,蒜米,3.3,3.1,3.5,1,鲁
2026-03-31,蒜米,3.3,3.1,3.5,1,鲁
2026-04-01,蒜米,3.3,3.1,3.5,1,鲁
2026-04-02,蒜米,3.3,3.1,3.5,1,鲁
2026-04-03,蒜米,3.3,3.1,3.5,1,鲁
2026-04-04,蒜米,3.3,3.1,3.5,1,鲁
2026-04-05,蒜米,3.3,3.1,3.5,1,鲁
2026-04-06,蒜米,3.3,3.1,3.5,1,鲁
2026-04-07,蒜米,3.2,3.0,3.4,1,鲁
2026-04-08,蒜米,3.2,3.0,3.4,1,鲁
2026-04-09,蒜米,3.2,3.0,3.4,1,鲁
2026-04-10,蒜米,3.2,3.0,3.4,1,鲁
2026-04-11,蒜米,3.2,3.0,3.4,1,鲁
2026-04-12,蒜米,3.2,3.0,3.4,1,鲁
2026-04-13,蒜米,3.2,3.0,3.4,1,鲁
2026-04-14,蒜米,3.2,3.0,3.4,1,鲁
2026-04-15,蒜米,3.2,3.0,3.4,1,鲁
2026-04-16,蒜米,3.2,3.0,3.4,1,鲁
2026-04-17,蒜米,3.2,3.0,3.4,1,鲁
2026-04-18,蒜米,3.2,3.0,3.4,1,鲁
2026-04-19,蒜米,3.2,3.0,3.4,1,鲁
2026-04-20,蒜米,2.8,2.6,3.0,1,鲁
2026-04-21,蒜米,2.8,2.6,3.0,1,鲁
2026-04-22,蒜米,2.8,2.6,3.0,1,鲁
2026-04-23,蒜米,2.8,2.6,3.0,1,鲁
2026-04-24,蒜米,2.8,2.6,3.0,1,鲁
2026-04-25,蒜米,2.8,2.6,3.0,1,鲁
2026-04-26,蒜米,2.8,2.6,3.0,1,鲁
2026-04-27,蒜米,2.8,2.6,3.0,1,鲁
2026-04-28,蒜米,2.8,2.6,3.0,1,鲁
2026-04-29,蒜米,2.8,2.6,3.0,1,鲁
2026-04-30,蒜米,2.8,2.6,3.0,1,鲁
2026-05-01,蒜米,2.8,2.6,3.0,1,鲁
2026-05-02,蒜米,2.8,2.6,3.0,1,鲁
2026-05-03,蒜米,2.8,2.6,3.0,1,鲁
2026-05-04,蒜米,2.8,2.6,3.0,1,鲁
2026-05-05,蒜米,2.7,2.5,2.9,1,鲁
2026-05-06,蒜米,2.7,2.5,2.9,1,鲁
2026-05-07,蒜米,2.7,2.5,2.9,1,鲁
2026-05-08,蒜米,2.7,2.5,2.9,1,鲁
2026-05-09,蒜米,2.7,2.5,2.9,1,鲁
2026-05-10,蒜米,2.7,2.5,2.9,1,鲁
2026-05-11,蒜米,2.7,2.5,2.9,1,鲁
2026-05-12,蒜米,2.7,2.5,2.9,1,鲁
2026-05-13,蒜米,2.7,2.5,2.9,1,鲁
2026-05-14,蒜米,2.7,2.5,2.9,1,鲁
2026-05-15,蒜米,2.55,2.4,2.7,1,鲁
2026-05-16,蒜米,2.55,2.4,2.7,1,鲁
2026-05-17,蒜米,2.55,2.4,2.7,1,鲁
2026-05-18,蒜米,2.55,2.4,2.7,1,鲁
2026-05-19,蒜米,2.55,2.4,2.7,1,鲁
2026-05-20,蒜米,2.55,2.4,2.7,1,鲁
2026-05-21,蒜米,2.55,2.4,2.7,1,鲁
2026-05-22,蒜米,2.55,2.4,2.7,1,鲁
2026-05-23,蒜米,2.55,2.4,2.7,1,鲁
2026-05-24,蒜米,2.55,2.4,2.7,1,鲁
2026-05-25,蒜米,2.55,2.4,2.7,1,鲁
2026-05-26,蒜米,2.55,2.4,2.7,1,鲁
2026-05-27,蒜米,2.55,2.4,2.7,1,鲁
2026-05-28,蒜米,2.55,2.4,2.7,1,鲁
2026-05-29,蒜米,2.55,2.4,2.7,1,鲁
2026-05-30,蒜米,2.55,2.4,2.7,1,鲁
2026-05-31,蒜米,2.55,2.4,2.7,1,鲁
2026-06-01,蒜米,2.55,2.4,2.7,1,鲁
2026-06-02,蒜米,2.55,2.4,2.7,1,鲁
2026-06-03,蒜米,2.55,2.4,2.7,1,鲁
2026-06-04,蒜米,2.55,2.4,2.7,1,鲁
2026-06-05,蒜米,2.55,2.4,2.7,1,鲁
2026-06-06,蒜米,2.55,2.4,2.7,1,鲁
2026-06-07,蒜米,2.65,2.5,2.8,1,鲁
2026-06-08,蒜米,2.65,2.5,2.8,1,鲁
2026-06-09,蒜米,2.65,2.5,2.8,1,鲁
2026-06-10,蒜米,2.65,2.5,2.8,1,鲁
2026-06-11,蒜米,2.65,2.5,2.8,1,鲁
2026-06-12,蒜米,2.65,2.5,2.8,1,鲁
2026-06-13,蒜米,2.65,2.5,2.8,1,鲁
2026-06-14,蒜米,2.65,2.5,2.8,1,鲁
2026-06-15,蒜米,2.65,2.5,2.8,1,鲁
2026-06-16,蒜米,2.65,2.5,2.8,1,鲁
2026-06-17,蒜米,2.65,2.5,2.8,1,鲁
2026-06-18,蒜米,2.65,2.5,2.8,1,鲁
2026-06-19,蒜米,2.65,2.5,2.8,1,鲁
2026-06-20,蒜米,2.65,2.5,2.8,1,鲁
2026-06-21,蒜米,2.65,2.5,2.8,1,鲁
2026-06-22,蒜米,2.65,2.5,2.8,1,鲁
2026-06-23,蒜米,2.65,2.5,2.8,1,鲁
2026-06-24,蒜米,2.65,2.5,2.8,1,鲁
2026-06-25,蒜米,2.65,2.5,2.8,1,鲁
2026-06-26,蒜米,2.65,2.5,2.8,1,鲁
2026-06-27,蒜米,2.65,2.5,2.8,1,鲁
2026-06-28,蒜米,2.8,2.6,3.0,1,鲁
2026-06-29,蒜米,2.8,2.6,3.0,1,鲁
2026-06-30,蒜米,2.8,2.6,3.0,1,鲁
2026-07-01,蒜米,2.8,2.6,3.0,1,鲁
2026-07-02,蒜米,2.8,2.6,3.0,1,鲁
2026-07-03,蒜米,2.8,2.6,3.0,1,鲁
2026-07-04,蒜米,2.8,2.6,3.0,1,鲁
2026-07-05,蒜米,2.8,2.6,3.0,1,鲁
2026-07-06,蒜米,2.8,2.6,3.0,1,鲁
2026-07-07,蒜米,2.8,2.6,3.0,1,鲁
2026-07-08,蒜米,2.8,2.6,3.0,1,鲁
2026-07-09,蒜米,2.8,2.6,3.0,1,鲁
2026-07-10,蒜米,2.8,2.6,3.0,1,鲁
2026-07-11,蒜米,2.8,2.6,3.0,1,鲁
2026-07-12,蒜米,2.8,2.6,3.0,1,鲁
2026-07-13,蒜米,2.8,2.6,3.0,1,鲁
2026-07-14,蒜米,3.0,2.8,3.2,1,鲁
2026-07-15,蒜米,3.0,2.8,3.2,1,鲁
2026-07-16,蒜米,2.8,2.6,3.0,1,鲁
2026-07-17,蒜米,2.8,2.6,3.0,1,鲁
2026-07-18,蒜米,2.8,2.6,3.0,1,鲁
2026-07-19,蒜米,2.8,2.6,3.0,1,鲁
2026-07-20,蒜米,2.8,2.6,3.0,1,鲁
2026-07-21,蒜米,2.8,2.6,3.0,1,鲁
2026-07-22,蒜米,2.8,2.6,3.0,1,鲁
2026-07-23,蒜米,2.8,2.6,3.0,1,鲁
2026-07-24,蒜米,2.8,2.6,3.0,1,鲁
2026-07-25,蒜米,2.8,2.6,3.0,1,鲁
2026-07-26,蒜米,2.8,2.6,3.0,1,鲁
2026-07-27,蒜米,2.8,2.6,3.0,1,鲁
2026-07-28,蒜米,2.8,2.6,3.0,1,鲁
2026-07-29,蒜米,2.8,2.6,3.0,1,鲁
2026-07-30,蒜米,2.8,2.6,3.0,1,鲁
2026-07-31,蒜米,2.8,2.6,3.0,1,鲁
2026-08-01,蒜米,2.8,2.6,3.0,1,鲁
2026-08-02,蒜米,2.8,2.6,3.0,1,鲁
2026-08-03,蒜米,2.8,2.6,3.0,1,鲁
2026-08-04,蒜米,2.8,2.6,3.0,1,鲁
2026-08-05,蒜米,2.8,2.6,3.0,1,鲁
2026-08-06,蒜米,2.8,2.6,3.0,1,鲁
2026-08-07,蒜米,2.8,2.6,3.0,1,鲁
2026-08-08,蒜米,2.8,2.6,3.0,1,鲁
2026-08-09,蒜米,2.8,2.6,3.0,1,鲁
2026-08-10,蒜米,2.8,2.6,3.0,1,鲁
2026-08-11,蒜米,2.8,2.6,3.0,1,鲁
2026-01-01,蒜苗,4.55,2.5,6.6,1,鲁豫苏
2026-01-02,蒜苗,4.55,2.5,6.6,1,鲁豫苏
2026-01-03,蒜苗,4.55,2.5,6.6,1,鲁豫苏
2026-01-04,蒜苗,4.55,2.5,6.6,1,鲁豫苏
2026-01-05,蒜苗,4.55,2.5,6.6,1,鲁豫苏
2026-01-06,蒜苗,4.55,2.5,6.6,1,鲁豫苏
2026-01-07,蒜苗,4.55,2.5,6.6,1,鲁豫苏
2026-01-08,蒜苗,4.55,2.5,6.6,1,鲁豫苏
2026-01-09,蒜苗,4.55,2.5,6.6,1,鲁豫苏
2026-01-10,蒜苗,4.55,2.5,6.6,1,鲁豫苏
2026-01-11,蒜苗,4.55,2.5,6.6,1,鲁豫苏
2026-01-12,蒜苗,4.55,2.5,6.6,1,鲁豫苏
2026-01-13,蒜苗,4.55,2.5,6.6,1,鲁豫苏
2026-01-14,蒜苗,4.55,2.5,6.6,1,鲁豫苏
2026-01-15,蒜苗,4.55,2.5,6.6,1,鲁豫苏
2026-01-16,蒜苗,4.55,2.5,6.6,1,鲁豫苏
2026-01-17,蒜苗,4.55,2.5,6.6,1,鲁豫苏
2026-01-18,蒜苗,4.55,2.5,6.6,1,鲁豫苏
2026-01-19,蒜苗,4.55,2.5,6.6,1,鲁豫苏
2026-01-20,蒜苗,4.55,2.5,6.6,1,鲁豫苏
2026-01-21,蒜苗,4.55,2.5,6.6,1,鲁豫苏
2026-01-22,蒜苗,4.55,2.5,6.6,1,鲁豫苏
2026-01-23,蒜苗,4.55,2.5,6.6,1,鲁豫苏
2026-01-24,蒜苗,4.55,2.5,6.6,1,鲁豫苏
2026-01-25,蒜苗,4.55,2.5,6.6,1,鲁豫苏
2026-01-26,蒜苗,4.55,2.5,6.6,1,鲁豫苏
2026-01-27,蒜苗,4.55,2.5,6.6,1,鲁豫苏
2026-01-28,蒜苗,4.55,2.5,6.6,1,鲁豫苏
2026-01-29,蒜苗,4.55,2.5,6.6,1,鲁豫苏
2026-01-30,蒜苗,4.55,2.5,6.6,1,鲁豫苏
2026-01-31,蒜苗,4.55,2.5,6.6,1,鲁豫苏
2026-02-01,蒜苗,4.55,2.5,6.6,1,鲁豫苏
2026-02-02,蒜苗,4.55,2.5,6.6,1,鲁豫苏
2026-02-03,蒜苗,4.55,2.5,6.6,1,鲁豫苏
2026-02-04,蒜苗,4.55,2.5,6.6,1,鲁豫苏
2026-02-05,蒜苗,4.55,2.5,6.6,1,鲁豫苏
2026-02-06,蒜苗,4.55,2.5,6.6,1,鲁豫苏
2026-02-07,蒜苗,4.55,2.5,6.6,1,鲁豫苏
2026-02-08,蒜苗,4.55,2.5,6.6,1,鲁豫苏
2026-02-09,蒜苗,4.55,2.5,6.6,1,鲁豫苏
2026-02-10,蒜苗,4.55,2.5,6.6,1,鲁豫苏
2026-02-11,蒜苗,4.55,2.5,6.6,1,鲁豫苏
2026-02-12,蒜苗,4.0,2.0,6.0,1,鲁豫苏
2026-02-13,蒜苗,4.0,2.0,6.0,1,鲁豫苏
2026-02-14,蒜苗,4.0,2.0,6.0,1,鲁豫苏
2026-02-15,蒜苗,4.0,2.0,6.0,1,鲁豫苏
2026-02-16,蒜苗,4.0,2.0,6.0,1,鲁豫苏
2026-02-24,蒜苗,3.5,2.0,5.0,1,鲁豫苏
2026-02-25,蒜苗,3.5,2.0,5.0,1,鲁豫苏
2026-02-26,蒜苗,3.5,2.0,5.0,1,鲁豫苏
2026-02-27,蒜苗,3.5,2.0,5.0,1,鲁豫苏
2026-02-28,蒜苗,3.5,2.0,5.0,1,鲁豫苏
2026-03-01,蒜苗,3.5,2.0,5.0,1,鲁豫苏
2026-03-02,蒜苗,3.5,2.0,5.0,1,鲁豫苏
2026-03-03,蒜苗,3.5,2.0,5.0,1,鲁豫苏
2026-03-04,蒜苗,3.5,2.0,5.0,1,鲁豫苏
2026-03-05,蒜苗,3.5,2.0,5.0,1,鲁豫苏
2026-03-06,蒜苗,3.5,2.0,5.0,1,鲁豫苏
2026-03-07,蒜苗,3.5,2.0,5.0,1,鲁豫苏
2026-03-08,蒜苗,3.5,2.0,5.0,1,鲁豫苏
2026-03-09,蒜苗,3.5,2.0,5.0,1,鲁豫苏
2026-03-10,蒜苗,4.5,2.0,6.0,2,川/鲁豫苏
2026-03-11,蒜苗,4.5,2.0,6.0,2,川/鲁豫苏
2026-03-12,蒜苗,4.5,2.0,6.0,2,川/鲁豫苏
2026-03-13,蒜苗,4.5,2.0,6.0,2,川/鲁豫苏
2026-03-14,蒜苗,4.5,2.0,6.0,2,川/鲁豫苏
2026-03-15,蒜苗,4.5,2.0,6.0,2,川/鲁豫苏
2026-03-16,蒜苗,4.375,2.0,6.0,2,川/鲁豫苏
2026-03-17,蒜苗,4.375,2.0,6.0,2,川/鲁豫苏
2026-03-18,蒜苗,4.375,2.0,6.0,2,川/鲁豫苏
2026-03-19,蒜苗,4.5,2.0,6.5,2,川/鲁豫苏
2026-03-20,蒜苗,4.5,2.0,6.5,2,川/鲁豫苏
2026-03-21,蒜苗,4.5,2.0,6.5,2,川/鲁豫苏
2026-03-22,蒜苗,4.5,2.0,6.5,2,川/鲁豫苏
2026-03-23,蒜苗,4.5,2.0,6.5,2,川/鲁豫苏
2026-03-24,蒜苗,4.875,2.0,7.5,2,川/鲁豫苏
2026-03-25,蒜苗,4.875,2.0,7.5,2,川/鲁豫苏
2026-03-26,蒜苗,4.625,2.0,6.5,2,川/鲁豫苏
2026-03-27,蒜苗,4.5,2.0,6.0,2,川/鲁豫苏
2026-03-28,蒜苗,4.375,2.0,6.0,2,川/鲁豫苏
2026-03-29,蒜苗,4.375,2.0,6.0,2,川/鲁豫苏
2026-03-30,蒜苗,4.375,2.0,6.0,2,川/鲁豫苏
2026-03-31,蒜苗,3.825,2.0,5.5,2,川/鲁豫苏
2026-04-01,蒜苗,3.75,2.0,5.5,2,川/鲁豫苏
2026-04-02,蒜苗,3.625,2.0,5.0,2,川/鲁豫苏
2026-04-03,蒜苗,3.625,2.0,5.0,2,川/鲁豫苏
2026-04-04,蒜苗,3.5,2.0,5.0,2,川/鲁豫苏
2026-04-05,蒜苗,3.5,2.0,5.0,2,川/鲁豫苏
2026-04-06,蒜苗,3.5,2.0,5.0,2,川/鲁豫苏
2026-04-07,蒜苗,2.875,1.5,4.5,2,川/鲁豫苏
2026-04-08,蒜苗,2.875,1.5,4.5,2,川/鲁豫苏
2026-04-09,蒜苗,2.875,1.5,4.5,2,川/鲁豫苏
2026-04-10,蒜苗,2.875,1.5,4.5,2,川/鲁豫苏
2026-04-11,蒜苗,2.875,1.5,4.5,2,川/鲁豫苏
2026-04-12,蒜苗,2.75,1.5,4.0,2,川/鲁豫苏
2026-04-13,蒜苗,2.75,1.5,4.0,2,川/鲁豫苏
2026-04-14,蒜苗,2.625,1.5,4.0,2,鲁豫苏
2026-04-15,蒜苗,2.625,1.5,4.0,2,鲁豫苏
2026-04-16,蒜苗,2.625,1.5,4.0,2,鲁豫苏
2026-04-17,蒜苗,2.625,1.5,4.0,2,鲁豫苏
2026-04-18,蒜苗,2.625,1.5,4.0,2,鲁豫苏
2026-04-19,蒜苗,2.625,1.5,4.0,2,鲁豫苏
2026-04-20,蒜苗,2.625,1.5,4.0,2,鲁豫苏
2026-04-21,蒜苗,2.65,1.3,4.0,1,鲁豫苏
2026-04-22,蒜苗,2.65,1.3,4.0,1,鲁豫苏
2026-04-23,蒜苗,2.65,1.3,4.0,1,鲁豫苏
2026-04-24,蒜苗,2.5,1.0,4.0,1,鲁豫苏
2026-04-25,蒜苗,2.5,1.0,4.0,1,鲁豫苏
2026-04-26,蒜苗,2.5,1.0,4.0,1,鲁豫苏
2026-04-27,蒜苗,2.5,1.0,4.0,1,鲁豫苏
2026-04-28,蒜苗,2.5,1.0,4.0,1,鲁豫苏
2026-04-29,蒜苗,2.5,1.0,4.0,1,鲁豫苏
2026-04-30,蒜苗,2.8,1.0,4.6,1,鲁豫苏
2026-05-01,蒜苗,2.8,1.0,4.6,1,鲁豫苏
2026-05-02,蒜苗,2.8,1.0,4.6,1,鲁豫苏
2026-05-03,蒜苗,2.8,1.0,4.6,1,鲁豫苏
2026-05-04,蒜苗,2.8,1.0,4.6,1,鲁豫苏
2026-05-05,蒜苗,2.8,1.0,4.6,1,鲁豫苏
2026-05-06,蒜苗,2.9,1.0,4.8,1,鲁豫苏
2026-05-07,蒜苗,2.9,1.0,4.8,1,鲁豫苏
2026-05-08,蒜苗,2.9,1.0,4.8,1,鲁豫苏
2026-05-09,蒜苗,2.9,1.0,4.8,1,鲁豫苏
2026-05-10,蒜苗,2.9,1.0,4.8,1,鲁豫苏
2026-05-11,蒜苗,2.9,1.0,4.8,1,鲁豫苏
2026-05-12,蒜苗,2.9,1.0,4.8,1,鲁豫苏
2026-05-13,蒜苗,3.0,1.2,4.8,1,鲁豫苏
2026-05-14,蒜苗,3.0,1.2,4.8,1,鲁豫苏
2026-05-15,蒜苗,3.0,1.2,4.8,1,鲁豫苏
2026-05-16,蒜苗,3.0,1.2,4.8,1,鲁豫苏
2026-05-17,蒜苗,3.0,1.2,4.8,1,鲁豫苏
2026-05-18,蒜苗,3.0,1.2,4.8,1,鲁豫苏
2026-05-19,蒜苗,3.0,1.2,4.8,1,鲁豫苏
2026-05-20,蒜苗,3.0,1.2,4.8,1,鲁豫苏
2026-05-21,蒜苗,3.0,1.2,4.8,1,鲁豫苏
2026-05-22,蒜苗,3.25,1.5,5.0,1,鲁豫苏
2026-05-23,蒜苗,3.25,1.5,5.0,1,鲁豫苏
2026-05-24,蒜苗,3.25,1.5,5.0,1,鲁豫苏
2026-05-25,蒜苗,3.25,1.5,5.0,1,鲁豫苏
2026-05-26,蒜苗,3.25,1.5,5.0,1,鲁豫苏
2026-05-27,蒜苗,3.25,1.5,5.0,1,鲁豫苏
2026-05-28,蒜苗,3.25,1.5,5.0,1,鲁豫苏
2026-05-29,蒜苗,3.25,1.5,5.0,1,鲁豫苏
2026-05-30,蒜苗,3.25,1.5,5.0,1,鲁豫苏
2026-05-31,蒜苗,3.25,1.5,5.0,1,鲁豫苏
2026-06-01,蒜苗,3.25,1.5,5.0,1,鲁豫苏
2026-06-02,蒜苗,3.25,1.5,5.0,1,鲁豫苏
2026-06-03,蒜苗,3.25,1.5,5.0,1,鲁豫苏
2026-06-04,蒜苗,3.25,1.5,5.0,1,鲁豫苏
2026-06-05,蒜苗,3.25,1.5,5.0,1,鲁豫苏
2026-06-06,蒜苗,3.4,1.5,5.3,1,鲁豫苏
2026-06-07,蒜苗,3.4,1.5,5.3,1,鲁豫苏
2026-06-08,蒜苗,3.4,1.5,5.3,1,鲁豫苏
2026-06-09,蒜苗,3.4,1.5,5.3,1,鲁豫苏
2026-06-10,蒜苗,3.4,1.5,5.3,1,鲁豫苏
2026-06-11,蒜苗,3.65,1.8,5.5,1,鲁豫苏
2026-06-12,蒜苗,3.65,1.8,5.5,1,鲁豫苏
2026-06-13,蒜苗,3.65,1.8,5.5,1,鲁豫苏
2026-06-14,蒜苗,3.65,1.8,5.5,1,鲁豫苏
2026-06-15,蒜苗,3.65,1.8,5.5,1,鲁豫苏
2026-06-16,蒜苗,3.65,1.8,5.5,1,鲁豫苏
2026-06-17,蒜苗,3.65,1.8,5.5,1,鲁豫苏
2026-06-18,蒜苗,3.65,1.8,5.5,1,鲁豫苏
2026-06-19,蒜苗,3.65,1.8,5.5,1,鲁豫苏
2026-06-20,蒜苗,3.65,1.8,5.5,1,鲁豫苏
2026-06-21,蒜苗,3.65,1.8,5.5,1,鲁豫苏
2026-06-22,蒜苗,3.65,1.8,5.5,1,鲁豫苏
2026-06-23,蒜苗,3.65,1.8,5.5,1,鲁豫苏
2026-06-24,蒜苗,3.65,1.8,5.5,1,鲁豫苏
2026-06-25,蒜苗,3.65,1.8,5.5,1,鲁豫苏
2026-06-26,蒜苗,3.65,1.8,5.5,1,鲁豫苏
2026-06-27,蒜苗,3.65,1.8,5.5,1,鲁豫苏
2026-06-28,蒜苗,3.65,1.8,5.5,1,鲁豫苏
2026-06-29,蒜苗,3.65,1.8,5.5,1,鲁豫苏
2026-06-30,蒜苗,3.65,1.8,5.5,1,鲁豫苏
2026-07-01,蒜苗,3.65,1.8,5.5,1,鲁豫苏
2026-07-02,蒜苗,3.65,1.8,5.5,1,鲁豫苏
2026-07-03,蒜苗,3.65,1.8,5.5,1,鲁豫苏
2026-07-04,蒜苗,3.65,1.8,5.5,1,鲁豫苏
2026-07-05,蒜苗,3.65,1.8,5.5,1,鲁豫苏
2026-07-06,蒜苗,3.65,1.8,5.5,1,鲁豫苏
2026-07-07,蒜苗,3.65,1.8,5.5,1,鲁豫苏
2026-07-08,蒜苗,3.65,1.8,5.5,1,鲁豫苏
2026-07-09,蒜苗,3.65,1.8,5.5,1,鲁豫苏
2026-07-10,蒜苗,3.65,1.8,5.5,1,鲁豫苏
2026-07-11,蒜苗,3.65,1.8,5.5,1,鲁豫苏
2026-07-12,蒜苗,3.65,1.8,5.5,1,鲁豫苏
2026-07-13,蒜苗,3.65,1.8,5.5,1,鲁豫苏
2026-07-14,蒜苗,3.65,1.8,5.5,1,鲁豫苏
2026-07-15,蒜苗,3.65,1.8,5.5,1,鲁豫苏
2026-07-16,蒜苗,3.65,1.8,5.5,1,鲁豫苏
2026-07-17,蒜苗,3.65,1.8,5.5,1,鲁豫苏
2026-07-18,蒜苗,3.65,1.8,5.5,1,鲁豫苏
2026-07-19,蒜苗,3.65,1.8,5.5,1,鲁豫苏
2026-07-20,蒜苗,3.65,1.8,5.5,1,鲁豫苏
2026-07-21,蒜苗,3.65,1.8,5.5,1,鲁豫苏
2026-07-22,蒜苗,3.65,1.8,5.5,1,鲁豫苏
2026-07-23,蒜苗,3.65,1.8,5.5,1,鲁豫苏
2026-07-24,蒜苗,3.65,1.8,5.5,1,鲁豫苏
2026-07-25,蒜苗,3.65,1.8,5.5,1,鲁豫苏
2026-07-26,蒜苗,3.65,1.8,5.5,1,鲁豫苏
2026-07-27,蒜苗,3.65,1.8,5.5,1,鲁豫苏
2026-07-28,蒜苗,3.85,2.0,5.7,1,鲁豫苏
2026-07-29,蒜苗,3.85,2.0,5.7,1,鲁豫苏
2026-07-30,蒜苗,3.85,2.0,5.7,1,鲁豫苏
2026-07-31,蒜苗,3.85,2.0,5.7,1,鲁豫苏
2026-08-01,蒜苗,3.85,2.0,5.7,1,鲁豫苏
2026-08-02,蒜苗,3.85,2.0,5.7,1,鲁豫苏
2026-08-03,蒜苗,3.85,2.0,5.7,1,鲁豫苏
2026-08-04,蒜苗,3.85,2.0,5.7,1,鲁豫苏
2026-08-05,蒜苗,3.85,2.0,5.7,1,鲁豫苏
2026-08-06,蒜苗,3.85,2.0,5.7,1,鲁豫苏
2026-08-07,蒜苗,3.85,2.0,5.7,1,鲁豫苏
2026-08-08,蒜苗,3.85,2.0,5.7,1,鲁豫苏
2026-08-09,蒜苗,3.85,2.0,5.7,1,鲁豫苏
2026-08-10,蒜苗,3.85,2.0,5.7,1,鲁豫苏
2026-08-11,蒜苗,3.85,2.0,5.7,1,鲁豫苏
2026-01-01,蒜黄,3.75,3.5,4.0,1,冀
2026-01-02,蒜黄,3.75,3.5,4.0,1,冀
2026-01-03,蒜黄,3.75,3.5,4.0,1,冀
2026-01-04,蒜黄,3.75,3.5,4.0,1,冀
2026-01-05,蒜黄,3.75,3.5,4.0,1,冀
2026-01-06,蒜黄,3.75,3.5,4.0,1,冀
2026-01-07,蒜黄,3.75,3.5,4.0,1,冀
2026-01-08,蒜黄,3.75,3.5,4.0,1,冀
2026-01-09,蒜黄,3.75,3.5,4.0,1,冀
2026-01-10,蒜黄,3.75,3.5,4.0,1,冀
2026-01-11,蒜黄,3.75,3.5,4.0,1,冀
2026-01-12,蒜黄,3.75,3.5,4.0,1,冀
2026-01-13,蒜黄,3.75,3.5,4.0,1,冀
2026-01-14,蒜黄,3.75,3.5,4.0,1,冀
2026-01-15,蒜黄,3.75,3.5,4.0,1,冀
2026-01-16,蒜黄,3.75,3.5,4.0,1,冀
2026-01-17,蒜黄,3.75,3.5,4.0,1,冀
2026-01-18,蒜黄,3.75,3.5,4.0,1,冀
2026-01-19,蒜黄,3.75,3.5,4.0,1,冀
2026-01-20,蒜黄,4.25,4.0,4.5,1,冀
2026-01-21,蒜黄,4.25,4.0,4.5,1,冀
2026-01-22,蒜黄,4.25,4.0,4.5,1,冀
2026-01-23,蒜黄,4.25,4.0,4.5,1,冀
2026-01-24,蒜黄,4.25,4.0,4.5,1,冀
2026-01-25,蒜黄,4.25,4.0,4.5,1,冀
2026-01-26,蒜黄,4.25,4.0,4.5,1,冀
2026-01-27,蒜黄,4.25,4.0,4.5,1,冀
2026-01-28,蒜黄,4.25,4.0,4.5,1,冀
2026-01-29,蒜黄,4.25,4.0,4.5,1,冀
2026-01-30,蒜黄,4.25,4.0,4.5,1,冀
2026-01-31,蒜黄,4.25,4.0,4.5,1,冀
2026-02-01,蒜黄,4.25,4.0,4.5,1,冀
2026-02-02,蒜黄,4.25,4.0,4.5,1,冀
2026-02-03,蒜黄,4.25,4.0,4.5,1,冀
2026-02-04,蒜黄,4.25,4.0,4.5,1,冀
2026-02-05,蒜黄,4.25,4.0,4.5,1,冀
2026-02-06,蒜黄,4.25,4.0,4.5,1,冀
2026-02-07,蒜黄,4.25,4.0,4.5,1,冀
2026-02-08,蒜黄,4.25,4.0,4.5,1,冀
2026-02-09,蒜黄,4.25,4.0,4.5,1,冀
2026-02-10,蒜黄,4.25,4.0,4.5,1,冀
2026-02-11,蒜黄,4.25,4.0,4.5,1,冀
2026-02-12,蒜黄,4.25,4.0,4.5,1,冀
2026-02-13,蒜黄,4.25,4.0,4.5,1,冀
2026-02-14,蒜黄,4.25,4.0,4.5,1,冀
2026-02-15,蒜黄,4.25,4.0,4.5,1,冀
2026-02-16,蒜黄,4.25,4.0,4.5,1,冀
2026-02-24,蒜黄,3.25,3.0,3.5,1,冀
2026-02-25,蒜黄,3.75,3.5,4.0,1,冀
2026-02-26,蒜黄,3.75,3.5,4.0,1,冀
2026-02-27,蒜黄,3.75,3.5,4.0,1,冀
2026-02-28,蒜黄,3.75,3.5,4.0,1,冀
2026-03-01,蒜黄,3.75,3.5,4.0,1,冀
2026-03-02,蒜黄,3.75,3.5,4.0,1,冀
2026-03-03,蒜黄,3.75,3.5,4.0,1,冀
2026-03-04,蒜黄,3.75,3.5,4.0,1,冀
2026-03-05,蒜黄,3.75,3.5,4.0,1,冀
2026-03-06,蒜黄,3.75,3.5,4.0,1,冀
2026-03-07,蒜黄,3.75,3.5,4.0,1,冀
2026-03-08,蒜黄,3.75,3.5,4.0,1,冀
2026-03-09,蒜黄,3.75,3.5,4.0,1,冀
2026-03-10,蒜黄,3.75,3.5,4.0,1,冀
2026-03-11,蒜黄,3.75,3.5,4.0,1,冀
2026-03-12,蒜黄,3.75,3.5,4.0,1,冀
2026-03-13,蒜黄,3.75,3.5,4.0,1,冀
2026-03-14,蒜黄,3.75,3.5,4.0,1,冀
2026-03-15,蒜黄,3.75,3.5,4.0,1,冀
2026-03-16,蒜黄,3.75,3.5,4.0,1,冀
2026-03-17,蒜黄,3.75,3.5,4.0,1,冀
2026-03-18,蒜黄,3.75,3.5,4.0,1,冀
2026-03-19,蒜黄,3.75,3.5,4.0,1,冀
2026-03-20,蒜黄,4.25,4.0,4.5,1,冀
2026-03-21,蒜黄,4.25,4.0,4.5,1,冀
2026-03-22,蒜黄,4.25,4.0,4.5,1,冀
2026-03-23,蒜黄,4.25,4.0,4.5,1,冀
2026-03-24,蒜黄,4.25,4.0,4.5,1,冀
2026-03-25,蒜黄,4.25,4.0,4.5,1,冀
2026-03-26,蒜黄,4.25,4.0,4.5,1,冀
2026-03-27,蒜黄,4.25,4.0,4.5,1,冀
2026-03-28,蒜黄,4.25,4.0,4.5,1,冀
2026-03-29,蒜黄,4.25,4.0,4.5,1,冀
2026-03-30,蒜黄,4.25,4.0,4.5,1,冀
2026-03-31,蒜黄,4.25,4.0,4.5,1,冀
2026-04-01,蒜黄,4.25,4.0,4.5,1,冀
2026-04-02,蒜黄,4.25,4.0,4.5,1,冀
2026-04-03,蒜黄,4.25,4.0,4.5,1,冀
2026-04-04,蒜黄,4.25,4.0,4.5,1,冀
2026-04-05,蒜黄,3.75,3.5,4.0,1,冀
2026-04-06,蒜黄,3.5,3.4,3.6,1,冀
2026-04-07,蒜黄,3.5,3.4,3.6,1,冀
2026-04-08,蒜黄,3.5,3.4,3.6,1,冀
2026-04-09,蒜黄,3.5,3.4,3.6,1,冀
2026-04-10,蒜黄,3.25,3.0,3.5,1,冀
2026-04-11,蒜黄,3.25,3.0,3.5,1,冀
2026-04-12,蒜黄,3.25,3.0,3.5,1,冀
2026-04-13,蒜黄,3.25,3.0,3.5,1,冀
2026-04-14,蒜黄,3.25,3.0,3.5,1,冀
2026-04-15,蒜黄,3.25,3.0,3.5,1,冀
2026-04-16,蒜黄,3.25,3.0,3.5,1,冀
2026-04-17,蒜黄,3.25,3.0,3.5,1,冀
2026-04-18,蒜黄,3.25,3.0,3.5,1,冀
2026-04-19,蒜黄,3.25,3.0,3.5,1,冀
2026-04-20,蒜黄,3.25,3.0,3.5,1,冀
2026-04-21,蒜黄,3.25,3.0,3.5,1,冀
2026-04-22,蒜黄,3.25,3.0,3.5,1,冀
2026-04-23,蒜黄,3.25,3.0,3.5,1,冀
2026-04-24,蒜黄,3.25,3.0,3.5,1,冀
2026-04-25,蒜黄,3.25,3.0,3.5,1,冀
2026-04-26,蒜黄,3.25,3.0,3.5,1,冀
2026-04-27,蒜黄,3.75,3.5,4.0,1,冀
2026-04-28,蒜黄,3.75,3.5,4.0,1,冀
2026-04-29,蒜黄,3.75,3.5,4.0,1,冀
2026-04-30,蒜黄,3.75,3.5,4.0,1,冀
2026-05-01,蒜黄,3.75,3.5,4.0,1,冀
2026-05-02,蒜黄,3.75,3.5,4.0,1,冀
2026-05-03,蒜黄,3.75,3.5,4.0,1,冀
2026-05-04,蒜黄,3.75,3.5,4.0,1,冀
2026-05-05,蒜黄,3.75,3.5,4.0,1,冀
2026-05-06,蒜黄,3.75,3.5,4.0,1,冀
2026-05-07,蒜黄,3.75,3.5,4.0,1,冀
2026-05-08,蒜黄,3.75,3.5,4.0,1,冀
2026-05-09,蒜黄,3.75,3.5,4.0,1,冀
2026-05-10,蒜黄,3.75,3.5,4.0,1,冀
2026-05-11,蒜黄,4.25,4.0,4.5,1,冀
2026-05-12,蒜黄,4.75,4.5,5.0,1,冀
2026-05-13,蒜黄,4.75,4.5,5.0,1,冀
2026-05-14,蒜黄,4.75,4.5,5.0,1,冀
2026-05-15,蒜黄,4.25,4.0,4.5,1,冀
2026-05-16,蒜黄,4.25,4.0,4.5,1,冀
2026-05-17,蒜黄,4.25,4.0,4.5,1,冀
2026-05-18,蒜黄,4.25,4.0,4.5,1,冀
2026-05-19,蒜黄,4.25,4.0,4.5,1,冀
2026-05-20,蒜黄,4.25,4.0,4.5,1,冀
2026-05-21,蒜黄,4.6,4.5,4.7,1,冀
2026-05-22,蒜黄,4.75,4.5,5.0,1,冀
2026-05-23,蒜黄,4.75,4.5,5.0,1,冀
2026-05-24,蒜黄,4.75,4.5,5.0,1,冀
2026-05-25,蒜黄,5.25,5.0,5.5,1,冀
2026-05-26,蒜黄,5.25,5.0,5.5,1,冀
2026-05-27,蒜黄,5.25,5.0,5.5,1,冀
2026-05-28,蒜黄,5.25,5.0,5.5,1,冀
2026-05-29,蒜黄,5.25,5.0,5.5,1,冀
2026-05-30,蒜黄,5.25,5.0,5.5,1,冀
2026-05-31,蒜黄,5.25,5.0,5.5,1,冀
2026-06-01,蒜黄,5.25,5.0,5.5,1,冀
2026-06-02,蒜黄,5.25,5.0,5.5,1,冀
2026-06-03,蒜黄,5.25,5.0,5.5,1,冀
2026-06-04,蒜黄,4.75,4.5,5.0,1,冀
2026-06-05,蒜黄,4.75,4.5,5.0,1,冀
2026-06-06,蒜黄,4.75,4.5,5.0,1,冀
2026-06-07,蒜黄,4.65,4.5,4.8,1,冀
2026-06-08,蒜黄,4.65,4.5,4.8,1,冀
2026-06-09,蒜黄,4.65,4.5,4.8,1,冀
2026-06-10,蒜黄,4.65,4.5,4.8,1,冀
2026-06-11,蒜黄,4.65,4.5,4.8,1,冀
2026-06-12,蒜黄,4.75,4.5,5.0,1,冀
2026-06-13,蒜黄,4.75,4.5,5.0,1,冀
2026-06-14,蒜黄,4.75,4.5,5.0,1,冀
2026-06-15,蒜黄,4.75,4.5,5.0,1,冀
2026-06-16,蒜黄,4.5,4.4,4.6,1,冀
2026-06-17,蒜黄,4.5,4.4,4.6,1,冀
2026-06-18,蒜黄,4.5,4.4,4.6,1,冀
2026-06-19,蒜黄,4.5,4.4,4.6,1,冀
2026-06-20,蒜黄,4.5,4.4,4.6,1,冀
2026-06-21,蒜黄,4.5,4.4,4.6,1,冀
2026-06-22,蒜黄,4.5,4.4,4.6,1,冀
2026-06-23,蒜黄,4.5,4.4,4.6,1,冀
2026-06-24,蒜黄,4.75,4.5,5.0,1,冀
2026-06-25,蒜黄,4.75,4.5,5.0,1,冀
2026-06-26,蒜黄,4.75,4.5,5.0,1,冀
2026-06-27,蒜黄,4.75,4.5,5.0,1,冀
2026-06-28,蒜黄,4.75,4.5,5.0,1,冀
2026-06-29,蒜黄,4.75,4.5,5.0,1,冀
2026-06-30,蒜黄,4.75,4.5,5.0,1,冀
2026-07-01,蒜黄,4.75,4.5,5.0,1,冀
2026-07-02,蒜黄,4.75,4.5,5.0,1,冀
2026-07-03,蒜黄,4.75,4.5,5.0,1,冀
2026-07-04,蒜黄,4.75,4.5,5.0,1,冀
2026-07-05,蒜黄,4.75,4.5,5.0,1,冀
2026-07-06,蒜黄,4.75,4.5,5.0,1,冀
2026-07-07,蒜黄,4.75,4.5,5.0,1,冀
2026-07-08,蒜黄,4.75,4.5,5.0,1,冀
2026-07-09,蒜黄,4.75,4.5,5.0,1,冀
2026-07-10,蒜黄,4.75,4.5,5.0,1,冀
2026-07-11,蒜黄,4.75,4.5,5.0,1,冀
2026-07-12,蒜黄,4.75,4.5,5.0,1,冀
2026-07-13,蒜黄,5.25,5.0,5.5,1,冀
2026-07-14,蒜黄,6.25,6.0,6.5,1,冀
2026-07-15,蒜黄,6.25,6.0,6.5,1,冀
2026-07-16,蒜黄,6.25,6.0,6.5,1,冀
2026-07-17,蒜黄,6.25,6.0,6.5,1,冀
2026-07-18,蒜黄,6.25,6.0,6.5,1,冀
2026-07-19,蒜黄,6.25,6.0,6.5,1,冀
2026-07-20,蒜黄,6.25,6.0,6.5,1,冀
2026-07-21,蒜黄,6.25,6.0,6.5,1,冀
2026-07-22,蒜黄,6.25,6.0,6.5,1,冀
2026-07-23,蒜黄,6.25,6.0,6.5,1,冀
2026-07-24,蒜黄,6.25,6.0,6.5,1,冀
2026-07-25,蒜黄,6.75,6.5,7.0,1,冀
2026-07-26,蒜黄,6.75,6.5,7.0,1,冀
2026-07-27,蒜黄,6.75,6.5,7.0,1,冀
2026-07-28,蒜黄,7.25,7.0,7.5,1,冀
2026-07-29,蒜黄,7.25,7.0,7.5,1,冀
2026-07-30,蒜黄,7.25,7.0,7.5,1,冀
2026-07-31,蒜黄,7.25,7.0,7.5,1,冀
2026-08-01,蒜黄,7.25,7.0,7.5,1,冀
2026-08-02,蒜黄,7.25,7.0,7.5,1,冀
2026-08-03,蒜黄,7.25,7.0,7.5,1,冀
2026-08-04,蒜黄,7.25,7.0,7.5,1,冀
2026-08-05,蒜黄,7.25,7.0,7.5,1,冀
2026-08-06,蒜黄,7.25,7.0,7.5,1,冀
2026-08-07,蒜黄,7.25,7.0,7.5,1,冀
2026-08-08,蒜黄,7.75,7.5,8.0,1,冀
2026-08-09,蒜黄,7.75,7.5,8.0,1,冀
2026-08-10,蒜黄,7.75,7.5,8.0,1,冀
2026-08-11,蒜黄,8.75,8.5,9.0,1,冀
2026-01-01,蒿子秆,4.0,3.5,4.5,1,
2026-01-02,蒿子秆,4.0,3.5,4.5,1,
2026-01-05,蒿子秆,3.65,3.0,4.3,1,
2026-01-06,蒿子秆,3.4,2.8,4.0,1,
2026-01-07,蒿子秆,3.4,2.8,4.0,1,
2026-01-08,蒿子秆,3.25,3.0,3.5,1,
2026-01-09,蒿子秆,3.8,3.3,4.3,1,
2026-01-12,蒿子秆,3.5,3.0,4.0,1,
2026-01-13,蒿子秆,3.7,3.3,4.1,1,
2026-01-14,蒿子秆,3.7,3.3,4.1,1,
2026-01-15,蒿子秆,3.7,3.3,4.1,1,
2026-01-16,蒿子秆,3.85,3.6,4.1,1,
2026-01-19,蒿子秆,5.5,5.0,6.0,1,
2026-01-20,蒿子秆,5.15,4.7,5.6,1,
2026-01-21,蒿子秆,4.5,4.2,4.8,1,
2026-01-22,蒿子秆,5.0,4.5,5.5,1,
2026-01-23,蒿子秆,5.0,4.5,5.5,1,
2026-01-26,蒿子秆,4.7,4.4,5.0,1,
2026-01-27,蒿子秆,4.05,3.5,4.6,1,
2026-01-28,蒿子秆,4.05,3.5,4.6,1,
2026-01-29,蒿子秆,4.05,3.5,4.6,1,
2026-01-30,蒿子秆,4.05,3.5,4.6,1,
2026-02-02,蒿子秆,3.8,3.3,4.3,1,
2026-02-03,蒿子秆,3.65,3.3,4.0,1,
2026-02-04,蒿子秆,3.4,3.0,3.8,1,
2026-02-05,蒿子秆,3.5,3.0,4.0,1,
2026-02-06,蒿子秆,3.35,3.0,3.7,1,
2026-02-09,蒿子秆,3.5,3.0,4.0,1,
2026-02-10,蒿子秆,3.75,3.0,4.5,1,
2026-02-11,蒿子秆,4.4,4.0,4.8,1,
2026-02-12,蒿子秆,4.0,3.5,4.5,1,
2026-02-13,蒿子秆,3.433,2.7,4.7,3,
2026-02-24,蒿子秆,3.75,3.5,4.0,1,
2026-02-25,蒿子秆,3.75,3.5,4.0,1,
2026-02-26,蒿子秆,3.25,3.0,3.5,1,
2026-02-27,蒿子秆,2.75,2.5,3.0,1,
2026-03-02,蒿子秆,3.0,2.5,3.5,1,
2026-03-03,蒿子秆,3.0,2.5,3.5,1,
2026-03-04,蒿子秆,3.1,2.7,3.5,1,
2026-03-05,蒿子秆,3.1,2.7,3.5,1,
2026-03-06,蒿子秆,3.1,2.7,3.5,1,
2026-03-09,蒿子秆,4.0,3.5,4.5,1,
2026-03-10,蒿子秆,3.55,3.3,3.8,1,
2026-03-11,蒿子秆,3.55,3.3,3.8,1,
2026-03-12,蒿子秆,3.55,3.3,3.8,1,
2026-03-13,蒿子秆,3.55,3.3,3.8,1,
2026-03-16,蒿子秆,3.05,2.7,3.4,1,
2026-03-17,蒿子秆,2.65,2.5,2.8,1,
2026-03-18,蒿子秆,3.0,2.8,3.2,1,
2026-03-19,蒿子秆,2.85,2.5,3.2,1,
2026-03-20,蒿子秆,2.85,2.5,3.2,1,
2026-03-23,蒿子秆,2.65,2.3,3.0,1,
2026-03-24,蒿子秆,2.4,2.0,2.8,1,
2026-03-25,蒿子秆,2.1,1.7,2.5,1,
2026-03-26,蒿子秆,2.1,1.7,2.5,1,
2026-03-27,蒿子秆,2.0,1.5,2.5,1,
2026-03-30,蒿子秆,2.25,1.8,2.7,1,
2026-03-31,蒿子秆,2.55,2.3,2.8,1,
2026-04-01,蒿子秆,2.65,2.3,3.0,1,
2026-04-02,蒿子秆,3.25,2.5,4.0,1,
2026-04-03,蒿子秆,3.75,3.0,4.5,1,
2026-04-06,蒿子秆,3.0,2.5,3.5,1,
2026-04-07,蒿子秆,3.0,2.5,3.5,1,
2026-04-08,蒿子秆,3.0,2.5,3.5,1,
2026-04-09,蒿子秆,2.75,2.5,3.0,1,
2026-04-10,蒿子秆,2.75,2.5,3.0,1,
2026-04-13,蒿子秆,2.4,2.0,2.8,1,
2026-04-14,蒿子秆,1.9,1.8,2.0,1,
2026-04-15,蒿子秆,1.9,1.8,2.0,1,
2026-04-16,蒿子秆,1.75,1.5,2.0,1,
2026-04-17,蒿子秆,1.75,1.5,2.0,1,
2026-04-20,蒿子秆,2.15,1.8,2.5,1,
2026-04-21,蒿子秆,2.15,1.8,2.5,1,
2026-04-22,蒿子秆,2.35,2.0,2.7,1,
2026-04-23,蒿子秆,2.6,2.2,3.0,1,
2026-04-24,蒿子秆,2.6,2.2,3.0,1,
2026-04-27,蒿子秆,2.2,1.8,2.6,1,
2026-04-28,蒿子秆,2.15,1.8,2.5,1,
2026-04-29,蒿子秆,2.15,1.8,2.5,1,
2026-04-30,蒿子秆,2.3,1.8,2.8,1,
2026-05-01,蒿子秆,2.3,1.8,2.8,1,
2026-05-04,蒿子秆,2.3,1.8,2.8,1,
2026-05-05,蒿子秆,2.3,1.8,2.8,1,
2026-05-06,蒿子秆,2.5,2.0,3.0,1,
2026-05-07,蒿子秆,2.1,1.7,2.5,1,
2026-05-08,蒿子秆,1.3,1.0,1.6,1,
2026-05-11,蒿子秆,1.9,1.6,2.2,1,
2026-05-12,蒿子秆,1.65,1.3,2.0,1,
2026-05-13,蒿子秆,1.65,1.3,2.0,1,
2026-05-14,蒿子秆,2.15,1.8,2.5,1,
2026-05-15,蒿子秆,2.15,1.8,2.5,1,
2026-05-18,蒿子秆,3.15,2.8,3.5,1,
2026-05-19,蒿子秆,4.0,3.5,4.5,1,
2026-05-20,蒿子秆,4.15,3.8,4.5,1,
2026-05-21,蒿子秆,4.2,3.9,4.5,1,
2026-05-22,蒿子秆,4.2,3.9,4.5,1,
2026-05-25,蒿子秆,4.2,3.9,4.5,1,
2026-05-26,蒿子秆,4.05,3.8,4.3,1,
2026-05-27,蒿子秆,4.05,3.8,4.3,1,
2026-05-28,蒿子秆,4.05,3.8,4.3,1,
2026-05-29,蒿子秆,3.3,3.0,3.6,1,
2026-06-01,蒿子秆,3.55,3.3,3.8,1,
2026-06-02,蒿子秆,3.55,3.3,3.8,1,
2026-06-03,蒿子秆,3.65,3.3,4.0,1,
2026-06-04,蒿子秆,3.4,3.3,3.5,1,
2026-06-05,蒿子秆,3.65,3.3,4.0,1,
2026-06-08,蒿子秆,3.65,3.3,4.0,1,
2026-06-09,蒿子秆,3.65,3.3,4.0,1,
2026-06-10,蒿子秆,3.4,3.3,3.5,1,
2026-06-11,蒿子秆,2.9,2.8,3.0,1,
2026-06-12,蒿子秆,2.9,2.8,3.0,1,
2026-06-15,蒿子秆,2.25,2.0,2.5,1,
2026-06-16,蒿子秆,2.25,2.0,2.5,1,
2026-06-17,蒿子秆,2.4,2.0,2.8,1,
2026-06-18,蒿子秆,3.25,3.0,3.5,1,
2026-06-19,蒿子秆,3.5,3.0,4.0,1,
2026-06-22,蒿子秆,3.75,3.3,4.2,1,
2026-06-23,蒿子秆,3.9,3.3,4.5,1,
2026-06-24,蒿子秆,3.75,3.3,4.2,1,
2026-06-25,蒿子秆,3.5,3.0,4.0,1,
2026-06-26,蒿子秆,3.5,3.0,4.0,1,
2026-06-29,蒿子秆,3.5,3.0,4.0,1,
2026-06-30,蒿子秆,3.5,3.0,4.0,1,
2026-07-01,蒿子秆,3.5,3.0,4.0,1,
2026-07-02,蒿子秆,3.3,2.8,3.8,1,
2026-07-03,蒿子秆,3.3,2.8,3.8,1,
2026-07-06,蒿子秆,3.3,2.8,3.8,1,
2026-07-07,蒿子秆,3.3,2.8,3.8,1,
2026-07-08,蒿子秆,3.4,3.0,3.8,1,
2026-07-09,蒿子秆,3.4,3.0,3.8,1,
2026-07-10,蒿子秆,3.4,3.0,3.8,1,
2026-07-13,蒿子秆,3.75,3.5,4.0,1,
2026-07-14,蒿子秆,4.4,4.3,4.5,1,
2026-07-15,蒿子秆,5.5,5.0,6.0,1,
2026-07-16,蒿子秆,5.5,5.0,6.0,1,
2026-07-17,蒿子秆,5.5,5.0,6.0,1,
2026-07-20,蒿子秆,5.5,5.0,6.0,1,
2026-07-21,蒿子秆,5.5,5.0,6.0,1,
2026-07-22,蒿子秆,5.3,4.8,5.8,1,
2026-07-23,蒿子秆,5.3,4.8,5.8,1,
2026-07-24,蒿子秆,5.3,4.8,5.8,1,
2026-07-27,蒿子秆,4.75,4.5,5.0,1,
2026-07-28,蒿子秆,4.75,4.5,5.0,1,
2026-07-29,蒿子秆,4.4,4.0,4.8,1,
2026-07-30,蒿子秆,4.55,4.3,4.8,1,
2026-07-31,蒿子秆,4.55,4.3,4.8,1,
2026-08-03,蒿子秆,4.4,4.2,4.6,1,
2026-08-04,蒿子秆,4.65,4.5,4.8,1,
2026-08-05,蒿子秆,5.0,4.5,5.5,1,
2026-08-06,蒿子秆,5.25,4.5,6.0,1,
2026-08-07,蒿子秆,5.5,4.5,6.5,1,
2026-08-10,蒿子秆,8.0,7.5,8.5,1,
2026-08-11,蒿子秆,8.0,7.5,8.5,1,
2026-01-10,蚕豆仁,15.5,15.0,16.0,1,
2026-01-20,蚕豆仁,14.5,14.0,15.0,1,
2026-01-31,蚕豆仁,13.5,13.0,14.0,1,
2026-02-10,蚕豆仁,14.5,14.0,15.0,1,
2026-02-28,蚕豆仁,13.5,13.0,14.0,1,
2026-03-10,蚕豆仁,12.5,12.0,13.0,1,
2026-03-20,蚕豆仁,11.5,11.0,12.0,1,
2026-03-31,蚕豆仁,11.5,11.0,12.0,1,
2026-04-10,蚕豆仁,9.5,9.0,10.0,1,
2026-04-20,蚕豆仁,9.5,9.0,10.0,1,
2026-04-30,蚕豆仁,10.5,10.0,11.0,1,
2026-05-10,蚕豆仁,14.25,14.0,14.5,1,
2026-05-20,蚕豆仁,13.5,13.0,14.0,1,
2026-05-31,蚕豆仁,13.5,13.0,14.0,1,
2026-06-10,蚕豆仁,12.75,12.5,13.0,1,
2026-06-20,蚕豆仁,11.5,11.0,12.0,1,
2026-06-30,蚕豆仁,14.5,14.0,15.0,1,
2026-07-10,蚕豆仁,13.5,13.0,14.0,1,
2026-07-20,蚕豆仁,14.5,14.0,15.0,1,
2026-07-31,蚕豆仁,14.5,14.0,15.0,1,
2026-08-10,蚕豆仁,11.5,11.0,12.0,1,
2026-01-01,螺丝椒,6.0,5.0,7.0,1,鲁辽闽
2026-01-02,螺丝椒,6.0,5.0,7.0,1,鲁辽闽
2026-01-03,螺丝椒,6.0,5.0,7.0,1,鲁辽闽
2026-01-04,螺丝椒,6.0,5.0,7.0,1,鲁辽闽
2026-01-05,螺丝椒,6.0,5.0,7.0,1,鲁辽闽
2026-01-06,螺丝椒,6.0,5.0,7.0,1,鲁辽闽
2026-01-07,螺丝椒,6.0,5.0,7.0,1,鲁辽闽
2026-01-08,螺丝椒,6.0,5.0,7.0,1,鲁辽闽
2026-01-09,螺丝椒,6.0,5.0,7.0,1,鲁辽闽
2026-01-10,螺丝椒,6.0,5.0,7.0,1,鲁辽闽
2026-01-11,螺丝椒,6.0,5.0,7.0,1,鲁辽闽
2026-01-12,螺丝椒,6.0,5.0,7.0,1,鲁辽闽
2026-01-13,螺丝椒,6.0,5.0,7.0,1,鲁辽闽
2026-01-14,螺丝椒,6.0,5.0,7.0,1,鲁辽闽
2026-01-15,螺丝椒,6.0,5.0,7.0,1,鲁辽闽
2026-01-16,螺丝椒,6.0,5.0,7.0,1,鲁辽闽
2026-01-17,螺丝椒,6.0,5.0,7.0,1,鲁辽闽
2026-01-18,螺丝椒,6.0,5.0,7.0,1,鲁辽闽
2026-01-19,螺丝椒,6.0,5.0,7.0,1,鲁辽闽
2026-01-20,螺丝椒,6.0,5.0,7.0,1,鲁辽闽
2026-01-21,螺丝椒,6.0,5.0,7.0,1,鲁辽闽
2026-01-22,螺丝椒,6.0,5.0,7.0,1,鲁辽闽
2026-01-23,螺丝椒,6.0,5.0,7.0,1,鲁辽闽
2026-01-24,螺丝椒,6.0,5.0,7.0,1,鲁辽闽
2026-01-25,螺丝椒,6.0,5.0,7.0,1,鲁辽闽
2026-01-26,螺丝椒,6.75,5.5,8.0,1,鲁辽闽
2026-01-27,螺丝椒,6.75,5.5,8.0,1,鲁辽闽
2026-01-28,螺丝椒,6.75,5.5,8.0,1,鲁辽闽
2026-01-29,螺丝椒,6.75,5.5,8.0,1,鲁辽闽
2026-01-30,螺丝椒,6.75,5.5,8.0,1,鲁辽闽
2026-01-31,螺丝椒,6.75,5.5,8.0,1,鲁辽闽
2026-02-01,螺丝椒,6.75,5.5,8.0,1,鲁辽闽
2026-02-02,螺丝椒,6.5,5.0,8.0,1,鲁辽闽
2026-02-03,螺丝椒,6.5,5.0,8.0,1,鲁辽闽
2026-02-04,螺丝椒,6.5,5.0,8.0,1,鲁辽闽
2026-02-05,螺丝椒,6.5,5.0,8.0,1,鲁辽闽
2026-02-06,螺丝椒,6.5,5.0,8.0,1,鲁辽闽
2026-02-07,螺丝椒,6.5,5.0,8.0,1,鲁辽闽
2026-02-08,螺丝椒,6.5,5.0,8.0,1,鲁辽闽
2026-02-09,螺丝椒,6.25,4.5,8.0,1,鲁辽闽
2026-02-10,螺丝椒,5.5,4.5,6.5,1,鲁辽闽
2026-02-11,螺丝椒,5.05,3.6,6.5,1,鲁辽闽
2026-02-12,螺丝椒,5.05,3.6,6.5,1,鲁辽闽
2026-02-13,螺丝椒,5.05,3.6,6.5,1,鲁辽闽
2026-02-14,螺丝椒,5.05,3.6,6.5,1,鲁辽闽
2026-02-15,螺丝椒,5.05,3.6,6.5,1,鲁辽闽
2026-02-16,螺丝椒,5.05,3.6,6.5,1,鲁辽闽
2026-02-24,螺丝椒,4.15,2.8,5.5,1,鲁辽闽
2026-02-25,螺丝椒,4.15,2.8,5.5,1,鲁辽闽
2026-02-26,螺丝椒,4.5,3.5,5.5,1,鲁辽闽
2026-02-27,螺丝椒,4.5,3.5,5.5,1,鲁辽闽
2026-02-28,螺丝椒,4.5,3.5,5.5,1,鲁辽闽
2026-03-01,螺丝椒,4.25,3.0,5.5,1,鲁辽闽
2026-03-02,螺丝椒,4.0,2.5,5.5,1,鲁辽闽
2026-03-03,螺丝椒,4.0,2.5,5.5,1,鲁辽闽
2026-03-04,螺丝椒,4.0,2.5,5.5,1,鲁辽闽
2026-03-05,螺丝椒,4.0,2.5,5.5,1,鲁辽闽
2026-03-06,螺丝椒,4.0,2.5,5.5,1,鲁辽闽
2026-03-07,螺丝椒,4.0,2.5,5.5,1,鲁辽闽
2026-03-08,螺丝椒,4.0,2.5,5.5,1,鲁辽闽
2026-03-09,螺丝椒,4.0,2.5,5.5,1,鲁辽闽
2026-03-10,螺丝椒,4.5,2.5,6.5,1,鲁辽闽
2026-03-11,螺丝椒,4.5,2.5,6.5,1,鲁辽闽
2026-03-12,螺丝椒,4.5,2.5,6.5,1,鲁辽闽
2026-03-13,螺丝椒,4.5,2.5,6.5,1,鲁辽闽
2026-03-14,螺丝椒,4.0,2.5,5.5,1,鲁辽闽
2026-03-15,螺丝椒,4.0,2.5,5.5,1,鲁辽闽
2026-03-16,螺丝椒,4.0,2.5,5.5,1,鲁辽闽
2026-03-17,螺丝椒,4.0,2.5,5.5,1,鲁辽闽
2026-03-18,螺丝椒,4.0,2.5,5.5,1,鲁辽闽
2026-03-19,螺丝椒,4.0,2.5,5.5,1,鲁辽闽
2026-03-20,螺丝椒,3.75,2.5,5.0,1,鲁辽闽
2026-03-21,螺丝椒,3.75,2.5,5.0,1,鲁辽闽
2026-03-22,螺丝椒,3.75,2.5,5.0,1,鲁辽闽
2026-03-23,螺丝椒,3.75,2.5,5.0,1,鲁辽闽
2026-03-24,螺丝椒,3.75,2.5,5.0,1,鲁辽闽
2026-03-25,螺丝椒,3.75,2.5,5.0,1,鲁辽闽
2026-03-26,螺丝椒,3.75,2.5,5.0,1,鲁辽闽
2026-03-27,螺丝椒,3.75,2.5,5.0,1,鲁辽闽
2026-03-28,螺丝椒,3.75,2.5,5.0,1,鲁辽闽
2026-03-29,螺丝椒,4.0,3.0,5.0,1,鲁辽闽
2026-03-30,螺丝椒,4.0,3.0,5.0,1,鲁辽闽
2026-03-31,螺丝椒,4.25,3.5,5.0,1,鲁辽闽
2026-04-01,螺丝椒,4.25,3.5,5.0,1,鲁辽闽
2026-04-02,螺丝椒,4.25,3.5,5.0,1,鲁辽闽
2026-04-03,螺丝椒,4.25,3.5,5.0,1,鲁辽闽
2026-04-04,螺丝椒,4.25,3.5,5.0,1,鲁辽闽
2026-04-05,螺丝椒,4.25,3.5,5.0,1,鲁辽闽
2026-04-06,螺丝椒,4.5,3.5,5.5,1,鲁辽闽
2026-04-07,螺丝椒,4.5,3.5,5.5,1,鲁辽闽
2026-04-08,螺丝椒,4.75,4.0,5.5,1,鲁辽闽
2026-04-09,螺丝椒,4.75,4.0,5.5,1,鲁辽闽
2026-04-10,螺丝椒,4.75,4.0,5.5,1,鲁辽闽
2026-04-11,螺丝椒,4.75,4.0,5.5,1,鲁辽闽
2026-04-12,螺丝椒,4.75,4.0,5.5,1,鲁辽闽
2026-04-13,螺丝椒,4.75,4.0,5.5,1,鲁辽闽
2026-04-14,螺丝椒,3.75,3.0,4.5,1,鲁辽闽
2026-04-15,螺丝椒,3.25,2.5,4.0,1,鲁辽闽
2026-04-16,螺丝椒,3.25,2.5,4.0,1,鲁辽闽
2026-04-17,螺丝椒,3.25,2.5,4.0,1,鲁辽闽
2026-04-18,螺丝椒,3.25,2.5,4.0,1,鲁辽闽
2026-04-19,螺丝椒,3.25,2.5,4.0,1,鲁辽闽
2026-04-20,螺丝椒,3.25,2.5,4.0,1,鲁辽闽
2026-04-21,螺丝椒,3.25,2.5,4.0,1,鲁辽闽
2026-04-22,螺丝椒,3.0,2.5,3.5,1,鲁辽闽
2026-04-23,螺丝椒,3.0,2.5,3.5,1,鲁辽闽
2026-04-24,螺丝椒,3.0,2.5,3.5,1,鲁辽闽
2026-04-25,螺丝椒,3.0,2.5,3.5,1,鲁辽闽
2026-04-26,螺丝椒,3.0,2.5,3.5,1,鲁辽闽
2026-04-27,螺丝椒,3.0,2.5,3.5,1,鲁辽闽
2026-04-28,螺丝椒,3.0,2.5,3.5,1,鲁辽闽
2026-04-29,螺丝椒,3.0,2.5,3.5,1,鲁辽闽
2026-04-30,螺丝椒,3.0,2.5,3.5,1,鲁辽闽
2026-05-01,螺丝椒,3.0,2.5,3.5,1,鲁辽闽
2026-05-02,螺丝椒,3.5,3.0,4.0,1,鲁辽闽
2026-05-03,螺丝椒,3.5,3.0,4.0,1,鲁辽闽
2026-05-04,螺丝椒,3.5,3.0,4.0,1,鲁辽闽
2026-05-05,螺丝椒,3.5,3.0,4.0,1,鲁辽闽
2026-05-06,螺丝椒,3.5,3.0,4.0,1,鲁辽闽
2026-05-07,螺丝椒,3.5,3.0,4.0,1,鲁辽闽
2026-05-08,螺丝椒,3.5,3.0,4.0,1,鲁辽闽
2026-05-09,螺丝椒,3.5,3.0,4.0,1,鲁辽闽
2026-05-10,螺丝椒,3.5,3.0,4.0,1,鲁辽闽
2026-05-11,螺丝椒,3.5,3.0,4.0,1,鲁辽闽
2026-05-12,螺丝椒,3.5,3.0,4.0,1,鲁辽闽
2026-05-13,螺丝椒,3.5,3.0,4.0,1,鲁辽闽
2026-05-14,螺丝椒,3.5,3.0,4.0,1,鲁辽闽
2026-05-15,螺丝椒,3.0,2.5,3.5,1,鲁辽闽
2026-05-16,螺丝椒,3.0,2.5,3.5,1,鲁辽闽
2026-05-17,螺丝椒,3.0,2.5,3.5,1,鲁辽冀
2026-05-18,螺丝椒,3.0,2.5,3.5,1,鲁辽冀
2026-05-19,螺丝椒,3.0,2.5,3.5,1,鲁辽冀
2026-05-20,螺丝椒,3.0,2.5,3.5,1,鲁辽冀
2026-05-21,螺丝椒,3.0,2.5,3.5,1,鲁辽冀
2026-05-22,螺丝椒,3.0,2.5,3.5,1,鲁辽冀
2026-05-23,螺丝椒,2.5,2.0,3.0,1,鲁辽冀
2026-05-24,螺丝椒,2.5,2.0,3.0,1,鲁辽冀
2026-05-25,螺丝椒,2.5,2.0,3.0,1,鲁辽冀
2026-05-26,螺丝椒,2.5,2.0,3.0,1,鲁辽冀
2026-05-27,螺丝椒,2.5,2.0,3.0,1,鲁冀
2026-05-28,螺丝椒,2.5,2.0,3.0,1,鲁冀
2026-05-29,螺丝椒,2.5,2.0,3.0,1,鲁冀
2026-05-30,螺丝椒,2.5,2.0,3.0,1,鲁冀
2026-05-31,螺丝椒,2.5,2.0,3.0,1,鲁冀
2026-06-01,螺丝椒,2.5,2.0,3.0,1,鲁冀
2026-06-02,螺丝椒,2.5,2.0,3.0,1,鲁冀
2026-06-03,螺丝椒,2.5,2.0,3.0,1,鲁冀
2026-06-04,螺丝椒,2.5,2.0,3.0,1,鲁冀
2026-06-05,螺丝椒,2.5,2.0,3.0,1,鲁冀
2026-06-06,螺丝椒,2.5,2.0,3.0,1,鲁冀
2026-06-07,螺丝椒,2.5,2.0,3.0,1,鲁冀
2026-06-08,螺丝椒,2.5,2.0,3.0,1,鲁冀
2026-06-09,螺丝椒,2.5,2.0,3.0,1,鲁冀
2026-06-10,螺丝椒,2.5,2.0,3.0,1,鲁冀
2026-06-11,螺丝椒,2.5,2.0,3.0,1,鲁冀
2026-06-12,螺丝椒,2.5,2.0,3.0,1,鲁冀
2026-06-13,螺丝椒,2.5,2.0,3.0,1,鲁冀
2026-06-14,螺丝椒,2.5,2.0,3.0,1,鲁冀
2026-06-15,螺丝椒,2.5,2.0,3.0,1,鲁冀
2026-06-16,螺丝椒,3.0,2.5,3.5,1,鲁冀
2026-06-17,螺丝椒,3.0,2.5,3.5,1,鲁冀
2026-06-18,螺丝椒,3.0,2.5,3.5,1,鲁冀
2026-06-19,螺丝椒,3.0,2.5,3.5,1,鲁冀
2026-06-20,螺丝椒,3.0,2.5,3.5,1,鲁冀
2026-06-21,螺丝椒,3.0,2.5,3.5,1,鲁冀
2026-06-22,螺丝椒,3.25,2.5,4.0,1,鲁冀
2026-06-23,螺丝椒,3.25,2.5,4.0,1,鲁冀
2026-06-24,螺丝椒,3.25,2.5,4.0,1,鲁冀
2026-06-25,螺丝椒,3.25,2.5,4.0,1,鲁冀
2026-06-26,螺丝椒,2.75,2.0,3.5,1,鲁冀
2026-06-27,螺丝椒,2.75,2.0,3.5,1,鲁冀
2026-06-28,螺丝椒,2.75,2.0,3.5,1,鲁冀
2026-06-29,螺丝椒,2.75,2.0,3.5,1,鲁冀
2026-06-30,螺丝椒,2.75,2.0,3.5,1,鲁冀
2026-07-01,螺丝椒,2.75,2.0,3.5,1,鲁冀
2026-07-02,螺丝椒,2.75,2.0,3.5,1,鲁冀
2026-07-03,螺丝椒,2.5,1.5,3.5,1,鲁冀
2026-07-04,螺丝椒,2.5,1.5,3.5,1,鲁冀
2026-07-05,螺丝椒,2.5,1.5,3.5,1,鲁冀
2026-07-06,螺丝椒,2.25,1.5,3.0,1,鲁冀
2026-07-07,螺丝椒,2.25,1.5,3.0,1,鲁冀
2026-07-08,螺丝椒,2.25,1.5,3.0,1,鲁冀
2026-07-09,螺丝椒,2.25,1.5,3.0,1,鲁冀
2026-07-10,螺丝椒,2.25,1.5,3.0,1,鲁冀
2026-07-11,螺丝椒,2.25,1.5,3.0,1,鲁冀
2026-07-12,螺丝椒,2.25,1.5,3.0,1,鲁冀
2026-07-13,螺丝椒,2.25,1.5,3.0,1,鲁冀
2026-07-14,螺丝椒,2.5,2.0,3.0,1,鲁冀
2026-07-15,螺丝椒,2.5,2.0,3.0,1,鲁冀
2026-07-16,螺丝椒,2.25,1.5,3.0,1,鲁冀
2026-07-17,螺丝椒,2.25,1.5,3.0,1,鲁冀
2026-07-18,螺丝椒,2.25,1.5,3.0,1,鲁冀
2026-07-19,螺丝椒,2.25,1.5,3.0,1,鲁冀
2026-07-20,螺丝椒,2.25,1.5,3.0,1,鲁冀
2026-07-21,螺丝椒,2.75,2.0,3.5,1,鲁冀
2026-07-22,螺丝椒,2.75,2.0,3.5,1,鲁冀
2026-07-23,螺丝椒,2.75,2.0,3.5,1,鲁冀
2026-07-24,螺丝椒,2.75,2.0,3.5,1,鲁冀
2026-07-25,螺丝椒,2.75,2.0,3.5,1,鲁冀
2026-07-26,螺丝椒,2.75,2.0,3.5,1,鲁冀
2026-07-27,螺丝椒,2.75,2.0,3.5,1,鲁冀
2026-07-28,螺丝椒,2.75,2.0,3.5,1,鲁冀
2026-07-29,螺丝椒,2.75,2.0,3.5,1,鲁冀
2026-07-30,螺丝椒,2.75,2.0,3.5,1,鲁冀
2026-07-31,螺丝椒,2.75,2.0,3.5,1,鲁冀
2026-08-01,螺丝椒,2.75,2.0,3.5,1,鲁冀
2026-08-02,螺丝椒,2.75,2.0,3.5,1,鲁冀
2026-08-03,螺丝椒,2.75,2.0,3.5,1,鲁冀
2026-08-04,螺丝椒,2.75,2.0,3.5,1,鲁冀
2026-08-05,螺丝椒,2.75,2.0,3.5,1,鲁冀
2026-08-06,螺丝椒,2.75,2.0,3.5,1,鲁冀
2026-08-07,螺丝椒,2.75,2.0,3.5,1,鲁冀
2026-08-08,螺丝椒,2.75,2.0,3.5,1,鲁冀
2026-08-09,螺丝椒,2.75,2.0,3.5,1,鲁冀
2026-08-10,螺丝椒,2.75,2.0,3.5,1,鲁冀
2026-08-11,螺丝椒,2.75,2.0,3.5,1,鲁冀
2026-01-10,西洋菜,8.5,8.0,9.0,1,
2026-01-20,西洋菜,8.5,8.0,9.0,1,
2026-01-31,西洋菜,8.5,8.0,9.0,1,
2026-02-10,西洋菜,8.5,8.0,9.0,1,
2026-02-28,西洋菜,9.25,9.0,9.5,1,
2026-03-10,西洋菜,8.75,8.5,9.0,1,
2026-03-20,西洋菜,8.25,8.0,8.5,1,
2026-03-31,西洋菜,7.25,7.0,7.5,1,
2026-04-10,西洋菜,7.25,7.0,7.5,1,
2026-04-20,西洋菜,7.75,7.5,8.0,1,
2026-04-30,西洋菜,7.75,7.5,8.0,1,
2026-05-10,西洋菜,7.9,7.8,8.0,1,
2026-05-20,西洋菜,7.5,7.0,8.0,1,
2026-05-31,西洋菜,7.75,7.5,8.0,1,
2026-06-10,西洋菜,8.25,8.0,8.5,1,
2026-06-20,西洋菜,7.75,7.5,8.0,1,
2026-06-30,西洋菜,7.75,7.5,8.0,1,
2026-07-10,西洋菜,7.75,7.5,8.0,1,
2026-07-20,西洋菜,8.25,8.0,8.5,1,
2026-07-31,西洋菜,8.25,8.0,8.5,1,
2026-08-10,西洋菜,7.75,7.5,8.0,1,
2026-01-01,西芹,3.55,3.5,3.6,1,鲁
2026-01-02,西芹,3.55,3.5,3.6,1,鲁
2026-01-03,西芹,3.55,3.5,3.6,1,鲁
2026-01-04,西芹,3.55,3.5,3.6,1,鲁
2026-01-05,西芹,3.55,3.5,3.6,1,鲁
2026-01-06,西芹,3.55,3.5,3.6,1,鲁
2026-01-07,西芹,3.55,3.5,3.6,1,鲁
2026-01-08,西芹,3.55,3.5,3.6,1,鲁
2026-01-09,西芹,3.4,3.3,3.5,1,鲁
2026-01-10,西芹,3.4,3.3,3.5,1,鲁
2026-01-11,西芹,3.4,3.3,3.5,1,鲁
2026-01-12,西芹,3.15,3.0,3.3,1,鲁
2026-01-13,西芹,2.55,1.8,3.3,1,鲁
2026-01-14,西芹,2.4,1.8,3.0,1,鲁
2026-01-15,西芹,2.4,1.8,3.0,1,鲁
2026-01-16,西芹,2.5,2.0,3.0,1,鲁
2026-01-17,西芹,2.5,2.0,3.0,1,鲁
2026-01-18,西芹,2.5,2.0,3.0,1,鲁
2026-01-19,西芹,2.5,2.0,3.0,1,鲁
2026-01-20,西芹,2.65,2.5,2.8,1,鲁
2026-01-21,西芹,2.65,2.5,2.8,1,鲁
2026-01-22,西芹,2.65,2.5,2.8,1,鲁
2026-01-23,西芹,2.65,2.5,2.8,1,鲁
2026-01-24,西芹,2.65,2.5,2.8,1,鲁
2026-01-25,西芹,2.65,2.5,2.8,1,鲁
2026-01-26,西芹,2.65,2.5,2.8,1,鲁
2026-01-27,西芹,2.65,2.5,2.8,1,鲁
2026-01-28,西芹,2.65,2.5,2.8,1,鲁
2026-01-29,西芹,2.65,2.5,2.8,1,鲁
2026-01-30,西芹,2.65,2.5,2.8,1,鲁
2026-01-31,西芹,2.65,2.5,2.8,1,鲁
2026-02-01,西芹,2.65,2.5,2.8,1,鲁
2026-02-02,西芹,2.65,2.5,2.8,1,鲁
2026-02-03,西芹,2.65,2.5,2.8,1,鲁
2026-02-04,西芹,2.65,2.5,2.8,1,鲁
2026-02-05,西芹,2.65,2.5,2.8,1,鲁
2026-02-06,西芹,2.4,2.3,2.5,1,鲁
2026-02-07,西芹,2.4,2.3,2.5,1,鲁
2026-02-08,西芹,2.4,2.3,2.5,1,鲁
2026-02-09,西芹,2.4,2.3,2.5,1,鲁
2026-02-10,西芹,2.4,2.3,2.5,1,鲁
2026-02-11,西芹,2.4,2.3,2.5,1,鲁
2026-02-12,西芹,2.4,2.3,2.5,1,鲁
2026-02-13,西芹,2.4,2.3,2.5,1,鲁
2026-02-14,西芹,2.4,2.3,2.5,1,鲁
2026-02-15,西芹,2.4,2.3,2.5,1,鲁
2026-02-16,西芹,2.4,2.3,2.5,1,鲁
2026-02-24,西芹,2.45,2.4,2.5,1,鲁
2026-02-25,西芹,2.45,2.4,2.5,1,鲁
2026-02-26,西芹,2.45,2.4,2.5,1,鲁
2026-02-27,西芹,2.45,2.4,2.5,1,鲁
2026-02-28,西芹,2.45,2.4,2.5,1,鲁
2026-03-01,西芹,2.45,2.4,2.5,1,鲁
2026-03-02,西芹,2.45,2.4,2.5,1,鲁
2026-03-03,西芹,2.15,2.1,2.2,1,鲁
2026-03-04,西芹,2.15,2.1,2.2,1,鲁
2026-03-05,西芹,2.15,2.1,2.2,1,鲁
2026-03-06,西芹,2.15,2.1,2.2,1,鲁
2026-03-07,西芹,2.15,2.1,2.2,1,鲁
2026-03-08,西芹,2.15,2.1,2.2,1,鲁
2026-03-09,西芹,2.15,2.1,2.2,1,鲁
2026-03-10,西芹,2.15,2.1,2.2,1,鲁
2026-03-11,西芹,2.15,2.1,2.2,1,鲁
2026-03-12,西芹,2.15,2.1,2.2,1,鲁
2026-03-13,西芹,2.4,2.3,2.5,1,鲁
2026-03-14,西芹,2.4,2.3,2.5,1,鲁
2026-03-15,西芹,2.4,2.3,2.5,1,鲁
2026-03-16,西芹,2.4,2.3,2.5,1,鲁
2026-03-17,西芹,2.4,2.3,2.5,1,鲁
2026-03-18,西芹,2.4,2.3,2.5,1,鲁
2026-03-19,西芹,2.4,2.3,2.5,1,鲁
2026-03-20,西芹,2.4,2.3,2.5,1,鲁
2026-03-21,西芹,2.4,2.3,2.5,1,鲁
2026-03-22,西芹,2.4,2.3,2.5,1,鲁
2026-03-23,西芹,2.4,2.3,2.5,1,鲁
2026-03-24,西芹,2.4,2.3,2.5,1,鲁
2026-03-25,西芹,2.15,2.1,2.2,1,鲁
2026-03-26,西芹,2.15,2.1,2.2,1,鲁
2026-03-27,西芹,2.15,2.1,2.2,1,鲁
2026-03-28,西芹,2.15,2.1,2.2,1,鲁
2026-03-29,西芹,2.15,2.1,2.2,1,鲁
2026-03-30,西芹,2.15,2.1,2.2,1,鲁
2026-03-31,西芹,2.15,2.1,2.2,1,鲁
2026-04-01,西芹,2.15,2.1,2.2,1,鲁
2026-04-02,西芹,2.15,2.1,2.2,1,鲁
2026-04-03,西芹,1.75,1.7,1.8,1,鲁
2026-04-04,西芹,1.75,1.7,1.8,1,鲁
2026-04-05,西芹,1.75,1.7,1.8,1,鲁
2026-04-06,西芹,1.75,1.7,1.8,1,鲁
2026-04-07,西芹,1.75,1.7,1.8,1,鲁
2026-04-08,西芹,1.75,1.7,1.8,1,鲁
2026-04-09,西芹,1.9,1.7,2.1,1,鲁
2026-04-10,西芹,1.9,1.7,2.1,1,鲁
2026-04-11,西芹,1.9,1.7,2.1,1,鲁
2026-04-12,西芹,1.9,1.7,2.1,1,鲁
2026-04-13,西芹,2.0,1.9,2.1,1,豫辽
2026-04-14,西芹,2.0,1.9,2.1,1,豫辽
2026-04-15,西芹,2.0,1.9,2.1,1,豫辽
2026-04-16,西芹,2.0,1.9,2.1,1,豫辽
2026-04-17,西芹,2.0,1.9,2.1,1,豫辽
2026-04-18,西芹,2.0,1.9,2.1,1,豫辽
2026-04-19,西芹,2.0,1.9,2.1,1,豫辽
2026-04-20,西芹,2.0,1.9,2.1,1,豫辽
2026-04-21,西芹,2.0,1.9,2.1,1,豫辽
2026-04-22,西芹,2.0,1.9,2.1,1,豫辽
2026-04-23,西芹,2.0,1.9,2.1,1,豫辽
2026-04-24,西芹,2.0,1.9,2.1,1,豫辽
2026-04-25,西芹,2.0,1.9,2.1,1,豫辽
2026-04-26,西芹,2.0,1.9,2.1,1,豫辽
2026-04-27,西芹,2.0,1.9,2.1,1,豫辽
2026-04-28,西芹,2.35,2.2,2.5,1,辽
2026-04-29,西芹,2.35,2.2,2.5,1,辽
2026-04-30,西芹,2.35,2.2,2.5,1,辽
2026-05-01,西芹,2.2,2.1,2.3,1,辽
2026-05-02,西芹,2.2,2.1,2.3,1,辽
2026-05-03,西芹,2.2,2.1,2.3,1,辽
2026-05-04,西芹,2.2,2.1,2.3,1,辽
2026-05-05,西芹,2.2,2.1,2.3,1,辽
2026-05-06,西芹,2.2,2.1,2.3,1,辽
2026-05-07,西芹,2.2,2.1,2.3,1,辽
2026-05-08,西芹,2.2,2.1,2.3,1,辽
2026-05-09,西芹,2.2,2.1,2.3,1,辽
2026-05-10,西芹,2.2,2.1,2.3,1,辽
2026-05-11,西芹,1.7,1.6,1.8,1,辽
2026-05-12,西芹,1.7,1.6,1.8,1,辽
2026-05-13,西芹,1.7,1.6,1.8,1,辽
2026-05-14,西芹,1.7,1.6,1.8,1,辽
2026-05-15,西芹,1.7,1.6,1.8,1,辽
2026-05-16,西芹,1.7,1.6,1.8,1,辽
2026-05-17,西芹,1.7,1.6,1.8,1,辽
2026-05-18,西芹,1.7,1.6,1.8,1,辽
2026-05-19,西芹,1.7,1.6,1.8,1,辽
2026-05-20,西芹,1.7,1.6,1.8,1,辽
2026-05-21,西芹,1.7,1.6,1.8,1,辽
2026-05-22,西芹,1.7,1.6,1.8,1,辽
2026-05-23,西芹,1.7,1.6,1.8,1,辽
2026-05-24,西芹,1.7,1.6,1.8,1,辽
2026-05-25,西芹,1.7,1.6,1.8,1,辽
2026-05-26,西芹,1.7,1.6,1.8,1,辽
2026-05-27,西芹,1.7,1.6,1.8,1,辽
2026-05-28,西芹,1.7,1.6,1.8,1,辽
2026-05-29,西芹,1.7,1.6,1.8,1,辽
2026-05-30,西芹,1.7,1.6,1.8,1,辽
2026-05-31,西芹,1.7,1.6,1.8,1,辽
2026-06-01,西芹,1.7,1.6,1.8,1,辽
2026-06-02,西芹,1.7,1.6,1.8,1,辽
2026-06-03,西芹,1.7,1.6,1.8,1,辽
2026-06-04,西芹,1.7,1.6,1.8,1,辽
2026-06-05,西芹,1.7,1.6,1.8,1,辽
2026-06-06,西芹,1.7,1.6,1.8,1,辽
2026-06-07,西芹,1.7,1.6,1.8,1,辽
2026-06-08,西芹,1.7,1.6,1.8,1,辽
2026-06-09,西芹,1.7,1.6,1.8,1,辽
2026-06-10,西芹,1.7,1.6,1.8,1,辽
2026-06-11,西芹,1.7,1.6,1.8,1,辽
2026-06-12,西芹,1.7,1.6,1.8,1,辽
2026-06-13,西芹,1.7,1.6,1.8,1,辽
2026-06-14,西芹,2.05,1.9,2.2,1,辽
2026-06-15,西芹,2.05,1.9,2.2,1,辽
2026-06-16,西芹,1.25,1.0,1.5,1,辽
2026-06-17,西芹,1.25,1.0,1.5,1,辽
2026-06-18,西芹,1.25,1.0,1.5,1,辽
2026-06-19,西芹,1.25,1.0,1.5,1,辽
2026-06-20,西芹,1.25,1.0,1.5,1,辽
2026-06-21,西芹,1.25,1.0,1.5,1,辽
2026-06-22,西芹,1.25,1.0,1.5,1,辽
2026-06-23,西芹,1.25,1.0,1.5,1,辽
2026-06-24,西芹,1.55,1.4,1.7,1,辽
2026-06-25,西芹,1.55,1.4,1.7,1,辽
2026-06-26,西芹,1.55,1.4,1.7,1,辽
2026-06-27,西芹,1.55,1.4,1.7,1,辽
2026-06-28,西芹,1.55,1.4,1.7,1,辽
2026-06-29,西芹,1.55,1.4,1.7,1,辽
2026-06-30,西芹,1.55,1.4,1.7,1,辽
2026-07-01,西芹,1.55,1.4,1.7,1,辽
2026-07-02,西芹,1.55,1.4,1.7,1,辽
2026-07-03,西芹,1.55,1.4,1.7,1,辽
2026-07-04,西芹,1.55,1.4,1.7,1,辽
2026-07-05,西芹,1.55,1.4,1.7,1,辽
2026-07-06,西芹,1.55,1.4,1.7,1,辽
2026-07-07,西芹,1.55,1.4,1.7,1,辽
2026-07-08,西芹,1.65,1.6,1.7,1,辽
2026-07-09,西芹,1.65,1.6,1.7,1,辽
2026-07-10,西芹,1.65,1.6,1.7,1,辽
2026-07-11,西芹,1.65,1.6,1.7,1,辽
2026-07-12,西芹,1.65,1.6,1.7,1,辽
2026-07-13,西芹,1.65,1.6,1.7,1,辽
2026-07-14,西芹,1.65,1.6,1.7,1,辽
2026-07-15,西芹,1.65,1.6,1.7,1,辽
2026-07-16,西芹,1.65,1.6,1.7,1,辽
2026-07-17,西芹,1.65,1.6,1.7,1,辽
2026-07-18,西芹,1.65,1.6,1.7,1,辽
2026-07-19,西芹,1.65,1.6,1.7,1,辽
2026-07-20,西芹,1.65,1.6,1.7,1,冀
2026-07-21,西芹,1.65,1.6,1.7,1,冀
2026-07-22,西芹,1.65,1.6,1.7,1,冀
2026-07-23,西芹,1.65,1.6,1.7,1,冀
2026-07-24,西芹,1.65,1.6,1.7,1,冀
2026-07-25,西芹,1.65,1.6,1.7,1,冀
2026-07-26,西芹,1.65,1.6,1.7,1,冀
2026-07-27,西芹,1.65,1.6,1.7,1,冀
2026-07-28,西芹,1.65,1.6,1.7,1,冀
2026-07-29,西芹,1.65,1.6,1.7,1,冀
2026-07-30,西芹,1.65,1.6,1.7,1,冀
2026-07-31,西芹,1.65,1.6,1.7,1,冀
2026-08-01,西芹,1.65,1.6,1.7,1,冀
2026-08-02,西芹,1.65,1.6,1.7,1,冀
2026-08-03,西芹,1.55,1.4,1.7,1,冀
2026-08-04,西芹,1.55,1.4,1.7,1,冀
2026-08-05,西芹,1.55,1.4,1.7,1,冀
2026-08-06,西芹,1.55,1.4,1.7,1,冀
2026-08-07,西芹,1.55,1.4,1.7,1,冀
2026-08-08,西芹,1.55,1.4,1.7,1,冀
2026-08-09,西芹,1.55,1.4,1.7,1,冀
2026-08-10,西芹,1.55,1.4,1.7,1,冀
2026-08-11,西芹,1.55,1.4,1.7,1,冀
2026-01-01,西葫芦,2.575,2.0,3.0,2,鲁
2026-01-02,西葫芦,2.4,1.8,3.0,2,鲁
2026-01-03,西葫芦,2.4,1.8,3.0,2,鲁
2026-01-04,西葫芦,2.4,1.8,3.0,2,鲁
2026-01-05,西葫芦,2.4,1.8,3.0,2,鲁
2026-01-06,西葫芦,2.4,1.8,3.0,2,鲁
2026-01-07,西葫芦,2.225,1.6,2.8,2,鲁
2026-01-08,西葫芦,2.225,1.6,2.8,2,鲁
2026-01-09,西葫芦,2.225,1.6,2.8,2,鲁
2026-01-10,西葫芦,2.225,1.6,2.8,2,鲁
2026-01-11,西葫芦,2.225,1.6,2.8,2,鲁
2026-01-12,西葫芦,2.225,1.6,2.8,2,鲁
2026-01-13,西葫芦,2.225,1.6,2.8,2,鲁
2026-01-14,西葫芦,2.475,2.0,2.8,2,鲁
2026-01-15,西葫芦,2.475,2.0,2.8,2,鲁
2026-01-16,西葫芦,2.5,2.0,3.0,2,鲁
2026-01-17,西葫芦,2.5,2.0,3.0,2,鲁
2026-01-18,西葫芦,3.0,2.5,3.5,2,鲁
2026-01-19,西葫芦,2.85,2.5,3.3,2,鲁
2026-01-20,西葫芦,2.85,2.5,3.3,2,鲁
2026-01-21,西葫芦,2.85,2.5,3.3,2,鲁
2026-01-22,西葫芦,2.85,2.5,3.3,2,鲁
2026-01-23,西葫芦,2.85,2.5,3.3,2,鲁
2026-01-24,西葫芦,2.85,2.5,3.3,2,鲁
2026-01-25,西葫芦,2.85,2.5,3.3,2,鲁
2026-01-26,西葫芦,3.0,2.5,3.5,2,鲁
2026-01-27,西葫芦,2.9,2.5,3.3,2,鲁/鲁云
2026-01-28,西葫芦,2.9,2.5,3.3,2,鲁/鲁云
2026-01-29,西葫芦,2.6,2.0,3.0,2,鲁/鲁云
2026-01-30,西葫芦,2.6,2.0,3.0,2,鲁/鲁云
2026-01-31,西葫芦,2.6,2.0,3.0,2,鲁/鲁云
2026-02-01,西葫芦,2.35,1.8,2.8,2,鲁/鲁云
2026-02-02,西葫芦,2.35,1.8,2.8,2,鲁/鲁云
2026-02-03,西葫芦,2.35,1.8,2.8,2,鲁云
2026-02-04,西葫芦,2.35,1.8,2.8,2,鲁云
2026-02-05,西葫芦,2.35,1.8,2.8,2,鲁云
2026-02-06,西葫芦,2.15,1.5,2.6,2,鲁云
2026-02-07,西葫芦,2.15,1.5,2.6,2,鲁云
2026-02-08,西葫芦,2.15,1.5,2.6,2,鲁云
2026-02-09,西葫芦,2.15,1.5,2.6,2,鲁云
2026-02-10,西葫芦,2.15,1.5,2.6,2,鲁云
2026-02-11,西葫芦,2.25,1.5,3.0,2,鲁云
2026-02-12,西葫芦,2.25,1.5,3.0,2,鲁云
2026-02-13,西葫芦,2.25,1.5,3.0,2,鲁云
2026-02-14,西葫芦,2.25,1.5,3.0,2,鲁云
2026-02-15,西葫芦,2.25,1.5,3.0,2,鲁云
2026-02-16,西葫芦,2.2,1.5,2.8,2,鲁云
2026-02-24,西葫芦,1.45,1.0,1.9,2,鲁云
2026-02-25,西葫芦,1.45,1.0,1.9,2,鲁云
2026-02-26,西葫芦,1.8,1.3,2.2,2,鲁云
2026-02-27,西葫芦,1.925,1.5,2.5,2,鲁云
2026-02-28,西葫芦,2.025,1.6,2.5,2,鲁云
2026-03-01,西葫芦,2.15,1.6,2.8,2,鲁云
2026-03-02,西葫芦,2.15,1.6,2.8,2,鲁云
2026-03-03,西葫芦,2.25,1.8,2.8,2,鲁云
2026-03-04,西葫芦,2.25,1.8,2.8,2,鲁云
2026-03-05,西葫芦,2.55,2.2,3.0,2,鲁云
2026-03-06,西葫芦,2.875,2.5,3.2,2,鲁云
2026-03-07,西葫芦,2.5,2.2,2.8,2,鲁云
2026-03-08,西葫芦,2.5,2.2,2.8,2,鲁云
2026-03-09,西葫芦,2.175,1.8,2.5,2,鲁云
2026-03-10,西葫芦,2.3,1.5,3.0,2,鲁云
2026-03-11,西葫芦,2.3,1.5,3.0,2,鲁云
2026-03-12,西葫芦,2.3,1.5,3.0,2,鲁云
2026-03-13,西葫芦,2.0,1.5,2.5,2,鲁云
2026-03-14,西葫芦,2.0,1.5,2.5,2,鲁云
2026-03-15,西葫芦,2.0,1.5,2.5,2,鲁云
2026-03-16,西葫芦,2.0,1.5,2.5,2,鲁云
2026-03-17,西葫芦,2.0,1.5,2.5,2,鲁云
2026-03-18,西葫芦,2.1,1.5,2.7,2,鲁云
2026-03-19,西葫芦,2.1,1.5,2.7,2,鲁云
2026-03-20,西葫芦,2.1,1.5,2.7,2,鲁云
2026-03-21,西葫芦,1.875,1.3,2.5,2,鲁云
2026-03-22,西葫芦,1.875,1.3,2.5,2,鲁云
2026-03-23,西葫芦,1.875,1.3,2.5,2,鲁云
2026-03-24,西葫芦,1.875,1.3,2.5,2,鲁云
2026-03-25,西葫芦,1.55,1.3,1.8,2,鲁云
2026-03-26,西葫芦,1.55,1.3,1.8,2,鲁云
2026-03-27,西葫芦,1.375,1.0,1.7,2,鲁云
2026-03-28,西葫芦,1.375,1.0,1.7,2,鲁云
2026-03-29,西葫芦,1.375,1.0,1.7,2,鲁云
2026-03-30,西葫芦,1.375,1.0,1.7,2,鲁云
2026-03-31,西葫芦,1.375,1.0,1.7,2,鲁云
2026-04-01,西葫芦,1.375,1.0,1.7,2,鲁云
2026-04-02,西葫芦,1.475,1.2,1.8,2,鲁
2026-04-03,西葫芦,1.475,1.2,1.8,2,鲁
2026-04-04,西葫芦,1.475,1.2,1.8,2,鲁
2026-04-05,西葫芦,1.475,1.2,1.8,2,鲁
2026-04-06,西葫芦,1.475,1.2,1.8,2,鲁
2026-04-07,西葫芦,1.475,1.2,1.8,2,鲁
2026-04-08,西葫芦,1.35,1.1,1.6,2,鲁
2026-04-09,西葫芦,1.35,1.1,1.6,2,鲁
2026-04-10,西葫芦,1.35,1.1,1.6,2,鲁
2026-04-11,西葫芦,1.35,1.1,1.6,2,鲁
2026-04-12,西葫芦,1.35,1.1,1.6,2,鲁
2026-04-13,西葫芦,1.35,1.1,1.6,2,鲁
2026-04-14,西葫芦,1.275,1.0,1.6,2,鲁
2026-04-15,西葫芦,1.275,1.0,1.6,2,鲁
2026-04-16,西葫芦,1.275,1.0,1.6,2,鲁
2026-04-17,西葫芦,1.275,1.0,1.6,2,鲁
2026-04-18,西葫芦,1.35,1.1,1.7,2,鲁
2026-04-19,西葫芦,1.35,1.1,1.7,2,鲁
2026-04-20,西葫芦,0.975,0.7,1.4,2,鲁
2026-04-21,西葫芦,0.975,0.7,1.4,2,鲁
2026-04-22,西葫芦,1.0,0.7,1.4,2,鲁
2026-04-23,西葫芦,1.0,0.7,1.4,2,鲁
2026-04-24,西葫芦,1.0,0.7,1.4,2,鲁
2026-04-25,西葫芦,1.0,0.7,1.4,2,鲁
2026-04-26,西葫芦,0.975,0.7,1.3,2,鲁
2026-04-27,西葫芦,0.975,0.7,1.3,2,鲁
2026-04-28,西葫芦,0.975,0.7,1.3,2,鲁
2026-04-29,西葫芦,0.975,0.7,1.3,2,鲁
2026-04-30,西葫芦,0.975,0.7,1.3,2,鲁
2026-05-01,西葫芦,0.975,0.7,1.3,2,鲁
2026-05-02,西葫芦,0.975,0.7,1.3,2,鲁
2026-05-03,西葫芦,0.975,0.7,1.3,2,鲁
2026-05-04,西葫芦,0.975,0.7,1.3,2,鲁
2026-05-05,西葫芦,0.975,0.7,1.3,2,鲁
2026-05-06,西葫芦,0.975,0.7,1.3,2,鲁
2026-05-07,西葫芦,0.975,0.7,1.3,2,鲁
2026-05-08,西葫芦,0.975,0.7,1.3,2,鲁
2026-05-09,西葫芦,0.975,0.7,1.3,2,鲁
2026-05-10,西葫芦,0.975,0.7,1.3,2,鲁
2026-05-11,西葫芦,0.975,0.7,1.3,2,鲁
2026-05-12,西葫芦,0.975,0.7,1.3,2,鲁
2026-05-13,西葫芦,0.975,0.7,1.3,2,鲁
2026-05-14,西葫芦,0.975,0.7,1.3,2,鲁
2026-05-15,西葫芦,0.975,0.7,1.3,2,鲁
2026-05-16,西葫芦,0.975,0.7,1.3,2,鲁
2026-05-17,西葫芦,1.05,0.8,1.4,2,鲁
2026-05-18,西葫芦,1.075,0.8,1.4,2,鲁
2026-05-19,西葫芦,1.3,1.0,1.6,2,鲁
2026-05-20,西葫芦,1.475,1.2,1.7,2,鲁
2026-05-21,西葫芦,1.65,1.3,2.0,2,鲁
2026-05-22,西葫芦,1.9,1.6,2.2,2,鲁
2026-05-23,西葫芦,1.9,1.6,2.2,2,鲁
2026-05-24,西葫芦,1.85,1.5,2.2,2,鲁
2026-05-25,西葫芦,1.8,1.4,2.2,2,鲁
2026-05-26,西葫芦,1.65,1.4,1.9,2,鲁
2026-05-27,西葫芦,1.65,1.4,1.9,2,鲁
2026-05-28,西葫芦,1.65,1.4,1.9,2,鲁
2026-05-29,西葫芦,1.65,1.4,1.9,2,鲁
2026-05-30,西葫芦,1.65,1.4,1.9,2,鲁
2026-05-31,西葫芦,1.65,1.4,1.9,2,鲁
2026-06-01,西葫芦,1.65,1.4,1.9,2,鲁
2026-06-02,西葫芦,1.6,1.3,1.9,2,鲁
2026-06-03,西葫芦,1.6,1.3,1.9,2,鲁
2026-06-04,西葫芦,1.275,1.0,1.6,2,鲁
2026-06-05,西葫芦,1.275,1.0,1.6,2,鲁
2026-06-06,西葫芦,1.375,1.0,2.0,2,鲁
2026-06-07,西葫芦,1.375,1.0,2.0,2,鲁
2026-06-08,西葫芦,1.6,1.3,2.0,2,鲁
2026-06-09,西葫芦,1.9,1.5,2.4,2,鲁
2026-06-10,西葫芦,1.95,1.7,2.4,2,鲁
2026-06-11,西葫芦,1.925,1.7,2.4,2,鲁
2026-06-12,西葫芦,1.725,1.4,2.3,2,鲁
2026-06-13,西葫芦,1.5,1.2,2.0,2,鲁
2026-06-14,西葫芦,1.325,1.0,1.8,2,鲁
2026-06-15,西葫芦,1.325,1.0,1.8,2,鲁
2026-06-16,西葫芦,1.225,0.8,1.8,2,鲁
2026-06-17,西葫芦,1.225,0.8,1.8,2,鲁
2026-06-18,西葫芦,1.225,0.8,1.8,2,鲁
2026-06-19,西葫芦,1.15,0.6,1.8,2,鲁
2026-06-20,西葫芦,1.15,0.6,1.8,2,鲁
2026-06-21,西葫芦,1.15,0.6,1.8,2,鲁
2026-06-22,西葫芦,1.075,0.6,1.5,2,鲁
2026-06-23,西葫芦,1.0,0.5,1.5,2,鲁冀晋
2026-06-24,西葫芦,1.125,0.8,1.5,2,鲁冀晋
2026-06-25,西葫芦,1.125,0.8,1.5,2,鲁冀晋
2026-06-26,西葫芦,1.35,1.0,2.0,2,鲁冀晋
2026-06-27,西葫芦,1.35,1.0,2.0,2,鲁冀晋
2026-06-28,西葫芦,1.35,1.0,2.0,2,鲁冀晋
2026-06-29,西葫芦,1.175,0.7,1.8,2,鲁冀晋/鲁冀晋蒙
2026-06-30,西葫芦,1.175,0.7,1.8,2,鲁冀晋/鲁冀晋蒙
2026-07-01,西葫芦,1.175,0.7,1.8,2,鲁冀晋/鲁冀晋蒙
2026-07-02,西葫芦,1.175,0.7,1.8,2,鲁冀晋/鲁冀晋蒙
2026-07-03,西葫芦,1.175,0.7,1.8,2,鲁冀晋/鲁冀晋蒙
2026-07-04,西葫芦,1.175,0.7,1.8,2,鲁冀晋/鲁冀晋蒙
2026-07-05,西葫芦,1.175,0.7,1.8,2,鲁冀晋/鲁冀晋蒙
2026-07-06,西葫芦,1.225,0.7,1.8,2,鲁冀晋/鲁冀晋蒙
2026-07-07,西葫芦,1.275,0.7,2.0,2,鲁冀晋/鲁冀晋蒙
2026-07-08,西葫芦,1.45,1.0,2.2,2,冀晋
2026-07-09,西葫芦,1.45,1.0,2.2,2,冀晋
2026-07-10,西葫芦,1.45,1.0,2.2,2,冀晋
2026-07-11,西葫芦,1.55,1.0,2.2,2,冀晋
2026-07-12,西葫芦,1.675,1.2,2.2,2,冀晋
2026-07-13,西葫芦,1.675,1.2,2.2,2,冀晋
2026-07-14,西葫芦,1.675,1.2,2.2,2,冀晋
2026-07-15,西葫芦,1.675,1.2,2.2,2,冀晋
2026-07-16,西葫芦,1.675,1.2,2.2,2,冀晋
2026-07-17,西葫芦,1.7,1.2,2.5,2,冀晋
2026-07-18,西葫芦,1.7,1.2,2.5,2,冀晋
2026-07-19,西葫芦,1.7,1.2,2.5,2,冀晋
2026-07-20,西葫芦,1.25,0.8,1.9,2,冀晋
2026-07-21,西葫芦,1.475,1.1,2.0,2,冀晋
2026-07-22,西葫芦,1.525,1.1,2.2,2,冀晋
2026-07-23,西葫芦,1.525,1.1,2.2,2,冀晋
2026-07-24,西葫芦,1.5,1.0,2.2,2,冀晋
2026-07-25,西葫芦,1.5,1.0,2.2,2,冀
2026-07-26,西葫芦,1.35,0.8,2.2,2,冀
2026-07-27,西葫芦,1.35,0.8,2.2,2,冀
2026-07-28,西葫芦,1.1,0.6,1.8,2,冀
2026-07-29,西葫芦,1.05,0.6,1.8,2,冀
2026-07-30,西葫芦,1.05,0.6,1.8,2,冀
2026-07-31,西葫芦,1.05,0.6,1.8,2,冀
2026-08-01,西葫芦,1.05,0.6,1.8,2,冀
2026-08-02,西葫芦,1.0,0.6,1.6,2,冀
2026-08-03,西葫芦,1.0,0.6,1.6,2,冀
2026-08-04,西葫芦,1.2,0.8,1.8,2,冀
2026-08-05,西葫芦,1.35,1.0,1.9,2,冀
2026-08-06,西葫芦,1.35,1.0,1.9,2,冀
2026-08-07,西葫芦,1.35,1.0,1.9,2,冀
2026-08-08,西葫芦,1.35,1.0,1.9,2,冀
2026-08-09,西葫芦,1.35,1.0,1.9,2,冀
2026-08-10,西葫芦,1.4,1.0,2.0,2,冀
2026-08-11,西葫芦,1.4,1.0,2.0,2,冀
2026-01-10,豆尖,8.5,8.0,9.0,1,
2026-01-20,豆尖,8.5,8.0,9.0,1,
2026-01-31,豆尖,8.5,8.0,9.0,1,
2026-02-10,豆尖,8.5,8.0,9.0,1,
2026-02-28,豆尖,8.5,8.0,9.0,1,
2026-03-10,豆尖,7.5,7.0,8.0,1,
2026-03-20,豆尖,11.5,11.0,12.0,1,
2026-03-31,豆尖,11.5,11.0,12.0,1,
2026-04-10,豆尖,10.5,10.0,11.0,1,
2026-04-20,豆尖,10.5,10.0,11.0,1,
2026-04-30,豆尖,10.5,10.0,11.0,1,
2026-05-10,豆尖,10.5,10.0,11.0,1,
2026-05-20,豆尖,9.5,9.0,10.0,1,
2026-05-31,豆尖,10.5,10.0,11.0,1,
2026-06-10,豆尖,11.5,11.0,12.0,1,
2026-06-20,豆尖,9.5,9.0,10.0,1,
2026-06-30,豆尖,9.5,9.0,10.0,1,
2026-07-10,豆尖,9.5,9.0,10.0,1,
2026-07-20,豆尖,10.25,10.0,10.5,1,
2026-07-31,豆尖,10.25,10.0,10.5,1,
2026-08-10,豆尖,9.5,9.0,10.0,1,
2026-01-01,豆王,5.35,3.5,7.2,1,云
2026-01-02,豆王,5.35,3.5,7.2,1,云
2026-01-03,豆王,5.35,3.5,7.2,1,云
2026-01-04,豆王,5.35,3.5,7.2,1,云
2026-01-05,豆王,4.75,3.5,6.0,1,云
2026-01-06,豆王,4.5,3.5,5.5,1,云
2026-01-07,豆王,5.0,4.0,6.0,1,云
2026-01-08,豆王,5.25,4.5,6.0,1,云
2026-01-09,豆王,5.45,4.5,6.4,1,云
2026-01-10,豆王,5.15,4.5,5.8,1,云
2026-01-11,豆王,4.9,4.0,5.8,1,云
2026-01-12,豆王,4.75,4.0,5.5,1,云
2026-01-13,豆王,4.75,4.0,5.5,1,云
2026-01-14,豆王,4.75,4.0,5.5,1,云
2026-01-15,豆王,4.5,4.0,5.0,1,云
2026-01-16,豆王,4.5,4.0,5.0,1,云
2026-01-17,豆王,4.9,4.3,5.5,1,云
2026-01-18,豆王,4.9,4.3,5.5,1,云
2026-01-19,豆王,4.9,4.3,5.5,1,云
2026-01-20,豆王,4.4,3.5,5.3,1,云
2026-01-21,豆王,4.4,3.5,5.3,1,云
2026-01-22,豆王,4.4,3.5,5.3,1,云
2026-01-23,豆王,4.4,3.8,5.0,1,云
2026-01-24,豆王,4.4,3.8,5.0,1,云
2026-01-25,豆王,4.4,3.8,5.0,1,云
2026-01-26,豆王,4.15,3.5,4.8,1,云
2026-01-27,豆王,4.0,3.5,4.5,1,云
2026-01-28,豆王,4.0,3.5,4.5,1,云
2026-01-29,豆王,4.0,3.5,4.5,1,云
2026-01-30,豆王,3.75,3.0,4.5,1,云
2026-01-31,豆王,3.75,3.0,4.5,1,云
2026-02-01,豆王,3.9,3.0,4.8,1,云
2026-02-02,豆王,3.9,3.0,4.8,1,云
2026-02-03,豆王,3.9,3.0,4.8,1,云
2026-02-04,豆王,3.9,3.0,4.8,1,云
2026-02-05,豆王,3.9,3.0,4.8,1,云
2026-02-06,豆王,3.9,3.0,4.8,1,云
2026-02-07,豆王,3.8,3.0,4.6,1,云
2026-02-08,豆王,3.8,3.0,4.6,1,云
2026-02-09,豆王,3.8,3.0,4.6,1,云
2026-02-10,豆王,4.9,4.3,5.5,1,云
2026-02-11,豆王,5.4,4.5,6.3,1,云
2026-02-12,豆王,4.55,3.5,5.6,1,云
2026-02-13,豆王,4.15,3.0,5.3,1,云
2026-02-14,豆王,4.15,3.0,5.3,1,云
2026-02-15,豆王,4.0,3.0,5.0,1,云
2026-02-16,豆王,4.0,3.0,5.0,1,云
2026-02-24,豆王,5.45,4.5,6.4,1,云
2026-02-25,豆王,5.45,4.5,6.4,1,云
2026-02-26,豆王,4.95,3.5,6.4,1,云
2026-02-27,豆王,5.2,4.0,6.4,1,云
2026-02-28,豆王,4.9,3.8,6.0,1,云
2026-03-01,豆王,4.25,2.5,6.0,1,云
2026-03-02,豆王,4.25,2.5,6.0,1,云
2026-03-03,豆王,4.25,3.2,5.3,1,云
2026-03-04,豆王,5.7,3.2,8.2,1,云鲁
2026-03-05,豆王,6.1,4.0,8.2,1,云鲁
2026-03-06,豆王,6.1,4.0,8.2,1,云鲁
2026-03-07,豆王,6.1,4.0,8.2,1,云鲁
2026-03-08,豆王,6.1,4.0,8.2,1,云鲁
2026-03-09,豆王,5.7,3.2,8.2,1,云鲁
2026-03-10,豆王,5.7,3.2,8.2,1,云鲁
2026-03-11,豆王,6.85,5.5,8.2,1,云鲁
2026-03-12,豆王,6.6,5.2,8.0,1,云鲁
2026-03-13,豆王,6.25,5.0,7.5,1,云鲁
2026-03-14,豆王,6.15,5.0,7.3,1,云鲁
2026-03-15,豆王,6.15,5.0,7.3,1,云鲁
2026-03-16,豆王,5.9,5.0,6.8,1,云鲁
2026-03-17,豆王,5.9,5.0,6.8,1,云鲁
2026-03-18,豆王,6.25,5.0,7.5,1,云鲁
2026-03-19,豆王,6.6,5.0,8.2,1,云鲁
2026-03-20,豆王,6.95,5.7,8.2,1,云鲁
2026-03-21,豆王,6.95,5.7,8.2,1,云鲁
2026-03-22,豆王,6.95,5.7,8.2,1,云鲁
2026-03-23,豆王,6.95,5.7,8.2,1,云鲁
2026-03-24,豆王,7.5,6.8,8.2,1,云鲁
2026-03-25,豆王,7.2,6.2,8.2,1,云鲁
2026-03-26,豆王,6.6,5.0,8.2,1,云鲁
2026-03-27,豆王,6.8,5.0,8.6,1,云鲁
2026-03-28,豆王,6.8,5.0,8.6,1,云鲁
2026-03-29,豆王,6.8,5.0,8.6,1,云鲁
2026-03-30,豆王,6.1,4.0,8.2,1,云鲁
2026-03-31,豆王,5.75,4.0,7.5,1,云鲁
2026-04-01,豆王,5.75,4.0,7.5,1,云鲁
2026-04-02,豆王,5.4,4.0,6.8,1,云鲁
2026-04-03,豆王,5.4,4.0,6.8,1,云鲁
2026-04-04,豆王,5.4,4.0,6.8,1,云鲁
2026-04-05,豆王,5.15,3.5,6.8,1,云鲁
2026-04-06,豆王,5.15,3.5,6.8,1,云鲁
2026-04-07,豆王,5.25,3.5,7.0,1,云鲁
2026-04-08,豆王,4.85,3.0,6.7,1,云鲁
2026-04-09,豆王,5.35,4.0,6.7,1,云鲁
2026-04-10,豆王,5.35,4.0,6.7,1,云鲁
2026-04-11,豆王,5.35,4.0,6.7,1,云鲁
2026-04-12,豆王,5.0,4.0,6.0,1,云鲁
2026-04-13,豆王,4.5,3.5,5.5,1,云鲁
2026-04-14,豆王,4.0,3.0,5.0,1,云鲁
2026-04-15,豆王,4.0,3.0,5.0,1,云鲁
2026-04-16,豆王,3.5,2.5,4.5,1,云鲁
2026-04-17,豆王,3.25,2.5,4.0,1,云鲁
2026-04-18,豆王,3.25,2.5,4.0,1,云鲁
2026-04-19,豆王,3.25,2.5,4.0,1,云鲁
2026-04-20,豆王,3.75,2.5,5.0,1,云鲁
2026-04-21,豆王,3.75,2.5,5.0,1,云鲁
2026-04-22,豆王,3.75,2.5,5.0,1,云鲁
2026-04-23,豆王,3.75,2.5,5.0,1,云鲁
2026-04-24,豆王,3.75,2.5,5.0,1,云鲁
2026-04-25,豆王,4.2,3.0,5.4,1,云鲁
2026-04-26,豆王,4.25,3.5,5.0,1,云鲁
2026-04-27,豆王,3.9,3.0,4.8,1,云鲁
2026-04-28,豆王,3.9,3.0,4.8,1,云鲁
2026-04-29,豆王,3.7,2.8,4.6,1,辽鲁
2026-04-30,豆王,3.7,2.8,4.6,1,辽鲁
2026-05-01,豆王,3.9,3.2,4.6,1,辽鲁
2026-05-02,豆王,4.25,3.5,5.0,1,辽鲁
2026-05-03,豆王,3.95,2.9,5.0,1,辽鲁
2026-05-04,豆王,3.8,2.9,4.7,1,辽鲁
2026-05-05,豆王,3.95,2.9,5.0,1,辽鲁
2026-05-06,豆王,3.95,2.9,5.0,1,辽鲁
2026-05-07,豆王,3.75,2.5,5.0,1,辽鲁
2026-05-08,豆王,3.4,2.5,4.3,1,辽鲁
2026-05-09,豆王,3.4,2.5,4.3,1,辽鲁
2026-05-10,豆王,3.4,2.5,4.3,1,辽鲁
2026-05-11,豆王,3.4,2.5,4.3,1,辽鲁
2026-05-12,豆王,3.4,2.5,4.3,1,辽鲁
2026-05-13,豆王,3.25,2.5,4.0,1,辽鲁
2026-05-14,豆王,3.25,2.5,4.0,1,辽鲁
2026-05-15,豆王,3.25,2.3,4.2,1,辽鲁
2026-05-16,豆王,3.25,2.3,4.2,1,辽鲁
2026-05-17,豆王,3.4,2.5,4.3,1,辽鲁
2026-05-18,豆王,3.4,2.5,4.3,1,辽鲁
2026-05-19,豆王,3.5,2.7,4.3,1,辽鲁
2026-05-20,豆王,3.55,2.8,4.3,1,辽鲁
2026-05-21,豆王,3.9,2.8,5.0,1,辽鲁
2026-05-22,豆王,4.05,2.8,5.3,1,辽鲁
2026-05-23,豆王,4.3,3.0,5.6,1,辽鲁
2026-05-24,豆王,4.45,3.0,5.9,1,辽鲁
2026-05-25,豆王,4.25,3.0,5.5,1,辽鲁
2026-05-26,豆王,4.25,3.0,5.5,1,辽鲁
2026-05-27,豆王,4.75,3.5,6.0,1,辽鲁甘
2026-05-28,豆王,4.75,3.5,6.0,1,辽鲁甘
2026-05-29,豆王,4.85,3.5,6.2,1,辽鲁甘
2026-05-30,豆王,4.85,3.5,6.2,1,辽鲁甘
2026-05-31,豆王,4.85,3.5,6.2,1,辽鲁甘
2026-06-01,豆王,4.65,3.5,5.8,1,辽鲁甘
2026-06-02,豆王,4.65,3.5,5.8,1,辽鲁甘
2026-06-03,豆王,4.65,3.5,5.8,1,辽鲁甘
2026-06-04,豆王,4.15,3.0,5.3,1,辽鲁甘
2026-06-05,豆王,4.1,2.5,5.7,1,辽鲁甘
2026-06-06,豆王,4.1,2.5,5.7,1,辽鲁甘
2026-06-07,豆王,4.1,2.5,5.7,1,辽鲁甘
2026-06-08,豆王,3.85,2.5,5.2,1,辽鲁甘
2026-06-09,豆王,4.65,3.5,5.8,1,辽鲁甘
2026-06-10,豆王,4.65,3.5,5.8,1,辽鲁甘
2026-06-11,豆王,4.5,3.5,5.5,1,辽鲁甘
2026-06-12,豆王,4.25,3.5,5.0,1,辽鲁甘
2026-06-13,豆王,3.85,3.0,4.7,1,辽鲁甘
2026-06-14,豆王,3.65,3.0,4.3,1,辽鲁甘
2026-06-15,豆王,3.65,3.0,4.3,1,辽鲁甘
2026-06-16,豆王,3.25,2.5,4.0,1,辽鲁甘
2026-06-17,豆王,3.25,2.5,4.0,1,辽鲁甘
2026-06-18,豆王,3.4,2.5,4.3,1,辽鲁甘
2026-06-19,豆王,3.4,2.5,4.3,1,辽鲁甘
2026-06-20,豆王,3.4,2.5,4.3,1,辽鲁甘
2026-06-21,豆王,4.0,3.0,5.0,1,鲁甘
2026-06-22,豆王,3.85,2.5,5.2,1,鲁甘
2026-06-23,豆王,3.75,3.0,4.5,1,冀甘
2026-06-24,豆王,3.5,3.0,4.0,1,冀甘云
2026-06-25,豆王,3.4,3.0,3.8,1,冀甘云
2026-06-26,豆王,3.05,2.8,3.3,1,冀甘云
2026-06-27,豆王,3.3,2.8,3.8,1,冀甘云
2026-06-28,豆王,3.75,3.0,4.5,1,冀甘云
2026-06-29,豆王,3.75,3.0,4.5,1,冀甘云
2026-06-30,豆王,4.4,4.0,4.8,1,冀甘云
2026-07-01,豆王,4.4,4.0,4.8,1,冀甘云
2026-07-02,豆王,3.9,3.0,4.8,1,冀甘云
2026-07-03,豆王,3.5,2.5,4.5,1,冀甘云
2026-07-04,豆王,3.5,2.5,4.5,1,冀甘云
2026-07-05,豆王,3.25,2.0,4.5,1,冀甘云
2026-07-06,豆王,3.15,3.0,3.3,1,冀甘辽
2026-07-07,豆王,3.15,3.0,3.3,1,冀甘云
2026-07-08,豆王,3.15,3.0,3.3,1,冀甘云
2026-07-09,豆王,3.25,2.5,4.0,1,冀甘云
2026-07-10,豆王,3.65,2.8,4.5,1,冀甘云
2026-07-11,豆王,3.75,3.0,4.5,1,冀甘云
2026-07-12,豆王,4.1,3.2,5.0,1,冀甘云
2026-07-13,豆王,4.1,3.2,5.0,1,冀甘云
2026-07-14,豆王,4.25,3.5,5.0,1,冀甘云
2026-07-15,豆王,4.1,3.2,5.0,1,冀甘云
2026-07-16,豆王,3.75,2.5,5.0,1,冀甘云
2026-07-17,豆王,3.75,2.5,5.0,1,冀甘云
2026-07-18,豆王,3.75,2.5,5.0,1,冀甘云
2026-07-19,豆王,3.75,2.5,5.0,1,冀甘云
2026-07-20,豆王,4.0,3.0,5.0,1,冀甘云
2026-07-21,豆王,4.5,3.0,6.0,1,冀甘云
2026-07-22,豆王,4.5,3.0,6.0,1,冀甘云
2026-07-23,豆王,4.5,3.0,6.0,1,冀甘云
2026-07-24,豆王,4.25,3.0,5.5,1,冀甘云
2026-07-25,豆王,4.5,3.0,6.0,1,冀甘云
2026-07-26,豆王,4.5,3.0,6.0,1,冀甘云
2026-07-27,豆王,4.25,3.0,5.5,1,冀甘云
2026-07-28,豆王,4.25,3.0,5.5,1,冀甘云
2026-07-29,豆王,4.25,3.0,5.5,1,冀甘云
2026-07-30,豆王,4.75,4.0,5.5,1,冀甘云
2026-07-31,豆王,5.15,4.5,5.8,1,冀甘云
2026-08-01,豆王,5.0,4.5,5.5,1,冀甘云
2026-08-02,豆王,4.15,3.0,5.3,1,冀甘云
2026-08-03,豆王,3.75,2.5,5.0,1,冀甘云
2026-08-04,豆王,3.75,2.5,5.0,1,冀甘云
2026-08-05,豆王,3.9,2.5,5.3,1,冀甘云
2026-08-06,豆王,3.9,2.5,5.3,1,冀甘云
2026-08-07,豆王,3.9,2.5,5.3,1,冀甘云
2026-08-08,豆王,4.5,3.5,5.5,1,冀甘云
2026-08-09,豆王,4.5,3.5,5.5,1,冀甘云
2026-08-10,豆王,4.4,3.0,5.8,1,冀甘云
2026-08-11,豆王,4.0,3.0,5.0,1,冀甘云
2026-01-01,豇豆,4.25,3.5,5.0,1,海云闽
2026-01-02,豇豆,4.25,3.5,5.0,1,海云闽
2026-01-03,豇豆,4.25,3.5,5.0,1,海云闽
2026-01-04,豇豆,4.25,3.5,5.0,1,海云闽
2026-01-05,豇豆,4.25,3.5,5.0,1,海云闽
2026-01-06,豇豆,4.25,3.5,5.0,1,海云闽
2026-01-07,豇豆,4.05,3.6,4.5,1,海云闽
2026-01-08,豇豆,4.05,3.6,4.5,1,海云闽
2026-01-09,豇豆,5.25,4.5,6.0,1,海
2026-01-10,豇豆,5.3,4.6,6.0,1,海
2026-01-11,豇豆,5.3,4.6,6.0,1,海
2026-01-12,豇豆,6.0,5.0,7.0,1,海
2026-01-13,豇豆,6.25,5.0,7.5,1,海
2026-01-14,豇豆,6.25,5.0,7.5,1,海
2026-01-15,豇豆,5.65,4.8,6.5,1,海
2026-01-16,豇豆,5.65,4.8,6.5,1,海
2026-01-17,豇豆,5.3,4.6,6.0,1,海
2026-01-18,豇豆,5.3,4.6,6.0,1,海
2026-01-19,豇豆,5.3,4.6,6.0,1,海
2026-01-20,豇豆,5.3,4.6,6.0,1,海
2026-01-21,豇豆,5.0,4.0,6.0,1,海
2026-01-22,豇豆,5.0,4.0,6.0,1,海
2026-01-23,豇豆,4.5,4.0,5.0,1,海
2026-01-24,豇豆,4.5,4.0,5.0,1,海
2026-01-25,豇豆,4.75,4.0,5.5,1,海
2026-01-26,豇豆,4.75,4.0,5.5,1,海
2026-01-27,豇豆,4.75,4.0,5.5,1,海
2026-01-28,豇豆,3.9,3.3,4.5,1,海
2026-01-29,豇豆,3.7,3.3,4.1,1,海
2026-01-30,豇豆,3.7,3.3,4.1,1,海
2026-01-31,豇豆,3.7,3.3,4.1,1,海
2026-02-01,豇豆,3.7,3.3,4.1,1,海
2026-02-02,豇豆,3.7,3.3,4.1,1,海
2026-02-03,豇豆,3.7,3.3,4.1,1,海
2026-02-04,豇豆,4.15,3.3,5.0,1,海
2026-02-05,豇豆,4.7,4.0,5.4,1,海
2026-02-06,豇豆,4.75,4.0,5.5,1,海
2026-02-07,豇豆,4.75,4.0,5.5,1,海
2026-02-08,豇豆,4.15,3.3,5.0,1,海
2026-02-09,豇豆,4.15,3.3,5.0,1,海
2026-02-10,豇豆,4.4,3.3,5.5,1,海
2026-02-11,豇豆,6.85,6.0,7.7,1,海
2026-02-12,豇豆,6.85,6.0,7.7,1,海
2026-02-13,豇豆,5.65,4.5,6.8,1,海
2026-02-14,豇豆,5.4,4.5,6.3,1,海
2026-02-15,豇豆,5.25,4.5,6.0,1,海
2026-02-16,豇豆,5.25,4.5,6.0,1,海
2026-02-24,豇豆,5.45,4.5,6.4,1,海
2026-02-25,豇豆,5.45,4.5,6.4,1,海
2026-02-26,豇豆,5.45,4.5,6.4,1,海
2026-02-27,豇豆,5.45,4.5,6.4,1,海
2026-02-28,豇豆,5.0,4.0,6.0,1,海
2026-03-01,豇豆,4.0,3.0,5.0,1,海
2026-03-02,豇豆,3.9,2.8,5.0,1,海
2026-03-03,豇豆,3.9,2.8,5.0,1,海
2026-03-04,豇豆,3.9,2.8,5.0,1,海
2026-03-05,豇豆,3.9,2.8,5.0,1,海
2026-03-06,豇豆,3.9,2.8,5.0,1,海
2026-03-07,豇豆,4.0,3.0,5.0,1,海
2026-03-08,豇豆,4.0,3.0,5.0,1,海
2026-03-09,豇豆,4.5,3.5,5.5,1,海
2026-03-10,豇豆,4.5,3.5,5.5,1,海
2026-03-11,豇豆,4.75,4.0,5.5,1,海
2026-03-12,豇豆,5.0,4.0,6.0,1,海
2026-03-13,豇豆,5.0,4.0,6.0,1,海
2026-03-14,豇豆,5.0,4.0,6.0,1,海
2026-03-15,豇豆,5.0,4.0,6.0,1,海
2026-03-16,豇豆,5.25,4.5,6.0,1,海
2026-03-17,豇豆,5.25,4.5,6.0,1,海
2026-03-18,豇豆,5.25,4.5,6.0,1,海
2026-03-19,豇豆,5.7,5.0,6.4,1,海
2026-03-20,豇豆,5.85,5.0,6.7,1,海
2026-03-21,豇豆,5.85,5.0,6.7,1,海
2026-03-22,豇豆,5.85,5.0,6.7,1,海
2026-03-23,豇豆,6.0,5.0,7.0,1,海
2026-03-24,豇豆,6.25,5.5,7.0,1,海
2026-03-25,豇豆,6.25,5.5,7.0,1,海
2026-03-26,豇豆,5.25,4.5,6.0,1,海
2026-03-27,豇豆,5.25,4.5,6.0,1,海
2026-03-28,豇豆,5.25,4.5,6.0,1,海
2026-03-29,豇豆,4.4,3.8,5.0,1,海
2026-03-30,豇豆,4.4,3.8,5.0,1,海
2026-03-31,豇豆,4.0,3.8,4.2,1,海
2026-04-01,豇豆,4.0,3.8,4.2,1,海
2026-04-02,豇豆,4.0,3.8,4.2,1,海
2026-04-03,豇豆,4.4,4.0,4.8,1,海
2026-04-04,豇豆,4.75,4.5,5.0,1,海
2026-04-05,豇豆,4.75,4.5,5.0,1,海
2026-04-06,豇豆,4.75,4.5,5.0,1,海
2026-04-07,豇豆,4.75,4.5,5.0,1,海
2026-04-08,豇豆,4.75,4.5,5.0,1,海
2026-04-09,豇豆,4.4,3.8,5.0,1,海
2026-04-10,豇豆,2.9,2.8,3.0,1,海
2026-04-11,豇豆,2.65,2.3,3.0,1,海
2026-04-12,豇豆,3.25,3.0,3.5,1,海
2026-04-13,豇豆,3.25,3.0,3.5,1,海
2026-04-14,豇豆,3.0,2.5,3.5,1,海
2026-04-15,豇豆,2.4,2.2,2.6,1,海
2026-04-16,豇豆,2.4,2.2,2.6,1,海
2026-04-17,豇豆,2.55,2.3,2.8,1,海
2026-04-18,豇豆,2.55,2.3,2.8,1,海
2026-04-19,豇豆,2.55,2.3,2.8,1,海
2026-04-20,豇豆,3.55,2.6,4.5,1,桂冀
2026-04-21,豇豆,3.95,3.2,4.7,1,桂冀
2026-04-22,豇豆,4.1,3.5,4.7,1,桂冀
2026-04-23,豇豆,4.25,3.8,4.7,1,桂冀
2026-04-24,豇豆,4.15,3.5,4.8,1,桂冀
2026-04-25,豇豆,4.35,3.5,5.2,1,桂冀
2026-04-26,豇豆,4.4,3.6,5.2,1,桂冀
2026-04-27,豇豆,4.2,3.6,4.8,1,桂冀
2026-04-28,豇豆,4.2,3.8,4.6,1,桂冀
2026-04-29,豇豆,4.35,3.8,4.9,1,桂冀
2026-04-30,豇豆,4.5,4.0,5.0,1,桂冀
2026-05-01,豇豆,4.65,4.3,5.0,1,桂冀
2026-05-02,豇豆,4.9,4.5,5.3,1,桂冀
2026-05-03,豇豆,4.95,4.7,5.2,1,桂冀
2026-05-04,豇豆,4.85,4.5,5.2,1,桂冀
2026-05-05,豇豆,4.85,4.5,5.2,1,桂冀
2026-05-06,豇豆,4.65,4.3,5.0,1,桂冀
2026-05-07,豇豆,4.65,4.3,5.0,1,桂冀
2026-05-08,豇豆,4.3,3.8,4.8,1,桂冀
2026-05-09,豇豆,4.25,3.7,4.8,1,桂冀
2026-05-10,豇豆,4.15,3.5,4.8,1,桂冀
2026-05-11,豇豆,4.0,3.5,4.5,1,鲁冀
2026-05-12,豇豆,3.4,2.8,4.0,1,鲁冀
2026-05-13,豇豆,3.1,2.5,3.7,1,鲁冀
2026-05-14,豇豆,2.9,2.3,3.5,1,鲁冀
2026-05-15,豇豆,2.65,2.0,3.3,1,鲁冀
2026-05-16,豇豆,2.9,2.3,3.5,1,鲁冀
2026-05-17,豇豆,2.9,2.3,3.5,1,鲁冀
2026-05-18,豇豆,2.9,2.3,3.5,1,鲁冀
2026-05-19,豇豆,2.9,2.3,3.5,1,鲁冀
2026-05-20,豇豆,2.9,2.3,3.5,1,鲁冀
2026-05-21,豇豆,3.2,2.7,3.7,1,鲁冀
2026-05-22,豇豆,3.2,2.7,3.7,1,鲁冀
2026-05-23,豇豆,3.45,2.9,4.0,1,鲁冀
2026-05-24,豇豆,3.45,2.9,4.0,1,鲁冀
2026-05-25,豇豆,3.45,2.9,4.0,1,鲁冀
2026-05-26,豇豆,3.2,2.9,3.5,1,鲁冀
2026-05-27,豇豆,3.0,2.5,3.5,1,鲁冀
2026-05-28,豇豆,3.25,2.8,3.7,1,鲁冀
2026-05-29,豇豆,3.15,2.8,3.5,1,鲁冀
2026-05-30,豇豆,3.15,2.8,3.5,1,鲁冀
2026-05-31,豇豆,2.95,2.4,3.5,1,鲁冀
2026-06-01,豇豆,2.35,2.0,2.7,1,鲁冀
2026-06-02,豇豆,2.1,1.7,2.5,1,鲁冀
2026-06-03,豇豆,2.4,2.0,2.8,1,鲁冀
2026-06-04,豇豆,2.8,2.3,3.3,1,鲁冀
2026-06-05,豇豆,2.9,2.3,3.5,1,鲁冀
2026-06-06,豇豆,3.15,2.5,3.8,1,鲁冀
2026-06-07,豇豆,3.15,2.5,3.8,1,鲁冀
2026-06-08,豇豆,3.15,2.5,3.8,1,鲁冀
2026-06-09,豇豆,3.5,3.0,4.0,1,鲁冀
2026-06-10,豇豆,2.9,2.3,3.5,1,鲁冀
2026-06-11,豇豆,2.65,2.3,3.0,1,鲁冀
2026-06-12,豇豆,3.0,2.5,3.5,1,鲁冀
2026-06-13,豇豆,2.7,2.2,3.2,1,鲁冀
2026-06-14,豇豆,2.6,2.2,3.0,1,鲁冀
2026-06-15,豇豆,2.6,2.2,3.0,1,鲁冀
2026-06-16,豇豆,2.25,2.0,2.5,1,鲁冀
2026-06-17,豇豆,2.25,2.0,2.5,1,鲁冀
2026-06-18,豇豆,2.25,2.0,2.5,1,鲁冀
2026-06-19,豇豆,1.8,1.6,2.0,1,鲁冀
2026-06-20,豇豆,1.9,1.6,2.2,1,鲁冀
2026-06-21,豇豆,1.75,1.3,2.2,1,鲁冀
2026-06-22,豇豆,2.1,1.7,2.5,1,鲁冀
2026-06-23,豇豆,1.95,1.6,2.3,1,鲁冀
2026-06-24,豇豆,1.95,1.6,2.3,1,鲁冀
2026-06-25,豇豆,1.9,1.6,2.2,1,鲁冀
2026-06-26,豇豆,1.7,1.4,2.0,1,鲁冀
2026-06-27,豇豆,1.8,1.4,2.2,1,鲁冀
2026-06-28,豇豆,1.8,1.4,2.2,1,鲁冀
2026-06-29,豇豆,1.8,1.4,2.2,1,鲁冀
2026-06-30,豇豆,1.5,1.2,1.8,1,鲁冀
2026-07-01,豇豆,1.5,1.2,1.8,1,鲁冀
2026-07-02,豇豆,1.5,1.2,1.8,1,鲁冀
2026-07-03,豇豆,1.35,1.2,1.5,1,鲁冀
2026-07-04,豇豆,1.35,1.2,1.5,1,鲁冀
2026-07-05,豇豆,1.05,0.8,1.3,1,鲁冀
2026-07-06,豇豆,1.15,0.8,1.5,1,鲁冀
2026-07-07,豇豆,1.15,0.8,1.5,1,鲁冀
2026-07-08,豇豆,1.15,0.8,1.5,1,鲁冀
2026-07-09,豇豆,1.25,0.8,1.7,1,鲁冀
2026-07-10,豇豆,1.25,0.8,1.7,1,鲁冀
2026-07-11,豇豆,1.25,0.8,1.7,1,鲁冀
2026-07-12,豇豆,3.0,2.5,3.5,1,鲁冀
2026-07-13,豇豆,2.0,1.5,2.5,1,鲁冀
2026-07-14,豇豆,2.2,1.6,2.8,1,鲁冀
2026-07-15,豇豆,2.0,1.5,2.5,1,鲁冀
2026-07-16,豇豆,2.0,1.5,2.5,1,鲁冀
2026-07-17,豇豆,1.85,1.5,2.2,1,鲁冀
2026-07-18,豇豆,2.25,1.8,2.7,1,鲁冀
2026-07-19,豇豆,2.25,1.8,2.7,1,鲁冀
2026-07-20,豇豆,2.75,2.0,3.5,1,鲁冀
2026-07-21,豇豆,2.9,2.0,3.8,1,鲁冀
2026-07-22,豇豆,3.65,3.0,4.3,1,鲁冀
2026-07-23,豇豆,3.4,3.0,3.8,1,鲁冀
2026-07-24,豇豆,3.25,3.0,3.5,1,鲁冀
2026-07-25,豇豆,3.5,3.0,4.0,1,鲁冀
2026-07-26,豇豆,3.2,2.6,3.8,1,鲁冀
2026-07-27,豇豆,3.0,2.5,3.5,1,鲁冀
2026-07-28,豇豆,2.5,2.0,3.0,1,鲁冀
2026-07-29,豇豆,1.9,1.5,2.3,1,鲁冀
2026-07-30,豇豆,1.75,1.5,2.0,1,鲁冀
2026-07-31,豇豆,1.75,1.5,2.0,1,鲁冀
2026-08-01,豇豆,1.75,1.5,2.0,1,鲁冀
2026-08-02,豇豆,1.75,1.5,2.0,1,鲁冀
2026-08-03,豇豆,1.75,1.5,2.0,1,鲁冀
2026-08-04,豇豆,1.75,1.5,2.0,1,鲁冀
2026-08-05,豇豆,1.75,1.5,2.0,1,鲁冀
2026-08-06,豇豆,2.0,1.8,2.2,1,鲁冀
2026-08-07,豇豆,1.7,1.2,2.2,1,鲁冀
2026-08-08,豇豆,1.85,1.2,2.5,1,鲁冀
2026-08-09,豇豆,1.85,1.2,2.5,1,鲁冀
2026-08-10,豇豆,2.4,2.0,2.8,1,鲁冀
2026-08-11,豇豆,3.3,2.8,3.8,1,鲁冀
2026-01-01,豌豆苗,5.75,5.5,6.0,1,
2026-01-02,豌豆苗,5.75,5.5,6.0,1,
2026-01-05,豌豆苗,5.75,5.5,6.0,1,
2026-01-06,豌豆苗,5.5,5.0,6.0,1,
2026-01-07,豌豆苗,5.15,4.5,5.8,1,
2026-01-08,豌豆苗,5.15,4.5,5.8,1,
2026-01-09,豌豆苗,5.15,4.5,5.8,1,
2026-01-12,豌豆苗,5.15,4.5,5.8,1,
2026-01-13,豌豆苗,5.15,4.5,5.8,1,
2026-01-14,豌豆苗,5.15,4.5,5.8,1,
2026-01-15,豌豆苗,5.15,4.5,5.8,1,
2026-01-16,豌豆苗,5.15,4.5,5.8,1,
2026-01-19,豌豆苗,5.15,4.5,5.8,1,
2026-01-20,豌豆苗,5.15,4.5,5.8,1,
2026-01-21,豌豆苗,5.15,4.5,5.8,1,
2026-01-22,豌豆苗,5.15,4.5,5.8,1,
2026-01-23,豌豆苗,5.15,4.5,5.8,1,
2026-01-26,豌豆苗,5.15,4.5,5.8,1,
2026-01-27,豌豆苗,5.15,4.5,5.8,1,
2026-01-28,豌豆苗,5.3,4.8,5.8,1,
2026-01-29,豌豆苗,5.3,4.8,5.8,1,
2026-01-30,豌豆苗,5.3,4.8,5.8,1,
2026-02-02,豌豆苗,5.3,4.8,5.8,1,
2026-02-03,豌豆苗,5.15,4.8,5.5,1,
2026-02-04,豌豆苗,5.15,4.8,5.5,1,
2026-02-05,豌豆苗,5.15,4.8,5.5,1,
2026-02-06,豌豆苗,5.15,4.8,5.5,1,
2026-02-09,豌豆苗,5.15,4.8,5.5,1,
2026-02-10,豌豆苗,5.15,4.8,5.5,1,
2026-02-11,豌豆苗,5.15,4.8,5.5,1,
2026-02-12,豌豆苗,5.15,4.8,5.5,1,
2026-02-13,豌豆苗,5.4,4.8,6.0,1,
2026-02-24,豌豆苗,5.4,4.8,6.0,1,
2026-02-25,豌豆苗,5.4,4.8,6.0,1,
2026-02-26,豌豆苗,5.4,4.8,6.0,1,
2026-02-27,豌豆苗,5.4,4.8,6.0,1,
2026-03-02,豌豆苗,5.4,4.8,6.0,1,
2026-03-03,豌豆苗,5.4,4.8,6.0,1,
2026-03-04,豌豆苗,5.4,4.8,6.0,1,
2026-03-05,豌豆苗,5.4,4.8,6.0,1,
2026-03-06,豌豆苗,5.4,4.8,6.0,1,
2026-03-09,豌豆苗,6.25,6.0,6.5,1,
2026-03-10,豌豆苗,8.0,7.5,8.5,1,
2026-03-11,豌豆苗,8.0,7.5,8.5,1,
2026-03-12,豌豆苗,8.0,7.5,8.5,1,
2026-03-13,豌豆苗,7.5,7.0,8.0,1,
2026-03-16,豌豆苗,6.25,6.0,6.5,1,
2026-03-17,豌豆苗,5.0,4.5,5.5,1,
2026-03-18,豌豆苗,5.0,4.5,5.5,1,
2026-03-19,豌豆苗,5.0,4.5,5.5,1,
2026-03-20,豌豆苗,5.0,4.5,5.5,1,
2026-03-23,豌豆苗,5.0,4.5,5.5,1,
2026-03-24,豌豆苗,5.5,5.0,6.0,1,
2026-03-25,豌豆苗,5.5,5.0,6.0,1,
2026-03-26,豌豆苗,5.5,5.0,6.0,1,
2026-03-27,豌豆苗,5.5,5.0,6.0,1,
2026-03-30,豌豆苗,5.5,5.0,6.0,1,
2026-03-31,豌豆苗,5.5,5.0,6.0,1,
2026-04-01,豌豆苗,5.5,5.0,6.0,1,
2026-04-02,豌豆苗,5.5,5.0,6.0,1,
2026-04-03,豌豆苗,5.25,5.0,5.5,1,
2026-04-06,豌豆苗,5.5,5.0,6.0,1,
2026-04-07,豌豆苗,5.25,5.0,5.5,1,
2026-04-08,豌豆苗,5.25,5.0,5.5,1,
2026-04-09,豌豆苗,5.25,5.0,5.5,1,
2026-04-10,豌豆苗,5.25,5.0,5.5,1,
2026-04-13,豌豆苗,5.25,5.0,5.5,1,
2026-04-14,豌豆苗,5.25,5.0,5.5,1,
2026-04-15,豌豆苗,5.25,5.0,5.5,1,
2026-04-16,豌豆苗,5.25,5.0,5.5,1,
2026-04-17,豌豆苗,5.25,5.0,5.5,1,
2026-04-20,豌豆苗,5.75,5.5,6.0,1,
2026-04-21,豌豆苗,5.75,5.5,6.0,1,
2026-04-22,豌豆苗,5.25,5.0,5.5,1,
2026-04-23,豌豆苗,5.25,5.0,5.5,1,
2026-04-24,豌豆苗,5.25,5.0,5.5,1,
2026-04-27,豌豆苗,5.25,5.0,5.5,1,
2026-04-28,豌豆苗,5.25,5.0,5.5,1,
2026-04-29,豌豆苗,5.25,5.0,5.5,1,
2026-04-30,豌豆苗,5.25,5.0,5.5,1,
2026-05-01,豌豆苗,5.25,5.0,5.5,1,
2026-05-04,豌豆苗,5.35,5.2,5.5,1,
2026-05-05,豌豆苗,5.35,5.2,5.5,1,
2026-05-06,豌豆苗,5.35,5.2,5.5,1,
2026-05-07,豌豆苗,5.35,5.2,5.5,1,
2026-05-08,豌豆苗,5.25,5.0,5.5,1,
2026-05-11,豌豆苗,5.05,4.8,5.3,1,
2026-05-12,豌豆苗,5.05,4.8,5.3,1,
2026-05-13,豌豆苗,5.05,4.8,5.3,1,
2026-05-14,豌豆苗,5.05,4.8,5.3,1,
2026-05-15,豌豆苗,5.05,4.8,5.3,1,
2026-05-18,豌豆苗,5.05,4.8,5.3,1,
2026-05-19,豌豆苗,5.05,4.8,5.3,1,
2026-05-20,豌豆苗,5.05,4.8,5.3,1,
2026-05-21,豌豆苗,5.05,4.8,5.3,1,
2026-05-22,豌豆苗,5.25,5.0,5.5,1,
2026-05-25,豌豆苗,5.05,4.8,5.3,1,
2026-05-26,豌豆苗,5.05,4.8,5.3,1,
2026-05-27,豌豆苗,5.0,4.5,5.5,1,
2026-05-28,豌豆苗,5.0,4.5,5.5,1,
2026-05-29,豌豆苗,5.0,4.5,5.5,1,
2026-06-01,豌豆苗,5.0,4.5,5.5,1,
2026-06-02,豌豆苗,4.75,4.5,5.0,1,
2026-06-03,豌豆苗,4.75,4.5,5.0,1,
2026-06-04,豌豆苗,4.75,4.5,5.0,1,
2026-06-05,豌豆苗,4.75,4.5,5.0,1,
2026-06-08,豌豆苗,5.15,4.8,5.5,1,
2026-06-09,豌豆苗,4.75,4.5,5.0,1,
2026-06-10,豌豆苗,4.75,4.5,5.0,1,
2026-06-11,豌豆苗,4.75,4.5,5.0,1,
2026-06-12,豌豆苗,4.75,4.5,5.0,1,
2026-06-15,豌豆苗,5.0,4.5,5.5,1,
2026-06-16,豌豆苗,5.0,4.5,5.5,1,
2026-06-17,豌豆苗,4.75,4.5,5.0,1,
2026-06-18,豌豆苗,4.75,4.5,5.0,1,
2026-06-19,豌豆苗,4.75,4.5,5.0,1,
2026-06-22,豌豆苗,5.1,5.0,5.2,1,
2026-06-23,豌豆苗,4.75,4.5,5.0,1,
2026-06-24,豌豆苗,4.75,4.5,5.0,1,
2026-06-25,豌豆苗,4.75,4.5,5.0,1,
2026-06-26,豌豆苗,4.75,4.5,5.0,1,
2026-06-29,豌豆苗,4.75,4.5,5.0,1,
2026-06-30,豌豆苗,4.75,4.5,5.0,1,
2026-07-01,豌豆苗,4.75,4.5,5.0,1,
2026-07-02,豌豆苗,4.75,4.5,5.0,1,
2026-07-03,豌豆苗,4.75,4.5,5.0,1,
2026-07-06,豌豆苗,4.75,4.5,5.0,1,
2026-07-07,豌豆苗,4.75,4.5,5.0,1,
2026-07-08,豌豆苗,4.75,4.5,5.0,1,
2026-07-09,豌豆苗,4.75,4.5,5.0,1,
2026-07-10,豌豆苗,4.75,4.5,5.0,1,
2026-07-13,豌豆苗,5.0,4.7,5.3,1,
2026-07-14,豌豆苗,5.0,4.7,5.3,1,
2026-07-15,豌豆苗,5.0,4.7,5.3,1,
2026-07-16,豌豆苗,5.0,4.7,5.3,1,
2026-07-17,豌豆苗,5.0,4.7,5.3,1,
2026-07-20,豌豆苗,5.0,4.7,5.3,1,
2026-07-21,豌豆苗,5.0,4.7,5.3,1,
2026-07-22,豌豆苗,5.0,4.7,5.3,1,
2026-07-23,豌豆苗,5.0,4.7,5.3,1,
2026-07-24,豌豆苗,5.0,4.7,5.3,1,
2026-07-27,豌豆苗,5.0,4.7,5.3,1,
2026-07-28,豌豆苗,5.0,4.7,5.3,1,
2026-07-29,豌豆苗,5.0,4.7,5.3,1,
2026-07-30,豌豆苗,5.0,4.7,5.3,1,
2026-07-31,豌豆苗,5.0,4.7,5.3,1,
2026-08-03,豌豆苗,5.0,4.7,5.3,1,
2026-08-04,豌豆苗,5.0,4.7,5.3,1,
2026-08-05,豌豆苗,5.0,4.7,5.3,1,
2026-08-06,豌豆苗,5.0,4.7,5.3,1,
2026-08-07,豌豆苗,5.35,4.7,6.0,1,
2026-08-10,豌豆苗,7.25,7.0,7.5,1,
2026-08-11,豌豆苗,7.25,7.0,7.5,1,
2026-01-01,贝贝南瓜,3.4,3.3,3.5,1,桂粤
2026-01-02,贝贝南瓜,3.4,3.3,3.5,1,桂粤
2026-01-03,贝贝南瓜,3.4,3.3,3.5,1,桂粤
2026-01-04,贝贝南瓜,3.15,3.0,3.3,1,桂粤
2026-01-05,贝贝南瓜,3.15,3.0,3.3,1,桂粤
2026-01-06,贝贝南瓜,3.15,3.0,3.3,1,桂粤
2026-01-07,贝贝南瓜,3.15,3.0,3.3,1,桂粤
2026-01-08,贝贝南瓜,3.15,3.0,3.3,1,桂粤
2026-01-09,贝贝南瓜,2.9,2.8,3.0,1,桂粤
2026-01-10,贝贝南瓜,2.9,2.8,3.0,1,桂粤
2026-01-11,贝贝南瓜,2.9,2.8,3.0,1,桂粤
2026-01-12,贝贝南瓜,2.8,2.6,3.0,1,桂粤
2026-01-13,贝贝南瓜,2.7,2.6,2.8,1,桂粤
2026-01-14,贝贝南瓜,2.7,2.6,2.8,1,桂粤
2026-01-15,贝贝南瓜,2.7,2.6,2.8,1,桂粤
2026-01-16,贝贝南瓜,2.7,2.6,2.8,1,桂粤
2026-01-17,贝贝南瓜,2.7,2.6,2.8,1,桂粤
2026-01-18,贝贝南瓜,2.7,2.6,2.8,1,桂粤
2026-01-19,贝贝南瓜,2.7,2.6,2.8,1,桂粤
2026-01-20,贝贝南瓜,2.7,2.6,2.8,1,桂粤
2026-01-21,贝贝南瓜,2.7,2.6,2.8,1,桂粤
2026-01-22,贝贝南瓜,2.7,2.6,2.8,1,桂粤
2026-01-23,贝贝南瓜,2.7,2.6,2.8,1,桂粤
2026-01-24,贝贝南瓜,2.7,2.6,2.8,1,桂粤
2026-01-25,贝贝南瓜,2.7,2.6,2.8,1,桂粤
2026-01-26,贝贝南瓜,2.55,2.5,2.6,1,桂粤
2026-01-27,贝贝南瓜,2.55,2.5,2.6,1,桂粤
2026-01-28,贝贝南瓜,2.5,2.4,2.6,1,桂粤
2026-01-29,贝贝南瓜,2.5,2.4,2.6,1,桂粤
2026-01-30,贝贝南瓜,2.5,2.4,2.6,1,桂粤
2026-01-31,贝贝南瓜,2.5,2.4,2.6,1,桂粤
2026-02-01,贝贝南瓜,2.5,2.4,2.6,1,桂粤
2026-02-02,贝贝南瓜,2.5,2.4,2.6,1,桂粤
2026-02-03,贝贝南瓜,2.5,2.4,2.6,1,桂粤
2026-02-04,贝贝南瓜,2.5,2.4,2.6,1,桂粤
2026-02-05,贝贝南瓜,2.5,2.4,2.6,1,桂粤
2026-02-06,贝贝南瓜,2.5,2.4,2.6,1,桂粤
2026-02-07,贝贝南瓜,2.5,2.4,2.6,1,桂粤
2026-02-08,贝贝南瓜,2.5,2.4,2.6,1,桂粤
2026-02-09,贝贝南瓜,2.5,2.4,2.6,1,桂粤
2026-02-10,贝贝南瓜,2.5,2.4,2.6,1,桂粤
2026-02-11,贝贝南瓜,2.5,2.4,2.6,1,桂粤
2026-02-12,贝贝南瓜,2.5,2.4,2.6,1,桂粤
2026-02-13,贝贝南瓜,2.5,2.4,2.6,1,桂粤
2026-02-14,贝贝南瓜,2.5,2.4,2.6,1,桂粤
2026-02-15,贝贝南瓜,2.5,2.4,2.6,1,桂粤
2026-02-16,贝贝南瓜,2.5,2.4,2.6,1,桂粤
2026-02-24,贝贝南瓜,2.5,2.4,2.6,1,桂粤
2026-02-25,贝贝南瓜,2.5,2.4,2.6,1,桂粤
2026-02-26,贝贝南瓜,2.5,2.4,2.6,1,桂粤
2026-02-27,贝贝南瓜,2.5,2.4,2.6,1,桂粤
2026-02-28,贝贝南瓜,2.5,2.4,2.6,1,桂粤
2026-03-01,贝贝南瓜,2.5,2.4,2.6,1,桂粤
2026-03-02,贝贝南瓜,2.5,2.4,2.6,1,桂粤
2026-03-03,贝贝南瓜,2.2,2.1,2.3,1,桂粤
2026-03-04,贝贝南瓜,2.2,2.1,2.3,1,桂粤
2026-03-05,贝贝南瓜,2.2,2.1,2.3,1,桂粤
2026-03-06,贝贝南瓜,2.2,2.1,2.3,1,桂粤
2026-03-07,贝贝南瓜,2.2,2.1,2.3,1,桂粤
2026-03-08,贝贝南瓜,2.2,2.1,2.3,1,桂粤
2026-03-09,贝贝南瓜,2.1,2.0,2.2,1,桂粤
2026-03-10,贝贝南瓜,2.1,2.0,2.2,1,桂粤
2026-03-11,贝贝南瓜,2.1,2.0,2.2,1,桂粤
2026-03-12,贝贝南瓜,2.1,2.0,2.2,1,桂粤
2026-03-13,贝贝南瓜,2.1,2.0,2.2,1,桂粤
2026-03-14,贝贝南瓜,2.1,2.0,2.2,1,桂粤
2026-03-15,贝贝南瓜,2.05,2.0,2.1,1,桂粤
2026-03-16,贝贝南瓜,2.05,2.0,2.1,1,桂粤
2026-03-17,贝贝南瓜,1.9,1.8,2.0,1,桂粤
2026-03-18,贝贝南瓜,1.9,1.8,2.0,1,桂粤
2026-03-19,贝贝南瓜,1.9,1.8,2.0,1,鲁粤
2026-03-20,贝贝南瓜,1.9,1.8,2.0,1,桂粤
2026-03-21,贝贝南瓜,1.9,1.8,2.0,1,桂粤
2026-03-22,贝贝南瓜,1.9,1.8,2.0,1,桂粤
2026-03-23,贝贝南瓜,1.7,1.6,1.8,1,桂粤
2026-03-24,贝贝南瓜,1.7,1.6,1.8,1,桂粤
2026-03-25,贝贝南瓜,1.7,1.6,1.8,1,桂粤
2026-03-26,贝贝南瓜,1.65,1.5,1.8,1,桂粤
2026-03-27,贝贝南瓜,1.65,1.5,1.8,1,桂粤
2026-03-28,贝贝南瓜,1.65,1.5,1.8,1,桂粤
2026-03-29,贝贝南瓜,1.55,1.5,1.6,1,桂粤
2026-03-30,贝贝南瓜,1.55,1.5,1.6,1,桂粤
2026-03-31,贝贝南瓜,1.55,1.5,1.6,1,桂粤
2026-04-01,贝贝南瓜,1.45,1.3,1.6,1,桂粤
2026-04-02,贝贝南瓜,1.45,1.3,1.6,1,桂粤
2026-04-03,贝贝南瓜,1.4,1.3,1.5,1,桂粤
2026-04-04,贝贝南瓜,1.4,1.3,1.5,1,桂粤
2026-04-05,贝贝南瓜,1.4,1.3,1.5,1,海粤
2026-04-06,贝贝南瓜,1.4,1.3,1.5,1,海粤
2026-04-07,贝贝南瓜,1.4,1.3,1.5,1,海粤
2026-04-08,贝贝南瓜,1.4,1.3,1.5,1,海粤
2026-04-09,贝贝南瓜,1.4,1.3,1.5,1,海粤
2026-04-10,贝贝南瓜,1.4,1.3,1.5,1,海粤
2026-04-11,贝贝南瓜,1.55,1.5,1.6,1,海粤
2026-04-12,贝贝南瓜,1.55,1.5,1.6,1,海粤
2026-04-13,贝贝南瓜,1.55,1.5,1.6,1,海粤
2026-04-14,贝贝南瓜,1.55,1.5,1.6,1,海粤
2026-04-15,贝贝南瓜,1.55,1.5,1.6,1,海粤
2026-04-16,贝贝南瓜,1.55,1.5,1.6,1,海粤
2026-04-17,贝贝南瓜,1.55,1.5,1.6,1,海粤
2026-04-18,贝贝南瓜,1.55,1.5,1.6,1,海粤
2026-04-19,贝贝南瓜,1.55,1.5,1.6,1,海粤
2026-04-20,贝贝南瓜,1.55,1.5,1.6,1,海粤
2026-04-21,贝贝南瓜,1.55,1.5,1.6,1,海粤
2026-04-22,贝贝南瓜,1.55,1.5,1.6,1,海粤
2026-04-23,贝贝南瓜,1.45,1.3,1.6,1,海粤
2026-04-24,贝贝南瓜,1.45,1.3,1.6,1,海粤
2026-04-25,贝贝南瓜,1.45,1.3,1.6,1,海粤
2026-04-26,贝贝南瓜,1.45,1.3,1.6,1,海粤
2026-04-27,贝贝南瓜,1.45,1.3,1.6,1,海粤
2026-04-28,贝贝南瓜,1.45,1.3,1.6,1,海粤
2026-04-29,贝贝南瓜,1.45,1.3,1.6,1,海粤
2026-04-30,贝贝南瓜,1.45,1.3,1.6,1,海粤
2026-05-01,贝贝南瓜,1.45,1.3,1.6,1,海粤
2026-05-02,贝贝南瓜,1.45,1.3,1.6,1,海粤
2026-05-03,贝贝南瓜,1.45,1.3,1.6,1,海粤
2026-05-04,贝贝南瓜,1.45,1.3,1.6,1,海粤
2026-05-05,贝贝南瓜,1.45,1.3,1.6,1,海粤
2026-05-06,贝贝南瓜,1.45,1.3,1.6,1,海粤
2026-05-07,贝贝南瓜,1.45,1.3,1.6,1,海粤
2026-05-08,贝贝南瓜,1.45,1.3,1.6,1,海粤
2026-05-09,贝贝南瓜,1.45,1.3,1.6,1,海粤
2026-05-10,贝贝南瓜,1.45,1.3,1.6,1,海粤
2026-05-11,贝贝南瓜,1.45,1.3,1.6,1,海粤
2026-05-12,贝贝南瓜,1.45,1.3,1.6,1,海粤
2026-05-13,贝贝南瓜,1.45,1.3,1.6,1,海粤
2026-05-14,贝贝南瓜,1.45,1.3,1.6,1,海粤
2026-05-15,贝贝南瓜,1.45,1.3,1.6,1,海粤
2026-05-16,贝贝南瓜,1.45,1.3,1.6,1,海粤
2026-05-17,贝贝南瓜,1.45,1.3,1.6,1,海粤
2026-05-18,贝贝南瓜,1.45,1.3,1.6,1,海粤
2026-05-19,贝贝南瓜,1.45,1.3,1.6,1,海粤
2026-05-20,贝贝南瓜,1.45,1.3,1.6,1,桂鲁
2026-05-21,贝贝南瓜,1.45,1.3,1.6,1,桂鲁
2026-05-22,贝贝南瓜,1.45,1.3,1.6,1,桂鲁
2026-05-23,贝贝南瓜,1.45,1.3,1.6,1,桂鲁
2026-05-24,贝贝南瓜,1.45,1.3,1.6,1,桂鲁
2026-05-25,贝贝南瓜,1.45,1.3,1.6,1,桂鲁
2026-05-26,贝贝南瓜,1.45,1.3,1.6,1,桂鲁
2026-05-27,贝贝南瓜,1.4,1.3,1.5,1,桂鲁
2026-05-28,贝贝南瓜,1.4,1.3,1.5,1,桂鲁
2026-05-29,贝贝南瓜,1.55,1.3,1.8,1,桂鲁
2026-05-30,贝贝南瓜,1.55,1.3,1.8,1,桂鲁
2026-05-31,贝贝南瓜,1.55,1.3,1.8,1,桂鲁
2026-06-01,贝贝南瓜,1.55,1.3,1.8,1,桂鲁
2026-06-02,贝贝南瓜,1.55,1.3,1.8,1,桂鲁
2026-06-03,贝贝南瓜,1.55,1.3,1.8,1,桂鲁
2026-06-04,贝贝南瓜,1.55,1.3,1.8,1,桂鲁
2026-06-05,贝贝南瓜,1.55,1.3,1.8,1,桂鲁
2026-06-06,贝贝南瓜,1.55,1.3,1.8,1,桂鲁
2026-06-07,贝贝南瓜,1.55,1.3,1.8,1,桂鲁
2026-06-08,贝贝南瓜,1.55,1.3,1.8,1,桂鲁
2026-06-09,贝贝南瓜,1.55,1.3,1.8,1,桂鲁
2026-06-10,贝贝南瓜,1.55,1.3,1.8,1,桂鲁
2026-06-11,贝贝南瓜,1.55,1.3,1.8,1,桂鲁
2026-06-12,贝贝南瓜,1.55,1.3,1.8,1,桂鲁
2026-06-13,贝贝南瓜,1.55,1.3,1.8,1,桂鲁
2026-06-14,贝贝南瓜,1.55,1.3,1.8,1,桂鲁
2026-06-15,贝贝南瓜,1.55,1.3,1.8,1,桂鲁
2026-06-16,贝贝南瓜,1.55,1.3,1.8,1,桂鲁
2026-06-17,贝贝南瓜,1.55,1.3,1.8,1,桂鲁
2026-06-18,贝贝南瓜,1.55,1.3,1.8,1,桂鲁
2026-06-19,贝贝南瓜,1.55,1.3,1.8,1,桂鲁
2026-06-20,贝贝南瓜,1.55,1.3,1.8,1,桂鲁
2026-06-21,贝贝南瓜,1.55,1.3,1.8,1,桂鲁
2026-06-22,贝贝南瓜,1.55,1.3,1.8,1,桂鲁
2026-06-23,贝贝南瓜,1.55,1.3,1.8,1,桂鲁冀
2026-06-24,贝贝南瓜,1.55,1.3,1.8,1,桂鲁冀
2026-06-25,贝贝南瓜,1.55,1.3,1.8,1,桂鲁冀
2026-06-26,贝贝南瓜,1.55,1.3,1.8,1,桂鲁冀
2026-06-27,贝贝南瓜,1.55,1.3,1.8,1,桂鲁冀
2026-06-28,贝贝南瓜,1.55,1.3,1.8,1,桂鲁冀
2026-06-29,贝贝南瓜,1.55,1.3,1.8,1,桂鲁冀
2026-06-30,贝贝南瓜,1.55,1.3,1.8,1,桂鲁冀
2026-07-01,贝贝南瓜,1.55,1.3,1.8,1,桂鲁冀
2026-07-02,贝贝南瓜,1.55,1.3,1.8,1,桂鲁冀
2026-07-03,贝贝南瓜,1.55,1.3,1.8,1,桂鲁冀
2026-07-04,贝贝南瓜,1.55,1.3,1.8,1,桂鲁冀
2026-07-05,贝贝南瓜,1.55,1.3,1.8,1,桂鲁冀
2026-07-06,贝贝南瓜,1.4,1.3,1.5,1,鲁冀
2026-07-07,贝贝南瓜,1.4,1.3,1.5,1,鲁冀
2026-07-08,贝贝南瓜,1.3,1.2,1.4,1,鲁冀
2026-07-09,贝贝南瓜,1.3,1.2,1.4,1,鲁冀
2026-07-10,贝贝南瓜,1.3,1.2,1.4,1,鲁冀
2026-07-11,贝贝南瓜,1.2,1.1,1.3,1,鲁冀
2026-07-12,贝贝南瓜,1.2,1.1,1.3,1,鲁冀
2026-07-13,贝贝南瓜,1.2,1.1,1.3,1,鲁冀
2026-07-14,贝贝南瓜,1.2,1.1,1.3,1,鲁冀
2026-07-15,贝贝南瓜,1.2,1.1,1.3,1,鲁冀
2026-07-16,贝贝南瓜,1.2,1.1,1.3,1,鲁冀
2026-07-17,贝贝南瓜,1.2,1.1,1.3,1,鲁冀
2026-07-18,贝贝南瓜,1.2,1.1,1.3,1,鲁冀
2026-07-19,贝贝南瓜,1.2,1.1,1.3,1,鲁冀
2026-07-20,贝贝南瓜,1.2,1.1,1.3,1,鲁冀
2026-07-21,贝贝南瓜,1.2,1.1,1.3,1,鲁冀
2026-07-22,贝贝南瓜,1.2,1.1,1.3,1,鲁冀
2026-07-23,贝贝南瓜,1.2,1.1,1.3,1,鲁冀
2026-07-24,贝贝南瓜,1.2,1.1,1.3,1,鲁冀
2026-07-25,贝贝南瓜,1.2,1.1,1.3,1,鲁冀
2026-07-26,贝贝南瓜,1.2,1.1,1.3,1,鲁冀
2026-07-27,贝贝南瓜,1.2,1.1,1.3,1,冀蒙
2026-07-28,贝贝南瓜,1.2,1.1,1.3,1,冀蒙
2026-07-29,贝贝南瓜,1.2,1.1,1.3,1,冀蒙
2026-07-30,贝贝南瓜,1.2,1.1,1.3,1,冀蒙
2026-07-31,贝贝南瓜,1.2,1.1,1.3,1,冀蒙
2026-08-01,贝贝南瓜,1.2,1.1,1.3,1,冀蒙
2026-08-02,贝贝南瓜,1.2,1.1,1.3,1,冀蒙
2026-08-03,贝贝南瓜,1.2,1.1,1.3,1,冀蒙
2026-08-04,贝贝南瓜,1.2,1.1,1.3,1,冀蒙
2026-08-05,贝贝南瓜,1.2,1.1,1.3,1,冀蒙
2026-08-06,贝贝南瓜,1.2,1.1,1.3,1,冀蒙
2026-08-07,贝贝南瓜,1.2,1.1,1.3,1,冀蒙
2026-08-08,贝贝南瓜,1.2,1.1,1.3,1,冀蒙
2026-08-09,贝贝南瓜,1.2,1.1,1.3,1,冀蒙
2026-08-10,贝贝南瓜,1.65,1.5,1.8,1,冀蒙
2026-08-11,贝贝南瓜,1.65,1.5,1.8,1,冀蒙
2026-01-01,金丝南瓜,2.15,2.0,2.3,1,蒙桂
2026-01-02,金丝南瓜,2.15,2.0,2.3,1,蒙桂
2026-01-03,金丝南瓜,2.15,2.0,2.3,1,蒙桂
2026-01-04,金丝南瓜,2.1,2.0,2.2,1,桂
2026-01-05,金丝南瓜,2.1,2.0,2.2,1,桂
2026-01-06,金丝南瓜,1.9,1.8,2.0,1,桂
2026-01-07,金丝南瓜,1.9,1.8,2.0,1,桂
2026-01-08,金丝南瓜,1.9,1.8,2.0,1,桂
2026-01-09,金丝南瓜,1.9,1.8,2.0,1,蒙桂
2026-01-10,金丝南瓜,1.9,1.8,2.0,1,蒙桂
2026-01-11,金丝南瓜,1.8,1.7,1.9,1,蒙桂
2026-01-12,金丝南瓜,1.8,1.7,1.9,1,蒙桂
2026-01-13,金丝南瓜,1.8,1.7,1.9,1,蒙桂
2026-01-14,金丝南瓜,1.8,1.7,1.9,1,蒙桂
2026-01-15,金丝南瓜,1.8,1.7,1.9,1,蒙桂
2026-01-16,金丝南瓜,1.8,1.7,1.9,1,蒙桂
2026-01-17,金丝南瓜,1.8,1.7,1.9,1,蒙桂
2026-01-18,金丝南瓜,1.8,1.7,1.9,1,蒙桂
2026-01-19,金丝南瓜,1.8,1.7,1.9,1,蒙桂
2026-01-20,金丝南瓜,1.8,1.7,1.9,1,蒙桂
2026-01-21,金丝南瓜,1.85,1.8,1.9,1,海桂
2026-01-22,金丝南瓜,2.0,1.8,2.2,1,海桂
2026-01-23,金丝南瓜,2.0,1.8,2.2,1,蒙桂
2026-01-24,金丝南瓜,2.0,1.8,2.2,1,蒙桂
2026-01-25,金丝南瓜,2.0,1.8,2.2,1,海桂
2026-01-26,金丝南瓜,2.1,2.0,2.2,1,海桂
2026-01-27,金丝南瓜,2.45,2.4,2.5,1,海桂粤
2026-01-28,金丝南瓜,2.25,2.0,2.5,1,海桂粤
2026-01-29,金丝南瓜,2.25,2.0,2.5,1,海桂粤
2026-01-30,金丝南瓜,2.25,2.0,2.5,1,海桂粤
2026-01-31,金丝南瓜,2.25,2.0,2.5,1,海桂粤
2026-02-01,金丝南瓜,2.25,2.0,2.5,1,海桂粤
2026-02-02,金丝南瓜,2.25,2.0,2.5,1,海桂粤
2026-02-03,金丝南瓜,2.25,2.0,2.5,1,海桂粤
2026-02-04,金丝南瓜,2.25,2.0,2.5,1,海桂粤
2026-02-05,金丝南瓜,2.25,2.0,2.5,1,海桂粤
2026-02-06,金丝南瓜,2.25,2.0,2.5,1,海桂粤
2026-02-07,金丝南瓜,2.25,2.0,2.5,1,海桂粤
2026-02-08,金丝南瓜,2.25,2.0,2.5,1,海桂粤
2026-02-09,金丝南瓜,2.25,2.0,2.5,1,海桂粤
2026-02-10,金丝南瓜,2.25,2.0,2.5,1,海桂粤
2026-02-11,金丝南瓜,2.25,2.0,2.5,1,海桂粤
2026-02-12,金丝南瓜,2.25,2.0,2.5,1,海桂粤
2026-02-13,金丝南瓜,2.25,2.0,2.5,1,海桂粤
2026-02-14,金丝南瓜,2.25,2.0,2.5,1,海桂粤
2026-02-15,金丝南瓜,2.25,2.0,2.5,1,海桂粤
2026-02-16,金丝南瓜,2.25,2.0,2.5,1,海桂粤
2026-02-24,金丝南瓜,2.25,2.0,2.5,1,海桂粤
2026-02-25,金丝南瓜,2.25,2.0,2.5,1,海桂粤
2026-02-26,金丝南瓜,2.25,2.0,2.5,1,海桂粤
2026-02-27,金丝南瓜,2.25,2.0,2.5,1,海桂粤
2026-02-28,金丝南瓜,2.25,2.0,2.5,1,海桂粤
2026-03-01,金丝南瓜,2.25,2.0,2.5,1,海桂粤
2026-03-02,金丝南瓜,2.45,2.4,2.5,1,海桂粤
2026-03-03,金丝南瓜,2.45,2.4,2.5,1,海桂粤
2026-03-04,金丝南瓜,2.45,2.4,2.5,1,海桂粤
2026-03-05,金丝南瓜,2.45,2.4,2.5,1,海桂粤
2026-03-06,金丝南瓜,2.45,2.4,2.5,1,海桂粤
2026-03-07,金丝南瓜,2.45,2.4,2.5,1,海桂粤
2026-03-08,金丝南瓜,2.45,2.4,2.5,1,海桂粤
2026-03-09,金丝南瓜,2.3,2.2,2.4,1,海桂粤
2026-03-10,金丝南瓜,2.3,2.2,2.4,1,海桂粤
2026-03-11,金丝南瓜,2.3,2.2,2.4,1,海桂粤
2026-03-12,金丝南瓜,2.3,2.2,2.4,1,海桂粤
2026-03-13,金丝南瓜,2.3,2.2,2.4,1,海桂粤
2026-03-14,金丝南瓜,2.3,2.2,2.4,1,海桂粤
2026-03-15,金丝南瓜,2.1,2.0,2.2,1,海桂粤
2026-03-16,金丝南瓜,2.1,2.0,2.2,1,海桂粤
2026-03-17,金丝南瓜,2.1,2.0,2.2,1,海桂粤
2026-03-18,金丝南瓜,1.9,1.8,2.0,1,海桂粤
2026-03-19,金丝南瓜,1.9,1.8,2.0,1,海桂粤
2026-03-20,金丝南瓜,1.9,1.8,2.0,1,海桂粤
2026-03-21,金丝南瓜,1.9,1.8,2.0,1,海桂粤
2026-03-22,金丝南瓜,1.9,1.8,2.0,1,海桂粤
2026-03-23,金丝南瓜,1.8,1.7,1.9,1,海桂粤
2026-03-24,金丝南瓜,1.8,1.7,1.9,1,海桂粤
2026-03-25,金丝南瓜,1.8,1.7,1.9,1,海桂粤
2026-03-26,金丝南瓜,1.7,1.6,1.8,1,海桂粤
2026-03-27,金丝南瓜,1.7,1.6,1.8,1,海桂粤
2026-03-28,金丝南瓜,1.65,1.5,1.8,1,海桂粤
2026-03-29,金丝南瓜,1.55,1.5,1.6,1,海桂粤
2026-03-30,金丝南瓜,1.55,1.5,1.6,1,海桂粤
2026-03-31,金丝南瓜,1.55,1.5,1.6,1,海桂粤
2026-04-01,金丝南瓜,1.55,1.5,1.6,1,海桂粤
2026-04-02,金丝南瓜,1.55,1.5,1.6,1,海桂粤
2026-04-03,金丝南瓜,1.55,1.5,1.6,1,海桂粤
2026-04-04,金丝南瓜,1.55,1.5,1.6,1,海桂粤
2026-04-05,金丝南瓜,1.55,1.5,1.6,1,海桂粤
2026-04-06,金丝南瓜,1.55,1.5,1.6,1,海桂粤
2026-04-07,金丝南瓜,1.55,1.5,1.6,1,海桂粤
2026-04-08,金丝南瓜,1.4,1.3,1.5,1,海桂粤
2026-04-09,金丝南瓜,1.4,1.3,1.5,1,海桂粤
2026-04-10,金丝南瓜,1.4,1.3,1.5,1,海桂粤
2026-04-11,金丝南瓜,1.3,1.2,1.4,1,海桂粤
2026-04-12,金丝南瓜,1.3,1.2,1.4,1,海桂粤
2026-04-13,金丝南瓜,1.3,1.2,1.4,1,海桂粤
2026-04-14,金丝南瓜,1.3,1.2,1.4,1,海桂粤
2026-04-15,金丝南瓜,1.3,1.2,1.4,1,海桂粤
2026-04-16,金丝南瓜,1.3,1.2,1.4,1,海桂粤
2026-04-17,金丝南瓜,1.3,1.2,1.4,1,海桂粤
2026-04-18,金丝南瓜,1.3,1.2,1.4,1,海桂粤
2026-04-19,金丝南瓜,1.3,1.2,1.4,1,海桂粤
2026-04-20,金丝南瓜,1.3,1.2,1.4,1,海桂粤
2026-04-21,金丝南瓜,1.3,1.2,1.4,1,海桂粤
2026-04-22,金丝南瓜,1.1,1.0,1.2,1,海桂粤
2026-04-23,金丝南瓜,1.1,1.0,1.2,1,海桂粤
2026-04-24,金丝南瓜,1.1,1.0,1.2,1,海桂粤
2026-04-25,金丝南瓜,1.1,1.0,1.2,1,海桂粤
2026-04-26,金丝南瓜,1.1,1.0,1.2,1,海桂粤
2026-04-27,金丝南瓜,1.1,1.0,1.2,1,海桂粤
2026-04-28,金丝南瓜,1.1,1.0,1.2,1,海桂粤
2026-04-29,金丝南瓜,1.1,1.0,1.2,1,海桂粤
2026-04-30,金丝南瓜,1.1,1.0,1.2,1,海桂粤
2026-05-01,金丝南瓜,1.1,1.0,1.2,1,海桂粤
2026-05-02,金丝南瓜,1.1,1.0,1.2,1,海桂粤
2026-05-03,金丝南瓜,1.1,1.0,1.2,1,海桂粤
2026-05-04,金丝南瓜,1.1,1.0,1.2,1,海桂粤
2026-05-05,金丝南瓜,1.1,1.0,1.2,1,海桂粤
2026-05-06,金丝南瓜,1.1,1.0,1.2,1,海桂粤
2026-05-07,金丝南瓜,1.1,1.0,1.2,1,海桂粤
2026-05-08,金丝南瓜,1.1,1.0,1.2,1,海桂粤
2026-05-09,金丝南瓜,1.1,1.0,1.2,1,海桂粤
2026-05-10,金丝南瓜,1.1,1.0,1.2,1,海桂粤
2026-05-11,金丝南瓜,1.1,1.0,1.2,1,海桂粤
2026-05-12,金丝南瓜,1.1,1.0,1.2,1,海桂粤
2026-05-13,金丝南瓜,1.0,0.9,1.1,1,海桂粤
2026-05-14,金丝南瓜,1.0,0.9,1.1,1,海桂粤
2026-05-15,金丝南瓜,1.0,0.9,1.1,1,海桂粤
2026-05-16,金丝南瓜,1.0,0.9,1.1,1,海桂粤
2026-05-17,金丝南瓜,1.0,0.9,1.1,1,海桂粤
2026-05-18,金丝南瓜,1.0,0.9,1.1,1,海桂粤
2026-05-19,金丝南瓜,1.0,0.9,1.1,1,海桂粤
2026-05-20,金丝南瓜,0.9,0.8,1.0,1,桂鲁
2026-05-21,金丝南瓜,0.9,0.8,1.0,1,桂鲁
2026-05-22,金丝南瓜,0.9,0.8,1.0,1,桂鲁
2026-05-23,金丝南瓜,0.9,0.8,1.0,1,桂鲁
2026-05-24,金丝南瓜,1.0,0.8,1.2,1,冀鲁
2026-05-25,金丝南瓜,1.0,0.8,1.2,1,冀鲁
2026-05-26,金丝南瓜,1.0,0.8,1.2,1,冀鲁
2026-05-27,金丝南瓜,0.9,0.8,1.0,1,冀鲁
2026-05-28,金丝南瓜,0.9,0.8,1.0,1,冀鲁
2026-05-29,金丝南瓜,0.9,0.8,1.0,1,冀鲁
2026-05-30,金丝南瓜,0.9,0.8,1.0,1,冀鲁
2026-05-31,金丝南瓜,0.9,0.8,1.0,1,冀鲁
2026-06-01,金丝南瓜,0.9,0.8,1.0,1,冀鲁
2026-06-02,金丝南瓜,0.9,0.8,1.0,1,冀鲁
2026-06-03,金丝南瓜,0.9,0.8,1.0,1,冀鲁
2026-06-04,金丝南瓜,0.9,0.8,1.0,1,冀鲁
2026-06-05,金丝南瓜,0.9,0.8,1.0,1,冀鲁
2026-06-06,金丝南瓜,0.9,0.8,1.0,1,冀鲁
2026-06-07,金丝南瓜,0.9,0.8,1.0,1,冀鲁
2026-06-08,金丝南瓜,0.9,0.8,1.0,1,冀鲁
2026-06-09,金丝南瓜,0.9,0.8,1.0,1,冀鲁
2026-06-10,金丝南瓜,0.9,0.8,1.0,1,冀鲁
2026-06-11,金丝南瓜,0.9,0.8,1.0,1,冀鲁
2026-06-12,金丝南瓜,0.9,0.8,1.0,1,冀鲁
2026-06-13,金丝南瓜,0.9,0.8,1.0,1,冀鲁
2026-06-14,金丝南瓜,0.9,0.8,1.0,1,冀鲁
2026-06-15,金丝南瓜,0.9,0.8,1.0,1,冀鲁
2026-06-16,金丝南瓜,0.9,0.8,1.0,1,冀鲁
2026-06-17,金丝南瓜,0.85,0.7,1.0,1,冀鲁
2026-06-18,金丝南瓜,0.85,0.7,1.0,1,冀鲁
2026-06-19,金丝南瓜,0.85,0.7,1.0,1,冀鲁
2026-06-20,金丝南瓜,0.85,0.7,1.0,1,冀鲁
2026-06-21,金丝南瓜,0.85,0.7,1.0,1,冀鲁
2026-06-22,金丝南瓜,0.85,0.7,1.0,1,冀鲁
2026-06-23,金丝南瓜,0.85,0.7,1.0,1,冀鲁
2026-06-24,金丝南瓜,0.85,0.7,1.0,1,冀鲁
2026-06-25,金丝南瓜,0.85,0.7,1.0,1,冀鲁
2026-06-26,金丝南瓜,0.85,0.7,1.0,1,冀鲁
2026-06-27,金丝南瓜,0.85,0.7,1.0,1,冀鲁
2026-06-28,金丝南瓜,0.85,0.7,1.0,1,冀鲁
2026-06-29,金丝南瓜,0.85,0.7,1.0,1,冀鲁
2026-06-30,金丝南瓜,0.85,0.7,1.0,1,冀鲁
2026-07-01,金丝南瓜,0.85,0.7,1.0,1,冀鲁
2026-07-02,金丝南瓜,0.85,0.7,1.0,1,冀鲁
2026-07-03,金丝南瓜,0.85,0.7,1.0,1,冀鲁
2026-07-04,金丝南瓜,0.85,0.7,1.0,1,冀鲁
2026-07-05,金丝南瓜,0.85,0.7,1.0,1,冀鲁
2026-07-06,金丝南瓜,0.85,0.7,1.0,1,冀鲁
2026-07-07,金丝南瓜,0.85,0.7,1.0,1,冀鲁
2026-07-08,金丝南瓜,0.85,0.7,1.0,1,冀鲁
2026-07-09,金丝南瓜,0.85,0.7,1.0,1,冀鲁
2026-07-10,金丝南瓜,0.85,0.7,1.0,1,冀鲁
2026-07-11,金丝南瓜,0.75,0.6,0.9,1,冀鲁
2026-07-12,金丝南瓜,0.75,0.6,0.9,1,冀鲁
2026-07-13,金丝南瓜,0.75,0.6,0.9,1,冀鲁
2026-07-14,金丝南瓜,0.75,0.6,0.9,1,冀鲁
2026-07-15,金丝南瓜,0.75,0.6,0.9,1,冀鲁
2026-07-16,金丝南瓜,0.75,0.6,0.9,1,冀鲁
2026-07-17,金丝南瓜,0.75,0.6,0.9,1,冀鲁
2026-07-18,金丝南瓜,0.75,0.6,0.9,1,冀鲁
2026-07-19,金丝南瓜,0.75,0.6,0.9,1,冀鲁
2026-07-20,金丝南瓜,0.75,0.6,0.9,1,冀鲁
2026-07-21,金丝南瓜,0.75,0.6,0.9,1,冀鲁
2026-07-22,金丝南瓜,0.75,0.6,0.9,1,冀鲁
2026-07-23,金丝南瓜,0.75,0.6,0.9,1,冀鲁
2026-07-24,金丝南瓜,0.75,0.6,0.9,1,冀鲁
2026-07-25,金丝南瓜,0.75,0.6,0.9,1,冀鲁
2026-07-26,金丝南瓜,0.75,0.6,0.9,1,冀鲁
2026-07-27,金丝南瓜,0.75,0.6,0.9,1,冀蒙
2026-07-28,金丝南瓜,0.75,0.6,0.9,1,冀蒙
2026-07-29,金丝南瓜,0.8,0.7,0.9,1,冀蒙
2026-07-30,金丝南瓜,0.8,0.7,0.9,1,冀蒙
2026-07-31,金丝南瓜,0.8,0.7,0.9,1,冀蒙
2026-08-01,金丝南瓜,0.8,0.7,0.9,1,冀蒙
2026-08-02,金丝南瓜,0.8,0.7,0.9,1,冀蒙
2026-08-03,金丝南瓜,0.8,0.7,0.9,1,冀蒙
2026-08-04,金丝南瓜,0.8,0.7,0.9,1,冀蒙
2026-08-05,金丝南瓜,0.8,0.7,0.9,1,冀蒙
2026-08-06,金丝南瓜,0.8,0.7,0.9,1,冀蒙
2026-08-07,金丝南瓜,0.8,0.7,0.9,1,冀蒙
2026-08-08,金丝南瓜,0.8,0.7,0.9,1,冀蒙
2026-08-09,金丝南瓜,0.8,0.7,0.9,1,冀蒙
2026-08-10,金丝南瓜,0.9,0.8,1.0,1,冀蒙
2026-08-11,金丝南瓜,0.9,0.8,1.0,1,冀蒙
2026-01-01,金针菇,3.3,3.0,3.6,1,皖鲁
2026-01-02,金针菇,3.3,3.0,3.6,1,皖鲁
2026-01-03,金针菇,3.3,3.0,3.6,1,皖鲁
2026-01-04,金针菇,3.3,3.0,3.6,1,皖鲁
2026-01-05,金针菇,3.3,3.0,3.6,1,皖鲁
2026-01-06,金针菇,3.3,3.0,3.6,1,皖鲁
2026-01-07,金针菇,3.3,3.0,3.6,1,皖鲁
2026-01-08,金针菇,3.3,3.0,3.6,1,皖鲁
2026-01-09,金针菇,3.3,3.0,3.6,1,皖鲁
2026-01-10,金针菇,3.3,3.0,3.6,1,皖鲁
2026-01-11,金针菇,3.3,3.0,3.6,1,皖鲁
2026-01-12,金针菇,3.3,3.0,3.6,1,皖鲁
2026-01-13,金针菇,3.3,3.0,3.6,1,皖鲁
2026-01-14,金针菇,3.3,3.0,3.6,1,皖鲁
2026-01-15,金针菇,3.3,3.0,3.6,1,皖鲁
2026-01-16,金针菇,3.3,3.0,3.6,1,皖鲁
2026-01-17,金针菇,3.3,3.0,3.6,1,皖鲁
2026-01-18,金针菇,3.3,3.0,3.6,1,皖鲁
2026-01-19,金针菇,3.3,3.0,3.6,1,皖鲁
2026-01-20,金针菇,3.3,3.0,3.6,1,皖鲁
2026-01-21,金针菇,3.5,3.0,4.0,1,皖鲁
2026-01-22,金针菇,3.5,3.0,4.0,1,皖鲁
2026-01-23,金针菇,3.5,3.0,4.0,1,皖鲁
2026-01-24,金针菇,3.5,3.0,4.0,1,皖鲁
2026-01-25,金针菇,3.5,3.0,4.0,1,皖鲁
2026-01-26,金针菇,3.5,3.0,4.0,1,皖鲁
2026-01-27,金针菇,3.5,3.0,4.0,1,皖鲁
2026-01-28,金针菇,3.5,3.0,4.0,1,皖鲁
2026-01-29,金针菇,3.5,3.0,4.0,1,皖鲁
2026-01-30,金针菇,3.5,3.0,4.0,1,皖鲁
2026-01-31,金针菇,3.5,3.0,4.0,1,皖鲁
2026-02-01,金针菇,3.5,3.0,4.0,1,皖鲁
2026-02-02,金针菇,3.5,3.0,4.0,1,皖鲁
2026-02-03,金针菇,3.5,3.0,4.0,1,皖鲁
2026-02-04,金针菇,3.5,3.0,4.0,1,皖鲁
2026-02-05,金针菇,3.5,3.0,4.0,1,皖鲁
2026-02-06,金针菇,3.5,3.0,4.0,1,皖鲁
2026-02-07,金针菇,3.5,3.0,4.0,1,皖鲁
2026-02-08,金针菇,3.5,3.0,4.0,1,皖鲁
2026-02-09,金针菇,3.5,3.0,4.0,1,皖鲁
2026-02-10,金针菇,3.5,3.0,4.0,1,皖鲁
2026-02-11,金针菇,3.5,3.0,4.0,1,皖鲁
2026-02-12,金针菇,3.5,3.0,4.0,1,皖鲁
2026-02-13,金针菇,3.5,3.0,4.0,1,皖鲁
2026-02-14,金针菇,3.5,3.0,4.0,1,皖鲁
2026-02-15,金针菇,3.5,3.0,4.0,1,皖鲁
2026-02-16,金针菇,3.5,3.0,4.0,1,皖鲁
2026-02-24,金针菇,3.5,3.0,4.0,1,皖鲁
2026-02-25,金针菇,3.5,3.0,4.0,1,皖鲁
2026-02-26,金针菇,3.5,3.0,4.0,1,皖鲁
2026-02-27,金针菇,3.5,3.0,4.0,1,皖鲁
2026-02-28,金针菇,3.5,3.0,4.0,1,皖鲁
2026-03-01,金针菇,3.5,3.0,4.0,1,皖鲁
2026-03-02,金针菇,3.5,3.0,4.0,1,皖鲁
2026-03-03,金针菇,3.5,3.0,4.0,1,皖鲁
2026-03-04,金针菇,3.5,3.0,4.0,1,皖鲁
2026-03-05,金针菇,3.5,3.0,4.0,1,皖鲁
2026-03-06,金针菇,3.5,3.0,4.0,1,皖鲁
2026-03-07,金针菇,3.5,3.0,4.0,1,皖鲁
2026-03-08,金针菇,3.5,3.0,4.0,1,皖鲁
2026-03-09,金针菇,3.5,3.0,4.0,1,皖鲁
2026-03-10,金针菇,3.5,3.0,4.0,1,皖鲁
2026-03-11,金针菇,3.5,3.0,4.0,1,皖鲁
2026-03-12,金针菇,3.5,3.0,4.0,1,皖鲁
2026-03-13,金针菇,3.5,3.0,4.0,1,皖鲁
2026-03-14,金针菇,3.5,3.0,4.0,1,皖鲁
2026-03-15,金针菇,3.5,3.0,4.0,1,皖鲁
2026-03-16,金针菇,3.5,3.0,4.0,1,皖鲁
2026-03-17,金针菇,3.5,3.0,4.0,1,皖鲁
2026-03-18,金针菇,3.5,3.0,4.0,1,皖鲁
2026-03-19,金针菇,3.5,3.0,4.0,1,皖鲁
2026-03-20,金针菇,3.5,3.0,4.0,1,皖鲁
2026-03-21,金针菇,3.5,3.0,4.0,1,皖鲁
2026-03-22,金针菇,3.5,3.0,4.0,1,皖鲁
2026-03-23,金针菇,3.5,3.0,4.0,1,皖鲁
2026-03-24,金针菇,3.5,3.0,4.0,1,皖鲁
2026-03-25,金针菇,3.5,3.0,4.0,1,皖鲁
2026-03-26,金针菇,3.5,3.0,4.0,1,皖鲁
2026-03-27,金针菇,3.5,3.0,4.0,1,皖鲁
2026-03-28,金针菇,3.5,3.0,4.0,1,皖鲁
2026-03-29,金针菇,3.5,3.0,4.0,1,皖鲁
2026-03-30,金针菇,3.5,3.0,4.0,1,皖鲁
2026-03-31,金针菇,3.5,3.0,4.0,1,皖鲁
2026-04-01,金针菇,3.25,3.0,3.5,1,皖鲁
2026-04-02,金针菇,3.25,3.0,3.5,1,皖鲁
2026-04-03,金针菇,3.25,3.0,3.5,1,皖鲁
2026-04-04,金针菇,3.25,3.0,3.5,1,皖鲁
2026-04-05,金针菇,3.25,3.0,3.5,1,皖鲁
2026-04-06,金针菇,3.25,3.0,3.5,1,皖鲁
2026-04-07,金针菇,3.25,3.0,3.5,1,皖鲁
2026-04-08,金针菇,3.25,3.0,3.5,1,皖鲁
2026-04-09,金针菇,3.25,3.0,3.5,1,皖鲁
2026-04-10,金针菇,3.25,3.0,3.5,1,皖鲁
2026-04-11,金针菇,3.25,3.0,3.5,1,皖鲁
2026-04-12,金针菇,3.25,3.0,3.5,1,皖鲁
2026-04-13,金针菇,3.25,3.0,3.5,1,皖鲁
2026-04-14,金针菇,3.25,3.0,3.5,1,皖鲁
2026-04-15,金针菇,3.25,3.0,3.5,1,皖鲁
2026-04-16,金针菇,3.25,3.0,3.5,1,皖鲁
2026-04-17,金针菇,3.25,3.0,3.5,1,皖鲁
2026-04-18,金针菇,3.25,3.0,3.5,1,皖鲁
2026-04-19,金针菇,3.25,3.0,3.5,1,皖鲁
2026-04-20,金针菇,3.25,3.0,3.5,1,皖鲁
2026-04-21,金针菇,3.25,3.0,3.5,1,皖鲁
2026-04-22,金针菇,3.25,3.0,3.5,1,皖鲁
2026-04-23,金针菇,3.25,3.0,3.5,1,皖鲁
2026-04-24,金针菇,3.25,3.0,3.5,1,皖鲁
2026-04-25,金针菇,3.25,3.0,3.5,1,皖鲁
2026-04-26,金针菇,3.25,3.0,3.5,1,皖鲁
2026-04-27,金针菇,3.25,3.0,3.5,1,皖鲁
2026-04-28,金针菇,3.25,3.0,3.5,1,皖鲁
2026-04-29,金针菇,3.25,3.0,3.5,1,皖鲁
2026-04-30,金针菇,3.25,3.0,3.5,1,皖鲁
2026-05-01,金针菇,3.25,3.0,3.5,1,皖鲁
2026-05-02,金针菇,3.25,3.0,3.5,1,皖鲁
2026-05-03,金针菇,3.25,3.0,3.5,1,皖鲁
2026-05-04,金针菇,3.25,3.0,3.5,1,皖鲁
2026-05-05,金针菇,3.25,3.0,3.5,1,皖鲁
2026-05-06,金针菇,3.25,3.0,3.5,1,皖鲁
2026-05-07,金针菇,3.25,3.0,3.5,1,皖鲁
2026-05-08,金针菇,3.25,3.0,3.5,1,皖鲁
2026-05-09,金针菇,3.25,3.0,3.5,1,皖鲁
2026-05-10,金针菇,3.25,3.0,3.5,1,皖鲁
2026-05-11,金针菇,3.25,3.0,3.5,1,皖鲁
2026-05-12,金针菇,3.25,3.0,3.5,1,皖鲁
2026-05-13,金针菇,3.25,3.0,3.5,1,皖鲁
2026-05-14,金针菇,3.25,3.0,3.5,1,皖鲁
2026-05-15,金针菇,3.25,3.0,3.5,1,皖鲁
2026-05-16,金针菇,3.25,3.0,3.5,1,皖鲁
2026-05-17,金针菇,3.25,3.0,3.5,1,皖鲁
2026-05-18,金针菇,3.25,3.0,3.5,1,皖鲁
2026-05-19,金针菇,3.25,3.0,3.5,1,皖鲁
2026-05-20,金针菇,3.25,3.0,3.5,1,皖鲁
2026-05-21,金针菇,3.25,3.0,3.5,1,皖鲁
2026-05-22,金针菇,3.25,3.0,3.5,1,皖鲁
2026-05-23,金针菇,3.25,3.0,3.5,1,皖鲁
2026-05-24,金针菇,3.25,3.0,3.5,1,皖鲁
2026-05-25,金针菇,3.25,3.0,3.5,1,皖鲁
2026-05-26,金针菇,3.25,3.0,3.5,1,皖鲁
2026-05-27,金针菇,3.25,3.0,3.5,1,皖鲁
2026-05-28,金针菇,3.25,3.0,3.5,1,皖鲁
2026-05-29,金针菇,3.25,3.0,3.5,1,皖鲁
2026-05-30,金针菇,3.25,3.0,3.5,1,皖鲁
2026-05-31,金针菇,3.25,3.0,3.5,1,皖鲁
2026-06-01,金针菇,3.25,3.0,3.5,1,皖鲁
2026-06-02,金针菇,3.25,3.0,3.5,1,皖鲁
2026-06-03,金针菇,3.25,3.0,3.5,1,皖鲁
2026-06-04,金针菇,3.25,3.0,3.5,1,皖鲁
2026-06-05,金针菇,3.25,3.0,3.5,1,皖鲁
2026-06-06,金针菇,3.25,3.0,3.5,1,皖鲁
2026-06-07,金针菇,3.25,3.0,3.5,1,皖鲁
2026-06-08,金针菇,3.25,3.0,3.5,1,皖鲁
2026-06-09,金针菇,3.25,3.0,3.5,1,皖鲁
2026-06-10,金针菇,3.25,3.0,3.5,1,皖鲁
2026-06-11,金针菇,3.25,3.0,3.5,1,皖鲁
2026-06-12,金针菇,3.25,3.0,3.5,1,皖鲁
2026-06-13,金针菇,3.25,3.0,3.5,1,皖鲁
2026-06-14,金针菇,3.25,3.0,3.5,1,皖鲁
2026-06-15,金针菇,3.25,3.0,3.5,1,皖鲁
2026-06-16,金针菇,3.25,3.0,3.5,1,皖鲁
2026-06-17,金针菇,3.25,3.0,3.5,1,皖鲁
2026-06-18,金针菇,3.25,3.0,3.5,1,皖鲁
2026-06-19,金针菇,3.25,3.0,3.5,1,皖鲁
2026-06-20,金针菇,3.25,3.0,3.5,1,皖鲁
2026-06-21,金针菇,3.25,3.0,3.5,1,皖鲁
2026-06-22,金针菇,3.25,3.0,3.5,1,皖鲁
2026-06-23,金针菇,3.25,3.0,3.5,1,皖鲁
2026-06-24,金针菇,3.25,3.0,3.5,1,皖鲁
2026-06-25,金针菇,3.25,3.0,3.5,1,皖鲁
2026-06-26,金针菇,3.25,3.0,3.5,1,皖鲁
2026-06-27,金针菇,3.25,3.0,3.5,1,皖鲁
2026-06-28,金针菇,3.25,3.0,3.5,1,皖鲁
2026-06-29,金针菇,3.25,3.0,3.5,1,皖鲁
2026-06-30,金针菇,3.25,3.0,3.5,1,皖鲁
2026-07-01,金针菇,3.25,3.0,3.5,1,皖鲁
2026-07-02,金针菇,3.25,3.0,3.5,1,皖鲁
2026-07-03,金针菇,3.25,3.0,3.5,1,皖鲁
2026-07-04,金针菇,3.25,3.0,3.5,1,皖鲁
2026-07-05,金针菇,3.25,3.0,3.5,1,皖鲁
2026-07-06,金针菇,3.25,3.0,3.5,1,皖鲁
2026-07-07,金针菇,3.25,3.0,3.5,1,皖鲁
2026-07-08,金针菇,3.25,3.0,3.5,1,皖鲁
2026-07-09,金针菇,3.25,3.0,3.5,1,皖鲁
2026-07-10,金针菇,3.25,3.0,3.5,1,皖鲁
2026-07-11,金针菇,3.25,3.0,3.5,1,皖鲁
2026-07-12,金针菇,3.25,3.0,3.5,1,皖鲁
2026-07-13,金针菇,3.25,3.0,3.5,1,皖鲁
2026-07-14,金针菇,3.25,3.0,3.5,1,皖鲁
2026-07-15,金针菇,3.25,3.0,3.5,1,皖鲁
2026-07-16,金针菇,3.25,3.0,3.5,1,皖鲁
2026-07-17,金针菇,3.25,3.0,3.5,1,皖鲁
2026-07-18,金针菇,3.25,3.0,3.5,1,皖鲁
2026-07-19,金针菇,3.25,3.0,3.5,1,皖鲁
2026-07-20,金针菇,3.25,3.0,3.5,1,皖鲁
2026-07-21,金针菇,3.25,3.0,3.5,1,皖鲁
2026-07-22,金针菇,3.25,3.0,3.5,1,皖鲁
2026-07-23,金针菇,3.25,3.0,3.5,1,皖鲁
2026-07-24,金针菇,3.25,3.0,3.5,1,皖鲁
2026-07-25,金针菇,3.25,3.0,3.5,1,皖鲁
2026-07-26,金针菇,3.25,3.0,3.5,1,皖鲁
2026-07-27,金针菇,3.25,3.0,3.5,1,皖鲁
2026-07-28,金针菇,3.25,3.0,3.5,1,皖鲁
2026-07-29,金针菇,3.25,3.0,3.5,1,皖鲁
2026-07-30,金针菇,3.25,3.0,3.5,1,皖鲁
2026-07-31,金针菇,3.25,3.0,3.5,1,皖鲁
2026-08-01,金针菇,3.25,3.0,3.5,1,皖鲁
2026-08-02,金针菇,3.25,3.0,3.5,1,皖鲁
2026-08-03,金针菇,3.25,3.0,3.5,1,皖鲁
2026-08-04,金针菇,3.25,3.0,3.5,1,皖鲁
2026-08-05,金针菇,3.25,3.0,3.5,1,皖鲁
2026-08-06,金针菇,3.25,3.0,3.5,1,皖鲁
2026-08-07,金针菇,3.25,3.0,3.5,1,皖鲁
2026-08-08,金针菇,3.25,3.0,3.5,1,皖鲁
2026-08-09,金针菇,3.25,3.0,3.5,1,皖鲁
2026-08-10,金针菇,3.25,3.0,3.5,1,皖鲁
2026-08-11,金针菇,3.25,3.0,3.5,1,皖鲁
2026-01-10,银芽,6.25,6.0,6.5,1,
2026-01-20,银芽,6.25,6.0,6.5,1,
2026-01-31,银芽,6.75,6.5,7.0,1,
2026-02-10,银芽,7.25,7.0,7.5,1,
2026-02-28,银芽,7.25,7.0,7.5,1,
2026-03-10,银芽,7.25,7.0,7.5,1,
2026-03-20,银芽,7.25,7.0,7.5,1,
2026-03-31,银芽,6.25,6.0,6.5,1,
2026-04-10,银芽,5.75,5.5,6.0,1,
2026-04-20,银芽,5.75,5.5,6.0,1,
2026-04-30,银芽,5.75,5.5,6.0,1,
2026-05-10,银芽,5.75,5.5,6.0,1,
2026-05-20,银芽,5.25,5.0,5.5,1,
2026-05-31,银芽,5.75,5.5,6.0,1,
2026-06-10,银芽,5.75,5.5,6.0,1,
2026-06-20,银芽,5.25,5.0,5.5,1,
2026-06-30,银芽,5.25,5.0,5.5,1,
2026-07-10,银芽,5.25,5.0,5.5,1,
2026-07-20,银芽,6.25,6.0,6.5,1,
2026-07-31,银芽,6.25,6.0,6.5,1,
2026-08-10,银芽,6.75,6.5,7.0,1,
2026-01-01,长茄,3.55,3.3,3.8,1,辽
2026-01-02,长茄,3.55,3.3,3.8,1,辽
2026-01-03,长茄,3.55,3.3,3.8,1,辽
2026-01-04,长茄,3.55,3.3,3.8,1,辽
2026-01-05,长茄,3.75,3.3,4.2,1,辽
2026-01-06,长茄,3.85,3.5,4.2,1,辽
2026-01-07,长茄,3.75,3.5,4.0,1,辽
2026-01-08,长茄,3.75,3.5,4.0,1,辽
2026-01-09,长茄,3.65,3.5,3.8,1,辽
2026-01-10,长茄,3.65,3.5,3.8,1,辽
2026-01-11,长茄,3.65,3.5,3.8,1,辽
2026-01-12,长茄,3.65,3.5,3.8,1,辽
2026-01-13,长茄,3.5,3.2,3.8,1,辽
2026-01-14,长茄,3.25,3.0,3.5,1,辽
2026-01-15,长茄,3.25,3.0,3.5,1,辽
2026-01-16,长茄,3.25,3.0,3.5,1,辽
2026-01-17,长茄,3.3,3.0,3.6,1,辽
2026-01-18,长茄,3.5,3.2,3.8,1,辽
2026-01-19,长茄,3.7,3.2,4.2,1,辽
2026-01-20,长茄,3.5,3.0,4.0,1,辽
2026-01-21,长茄,3.5,3.0,4.0,1,辽
2026-01-22,长茄,3.5,3.0,4.0,1,辽
2026-01-23,长茄,3.5,3.0,4.0,1,辽
2026-01-24,长茄,3.5,3.0,4.0,1,辽
2026-01-25,长茄,3.5,3.0,4.0,1,辽
2026-01-26,长茄,3.4,3.0,3.8,1,辽
2026-01-27,长茄,3.4,3.0,3.8,1,辽
2026-01-28,长茄,3.4,3.0,3.8,1,辽
2026-01-29,长茄,3.4,3.0,3.8,1,辽
2026-01-30,长茄,3.4,3.0,3.8,1,辽
2026-01-31,长茄,3.4,3.0,3.8,1,辽
2026-02-01,长茄,3.4,3.0,3.8,1,辽
2026-02-02,长茄,3.2,2.8,3.6,1,辽
2026-02-03,长茄,3.15,2.8,3.5,1,辽
2026-02-04,长茄,3.15,2.8,3.5,1,辽
2026-02-05,长茄,3.15,2.8,3.5,1,辽
2026-02-06,长茄,3.15,2.8,3.5,1,辽
2026-02-07,长茄,3.15,2.8,3.5,1,辽
2026-02-08,长茄,3.15,2.8,3.5,1,辽
2026-02-09,长茄,3.15,2.8,3.5,1,辽
2026-02-10,长茄,3.05,2.8,3.3,1,辽
2026-02-11,长茄,2.75,2.5,3.0,1,辽
2026-02-12,长茄,2.6,2.2,3.0,1,辽
2026-02-13,长茄,2.6,2.2,3.0,1,辽
2026-02-14,长茄,2.6,2.2,3.0,1,辽
2026-02-15,长茄,2.6,2.2,3.0,1,辽
2026-02-16,长茄,2.6,2.2,3.0,1,辽
2026-02-24,长茄,2.0,1.5,2.5,1,辽
2026-02-25,长茄,2.0,1.5,2.5,1,辽
2026-02-26,长茄,1.9,1.5,2.3,1,辽
2026-02-27,长茄,1.9,1.5,2.3,1,辽
2026-02-28,长茄,1.9,1.5,2.3,1,辽
2026-03-01,长茄,1.9,1.5,2.3,1,辽
2026-03-02,长茄,1.9,1.5,2.3,1,辽
2026-03-03,长茄,1.9,1.5,2.3,1,辽
2026-03-04,长茄,1.9,1.6,2.2,1,辽
2026-03-05,长茄,1.9,1.6,2.2,1,辽
2026-03-06,长茄,1.9,1.6,2.2,1,辽
2026-03-07,长茄,1.9,1.6,2.2,1,辽
2026-03-08,长茄,1.9,1.6,2.2,1,辽
2026-03-09,长茄,2.05,1.8,2.3,1,辽
2026-03-10,长茄,2.05,1.8,2.3,1,辽
2026-03-11,长茄,2.05,1.8,2.3,1,辽
2026-03-12,长茄,2.45,2.3,2.6,1,辽
2026-03-13,长茄,2.45,2.3,2.6,1,辽
2026-03-14,长茄,2.6,2.4,2.8,1,辽
2026-03-15,长茄,2.6,2.4,2.8,1,辽
2026-03-16,长茄,2.3,2.0,2.6,1,辽
2026-03-17,长茄,2.3,2.0,2.6,1,辽
2026-03-18,长茄,2.3,2.0,2.6,1,辽
2026-03-19,长茄,2.3,2.0,2.6,1,辽
2026-03-20,长茄,2.3,2.0,2.6,1,辽
2026-03-21,长茄,2.3,2.0,2.6,1,辽
2026-03-22,长茄,2.3,2.0,2.6,1,辽
2026-03-23,长茄,2.3,2.0,2.6,1,辽
2026-03-24,长茄,2.3,2.0,2.6,1,辽
2026-03-25,长茄,2.15,1.8,2.5,1,辽
2026-03-26,长茄,2.15,1.8,2.5,1,辽
2026-03-27,长茄,2.05,1.8,2.3,1,辽
2026-03-28,长茄,2.05,1.8,2.3,1,辽
2026-03-29,长茄,2.05,1.8,2.3,1,辽
2026-03-30,长茄,2.05,1.8,2.3,1,辽
2026-03-31,长茄,1.75,1.5,2.0,1,辽
2026-04-01,长茄,1.65,1.3,2.0,1,辽
2026-04-02,长茄,1.65,1.3,2.0,1,辽
2026-04-03,长茄,1.65,1.3,2.0,1,辽
2026-04-04,长茄,1.65,1.3,2.0,1,辽
2026-04-05,长茄,1.65,1.3,2.0,1,辽
2026-04-06,长茄,1.4,1.0,1.8,1,辽
2026-04-07,长茄,1.3,1.0,1.6,1,辽
2026-04-08,长茄,1.3,1.0,1.6,1,辽
2026-04-09,长茄,1.3,1.0,1.6,1,辽
2026-04-10,长茄,1.3,1.0,1.6,1,辽
2026-04-11,长茄,1.3,1.0,1.6,1,辽
2026-04-12,长茄,1.3,1.0,1.6,1,辽
2026-04-13,长茄,1.3,1.0,1.6,1,辽
2026-04-14,长茄,1.4,1.0,1.8,1,辽
2026-04-15,长茄,1.5,1.2,1.8,1,辽
2026-04-16,长茄,1.5,1.3,1.7,1,辽
2026-04-17,长茄,1.5,1.3,1.7,1,辽
2026-04-18,长茄,1.5,1.4,1.6,1,辽
2026-04-19,长茄,1.5,1.4,1.6,1,辽
2026-04-20,长茄,1.4,1.2,1.6,1,辽
2026-04-21,长茄,1.4,1.2,1.6,1,辽
2026-04-22,长茄,1.4,1.2,1.6,1,辽
2026-04-23,长茄,1.5,1.2,1.8,1,辽
2026-04-24,长茄,1.5,1.2,1.8,1,辽
2026-04-25,长茄,1.5,1.2,1.8,1,辽
2026-04-26,长茄,1.5,1.2,1.8,1,辽
2026-04-27,长茄,1.6,1.2,2.0,1,辽
2026-04-28,长茄,1.6,1.2,2.0,1,辽
2026-04-29,长茄,1.6,1.2,2.0,1,辽
2026-04-30,长茄,1.6,1.2,2.0,1,辽
2026-05-01,长茄,1.6,1.2,2.0,1,辽
2026-05-02,长茄,1.6,1.2,2.0,1,辽
2026-05-03,长茄,1.6,1.2,2.0,1,辽
2026-05-04,长茄,1.6,1.2,2.0,1,辽
2026-05-05,长茄,1.75,1.4,2.1,1,辽
2026-05-06,长茄,1.75,1.4,2.1,1,辽
2026-05-07,长茄,1.75,1.4,2.1,1,辽
2026-05-08,长茄,1.55,1.0,2.1,1,辽
2026-05-09,长茄,1.55,1.0,2.1,1,辽
2026-05-10,长茄,1.55,1.0,2.1,1,辽
2026-05-11,长茄,1.5,1.0,2.0,1,辽
2026-05-12,长茄,1.3,0.8,1.8,1,辽
2026-05-13,长茄,1.3,0.8,1.8,1,辽
2026-05-14,长茄,1.2,0.7,1.7,1,辽
2026-05-15,长茄,1.2,0.7,1.7,1,辽
2026-05-16,长茄,1.05,0.7,1.4,1,辽
2026-05-17,长茄,1.05,0.7,1.4,1,辽
2026-05-18,长茄,1.05,0.7,1.4,1,辽
2026-05-19,长茄,1.05,0.7,1.4,1,辽
2026-05-20,长茄,1.0,0.7,1.3,1,辽
2026-05-21,长茄,1.0,0.7,1.3,1,辽
2026-05-22,长茄,1.0,0.7,1.3,1,辽
2026-05-23,长茄,1.0,0.7,1.3,1,辽
2026-05-24,长茄,1.0,0.7,1.3,1,辽
2026-05-25,长茄,1.0,0.7,1.3,1,辽
2026-05-26,长茄,1.0,0.7,1.3,1,辽
2026-05-27,长茄,1.0,0.7,1.3,1,辽
2026-05-28,长茄,1.25,0.9,1.6,1,辽
2026-05-29,长茄,1.25,0.9,1.6,1,辽
2026-05-30,长茄,1.25,0.9,1.6,1,辽
2026-05-31,长茄,1.3,0.9,1.7,1,辽
2026-06-01,长茄,1.3,0.9,1.7,1,辽
2026-06-02,长茄,1.3,0.9,1.7,1,辽
2026-06-03,长茄,1.3,0.9,1.7,1,辽
2026-06-04,长茄,1.35,0.8,1.9,1,辽
2026-06-05,长茄,1.5,0.8,2.2,1,辽
2026-06-06,长茄,1.5,0.8,2.2,1,辽
2026-06-07,长茄,1.5,0.8,2.2,1,辽
2026-06-08,长茄,1.5,0.8,2.2,1,辽
2026-06-09,长茄,1.4,0.8,2.0,1,辽
2026-06-10,长茄,1.15,0.6,2.0,2,辽
2026-06-11,长茄,1.15,0.6,2.0,2,辽
2026-06-12,长茄,1.15,0.6,2.0,2,辽
2026-06-13,长茄,1.2,0.6,2.2,2,辽
2026-06-14,长茄,1.15,0.6,2.0,2,辽
2026-06-15,长茄,1.15,0.6,2.0,2,辽
2026-06-16,长茄,1.1,0.6,1.8,2,辽
2026-06-17,长茄,1.1,0.6,1.8,2,辽
2026-06-18,长茄,1.1,0.6,1.8,2,辽
2026-06-19,长茄,1.1,0.6,1.8,2,辽
2026-06-20,长茄,1.1,0.6,1.8,2,辽
2026-06-21,长茄,1.1,0.6,1.8,2,辽
2026-06-22,长茄,0.975,0.6,1.5,2,辽
2026-06-23,长茄,0.975,0.6,1.5,2,辽
2026-06-24,长茄,0.975,0.6,1.5,2,辽
2026-06-25,长茄,0.975,0.6,1.5,2,辽
2026-06-26,长茄,0.975,0.6,1.5,2,辽
2026-06-27,长茄,0.975,0.6,1.5,2,辽
2026-06-28,长茄,0.8,0.5,1.3,2,辽
2026-06-29,长茄,0.8,0.5,1.3,2,辽
2026-06-30,长茄,0.725,0.5,1.0,2,辽
2026-07-01,长茄,0.725,0.5,1.0,2,辽
2026-07-02,长茄,0.725,0.5,1.0,2,辽
2026-07-03,长茄,0.725,0.5,1.0,2,辽
2026-07-04,长茄,0.725,0.5,1.0,2,辽
2026-07-05,长茄,0.725,0.5,1.0,2,辽
2026-07-06,长茄,0.725,0.5,1.0,2,辽
2026-07-07,长茄,0.725,0.5,1.0,2,辽
2026-07-08,长茄,0.725,0.5,1.0,2,辽
2026-07-09,长茄,0.725,0.5,1.0,2,辽
2026-07-10,长茄,0.725,0.5,1.0,2,辽
2026-07-11,长茄,0.725,0.5,1.0,2,辽
2026-07-12,长茄,0.725,0.5,1.0,2,辽
2026-07-13,长茄,0.725,0.5,1.0,2,辽
2026-07-14,长茄,0.775,0.5,1.2,2,辽
2026-07-15,长茄,0.775,0.5,1.2,2,辽
2026-07-16,长茄,0.775,0.5,1.2,2,辽
2026-07-17,长茄,0.775,0.5,1.2,2,辽
2026-07-18,长茄,0.775,0.5,1.2,2,辽
2026-07-19,长茄,0.775,0.5,1.2,2,辽
2026-07-20,长茄,0.775,0.5,1.2,2,辽
2026-07-21,长茄,0.775,0.5,1.2,2,辽
2026-07-22,长茄,0.775,0.5,1.2,2,辽
2026-07-23,长茄,0.775,0.5,1.2,2,辽
2026-07-24,长茄,1.025,0.7,1.6,2,辽
2026-07-25,长茄,1.025,0.7,1.6,2,辽晋
2026-07-26,长茄,1.075,0.7,1.6,2,辽晋
2026-07-27,长茄,0.725,0.3,1.5,2,辽晋
2026-07-28,长茄,0.725,0.3,1.5,2,辽晋
2026-07-29,长茄,0.675,0.3,1.3,2,辽晋
2026-07-30,长茄,0.65,0.3,1.2,2,辽晋
2026-07-31,长茄,0.65,0.3,1.2,2,辽晋
2026-08-01,长茄,0.65,0.3,1.2,2,辽晋
2026-08-02,长茄,0.85,0.7,1.0,1,辽晋
2026-08-03,长茄,0.85,0.7,1.0,1,辽晋
2026-08-04,长茄,0.85,0.7,1.0,1,辽晋
2026-08-05,长茄,0.85,0.7,1.0,1,辽晋
2026-08-06,长茄,0.85,0.7,1.0,1,辽晋
2026-08-07,长茄,0.85,0.7,1.0,1,辽晋
2026-08-08,长茄,0.85,0.7,1.0,1,辽晋
2026-08-09,长茄,0.85,0.7,1.0,1,辽晋
2026-08-10,长茄,0.85,0.7,1.0,1,辽晋
2026-08-11,长茄,1.15,0.7,1.6,1,辽晋
2026-01-01,青萝卜,1.5,1.0,2.0,1,津鲁
2026-01-02,青萝卜,1.5,1.0,2.0,1,津鲁
2026-01-03,青萝卜,1.5,1.0,2.0,1,津鲁
2026-01-04,青萝卜,1.5,1.0,2.0,1,津鲁
2026-01-05,青萝卜,1.65,1.0,2.3,1,津鲁
2026-01-06,青萝卜,1.65,1.0,2.3,1,津鲁
2026-01-07,青萝卜,1.65,1.0,2.3,1,津鲁
2026-01-08,青萝卜,1.9,1.5,2.3,1,津鲁
2026-01-09,青萝卜,1.9,1.5,2.3,1,津鲁
2026-01-10,青萝卜,1.9,1.5,2.3,1,津鲁
2026-01-11,青萝卜,1.9,1.5,2.3,1,津鲁
2026-01-12,青萝卜,1.9,1.5,2.3,1,津鲁
2026-01-13,青萝卜,1.9,1.5,2.3,1,津鲁
2026-01-14,青萝卜,1.9,1.5,2.3,1,津鲁
2026-01-15,青萝卜,1.9,1.5,2.3,1,津鲁
2026-01-16,青萝卜,1.9,1.5,2.3,1,津鲁
2026-01-17,青萝卜,1.9,1.5,2.3,1,津鲁
2026-01-18,青萝卜,1.9,1.5,2.3,1,津鲁
2026-01-19,青萝卜,1.9,1.5,2.3,1,津鲁
2026-01-20,青萝卜,1.9,1.5,2.3,1,津鲁
2026-01-21,青萝卜,1.9,1.5,2.3,1,津鲁
2026-01-22,青萝卜,1.9,1.5,2.3,1,津鲁
2026-01-23,青萝卜,1.9,1.5,2.3,1,津鲁
2026-01-24,青萝卜,1.9,1.5,2.3,1,津鲁
2026-01-25,青萝卜,1.9,1.5,2.3,1,津鲁
2026-01-26,青萝卜,1.9,1.5,2.3,1,津鲁
2026-01-27,青萝卜,1.9,1.5,2.3,1,津鲁
2026-01-28,青萝卜,1.9,1.5,2.3,1,津鲁
2026-01-29,青萝卜,1.9,1.5,2.3,1,津鲁
2026-01-30,青萝卜,1.9,1.5,2.3,1,津鲁
2026-01-31,青萝卜,1.9,1.5,2.3,1,津鲁
2026-02-01,青萝卜,1.9,1.5,2.3,1,津鲁
2026-02-02,青萝卜,1.9,1.5,2.3,1,津鲁
2026-02-03,青萝卜,1.9,1.5,2.3,1,津鲁
2026-02-04,青萝卜,1.9,1.5,2.3,1,津鲁
2026-02-05,青萝卜,1.9,1.5,2.3,1,津鲁
2026-02-06,青萝卜,1.9,1.5,2.3,1,津鲁
2026-02-07,青萝卜,1.9,1.5,2.3,1,津鲁
2026-02-08,青萝卜,1.9,1.5,2.3,1,津鲁
2026-02-09,青萝卜,2.0,1.5,2.5,1,津鲁
2026-02-10,青萝卜,2.0,1.5,2.5,1,津鲁
2026-02-11,青萝卜,2.0,1.5,2.5,1,津鲁
2026-02-12,青萝卜,2.0,1.5,2.5,1,津鲁
2026-02-13,青萝卜,2.4,1.8,3.0,1,津鲁
2026-02-14,青萝卜,2.5,1.8,3.2,1,津鲁
2026-02-15,青萝卜,2.5,1.8,3.2,1,津鲁
2026-02-16,青萝卜,2.5,1.8,3.2,1,津鲁
2026-02-24,青萝卜,2.1,1.8,2.4,1,津鲁
2026-02-25,青萝卜,2.1,1.8,2.4,1,津鲁
2026-02-26,青萝卜,2.1,1.8,2.4,1,津鲁
2026-02-27,青萝卜,2.1,1.8,2.4,1,津鲁
2026-02-28,青萝卜,2.1,1.8,2.4,1,津鲁
2026-03-01,青萝卜,2.1,1.8,2.4,1,津鲁
2026-03-02,青萝卜,2.1,1.8,2.4,1,津鲁
2026-03-03,青萝卜,2.1,1.8,2.4,1,津鲁
2026-03-04,青萝卜,2.1,1.8,2.4,1,津鲁
2026-03-05,青萝卜,2.1,1.8,2.4,1,津鲁
2026-03-06,青萝卜,2.1,1.8,2.4,1,津鲁
2026-03-07,青萝卜,2.1,1.8,2.4,1,津鲁
2026-03-08,青萝卜,2.1,1.8,2.4,1,津鲁
2026-03-09,青萝卜,2.1,1.8,2.4,1,津鲁
2026-03-10,青萝卜,2.1,1.8,2.4,1,津鲁
2026-03-11,青萝卜,2.1,1.8,2.4,1,津鲁
2026-03-12,青萝卜,2.1,1.8,2.4,1,津鲁
2026-03-13,青萝卜,2.1,1.8,2.4,1,津鲁
2026-03-14,青萝卜,2.1,1.8,2.4,1,津鲁
2026-03-15,青萝卜,2.1,1.8,2.4,1,津鲁
2026-03-16,青萝卜,2.1,1.8,2.4,1,津鲁
2026-03-17,青萝卜,1.85,1.3,2.4,1,津鲁
2026-03-18,青萝卜,1.85,1.3,2.4,1,津鲁
2026-03-19,青萝卜,1.85,1.3,2.4,1,津鲁
2026-03-20,青萝卜,1.85,1.3,2.4,1,津鲁
2026-03-21,青萝卜,1.85,1.3,2.4,1,津鲁
2026-03-22,青萝卜,1.85,1.3,2.4,1,津鲁
2026-03-23,青萝卜,1.85,1.3,2.4,1,津鲁
2026-03-24,青萝卜,1.85,1.3,2.4,1,津鲁
2026-03-25,青萝卜,1.85,1.3,2.4,1,津鲁
2026-03-26,青萝卜,1.85,1.3,2.4,1,津鲁
2026-03-27,青萝卜,1.85,1.3,2.4,1,津鲁
2026-03-28,青萝卜,1.85,1.3,2.4,1,津鲁
2026-03-29,青萝卜,1.85,1.3,2.4,1,津鲁
2026-03-30,青萝卜,1.4,0.8,2.0,1,津鲁
2026-03-31,青萝卜,1.4,0.8,2.0,1,津鲁
2026-04-01,青萝卜,1.4,0.8,2.0,1,津鲁
2026-04-02,青萝卜,1.25,0.8,1.7,1,津鲁
2026-04-03,青萝卜,1.25,0.8,1.7,1,津鲁
2026-04-04,青萝卜,1.25,0.8,1.7,1,津鲁
2026-04-05,青萝卜,1.25,0.8,1.7,1,津鲁
2026-04-06,青萝卜,1.25,0.8,1.7,1,津鲁
2026-04-07,青萝卜,1.25,0.8,1.7,1,津鲁
2026-04-08,青萝卜,1.25,0.8,1.7,1,津鲁
2026-04-09,青萝卜,1.25,0.8,1.7,1,津鲁
2026-04-10,青萝卜,1.25,0.8,1.7,1,津鲁
2026-04-11,青萝卜,1.25,0.8,1.7,1,津鲁
2026-04-12,青萝卜,1.25,0.8,1.7,1,津鲁
2026-04-13,青萝卜,1.25,0.8,1.7,1,津鲁
2026-04-14,青萝卜,1.25,0.8,1.7,1,津鲁
2026-04-15,青萝卜,1.25,0.8,1.7,1,津鲁
2026-04-16,青萝卜,1.25,0.8,1.7,1,津鲁
2026-04-17,青萝卜,1.25,0.8,1.7,1,津鲁
2026-04-18,青萝卜,1.25,0.8,1.7,1,津鲁
2026-04-19,青萝卜,1.25,0.8,1.7,1,津鲁
2026-04-20,青萝卜,1.25,0.8,1.7,1,津鲁
2026-04-21,青萝卜,1.25,0.8,1.7,1,津鲁
2026-04-22,青萝卜,1.25,0.8,1.7,1,津鲁
2026-04-23,青萝卜,1.5,1.0,2.0,1,津鲁
2026-04-24,青萝卜,1.5,1.0,2.0,1,津鲁
2026-04-25,青萝卜,1.5,1.0,2.0,1,津鲁
2026-04-26,青萝卜,1.5,1.0,2.0,1,津鲁
2026-04-27,青萝卜,1.5,1.0,2.0,1,津鲁
2026-04-28,青萝卜,1.5,1.0,2.0,1,津鲁
2026-04-29,青萝卜,1.5,1.0,2.0,1,津鲁
2026-04-30,青萝卜,1.5,1.0,2.0,1,津鲁
2026-05-01,青萝卜,1.5,1.0,2.0,1,津鲁
2026-05-02,青萝卜,1.5,1.0,2.0,1,津鲁
2026-05-03,青萝卜,1.5,1.0,2.0,1,津鲁
2026-05-04,青萝卜,1.4,1.0,1.8,1,津鲁
2026-05-05,青萝卜,1.4,1.0,1.8,1,津鲁
2026-05-06,青萝卜,1.65,1.5,1.8,1,津鲁
2026-05-07,青萝卜,1.65,1.5,1.8,1,津鲁
2026-05-08,青萝卜,1.65,1.5,1.8,1,津鲁
2026-05-09,青萝卜,1.65,1.5,1.8,1,津鲁
2026-05-10,青萝卜,1.65,1.5,1.8,1,津鲁
2026-05-11,青萝卜,1.65,1.5,1.8,1,津鲁
2026-05-12,青萝卜,1.4,1.3,1.5,1,津鲁
2026-05-13,青萝卜,1.4,1.3,1.5,1,津鲁
2026-05-14,青萝卜,1.4,1.3,1.5,1,津鲁
2026-05-15,青萝卜,1.4,1.3,1.5,1,津鲁
2026-05-16,青萝卜,1.4,1.3,1.5,1,津鲁
2026-05-17,青萝卜,1.25,1.0,1.5,1,津鲁
2026-05-18,青萝卜,1.15,0.8,1.5,1,津鲁
2026-05-19,青萝卜,1.15,0.8,1.5,1,津鲁
2026-05-20,青萝卜,1.15,0.8,1.5,1,津鲁
2026-05-21,青萝卜,1.0,0.8,1.2,1,津鲁
2026-05-22,青萝卜,1.0,0.8,1.2,1,津鲁
2026-05-23,青萝卜,1.0,0.8,1.2,1,津鲁
2026-05-24,青萝卜,1.0,0.8,1.2,1,津鲁
2026-05-25,青萝卜,1.0,0.8,1.2,1,津鲁
2026-05-26,青萝卜,1.0,0.8,1.2,1,津鲁
2026-05-27,青萝卜,1.0,0.8,1.2,1,津鲁
2026-05-28,青萝卜,1.0,0.8,1.2,1,津鲁
2026-05-29,青萝卜,1.0,0.8,1.2,1,津鲁
2026-05-30,青萝卜,1.0,0.8,1.2,1,津鲁
2026-05-31,青萝卜,1.0,0.8,1.2,1,津鲁
2026-06-01,青萝卜,1.0,0.8,1.2,1,津鲁
2026-06-02,青萝卜,1.0,0.8,1.2,1,津鲁
2026-06-03,青萝卜,1.0,0.8,1.2,1,津鲁
2026-06-04,青萝卜,0.8,0.6,1.0,1,津鲁
2026-06-05,青萝卜,0.8,0.6,1.0,1,津鲁
2026-06-06,青萝卜,0.8,0.6,1.0,1,津鲁
2026-06-07,青萝卜,0.8,0.6,1.0,1,津鲁
2026-06-08,青萝卜,0.8,0.6,1.0,1,津鲁
2026-06-09,青萝卜,0.8,0.6,1.0,1,津鲁
2026-06-10,青萝卜,0.8,0.6,1.0,1,津鲁
2026-06-11,青萝卜,0.8,0.6,1.0,1,津鲁
2026-06-12,青萝卜,0.8,0.6,1.0,1,津鲁
2026-06-13,青萝卜,0.8,0.6,1.0,1,津鲁
2026-06-14,青萝卜,0.8,0.6,1.0,1,津鲁
2026-06-15,青萝卜,0.8,0.6,1.0,1,津鲁
2026-06-16,青萝卜,0.8,0.6,1.0,1,津鲁
2026-06-17,青萝卜,0.8,0.6,1.0,1,津鲁
2026-06-18,青萝卜,0.8,0.6,1.0,1,津鲁
2026-06-19,青萝卜,0.8,0.6,1.0,1,津鲁
2026-06-20,青萝卜,0.8,0.6,1.0,1,津鲁
2026-06-21,青萝卜,0.8,0.6,1.0,1,津鲁
2026-06-22,青萝卜,0.8,0.6,1.0,1,津鲁
2026-06-23,青萝卜,0.8,0.6,1.0,1,津鲁
2026-06-24,青萝卜,0.8,0.6,1.0,1,津鲁
2026-06-25,青萝卜,0.8,0.6,1.0,1,津鲁
2026-06-26,青萝卜,0.8,0.6,1.0,1,津鲁
2026-06-27,青萝卜,0.8,0.6,1.0,1,津鲁
2026-06-28,青萝卜,0.8,0.6,1.0,1,津鲁
2026-06-29,青萝卜,0.75,0.5,1.0,1,津鲁
2026-06-30,青萝卜,0.75,0.5,1.0,1,津鲁
2026-07-01,青萝卜,0.75,0.5,1.0,1,津鲁
2026-07-02,青萝卜,0.75,0.5,1.0,1,津鲁
2026-07-03,青萝卜,0.75,0.5,1.0,1,津鲁
2026-07-04,青萝卜,0.75,0.5,1.0,1,津鲁
2026-07-05,青萝卜,0.75,0.5,1.0,1,津鲁
2026-07-06,青萝卜,0.75,0.5,1.0,1,津鲁
2026-07-07,青萝卜,0.75,0.5,1.0,1,津鲁
2026-07-08,青萝卜,0.75,0.5,1.0,1,津鲁
2026-07-09,青萝卜,0.75,0.5,1.0,1,津鲁
2026-07-10,青萝卜,0.75,0.5,1.0,1,津鲁
2026-07-11,青萝卜,0.75,0.5,1.0,1,津鲁
2026-07-12,青萝卜,0.75,0.5,1.0,1,津鲁
2026-07-13,青萝卜,0.75,0.5,1.0,1,津鲁
2026-07-14,青萝卜,0.75,0.5,1.0,1,津鲁
2026-07-15,青萝卜,0.75,0.5,1.0,1,津鲁
2026-07-16,青萝卜,0.75,0.5,1.0,1,津鲁
2026-07-17,青萝卜,0.75,0.5,1.0,1,津鲁
2026-07-18,青萝卜,0.75,0.5,1.0,1,津鲁
2026-07-19,青萝卜,0.75,0.5,1.0,1,津鲁
2026-07-20,青萝卜,0.75,0.5,1.0,1,津鲁
2026-07-21,青萝卜,0.75,0.5,1.0,1,津鲁
2026-07-22,青萝卜,0.75,0.5,1.0,1,津鲁
2026-07-23,青萝卜,0.75,0.5,1.0,1,津鲁
2026-07-24,青萝卜,0.75,0.5,1.0,1,津鲁
2026-07-25,青萝卜,0.75,0.5,1.0,1,津鲁
2026-07-26,青萝卜,0.75,0.5,1.0,1,津鲁
2026-07-27,青萝卜,0.75,0.5,1.0,1,津鲁
2026-07-28,青萝卜,0.75,0.5,1.0,1,津鲁
2026-07-29,青萝卜,0.75,0.5,1.0,1,津鲁
2026-07-30,青萝卜,0.75,0.5,1.0,1,津鲁
2026-07-31,青萝卜,0.75,0.5,1.0,1,津鲁
2026-08-01,青萝卜,0.75,0.5,1.0,1,津鲁
2026-08-02,青萝卜,0.75,0.5,1.0,1,津鲁
2026-08-03,青萝卜,0.75,0.5,1.0,1,津鲁
2026-08-04,青萝卜,0.75,0.5,1.0,1,津鲁
2026-08-05,青萝卜,0.75,0.5,1.0,1,津鲁
2026-08-06,青萝卜,0.75,0.5,1.0,1,津鲁
2026-08-07,青萝卜,0.75,0.5,1.0,1,津鲁
2026-08-08,青萝卜,0.75,0.5,1.0,1,津鲁
2026-08-09,青萝卜,0.75,0.5,1.0,1,津鲁
2026-08-10,青萝卜,0.75,0.5,1.0,1,津鲁
2026-08-11,青萝卜,0.75,0.5,1.0,1,津鲁
2026-01-01,青蒜,3.725,2.6,5.0,2,豫鲁川
2026-01-02,青蒜,3.725,2.6,5.0,2,豫鲁川
2026-01-03,青蒜,2.95,2.6,3.3,1,豫鲁川
2026-01-04,青蒜,2.95,2.6,3.3,1,豫鲁川
2026-01-05,青蒜,3.725,2.6,5.0,2,豫鲁川
2026-01-06,青蒜,3.725,2.6,5.0,2,豫鲁川
2026-01-07,青蒜,3.4,2.3,4.5,2,豫鲁川
2026-01-08,青蒜,3.4,2.3,4.5,2,豫鲁川
2026-01-09,青蒜,3.3,2.2,4.5,2,豫鲁川
2026-01-10,青蒜,2.6,2.2,3.0,1,豫鲁川
2026-01-11,青蒜,2.6,2.2,3.0,1,豫鲁川
2026-01-12,青蒜,3.05,2.2,4.0,2,豫鲁川
2026-01-13,青蒜,3.1,2.4,4.0,2,豫鲁川
2026-01-14,青蒜,3.1,2.4,4.0,2,豫鲁川
2026-01-15,青蒜,3.125,2.5,4.0,2,豫鲁川
2026-01-16,青蒜,3.125,2.5,4.0,2,豫鲁川
2026-01-17,青蒜,2.75,2.5,3.0,1,豫鲁川
2026-01-18,青蒜,2.75,2.5,3.0,1,豫鲁川
2026-01-19,青蒜,3.125,2.5,4.0,2,豫鲁川
2026-01-20,青蒜,3.075,2.5,4.0,2,豫鲁川
2026-01-21,青蒜,3.075,2.5,4.0,2,豫鲁川
2026-01-22,青蒜,3.075,2.5,4.0,2,豫鲁川
2026-01-23,青蒜,3.025,2.3,4.0,2,豫鲁川
2026-01-24,青蒜,2.55,2.3,2.8,1,豫鲁川
2026-01-25,青蒜,2.55,2.3,2.8,1,豫鲁川
2026-01-26,青蒜,3.025,2.3,4.0,2,豫鲁川
2026-01-27,青蒜,3.025,2.3,4.0,2,豫鲁川
2026-01-28,青蒜,3.025,2.3,4.0,2,豫鲁川
2026-01-29,青蒜,3.025,2.3,4.0,2,豫鲁川
2026-01-30,青蒜,3.025,2.3,4.0,2,豫鲁川
2026-01-31,青蒜,2.55,2.3,2.8,1,豫鲁川
2026-02-01,青蒜,2.45,2.3,2.6,1,豫鲁川
2026-02-02,青蒜,2.975,2.3,4.0,2,豫鲁川
2026-02-03,青蒜,2.975,2.3,4.0,2,豫鲁川
2026-02-04,青蒜,2.975,2.3,4.0,2,豫鲁川
2026-02-05,青蒜,2.975,2.3,4.0,2,豫鲁川
2026-02-06,青蒜,3.1,2.3,4.5,2,豫鲁川
2026-02-07,青蒜,2.45,2.3,2.6,1,豫鲁川
2026-02-08,青蒜,2.45,2.3,2.6,1,豫鲁川
2026-02-09,青蒜,3.175,2.3,4.8,2,豫鲁川
2026-02-10,青蒜,3.175,2.3,4.8,2,豫鲁川
2026-02-11,青蒜,3.475,2.3,5.0,2,豫鲁川
2026-02-12,青蒜,3.475,2.3,5.0,2,豫鲁川
2026-02-13,青蒜,3.35,2.3,4.5,2,豫鲁川
2026-02-14,青蒜,2.45,2.3,2.6,1,豫鲁川
2026-02-15,青蒜,2.45,2.3,2.6,1,豫鲁川
2026-02-16,青蒜,2.45,2.3,2.6,1,豫鲁川
2026-02-24,青蒜,3.3,2.2,4.5,2,鲁川
2026-02-25,青蒜,3.3,2.2,4.5,2,鲁川
2026-02-26,青蒜,3.175,2.0,4.5,2,鲁川
2026-02-27,青蒜,3.1,2.0,4.2,2,鲁川
2026-02-28,青蒜,2.0,1.8,2.2,1,鲁川
2026-03-01,青蒜,2.0,1.8,2.2,1,鲁川
2026-03-02,青蒜,3.0,1.8,4.2,2,鲁川
2026-03-03,青蒜,3.0,1.8,4.2,2,鲁川
2026-03-04,青蒜,3.0,1.8,4.2,2,鲁川
2026-03-05,青蒜,3.0,1.8,4.2,2,鲁川
2026-03-06,青蒜,3.0,1.8,4.2,2,鲁川
2026-03-07,青蒜,1.9,1.8,2.0,1,鲁川
2026-03-08,青蒜,1.7,1.6,1.8,1,鲁川
2026-03-09,青蒜,2.9,1.6,4.2,2,鲁川
2026-03-10,青蒜,3.0,1.8,4.2,2,鲁
2026-03-11,青蒜,2.7,1.8,4.0,2,鲁
2026-03-12,青蒜,2.45,1.8,3.5,2,鲁
2026-03-13,青蒜,2.45,1.8,3.5,2,鲁
2026-03-14,青蒜,1.9,1.8,2.0,1,鲁
2026-03-15,青蒜,1.8,1.6,2.0,1,鲁
2026-03-16,青蒜,2.4,1.6,3.5,2,鲁
2026-03-17,青蒜,2.4,1.6,3.5,2,鲁
2026-03-18,青蒜,2.4,1.6,3.5,2,鲁
2026-03-19,青蒜,2.4,1.6,3.5,2,鲁
2026-03-20,青蒜,2.4,1.6,3.5,2,鲁
2026-03-21,青蒜,1.7,1.6,1.8,1,鲁
2026-03-22,青蒜,1.7,1.6,1.8,1,鲁
2026-03-23,青蒜,2.35,1.6,3.5,2,鲁
2026-03-24,青蒜,2.35,1.6,3.5,2,鲁
2026-03-25,青蒜,2.35,1.6,3.5,2,鲁
2026-03-26,青蒜,2.35,1.6,3.5,2,鲁
2026-03-27,青蒜,2.35,1.6,3.5,2,鲁
2026-03-28,青蒜,1.7,1.6,1.8,1,鲁
2026-03-29,青蒜,1.7,1.6,1.8,1,鲁
2026-03-30,青蒜,2.35,1.6,3.5,2,鲁
2026-03-31,青蒜,2.35,1.6,3.5,2,鲁
2026-04-01,青蒜,2.35,1.6,3.5,2,鲁
2026-04-02,青蒜,2.35,1.6,3.5,2,鲁
2026-04-03,青蒜,2.35,1.6,3.5,2,鲁
2026-04-04,青蒜,1.7,1.6,1.8,1,鲁
2026-04-05,青蒜,1.7,1.6,1.8,1,鲁
2026-04-06,青蒜,2.35,1.6,3.5,2,鲁
2026-04-07,青蒜,2.35,1.6,3.5,2,鲁
2026-04-08,青蒜,2.35,1.6,3.5,2,鲁
2026-04-09,青蒜,2.45,1.8,3.5,2,鲁
2026-04-10,青蒜,2.45,1.8,3.5,2,鲁
2026-04-11,青蒜,1.9,1.8,2.0,1,鲁
2026-04-12,青蒜,1.9,1.8,2.0,1,鲁
2026-04-13,青蒜,2.45,1.8,3.5,2,鲁
2026-04-14,青蒜,2.2,1.8,3.0,2,鲁
2026-04-15,青蒜,2.075,1.8,2.5,2,鲁
2026-04-16,青蒜,2.2,1.8,3.0,2,鲁
2026-04-17,青蒜,2.2,1.8,3.0,2,鲁
2026-04-18,青蒜,1.9,1.8,2.0,1,鲁
2026-04-19,青蒜,1.9,1.8,2.0,1,鲁
2026-04-20,青蒜,2.35,2.0,3.0,2,鲁苏冀
2026-04-21,青蒜,2.35,2.0,3.0,2,鲁苏冀
2026-04-22,青蒜,2.575,2.0,3.0,2,鲁苏冀
2026-04-23,青蒜,2.575,2.0,3.0,2,鲁苏冀
2026-04-24,青蒜,2.575,2.0,3.0,2,鲁苏冀
2026-04-25,青蒜,2.9,2.8,3.0,1,鲁苏冀
2026-04-26,青蒜,2.9,2.8,3.0,1,鲁苏冀
2026-04-27,青蒜,2.575,2.0,3.0,2,冀
2026-04-28,青蒜,2.575,2.0,3.0,2,冀
2026-04-29,青蒜,2.575,2.0,3.0,2,冀
2026-04-30,青蒜,2.7,2.0,3.3,2,冀
2026-05-01,青蒜,2.7,2.0,3.3,2,冀
2026-05-02,青蒜,3.15,3.0,3.3,1,冀
2026-05-03,青蒜,3.4,3.3,3.5,1,冀
2026-05-04,青蒜,3.2,2.5,3.5,2,冀
2026-05-05,青蒜,3.3,2.5,3.7,2,冀
2026-05-06,青蒜,3.325,2.5,3.8,2,冀
2026-05-07,青蒜,3.325,2.5,3.8,2,冀
2026-05-08,青蒜,3.075,2.0,4.0,2,冀
2026-05-09,青蒜,4.1,4.0,4.2,1,冀
2026-05-10,青蒜,4.25,4.0,4.5,1,冀
2026-05-11,青蒜,3.575,2.8,4.5,2,冀
2026-05-12,青蒜,3.75,3.0,4.5,2,冀
2026-05-13,青蒜,3.75,3.0,4.5,2,冀
2026-05-14,青蒜,3.75,3.0,4.5,2,冀
2026-05-15,青蒜,4.0,3.5,4.5,2,冀
2026-05-16,青蒜,4.25,4.0,4.5,1,冀
2026-05-17,青蒜,4.25,4.0,4.5,1,冀
2026-05-18,青蒜,4.0,3.5,4.5,2,冀
2026-05-19,青蒜,4.15,3.8,4.5,2,甘
2026-05-20,青蒜,4.15,3.8,4.5,2,甘
2026-05-21,青蒜,4.15,3.8,4.5,2,甘
2026-05-22,青蒜,4.325,4.0,5.0,2,甘
2026-05-23,青蒜,4.15,4.0,4.3,1,甘
2026-05-24,青蒜,4.15,4.0,4.3,1,甘
2026-05-25,青蒜,4.3,4.0,5.0,2,甘
2026-05-26,青蒜,4.3,4.0,5.0,2,甘
2026-05-27,青蒜,4.175,3.7,5.0,2,甘
2026-05-28,青蒜,4.175,3.7,5.0,2,甘
2026-05-29,青蒜,3.55,3.0,4.0,2,甘
2026-05-30,青蒜,3.55,3.5,3.6,1,甘
2026-05-31,青蒜,3.55,3.5,3.6,1,甘
2026-06-01,青蒜,3.325,3.0,3.5,2,甘
2026-06-02,青蒜,3.575,3.0,4.5,2,甘
2026-06-03,青蒜,3.7,3.0,5.0,2,甘
2026-06-04,青蒜,3.95,3.3,5.0,2,甘
2026-06-05,青蒜,3.9,3.3,4.8,2,甘
2026-06-06,青蒜,3.4,3.3,3.5,1,甘
2026-06-07,青蒜,3.4,3.3,3.5,1,甘
2026-06-08,青蒜,3.575,3.3,4.0,2,甘
2026-06-09,青蒜,3.575,3.3,4.0,2,甘
2026-06-10,青蒜,3.575,3.3,4.0,2,甘
2026-06-11,青蒜,3.575,3.3,4.0,2,甘
2026-06-12,青蒜,3.575,3.3,4.0,2,甘
2026-06-13,青蒜,3.25,3.0,3.5,1,甘
2026-06-14,青蒜,3.15,3.0,3.3,1,甘
2026-06-15,青蒜,3.45,3.0,4.0,2,甘
2026-06-16,青蒜,3.4,3.0,3.8,2,甘
2026-06-17,青蒜,3.45,3.0,4.0,2,甘
2026-06-18,青蒜,3.5,3.0,4.0,2,甘
2026-06-19,青蒜,3.7,3.5,4.0,2,甘
2026-06-20,青蒜,3.65,3.5,3.8,1,甘
2026-06-21,青蒜,3.65,3.5,3.8,1,甘
2026-06-22,青蒜,3.7,3.5,4.0,2,甘
2026-06-23,青蒜,3.45,3.0,3.8,2,甘
2026-06-24,青蒜,3.45,3.0,3.8,2,甘
2026-06-25,青蒜,3.45,3.0,3.8,2,甘
2026-06-26,青蒜,3.45,3.0,3.8,2,甘
2026-06-27,青蒜,3.65,3.5,3.8,1,甘
2026-06-28,青蒜,4.0,3.8,4.2,1,甘
2026-06-29,青蒜,3.675,3.0,4.2,2,甘
2026-06-30,青蒜,3.8,3.0,4.5,2,甘
2026-07-01,青蒜,3.7,2.8,4.5,2,甘
2026-07-02,青蒜,3.7,2.8,4.5,2,甘
2026-07-03,青蒜,3.7,2.8,4.5,2,甘
2026-07-04,青蒜,4.35,4.2,4.5,1,甘
2026-07-05,青蒜,4.35,4.2,4.5,1,甘
2026-07-06,青蒜,3.775,2.8,4.7,2,甘青
2026-07-07,青蒜,3.775,2.8,4.7,2,甘
2026-07-08,青蒜,3.775,2.8,4.7,2,甘
2026-07-09,青蒜,3.775,2.8,4.7,2,甘
2026-07-10,青蒜,3.775,2.8,4.7,2,甘
2026-07-11,青蒜,4.5,4.3,4.7,1,甘
2026-07-12,青蒜,4.4,4.3,4.5,1,甘
2026-07-13,青蒜,3.725,2.8,4.5,2,甘
2026-07-14,青蒜,3.725,2.8,4.5,2,甘
2026-07-15,青蒜,3.725,2.8,4.5,2,甘
2026-07-16,青蒜,3.6,2.8,4.3,2,甘
2026-07-17,青蒜,3.325,2.0,4.3,2,甘
2026-07-18,青蒜,4.15,4.0,4.3,1,甘
2026-07-19,青蒜,4.0,3.8,4.2,1,甘
2026-07-20,青蒜,3.3,2.2,4.2,2,甘
2026-07-21,青蒜,3.3,2.2,4.2,2,甘
2026-07-22,青蒜,3.3,2.2,4.2,2,甘
2026-07-23,青蒜,3.125,2.2,3.8,2,甘
2026-07-24,青蒜,3.125,2.2,3.8,2,甘
2026-07-25,青蒜,3.45,3.3,3.6,1,甘
2026-07-26,青蒜,3.45,3.3,3.6,1,甘
2026-07-27,青蒜,2.975,2.2,3.5,2,甘
2026-07-28,青蒜,2.975,2.2,3.5,2,甘
2026-07-29,青蒜,2.975,2.2,3.5,2,甘
2026-07-30,青蒜,2.975,2.2,3.5,2,甘
2026-07-31,青蒜,2.8,2.2,3.2,2,甘
2026-08-01,青蒜,3.0,2.8,3.2,1,甘
2026-08-02,青蒜,3.0,2.8,3.2,1,甘
2026-08-03,青蒜,2.675,2.2,3.0,2,甘
2026-08-04,青蒜,2.75,2.5,3.0,2,甘
2026-08-05,青蒜,2.75,2.5,3.0,2,甘
2026-08-06,青蒜,2.75,2.5,3.0,2,甘
2026-08-07,青蒜,2.7,2.5,3.0,2,甘
2026-08-08,青蒜,2.65,2.5,2.8,1,甘
2026-08-09,青蒜,2.65,2.5,2.8,1,甘
2026-08-10,青蒜,2.7,2.5,3.0,2,甘
2026-08-11,青蒜,2.7,2.5,3.0,2,甘
2026-01-01,韭菜,3.05,2.6,3.5,1,冀粤
2026-01-02,韭菜,3.05,2.6,3.5,1,冀粤
2026-01-03,韭菜,3.25,3.0,3.5,1,冀粤
2026-01-04,韭菜,3.4,3.0,3.8,1,冀粤
2026-01-05,韭菜,3.4,3.0,3.8,1,冀粤
2026-01-06,韭菜,3.4,3.0,3.8,1,冀粤
2026-01-07,韭菜,3.3,2.8,3.8,1,冀粤
2026-01-08,韭菜,3.15,2.5,3.8,1,冀粤
2026-01-09,韭菜,3.0,2.5,3.5,1,冀粤
2026-01-10,韭菜,3.0,2.5,3.5,1,冀粤
2026-01-11,韭菜,3.0,2.5,3.5,1,冀粤
2026-01-12,韭菜,3.0,2.5,3.5,1,冀粤
2026-01-13,韭菜,3.0,2.5,3.5,1,冀粤
2026-01-14,韭菜,3.0,2.5,3.5,1,冀粤
2026-01-15,韭菜,3.0,2.5,3.5,1,冀粤
2026-01-16,韭菜,3.0,2.5,3.5,1,冀粤
2026-01-17,韭菜,3.25,3.0,3.5,1,冀粤
2026-01-18,韭菜,3.15,2.8,3.5,1,冀粤
2026-01-19,韭菜,3.0,2.5,3.5,1,冀粤
2026-01-20,韭菜,3.0,2.5,3.5,1,冀粤
2026-01-21,韭菜,3.0,2.5,3.5,1,冀粤
2026-01-22,韭菜,3.0,2.5,3.5,1,冀粤
2026-01-23,韭菜,3.0,2.5,3.5,1,冀粤
2026-01-24,韭菜,3.0,2.5,3.5,1,冀粤
2026-01-25,韭菜,3.0,2.5,3.5,1,冀粤
2026-01-26,韭菜,3.0,2.5,3.5,1,冀粤
2026-01-27,韭菜,2.75,2.0,3.5,1,冀粤
2026-01-28,韭菜,2.75,2.0,3.5,1,冀粤
2026-01-29,韭菜,2.75,2.0,3.5,1,冀粤
2026-01-30,韭菜,2.75,2.0,3.5,1,冀粤
2026-01-31,韭菜,2.75,2.0,3.5,1,冀粤
2026-02-01,韭菜,2.75,2.0,3.5,1,冀粤
2026-02-02,韭菜,2.9,2.3,3.5,1,冀粤
2026-02-03,韭菜,2.9,2.3,3.5,1,冀粤
2026-02-04,韭菜,3.25,3.0,3.5,1,冀粤
2026-02-05,韭菜,3.25,3.0,3.5,1,冀粤
2026-02-06,韭菜,3.0,2.5,3.5,1,冀粤
2026-02-07,韭菜,3.0,2.5,3.5,1,冀粤
2026-02-08,韭菜,3.0,2.5,3.5,1,冀粤
2026-02-09,韭菜,3.0,2.5,3.5,1,冀粤
2026-02-10,韭菜,3.0,2.5,3.5,1,冀粤
2026-02-11,韭菜,3.0,2.5,3.5,1,冀粤
2026-02-12,韭菜,4.0,3.5,4.5,1,冀粤
2026-02-13,韭菜,4.0,3.5,4.5,1,冀粤
2026-02-14,韭菜,3.5,3.0,4.0,1,冀粤
2026-02-15,韭菜,4.25,3.5,5.0,1,冀粤
2026-02-16,韭菜,4.25,3.5,5.0,1,冀粤
2026-02-24,韭菜,2.0,1.5,2.5,1,冀粤
2026-02-25,韭菜,1.9,1.5,2.3,1,冀粤
2026-02-26,韭菜,2.3,1.8,2.8,1,冀粤
2026-02-27,韭菜,2.3,1.8,2.8,1,冀粤
2026-02-28,韭菜,2.3,1.8,2.8,1,冀粤
2026-03-01,韭菜,2.3,1.8,2.8,1,冀粤
2026-03-02,韭菜,2.3,1.8,2.8,1,冀粤
2026-03-03,韭菜,2.5,2.0,3.0,1,冀粤
2026-03-04,韭菜,2.25,2.0,2.5,1,冀
2026-03-05,韭菜,2.4,2.0,2.8,1,冀
2026-03-06,韭菜,2.4,2.0,2.8,1,冀
2026-03-07,韭菜,2.4,2.0,2.8,1,冀
2026-03-08,韭菜,2.4,2.0,2.8,1,冀
2026-03-09,韭菜,2.4,2.0,2.8,1,冀
2026-03-10,韭菜,2.4,2.0,2.8,1,冀
2026-03-11,韭菜,2.4,2.0,2.8,1,冀
2026-03-12,韭菜,2.25,2.0,2.5,1,冀
2026-03-13,韭菜,2.25,2.0,2.5,1,冀
2026-03-14,韭菜,2.25,2.0,2.5,1,冀
2026-03-15,韭菜,2.25,2.0,2.5,1,冀
2026-03-16,韭菜,2.4,2.0,2.8,1,冀
2026-03-17,韭菜,2.4,2.0,2.8,1,冀
2026-03-18,韭菜,2.4,2.0,2.8,1,冀
2026-03-19,韭菜,2.4,2.0,2.8,1,冀
2026-03-20,韭菜,2.4,2.0,2.8,1,冀
2026-03-21,韭菜,2.4,2.0,2.8,1,冀
2026-03-22,韭菜,2.0,1.5,2.5,1,冀
2026-03-23,韭菜,2.0,1.5,2.5,1,冀
2026-03-24,韭菜,2.0,1.5,2.5,1,冀
2026-03-25,韭菜,2.0,1.5,2.5,1,冀
2026-03-26,韭菜,2.0,1.5,2.5,1,冀
2026-03-27,韭菜,2.0,1.5,2.5,1,冀
2026-03-28,韭菜,2.0,1.5,2.5,1,冀
2026-03-29,韭菜,1.7,1.4,2.0,1,冀
2026-03-30,韭菜,1.6,1.4,1.8,1,冀
2026-03-31,韭菜,1.6,1.4,1.8,1,冀
2026-04-01,韭菜,1.6,1.4,1.8,1,冀
2026-04-02,韭菜,1.6,1.4,1.8,1,冀
2026-04-03,韭菜,1.5,1.2,1.8,1,冀
2026-04-04,韭菜,1.5,1.2,1.8,1,冀
2026-04-05,韭菜,1.35,1.2,1.5,1,冀
2026-04-06,韭菜,1.35,1.2,1.5,1,冀
2026-04-07,韭菜,1.35,1.2,1.5,1,冀
2026-04-08,韭菜,1.35,1.2,1.5,1,冀
2026-04-09,韭菜,1.35,1.2,1.5,1,冀
2026-04-10,韭菜,1.35,1.2,1.5,1,冀
2026-04-11,韭菜,1.35,1.2,1.5,1,冀
2026-04-12,韭菜,1.35,1.2,1.5,1,冀
2026-04-13,韭菜,1.15,1.0,1.3,1,冀
2026-04-14,韭菜,1.15,1.0,1.3,1,冀
2026-04-15,韭菜,1.15,1.0,1.3,1,冀
2026-04-16,韭菜,1.15,1.0,1.3,1,冀
2026-04-17,韭菜,1.15,1.0,1.3,1,冀
2026-04-18,韭菜,1.15,1.0,1.3,1,冀
2026-04-19,韭菜,1.15,1.0,1.3,1,冀
2026-04-20,韭菜,1.15,1.0,1.3,1,冀
2026-04-21,韭菜,1.05,0.8,1.3,1,冀
2026-04-22,韭菜,1.05,0.8,1.3,1,冀
2026-04-23,韭菜,1.05,0.8,1.3,1,冀
2026-04-24,韭菜,1.05,0.8,1.3,1,冀
2026-04-25,韭菜,1.05,0.8,1.3,1,冀
2026-04-26,韭菜,1.05,0.8,1.3,1,冀
2026-04-27,韭菜,1.0,0.8,1.2,1,冀
2026-04-28,韭菜,1.0,0.8,1.2,1,冀
2026-04-29,韭菜,1.0,0.8,1.2,1,冀
2026-04-30,韭菜,1.0,0.8,1.2,1,冀
2026-05-01,韭菜,1.0,0.8,1.2,1,冀
2026-05-02,韭菜,1.0,0.8,1.2,1,冀
2026-05-03,韭菜,1.0,0.8,1.2,1,冀
2026-05-04,韭菜,1.0,0.8,1.2,1,冀
2026-05-05,韭菜,1.0,0.8,1.2,1,冀
2026-05-06,韭菜,1.0,0.8,1.2,1,冀
2026-05-07,韭菜,1.0,0.8,1.2,1,冀
2026-05-08,韭菜,1.0,0.8,1.2,1,冀
2026-05-09,韭菜,1.0,0.8,1.2,1,冀
2026-05-10,韭菜,1.0,0.8,1.2,1,冀
2026-05-11,韭菜,1.0,0.8,1.2,1,冀
2026-05-12,韭菜,1.0,0.8,1.2,1,冀
2026-05-13,韭菜,1.0,0.8,1.2,1,冀
2026-05-14,韭菜,1.0,0.8,1.2,1,冀
2026-05-15,韭菜,1.0,0.8,1.2,1,冀
2026-05-16,韭菜,1.0,0.8,1.2,1,冀
2026-05-17,韭菜,1.0,0.8,1.2,1,冀
2026-05-18,韭菜,1.5,1.2,1.8,1,冀
2026-05-19,韭菜,1.5,1.2,1.8,1,冀
2026-05-20,韭菜,1.25,1.0,1.5,1,冀
2026-05-21,韭菜,1.15,1.0,1.3,1,冀
2026-05-22,韭菜,1.15,1.0,1.3,1,冀
2026-05-23,韭菜,1.15,1.0,1.3,1,冀
2026-05-24,韭菜,1.15,1.0,1.3,1,冀
2026-05-25,韭菜,1.15,1.0,1.3,1,冀
2026-05-26,韭菜,1.15,1.0,1.3,1,冀
2026-05-27,韭菜,1.15,1.0,1.3,1,冀
2026-05-28,韭菜,1.15,1.0,1.3,1,冀
2026-05-29,韭菜,1.15,1.0,1.3,1,冀
2026-05-30,韭菜,1.15,1.0,1.3,1,冀
2026-05-31,韭菜,1.15,1.0,1.3,1,冀
2026-06-01,韭菜,1.15,1.0,1.3,1,冀
2026-06-02,韭菜,1.15,1.0,1.3,1,冀
2026-06-03,韭菜,1.15,1.0,1.3,1,冀
2026-06-04,韭菜,1.15,1.0,1.3,1,冀
2026-06-05,韭菜,1.4,1.0,1.8,1,冀
2026-06-06,韭菜,1.4,1.0,1.8,1,冀
2026-06-07,韭菜,1.4,1.0,1.8,1,冀
2026-06-08,韭菜,1.75,1.5,2.0,1,冀
2026-06-09,韭菜,1.75,1.5,2.0,1,冀
2026-06-10,韭菜,1.75,1.5,2.0,1,冀
2026-06-11,韭菜,1.75,1.5,2.0,1,冀
2026-06-12,韭菜,1.75,1.5,2.0,1,冀
2026-06-13,韭菜,1.75,1.5,2.0,1,冀
2026-06-14,韭菜,1.75,1.5,2.0,1,冀
2026-06-15,韭菜,1.75,1.5,2.0,1,冀
2026-06-16,韭菜,1.65,1.5,1.8,1,冀
2026-06-17,韭菜,1.65,1.5,1.8,1,冀
2026-06-18,韭菜,1.65,1.5,1.8,1,冀
2026-06-19,韭菜,1.65,1.5,1.8,1,冀
2026-06-20,韭菜,1.65,1.5,1.8,1,冀
2026-06-21,韭菜,1.65,1.5,1.8,1,冀
2026-06-22,韭菜,1.65,1.5,1.8,1,冀
2026-06-23,韭菜,1.65,1.5,1.8,1,冀
2026-06-24,韭菜,1.5,1.4,1.6,1,冀
2026-06-25,韭菜,1.5,1.4,1.6,1,冀
2026-06-26,韭菜,1.5,1.4,1.6,1,冀
2026-06-27,韭菜,1.5,1.4,1.6,1,冀
2026-06-28,韭菜,1.4,1.3,1.5,1,冀
2026-06-29,韭菜,1.4,1.3,1.5,1,冀
2026-06-30,韭菜,1.4,1.3,1.5,1,冀
2026-07-01,韭菜,1.4,1.3,1.5,1,冀
2026-07-02,韭菜,1.4,1.3,1.5,1,冀
2026-07-03,韭菜,1.4,1.3,1.5,1,冀
2026-07-04,韭菜,1.4,1.3,1.5,1,冀
2026-07-05,韭菜,1.4,1.3,1.5,1,冀
2026-07-06,韭菜,1.35,1.2,1.5,1,冀
2026-07-07,韭菜,1.35,1.2,1.5,1,冀
2026-07-08,韭菜,1.35,1.2,1.5,1,冀
2026-07-09,韭菜,1.35,1.2,1.5,1,冀
2026-07-10,韭菜,1.35,1.2,1.5,1,冀
2026-07-11,韭菜,1.35,1.2,1.5,1,冀
2026-07-12,韭菜,1.35,1.2,1.5,1,冀
2026-07-13,韭菜,1.6,1.2,2.0,1,冀
2026-07-14,韭菜,1.5,1.2,1.8,1,冀
2026-07-15,韭菜,1.5,1.2,1.8,1,冀
2026-07-16,韭菜,1.4,1.2,1.6,1,冀
2026-07-17,韭菜,1.4,1.2,1.6,1,冀
2026-07-18,韭菜,1.65,1.5,1.8,1,冀
2026-07-19,韭菜,1.65,1.5,1.8,1,冀
2026-07-20,韭菜,1.8,1.6,2.0,1,冀
2026-07-21,韭菜,2.25,2.0,2.5,1,冀
2026-07-22,韭菜,2.25,2.0,2.5,1,冀
2026-07-23,韭菜,1.9,1.8,2.0,1,冀
2026-07-24,韭菜,1.9,1.8,2.0,1,冀
2026-07-25,韭菜,1.9,1.8,2.0,1,冀
2026-07-26,韭菜,1.9,1.8,2.0,1,冀
2026-07-27,韭菜,1.4,1.2,1.6,1,冀
2026-07-28,韭菜,1.4,1.2,1.6,1,冀
2026-07-29,韭菜,1.4,1.2,1.6,1,冀
2026-07-30,韭菜,1.4,1.2,1.6,1,冀
2026-07-31,韭菜,1.35,1.2,1.5,1,冀
2026-08-01,韭菜,1.35,1.2,1.5,1,冀
2026-08-02,韭菜,1.65,1.5,1.8,1,冀
2026-08-03,韭菜,1.9,1.8,2.0,1,冀
2026-08-04,韭菜,1.65,1.5,1.8,1,冀
2026-08-05,韭菜,1.65,1.5,1.8,1,冀
2026-08-06,韭菜,1.65,1.5,1.8,1,冀
2026-08-07,韭菜,1.65,1.5,1.8,1,冀
2026-08-08,韭菜,1.65,1.5,1.8,1,冀
2026-08-09,韭菜,1.65,1.5,1.8,1,冀
2026-08-10,韭菜,1.65,1.5,1.8,1,冀
2026-08-11,韭菜,1.65,1.5,1.8,1,冀
2026-01-10,韭黄,10.5,10.0,11.0,1,
2026-01-20,韭黄,11.5,11.0,12.0,1,
2026-01-31,韭黄,10.5,10.0,11.0,1,
2026-02-10,韭黄,12.5,12.0,13.0,1,
2026-02-28,韭黄,11.5,11.0,12.0,1,
2026-03-10,韭黄,10.5,10.0,11.0,1,
2026-03-20,韭黄,9.5,9.0,10.0,1,
2026-03-31,韭黄,9.5,9.0,10.0,1,
2026-04-10,韭黄,10.5,10.0,11.0,1,
2026-04-20,韭黄,10.5,10.0,11.0,1,
2026-04-30,韭黄,10.5,10.0,11.0,1,
2026-05-10,韭黄,11.25,11.0,11.5,1,
2026-05-20,韭黄,11.25,11.0,11.5,1,
2026-05-31,韭黄,11.25,11.0,11.5,1,
2026-06-10,韭黄,10.5,10.0,11.0,1,
2026-06-20,韭黄,9.5,9.0,10.0,1,
2026-06-30,韭黄,9.5,9.0,10.0,1,
2026-07-10,韭黄,9.5,9.0,10.0,1,
2026-07-20,韭黄,10.25,10.0,10.5,1,
2026-07-31,韭黄,11.5,11.0,12.0,1,
2026-08-10,韭黄,11.5,11.0,12.0,1,
2026-01-10,香椿,45.5,45.0,46.0,1,
2026-01-20,香椿,45.5,45.0,46.0,1,
2026-01-31,香椿,42.5,42.0,43.0,1,
2026-02-10,香椿,45.5,45.0,46.0,1,
2026-02-28,香椿,42.5,42.0,43.0,1,
2026-03-10,香椿,27.5,27.0,28.0,1,
2026-03-20,香椿,29.5,29.0,30.0,1,
2026-03-31,香椿,24.5,24.0,25.0,1,
2026-04-10,香椿,17.5,17.0,18.0,1,
2026-04-20,香椿,16.5,16.0,17.0,1,
2026-04-30,香椿,15.5,15.0,16.0,1,
2026-05-10,香椿,16.5,16.0,17.0,1,
2026-05-20,香椿,13.5,13.0,14.0,1,
2026-05-31,香椿,15.5,15.0,16.0,1,
2026-06-10,香椿,18.5,18.0,19.0,1,
2026-06-20,香椿,19.5,19.0,20.0,1,
2026-06-30,香椿,19.5,19.0,20.0,1,
2026-07-10,香椿,22.5,20.0,25.0,1,
2026-07-20,香椿,23.5,23.0,24.0,1,
2026-07-31,香椿,23.5,23.0,24.0,1,
2026-08-10,香椿,22.5,22.0,23.0,1,
2026-01-10,香芋头,5.5,5.0,6.0,1,
2026-01-20,香芋头,5.75,5.5,6.0,1,
2026-01-31,香芋头,5.5,5.0,6.0,1,
2026-02-10,香芋头,5.75,5.5,6.0,1,
2026-02-28,香芋头,5.75,5.5,6.0,1,
2026-03-10,香芋头,5.75,5.5,6.0,1,
2026-03-20,香芋头,5.9,5.8,6.0,1,
2026-03-31,香芋头,5.9,5.8,6.0,1,
2026-04-10,香芋头,5.9,5.8,6.0,1,
2026-04-20,香芋头,5.9,5.8,6.0,1,
2026-04-30,香芋头,5.75,5.5,6.0,1,
2026-05-10,香芋头,5.75,5.5,6.0,1,
2026-05-20,香芋头,5.25,5.0,5.5,1,
2026-05-31,香芋头,5.25,5.0,5.5,1,
2026-06-10,香芋头,5.25,5.0,5.5,1,
2026-06-20,香芋头,5.25,5.0,5.5,1,
2026-06-30,香芋头,5.75,5.5,6.0,1,
2026-07-10,香芋头,5.25,5.0,5.5,1,
2026-07-20,香芋头,5.25,5.0,5.5,1,
2026-07-31,香芋头,5.25,5.0,5.5,1,
2026-08-10,香芋头,4.75,4.5,5.0,1,
2026-01-01,香芹,2.8,2.3,3.3,1,
2026-01-02,香芹,2.8,2.3,3.3,1,
2026-01-05,香芹,2.8,2.3,3.3,1,
2026-01-06,香芹,3.0,2.5,3.5,1,
2026-01-07,香芹,2.4,2.0,2.8,1,
2026-01-08,香芹,2.55,2.3,2.8,1,
2026-01-09,香芹,2.55,2.3,2.8,1,
2026-01-12,香芹,2.55,2.3,2.8,1,
2026-01-13,香芹,2.4,2.2,2.6,1,
2026-01-14,香芹,2.8,2.6,3.0,1,
2026-01-15,香芹,2.8,2.6,3.0,1,
2026-01-16,香芹,2.8,2.6,3.0,1,
2026-01-19,香芹,3.05,2.5,3.6,1,
2026-01-20,香芹,3.05,2.5,3.6,1,
2026-01-21,香芹,3.05,2.5,3.6,1,
2026-01-22,香芹,3.05,2.5,3.6,1,
2026-01-23,香芹,3.05,2.5,3.6,1,
2026-01-26,香芹,3.25,2.7,3.8,1,
2026-01-27,香芹,3.25,2.7,3.8,1,
2026-01-28,香芹,3.25,2.7,3.8,1,
2026-01-29,香芹,3.25,2.7,3.8,1,
2026-01-30,香芹,3.25,2.7,3.8,1,
2026-02-02,香芹,3.25,2.7,3.8,1,
2026-02-03,香芹,3.25,2.7,3.8,1,
2026-02-04,香芹,3.25,2.7,3.8,1,
2026-02-05,香芹,3.25,2.7,3.8,1,
2026-02-06,香芹,3.25,2.7,3.8,1,
2026-02-09,香芹,3.35,2.7,4.0,1,
2026-02-10,香芹,3.35,2.7,4.0,1,
2026-02-11,香芹,3.6,3.0,4.2,1,
2026-02-12,香芹,3.75,3.0,4.5,1,
2026-02-13,香芹,3.75,3.0,4.5,1,
2026-02-24,香芹,3.75,3.0,4.5,1,
2026-02-25,香芹,3.6,3.0,4.2,1,
2026-02-26,香芹,3.4,3.0,3.8,1,
2026-02-27,香芹,3.3,3.0,3.6,1,
2026-03-02,香芹,3.05,2.8,3.3,1,
2026-03-03,香芹,3.25,3.0,3.5,1,
2026-03-04,香芹,3.55,3.3,3.8,1,
2026-03-05,香芹,2.9,2.5,3.3,1,
2026-03-06,香芹,2.9,2.5,3.3,1,
2026-03-09,香芹,3.15,2.8,3.5,1,
2026-03-10,香芹,3.15,2.8,3.5,1,
2026-03-11,香芹,3.15,2.8,3.5,1,
2026-03-12,香芹,2.8,2.3,3.3,1,
2026-03-13,香芹,2.8,2.3,3.3,1,
2026-03-16,香芹,2.65,2.3,3.0,1,
2026-03-17,香芹,2.5,2.2,2.8,1,
2026-03-18,香芹,2.75,2.5,3.0,1,
2026-03-19,香芹,2.9,2.6,3.2,1,
2026-03-20,香芹,2.9,2.6,3.2,1,
2026-03-23,香芹,2.9,2.6,3.2,1,
2026-03-24,香芹,3.05,2.8,3.3,1,
2026-03-25,香芹,2.75,2.5,3.0,1,
2026-03-26,香芹,2.75,2.5,3.0,1,
2026-03-27,香芹,2.75,2.5,3.0,1,
2026-03-30,香芹,2.75,2.5,3.0,1,
2026-03-31,香芹,2.55,2.3,2.8,1,
2026-04-01,香芹,2.75,2.5,3.0,1,
2026-04-02,香芹,2.75,2.5,3.0,1,
2026-04-03,香芹,2.75,2.5,3.0,1,
2026-04-06,香芹,2.55,2.3,2.8,1,
2026-04-07,香芹,2.55,2.3,2.8,1,
2026-04-08,香芹,2.55,2.3,2.8,1,
2026-04-09,香芹,2.4,2.0,2.8,1,
2026-04-10,香芹,2.4,2.0,2.8,1,
2026-04-13,香芹,2.25,1.8,2.7,1,
2026-04-14,香芹,2.15,1.8,2.5,1,
2026-04-15,香芹,2.15,1.8,2.5,1,
2026-04-16,香芹,2.15,1.8,2.5,1,
2026-04-17,香芹,2.15,1.8,2.5,1,
2026-04-20,香芹,2.15,1.8,2.5,1,
2026-04-21,香芹,2.3,1.8,2.8,1,
2026-04-22,香芹,2.3,1.8,2.8,1,
2026-04-23,香芹,2.4,1.8,3.0,1,
2026-04-24,香芹,2.5,2.0,3.0,1,
2026-04-27,香芹,2.5,2.0,3.0,1,
2026-04-28,香芹,2.4,1.8,3.0,1,
2026-04-29,香芹,2.4,1.8,3.0,1,
2026-04-30,香芹,2.4,1.8,3.0,1,
2026-05-01,香芹,2.4,1.8,3.0,1,
2026-05-04,香芹,2.5,2.2,2.8,1,
2026-05-05,香芹,2.5,2.2,2.8,1,
2026-05-06,香芹,2.6,2.3,2.9,1,
2026-05-07,香芹,2.6,2.3,2.9,1,
2026-05-08,香芹,2.15,1.8,2.5,1,
2026-05-11,香芹,2.7,2.4,3.0,1,
2026-05-12,香芹,2.4,2.0,2.8,1,
2026-05-13,香芹,2.2,1.8,2.6,1,
2026-05-14,香芹,2.2,1.8,2.6,1,
2026-05-15,香芹,2.2,1.8,2.6,1,
2026-05-18,香芹,2.65,2.3,3.0,1,
2026-05-19,香芹,2.25,2.0,2.5,1,
2026-05-20,香芹,2.4,2.3,2.5,1,
2026-05-21,香芹,2.35,2.1,2.6,1,
2026-05-22,香芹,2.55,2.1,3.0,1,
2026-05-25,香芹,2.3,1.9,2.7,1,
2026-05-26,香芹,2.3,1.9,2.7,1,
2026-05-27,香芹,2.2,1.8,2.6,1,
2026-05-28,香芹,2.4,2.0,2.8,1,
2026-05-29,香芹,2.4,2.0,2.8,1,
2026-06-01,香芹,2.4,2.0,2.8,1,
2026-06-02,香芹,2.4,2.0,2.8,1,
2026-06-03,香芹,2.5,2.0,3.0,1,
2026-06-04,香芹,3.0,2.5,3.5,1,
2026-06-05,香芹,3.0,2.5,3.5,1,
2026-06-08,香芹,2.55,2.3,2.8,1,
2026-06-09,香芹,2.55,2.3,2.8,1,
2026-06-10,香芹,2.75,2.5,3.0,1,
2026-06-11,香芹,2.75,2.5,3.0,1,
2026-06-12,香芹,2.65,2.5,2.8,1,
2026-06-15,香芹,2.65,2.5,2.8,1,
2026-06-16,香芹,2.6,2.2,3.0,1,
2026-06-17,香芹,2.45,2.2,2.7,1,
2026-06-18,香芹,2.4,2.0,2.8,1,
2026-06-19,香芹,2.25,2.0,2.5,1,
2026-06-22,香芹,2.5,2.2,2.8,1,
2026-06-23,香芹,2.3,1.8,2.8,1,
2026-06-24,香芹,2.3,1.8,2.8,1,
2026-06-25,香芹,2.3,1.8,2.8,1,
2026-06-26,香芹,2.5,2.0,3.0,1,
2026-06-29,香芹,2.5,2.0,3.0,1,
2026-06-30,香芹,2.5,2.0,3.0,1,
2026-07-01,香芹,2.5,2.0,3.0,1,
2026-07-02,香芹,2.5,2.0,3.0,1,
2026-07-03,香芹,2.5,2.0,3.0,1,
2026-07-06,香芹,2.5,2.0,3.0,1,
2026-07-07,香芹,2.3,1.8,2.8,1,
2026-07-08,香芹,2.3,1.8,2.8,1,
2026-07-09,香芹,2.3,1.8,2.8,1,
2026-07-10,香芹,2.3,1.8,2.8,1,
2026-07-13,香芹,2.65,2.3,3.0,1,
2026-07-14,香芹,2.7,2.4,3.0,1,
2026-07-15,香芹,3.0,2.7,3.3,1,
2026-07-16,香芹,3.0,2.7,3.3,1,
2026-07-17,香芹,3.0,2.7,3.3,1,
2026-07-20,香芹,2.8,2.5,3.1,1,
2026-07-21,香芹,2.8,2.5,3.1,1,
2026-07-22,香芹,2.9,2.6,3.2,1,
2026-07-23,香芹,3.0,2.7,3.3,1,
2026-07-24,香芹,3.0,2.7,3.3,1,
2026-07-27,香芹,2.95,2.5,3.4,1,
2026-07-28,香芹,2.95,2.5,3.4,1,
2026-07-29,香芹,2.95,2.5,3.4,1,
2026-07-30,香芹,2.95,2.5,3.4,1,
2026-07-31,香芹,3.8,3.3,4.3,1,
2026-08-03,香芹,3.4,3.0,3.8,1,
2026-08-04,香芹,3.4,3.0,3.8,1,
2026-08-05,香芹,3.4,3.0,3.8,1,
2026-08-06,香芹,3.4,3.0,3.8,1,
2026-08-07,香芹,3.4,3.0,3.8,1,
2026-08-10,香芹,3.4,3.0,3.8,1,
2026-08-11,香芹,3.4,3.0,3.8,1,
2026-01-01,香菇,4.75,3.0,6.5,1,冀
2026-01-02,香菇,4.75,3.0,6.5,1,冀
2026-01-03,香菇,4.75,3.0,6.5,1,冀
2026-01-04,香菇,4.75,3.0,6.5,1,冀
2026-01-05,香菇,4.75,3.0,6.5,1,冀
2026-01-06,香菇,4.75,3.0,6.5,1,冀
2026-01-07,香菇,4.75,3.0,6.5,1,冀
2026-01-08,香菇,4.75,3.0,6.5,1,冀
2026-01-09,香菇,4.75,3.0,6.5,1,冀
2026-01-10,香菇,4.75,3.0,6.5,1,冀
2026-01-11,香菇,4.75,3.0,6.5,1,冀
2026-01-12,香菇,4.75,3.0,6.5,1,冀
2026-01-13,香菇,4.75,3.0,6.5,1,冀
2026-01-14,香菇,4.75,3.0,6.5,1,冀
2026-01-15,香菇,4.75,3.0,6.5,1,冀
2026-01-16,香菇,4.75,3.0,6.5,1,冀
2026-01-17,香菇,4.75,3.0,6.5,1,冀
2026-01-18,香菇,4.75,3.0,6.5,1,冀
2026-01-19,香菇,4.75,3.0,6.5,1,冀
2026-01-20,香菇,4.75,3.0,6.5,1,冀
2026-01-21,香菇,4.75,3.0,6.5,1,冀
2026-01-22,香菇,4.75,3.0,6.5,1,冀
2026-01-23,香菇,4.75,3.0,6.5,1,冀
2026-01-24,香菇,4.75,3.0,6.5,1,冀
2026-01-25,香菇,4.75,3.0,6.5,1,冀
2026-01-26,香菇,4.75,3.0,6.5,1,冀
2026-01-27,香菇,4.75,3.0,6.5,1,冀
2026-01-28,香菇,4.75,3.0,6.5,1,冀
2026-01-29,香菇,4.75,3.0,6.5,1,冀
2026-01-30,香菇,4.75,3.0,6.5,1,冀
2026-01-31,香菇,4.75,3.0,6.5,1,冀
2026-02-01,香菇,4.75,3.0,6.5,1,冀
2026-02-02,香菇,4.75,3.0,6.5,1,冀
2026-02-03,香菇,4.75,3.0,6.5,1,冀
2026-02-04,香菇,4.75,3.0,6.5,1,冀
2026-02-05,香菇,4.75,3.0,6.5,1,冀
2026-02-06,香菇,4.75,3.0,6.5,1,冀
2026-02-07,香菇,4.75,3.0,6.5,1,冀
2026-02-08,香菇,4.75,3.0,6.5,1,冀
2026-02-09,香菇,4.75,3.0,6.5,1,冀
2026-02-10,香菇,4.75,3.0,6.5,1,冀
2026-02-11,香菇,4.75,3.0,6.5,1,冀
2026-02-12,香菇,4.75,3.0,6.5,1,冀
2026-02-13,香菇,4.75,3.0,6.5,1,冀
2026-02-14,香菇,4.75,3.0,6.5,1,冀
2026-02-15,香菇,4.75,3.0,6.5,1,冀
2026-02-16,香菇,4.75,3.0,6.5,1,冀
2026-02-24,香菇,4.75,3.0,6.5,1,冀
2026-02-25,香菇,4.75,3.0,6.5,1,冀
2026-02-26,香菇,4.75,3.0,6.5,1,冀
2026-02-27,香菇,4.75,3.0,6.5,1,冀
2026-02-28,香菇,4.75,3.0,6.5,1,冀
2026-03-01,香菇,4.75,3.0,6.5,1,冀
2026-03-02,香菇,4.75,3.0,6.5,1,冀
2026-03-03,香菇,4.75,3.0,6.5,1,冀
2026-03-04,香菇,4.75,3.0,6.5,1,冀
2026-03-05,香菇,4.75,3.0,6.5,1,冀
2026-03-06,香菇,4.75,3.0,6.5,1,冀
2026-03-07,香菇,4.75,3.0,6.5,1,冀
2026-03-08,香菇,4.75,3.0,6.5,1,冀
2026-03-09,香菇,4.75,3.0,6.5,1,冀
2026-03-10,香菇,4.75,3.0,6.5,1,冀
2026-03-11,香菇,4.75,3.0,6.5,1,冀
2026-03-12,香菇,4.75,3.0,6.5,1,冀
2026-03-13,香菇,4.75,3.0,6.5,1,冀
2026-03-14,香菇,4.75,3.0,6.5,1,冀
2026-03-15,香菇,4.75,3.0,6.5,1,冀
2026-03-16,香菇,4.75,3.0,6.5,1,冀
2026-03-17,香菇,4.75,3.0,6.5,1,冀
2026-03-18,香菇,4.75,3.0,6.5,1,冀
2026-03-19,香菇,4.75,3.0,6.5,1,冀
2026-03-20,香菇,4.75,3.0,6.5,1,冀
2026-03-21,香菇,4.75,3.0,6.5,1,冀
2026-03-22,香菇,4.75,3.0,6.5,1,冀
2026-03-23,香菇,4.75,3.0,6.5,1,冀
2026-03-24,香菇,4.75,3.0,6.5,1,冀
2026-03-25,香菇,4.75,3.0,6.5,1,冀
2026-03-26,香菇,4.75,3.0,6.5,1,冀
2026-03-27,香菇,4.75,3.0,6.5,1,冀
2026-03-28,香菇,4.75,3.0,6.5,1,冀
2026-03-29,香菇,4.75,3.0,6.5,1,冀
2026-03-30,香菇,4.75,3.0,6.5,1,冀
2026-03-31,香菇,4.75,3.0,6.5,1,冀
2026-04-01,香菇,4.75,3.0,6.5,1,冀
2026-04-02,香菇,4.75,3.0,6.5,1,冀
2026-04-03,香菇,4.75,3.0,6.5,1,冀
2026-04-04,香菇,4.75,3.0,6.5,1,冀
2026-04-05,香菇,4.75,3.0,6.5,1,冀
2026-04-06,香菇,4.75,3.0,6.5,1,冀
2026-04-07,香菇,4.75,3.0,6.5,1,冀
2026-04-08,香菇,4.75,3.0,6.5,1,冀
2026-04-09,香菇,4.75,3.0,6.5,1,冀
2026-04-10,香菇,4.75,3.0,6.5,1,冀
2026-04-11,香菇,4.75,3.0,6.5,1,冀
2026-04-12,香菇,4.75,3.0,6.5,1,冀
2026-04-13,香菇,4.75,3.0,6.5,1,冀
2026-04-14,香菇,4.5,3.0,6.0,1,冀
2026-04-15,香菇,4.5,3.0,6.0,1,冀
2026-04-16,香菇,4.5,3.0,6.0,1,冀
2026-04-17,香菇,4.5,3.0,6.0,1,冀
2026-04-18,香菇,4.5,3.0,6.0,1,冀
2026-04-19,香菇,4.5,3.0,6.0,1,冀
2026-04-20,香菇,4.5,3.0,6.0,1,冀
2026-04-21,香菇,4.5,3.0,6.0,1,冀
2026-04-22,香菇,4.5,3.0,6.0,1,冀
2026-04-23,香菇,4.5,3.0,6.0,1,冀
2026-04-24,香菇,4.5,3.0,6.0,1,冀
2026-04-25,香菇,4.5,3.0,6.0,1,冀
2026-04-26,香菇,4.5,3.0,6.0,1,冀
2026-04-27,香菇,4.5,3.0,6.0,1,冀
2026-04-28,香菇,4.5,3.0,6.0,1,冀
2026-04-29,香菇,4.5,3.0,6.0,1,冀
2026-04-30,香菇,4.5,3.0,6.0,1,冀
2026-05-01,香菇,4.5,3.0,6.0,1,冀
2026-05-02,香菇,4.5,3.0,6.0,1,冀
2026-05-03,香菇,4.5,3.0,6.0,1,冀
2026-05-04,香菇,4.5,3.0,6.0,1,冀
2026-05-05,香菇,4.5,3.0,6.0,1,冀
2026-05-06,香菇,4.5,3.0,6.0,1,冀
2026-05-07,香菇,4.5,3.0,6.0,1,冀
2026-05-08,香菇,4.5,3.0,6.0,1,冀
2026-05-09,香菇,4.5,3.0,6.0,1,冀
2026-05-10,香菇,4.5,3.0,6.0,1,冀
2026-05-11,香菇,4.5,3.0,6.0,1,冀
2026-05-12,香菇,4.5,3.0,6.0,1,冀
2026-05-13,香菇,4.5,3.0,6.0,1,冀
2026-05-14,香菇,4.5,3.0,6.0,1,冀
2026-05-15,香菇,4.5,3.0,6.0,1,冀
2026-05-16,香菇,4.5,3.0,6.0,1,冀
2026-05-17,香菇,4.5,3.0,6.0,1,冀
2026-05-18,香菇,4.5,3.0,6.0,1,冀
2026-05-19,香菇,4.5,3.0,6.0,1,冀
2026-05-20,香菇,4.5,3.0,6.0,1,冀
2026-05-21,香菇,4.5,3.0,6.0,1,冀
2026-05-22,香菇,4.5,3.0,6.0,1,冀
2026-05-23,香菇,4.5,3.0,6.0,1,冀
2026-05-24,香菇,4.5,3.0,6.0,1,冀
2026-05-25,香菇,4.5,3.0,6.0,1,冀
2026-05-26,香菇,4.5,3.0,6.0,1,冀
2026-05-27,香菇,4.5,3.0,6.0,1,冀
2026-05-28,香菇,4.5,3.0,6.0,1,冀
2026-05-29,香菇,4.5,3.0,6.0,1,冀
2026-05-30,香菇,4.5,3.0,6.0,1,冀
2026-05-31,香菇,4.5,3.0,6.0,1,冀
2026-06-01,香菇,4.5,3.0,6.0,1,冀
2026-06-02,香菇,4.5,3.0,6.0,1,冀
2026-06-03,香菇,4.5,3.0,6.0,1,冀
2026-06-04,香菇,4.5,3.0,6.0,1,冀
2026-06-05,香菇,4.5,3.0,6.0,1,冀
2026-06-06,香菇,4.5,3.0,6.0,1,冀
2026-06-07,香菇,4.5,3.0,6.0,1,冀
2026-06-08,香菇,4.5,3.0,6.0,1,冀
2026-06-09,香菇,4.5,3.0,6.0,1,冀
2026-06-10,香菇,4.5,3.0,6.0,1,冀
2026-06-11,香菇,4.5,3.0,6.0,1,冀
2026-06-12,香菇,4.5,3.0,6.0,1,冀
2026-06-13,香菇,4.5,3.0,6.0,1,冀
2026-06-14,香菇,4.5,3.0,6.0,1,冀
2026-06-15,香菇,4.5,3.0,6.0,1,冀
2026-06-16,香菇,4.5,3.0,6.0,1,冀
2026-06-17,香菇,4.5,3.0,6.0,1,冀
2026-06-18,香菇,4.5,3.0,6.0,1,冀
2026-06-19,香菇,4.5,3.0,6.0,1,冀
2026-06-20,香菇,4.5,3.0,6.0,1,冀
2026-06-21,香菇,4.5,3.0,6.0,1,冀
2026-06-22,香菇,4.5,3.0,6.0,1,冀
2026-06-23,香菇,4.5,3.0,6.0,1,冀
2026-06-24,香菇,4.5,3.0,6.0,1,冀
2026-06-25,香菇,4.5,3.0,6.0,1,冀
2026-06-26,香菇,4.5,3.0,6.0,1,冀
2026-06-27,香菇,4.5,3.0,6.0,1,冀
2026-06-28,香菇,4.5,3.0,6.0,1,冀
2026-06-29,香菇,4.5,3.0,6.0,1,冀
2026-06-30,香菇,4.5,3.0,6.0,1,冀
2026-07-01,香菇,4.5,3.0,6.0,1,冀
2026-07-02,香菇,4.5,3.0,6.0,1,冀
2026-07-03,香菇,4.5,3.0,6.0,1,冀
2026-07-04,香菇,4.5,3.0,6.0,1,冀
2026-07-05,香菇,4.5,3.0,6.0,1,冀
2026-07-06,香菇,4.5,3.0,6.0,1,冀
2026-07-07,香菇,4.5,3.0,6.0,1,冀
2026-07-08,香菇,4.5,3.0,6.0,1,冀
2026-07-09,香菇,4.5,3.0,6.0,1,冀
2026-07-10,香菇,4.5,3.0,6.0,1,冀
2026-07-11,香菇,4.5,3.0,6.0,1,冀
2026-07-12,香菇,4.5,3.0,6.0,1,冀
2026-07-13,香菇,4.5,3.0,6.0,1,冀
2026-07-14,香菇,4.5,3.0,6.0,1,冀
2026-07-15,香菇,4.5,3.0,6.0,1,冀
2026-07-16,香菇,4.5,3.0,6.0,1,冀
2026-07-17,香菇,4.5,3.0,6.0,1,冀
2026-07-18,香菇,4.5,3.0,6.0,1,冀
2026-07-19,香菇,4.5,3.0,6.0,1,冀
2026-07-20,香菇,4.5,3.0,6.0,1,冀
2026-07-21,香菇,4.5,3.0,6.0,1,冀
2026-07-22,香菇,4.5,3.0,6.0,1,冀
2026-07-23,香菇,4.5,3.0,6.0,1,冀
2026-07-24,香菇,4.5,3.0,6.0,1,冀
2026-07-25,香菇,4.5,3.0,6.0,1,冀
2026-07-26,香菇,4.5,3.0,6.0,1,冀
2026-07-27,香菇,4.5,3.0,6.0,1,冀
2026-07-28,香菇,4.5,3.0,6.0,1,冀
2026-07-29,香菇,4.5,3.0,6.0,1,冀
2026-07-30,香菇,4.5,3.0,6.0,1,冀
2026-07-31,香菇,4.5,3.0,6.0,1,冀
2026-08-01,香菇,4.5,3.0,6.0,1,冀
2026-08-02,香菇,4.5,3.0,6.0,1,冀
2026-08-03,香菇,4.5,3.0,6.0,1,冀
2026-08-04,香菇,4.5,3.0,6.0,1,冀
2026-08-05,香菇,4.5,3.0,6.0,1,冀
2026-08-06,香菇,4.5,3.0,6.0,1,冀
2026-08-07,香菇,4.5,3.0,6.0,1,冀
2026-08-08,香菇,4.5,3.0,6.0,1,冀
2026-08-09,香菇,4.5,3.0,6.0,1,冀
2026-08-10,香菇,4.5,3.0,6.0,1,冀
2026-08-11,香菇,4.5,3.0,6.0,1,冀
2026-01-01,香菜,6.5,6.0,7.0,1,冀豫
2026-01-02,香菜,6.5,6.0,7.0,1,冀豫
2026-01-03,香菜,7.5,7.0,8.0,1,冀豫
2026-01-04,香菜,8.25,8.0,8.5,1,冀豫
2026-01-05,香菜,7.5,7.0,8.0,1,冀豫
2026-01-06,香菜,7.5,7.0,8.0,1,冀豫
2026-01-07,香菜,7.5,7.0,8.0,1,冀豫
2026-01-08,香菜,7.5,7.0,8.0,1,冀豫
2026-01-09,香菜,7.5,7.0,8.0,1,冀豫
2026-01-10,香菜,7.5,7.0,8.0,1,冀豫
2026-01-11,香菜,8.5,8.0,9.0,1,冀豫
2026-01-12,香菜,9.0,8.0,10.0,1,冀豫
2026-01-13,香菜,9.0,8.0,10.0,1,冀豫
2026-01-14,香菜,9.0,8.0,10.0,1,冀豫
2026-01-15,香菜,9.0,8.0,10.0,1,冀豫
2026-01-16,香菜,9.0,8.0,10.0,1,冀豫
2026-01-17,香菜,9.5,9.0,10.0,1,冀豫
2026-01-18,香菜,11.0,10.0,12.0,1,冀豫
2026-01-19,香菜,11.0,10.0,12.0,1,冀豫
2026-01-20,香菜,11.0,10.0,12.0,1,冀豫
2026-01-21,香菜,11.0,10.0,12.0,1,冀豫
2026-01-22,香菜,11.0,10.0,12.0,1,冀豫
2026-01-23,香菜,10.5,10.0,11.0,1,冀豫
2026-01-24,香菜,10.5,10.0,11.0,1,冀豫
2026-01-25,香菜,10.5,10.0,11.0,1,冀豫
2026-01-26,香菜,9.5,8.0,11.0,1,冀豫
2026-01-27,香菜,9.25,8.0,10.5,1,冀豫
2026-01-28,香菜,9.0,8.0,10.0,1,冀豫
2026-01-29,香菜,9.0,8.0,10.0,1,冀豫
2026-01-30,香菜,8.5,8.0,9.0,1,冀豫
2026-01-31,香菜,8.5,8.0,9.0,1,冀豫
2026-02-01,香菜,8.5,8.0,9.0,1,冀豫
2026-02-02,香菜,8.0,7.5,8.5,1,冀豫
2026-02-03,香菜,7.5,7.0,8.0,1,冀豫
2026-02-04,香菜,7.5,7.0,8.0,1,冀豫
2026-02-05,香菜,7.5,7.0,8.0,1,冀豫
2026-02-06,香菜,7.5,7.0,8.0,1,冀豫
2026-02-07,香菜,6.0,5.0,7.0,1,冀豫
2026-02-08,香菜,6.0,5.0,7.0,1,冀豫
2026-02-09,香菜,6.25,5.5,7.0,1,冀豫
2026-02-10,香菜,5.75,4.5,7.0,1,冀豫
2026-02-11,香菜,6.0,5.0,7.0,1,冀豫
2026-02-12,香菜,6.25,5.0,7.5,1,冀豫
2026-02-13,香菜,6.25,5.0,7.5,1,冀豫
2026-02-14,香菜,7.0,6.0,8.0,1,冀豫
2026-02-15,香菜,7.0,6.0,8.0,1,冀豫
2026-02-16,香菜,7.0,6.0,8.0,1,冀豫
2026-02-24,香菜,5.25,5.0,5.5,1,冀皖苏
2026-02-25,香菜,4.5,4.0,5.0,1,冀皖苏
2026-02-26,香菜,4.5,4.0,5.0,1,冀皖苏
2026-02-27,香菜,4.5,4.0,5.0,1,冀皖苏
2026-02-28,香菜,4.5,4.0,5.0,1,冀皖苏
2026-03-01,香菜,4.5,4.0,5.0,1,冀皖苏
2026-03-02,香菜,4.25,4.0,4.5,1,冀皖苏
2026-03-03,香菜,4.0,3.5,4.5,1,冀皖苏
2026-03-04,香菜,4.0,3.5,4.5,1,冀皖苏
2026-03-05,香菜,4.25,3.5,5.0,1,冀皖苏
2026-03-06,香菜,4.0,3.5,4.5,1,冀皖苏
2026-03-07,香菜,4.0,3.5,4.5,1,冀皖苏
2026-03-08,香菜,4.0,3.5,4.5,1,冀皖苏
2026-03-09,香菜,3.75,3.0,4.5,1,冀皖苏
2026-03-10,香菜,3.75,3.0,4.5,1,冀皖苏
2026-03-11,香菜,3.75,3.0,4.5,1,冀皖苏
2026-03-12,香菜,3.75,3.0,4.5,1,冀皖苏
2026-03-13,香菜,3.5,3.0,4.0,1,冀皖苏
2026-03-14,香菜,3.5,3.0,4.0,1,冀皖苏
2026-03-15,香菜,3.0,2.5,3.5,1,冀皖苏
2026-03-16,香菜,2.75,2.5,3.0,1,冀皖苏
2026-03-17,香菜,2.75,2.5,3.0,1,冀皖苏
2026-03-18,香菜,2.75,2.5,3.0,1,冀皖苏
2026-03-19,香菜,2.75,2.5,3.0,1,冀皖苏
2026-03-20,香菜,2.75,2.5,3.0,1,冀皖苏
2026-03-21,香菜,2.25,2.0,2.5,1,冀皖苏
2026-03-22,香菜,2.0,1.5,2.5,1,冀皖苏
2026-03-23,香菜,2.0,1.5,2.5,1,冀皖苏
2026-03-24,香菜,2.0,1.5,2.5,1,冀皖苏
2026-03-25,香菜,2.0,1.5,2.5,1,冀皖苏
2026-03-26,香菜,2.0,1.5,2.5,1,冀皖苏
2026-03-27,香菜,1.75,1.5,2.0,1,冀皖苏
2026-03-28,香菜,1.75,1.5,2.0,1,冀皖苏
2026-03-29,香菜,1.5,1.2,1.8,1,冀皖苏
2026-03-30,香菜,1.5,1.2,1.8,1,冀皖苏
2026-03-31,香菜,1.5,1.2,1.8,1,冀皖苏
2026-04-01,香菜,1.5,1.2,1.8,1,冀皖苏
2026-04-02,香菜,1.4,1.3,1.5,1,冀皖苏
2026-04-03,香菜,1.25,1.0,1.5,1,冀皖苏
2026-04-04,香菜,1.25,1.0,1.5,1,冀皖苏
2026-04-05,香菜,1.25,1.0,1.5,1,冀皖苏
2026-04-06,香菜,1.25,1.0,1.5,1,冀皖苏
2026-04-07,香菜,1.25,1.0,1.5,1,冀皖苏
2026-04-08,香菜,1.3,1.0,1.6,1,冀皖苏
2026-04-09,香菜,1.3,1.0,1.6,1,冀皖苏
2026-04-10,香菜,1.4,1.0,1.8,1,冀皖苏
2026-04-11,香菜,1.4,1.0,1.8,1,冀皖苏
2026-04-12,香菜,1.4,1.0,1.8,1,冀皖苏
2026-04-13,香菜,1.4,1.0,1.8,1,冀
2026-04-14,香菜,1.4,1.0,1.8,1,冀
2026-04-15,香菜,1.4,1.0,1.8,1,冀
2026-04-16,香菜,1.4,1.0,1.8,1,冀
2026-04-17,香菜,1.5,1.0,2.0,1,冀
2026-04-18,香菜,1.5,1.0,2.0,1,冀
2026-04-19,香菜,2.0,1.5,2.5,1,冀
2026-04-20,香菜,1.75,1.5,2.0,1,冀
2026-04-21,香菜,1.55,1.5,1.6,1,冀
2026-04-22,香菜,1.55,1.5,1.6,1,冀
2026-04-23,香菜,1.5,1.2,1.8,1,冀
2026-04-24,香菜,1.5,1.2,1.8,1,冀
2026-04-25,香菜,1.5,1.2,1.8,1,冀
2026-04-26,香菜,1.5,1.2,1.8,1,冀
2026-04-27,香菜,1.5,1.2,1.8,1,冀
2026-04-28,香菜,1.35,1.2,1.5,1,冀
2026-04-29,香菜,1.35,1.2,1.5,1,冀
2026-04-30,香菜,1.35,1.2,1.5,1,冀
2026-05-01,香菜,1.35,1.2,1.5,1,冀
2026-05-02,香菜,1.35,1.2,1.5,1,冀
2026-05-03,香菜,1.35,1.2,1.5,1,冀
2026-05-04,香菜,1.25,1.0,1.5,1,冀
2026-05-05,香菜,1.25,1.0,1.5,1,冀
2026-05-06,香菜,1.25,1.0,1.5,1,冀
2026-05-07,香菜,1.25,1.0,1.5,1,冀
2026-05-08,香菜,1.25,1.0,1.5,1,冀
2026-05-09,香菜,1.25,1.0,1.5,1,冀
2026-05-10,香菜,1.25,1.0,1.5,1,冀
2026-05-11,香菜,1.25,1.0,1.5,1,冀
2026-05-12,香菜,1.25,1.0,1.5,1,冀
2026-05-13,香菜,1.25,1.0,1.5,1,冀
2026-05-14,香菜,1.25,1.0,1.5,1,冀
2026-05-15,香菜,1.25,1.0,1.5,1,冀
2026-05-16,香菜,1.25,1.0,1.5,1,冀
2026-05-17,香菜,1.75,1.5,2.0,1,冀
2026-05-18,香菜,3.0,2.5,3.5,1,冀
2026-05-19,香菜,3.0,2.5,3.5,1,冀
2026-05-20,香菜,2.0,1.5,2.5,1,冀
2026-05-21,香菜,2.0,1.5,2.5,1,冀
2026-05-22,香菜,2.0,1.5,2.5,1,冀
2026-05-23,香菜,2.0,1.5,2.5,1,冀
2026-05-24,香菜,3.0,2.5,3.5,1,冀
2026-05-25,香菜,2.5,2.0,3.0,1,冀
2026-05-26,香菜,2.4,2.0,2.8,1,冀
2026-05-27,香菜,2.25,2.0,2.5,1,冀
2026-05-28,香菜,2.25,2.0,2.5,1,冀
2026-05-29,香菜,2.25,2.0,2.5,1,冀
2026-05-30,香菜,2.25,2.0,2.5,1,冀
2026-05-31,香菜,2.25,2.0,2.5,1,冀
2026-06-01,香菜,3.5,3.0,4.0,1,冀
2026-06-02,香菜,3.5,3.0,4.0,1,冀
2026-06-03,香菜,4.0,3.5,4.5,1,冀
2026-06-04,香菜,4.0,3.5,4.5,1,冀
2026-06-05,香菜,4.0,3.5,4.5,1,冀
2026-06-06,香菜,4.0,3.5,4.5,1,冀
2026-06-07,香菜,4.0,3.5,4.5,1,冀辽
2026-06-08,香菜,3.75,3.5,4.0,1,冀辽
2026-06-09,香菜,3.25,3.0,3.5,1,冀辽
2026-06-10,香菜,2.75,2.5,3.0,1,冀辽
2026-06-11,香菜,2.75,2.5,3.0,1,冀辽
2026-06-12,香菜,2.75,2.5,3.0,1,冀辽
2026-06-13,香菜,2.25,2.0,2.5,1,冀辽
2026-06-14,香菜,2.25,2.0,2.5,1,冀辽
2026-06-15,香菜,2.25,2.0,2.5,1,冀辽
2026-06-16,香菜,2.25,2.0,2.5,1,冀辽
2026-06-17,香菜,2.4,2.0,2.8,1,冀辽
2026-06-18,香菜,2.25,2.0,2.5,1,冀辽
2026-06-19,香菜,2.0,1.5,2.5,1,冀辽
2026-06-20,香菜,2.0,1.5,2.5,1,冀辽
2026-06-21,香菜,2.0,1.5,2.5,1,冀辽
2026-06-22,香菜,2.0,1.5,2.5,1,冀辽
2026-06-23,香菜,2.35,2.0,2.7,1,冀蒙
2026-06-24,香菜,2.75,2.5,3.0,1,冀蒙
2026-06-25,香菜,2.5,2.0,3.0,1,冀蒙
2026-06-26,香菜,2.25,2.0,2.5,1,冀蒙
2026-06-27,香菜,2.25,2.0,2.5,1,冀蒙
2026-06-28,香菜,2.25,2.0,2.5,1,冀蒙
2026-06-29,香菜,2.75,2.5,3.0,1,冀蒙
2026-06-30,香菜,2.75,2.5,3.0,1,冀蒙
2026-07-01,香菜,2.75,2.5,3.0,1,冀蒙
2026-07-02,香菜,3.0,2.5,3.5,1,冀蒙
2026-07-03,香菜,3.0,2.5,3.5,1,冀蒙
2026-07-04,香菜,3.0,2.5,3.5,1,冀蒙
2026-07-05,香菜,3.0,2.5,3.5,1,冀蒙
2026-07-06,香菜,3.0,2.5,3.5,1,冀蒙
2026-07-07,香菜,2.85,2.5,3.2,1,冀辽
2026-07-08,香菜,2.85,2.5,3.2,1,冀辽
2026-07-09,香菜,2.85,2.5,3.2,1,冀辽
2026-07-10,香菜,2.75,2.5,3.0,1,冀辽
2026-07-11,香菜,2.75,2.5,3.0,1,冀辽
2026-07-12,香菜,3.0,2.5,3.5,1,冀辽
2026-07-13,香菜,3.25,2.5,4.0,1,冀辽
2026-07-14,香菜,3.25,2.5,4.0,1,冀辽
2026-07-15,香菜,3.0,2.5,3.5,1,冀辽
2026-07-16,香菜,3.75,3.0,4.5,1,冀辽
2026-07-17,香菜,3.75,3.0,4.5,1,冀辽
2026-07-18,香菜,3.75,3.0,4.5,1,冀辽
2026-07-19,香菜,4.5,4.0,5.0,1,冀辽
2026-07-20,香菜,4.5,4.0,5.0,1,冀蒙
2026-07-21,香菜,4.5,4.0,5.0,1,冀蒙
2026-07-22,香菜,4.5,4.0,5.0,1,冀蒙
2026-07-23,香菜,4.5,4.0,5.0,1,冀蒙
2026-07-24,香菜,4.5,4.0,5.0,1,冀蒙
2026-07-25,香菜,4.5,4.0,5.0,1,冀蒙
2026-07-26,香菜,4.0,3.0,5.0,1,冀蒙
2026-07-27,香菜,3.0,2.5,3.5,1,冀蒙
2026-07-28,香菜,3.0,2.5,3.5,1,冀蒙
2026-07-29,香菜,4.0,3.5,4.5,1,冀蒙
2026-07-30,香菜,4.0,3.5,4.5,1,冀蒙
2026-07-31,香菜,4.0,3.5,4.5,1,冀蒙
2026-08-01,香菜,4.0,3.5,4.5,1,冀蒙
2026-08-02,香菜,4.0,3.5,4.5,1,冀蒙
2026-08-03,香菜,4.0,3.5,4.5,1,冀蒙
2026-08-04,香菜,3.75,3.0,4.5,1,冀蒙
2026-08-05,香菜,4.25,3.5,5.0,1,冀蒙
2026-08-06,香菜,4.25,3.5,5.0,1,冀蒙
2026-08-07,香菜,4.25,3.5,5.0,1,冀蒙
2026-08-08,香菜,4.75,4.0,5.5,1,冀蒙
2026-08-09,香菜,5.75,5.5,6.0,1,冀蒙
2026-08-10,香菜,5.75,5.5,6.0,1,冀蒙
2026-08-11,香菜,6.0,5.0,7.0,1,冀蒙
2026-01-01,香葱,5.5,5.0,6.0,1,
2026-01-02,香葱,5.5,5.0,6.0,1,
2026-01-05,香葱,5.5,5.0,6.0,1,
2026-01-06,香葱,5.0,4.5,5.5,1,
2026-01-07,香葱,4.8,4.3,5.3,1,
2026-01-08,香葱,4.4,4.0,4.8,1,
2026-01-09,香葱,4.0,3.5,4.5,1,
2026-01-12,香葱,4.15,3.5,4.8,1,
2026-01-13,香葱,3.8,3.3,4.3,1,
2026-01-14,香葱,3.95,3.4,4.5,1,
2026-01-15,香葱,4.05,3.5,4.6,1,
2026-01-16,香葱,4.05,3.5,4.6,1,
2026-01-19,香葱,4.05,3.5,4.6,1,
2026-01-20,香葱,3.9,3.4,4.4,1,
2026-01-21,香葱,3.9,3.4,4.4,1,
2026-01-22,香葱,3.9,3.4,4.4,1,
2026-01-23,香葱,3.9,3.4,4.4,1,
2026-01-26,香葱,3.9,3.4,4.4,1,
2026-01-27,香葱,3.4,3.3,3.5,1,
2026-01-28,香葱,3.5,3.0,4.0,1,
2026-01-29,香葱,3.3,2.8,3.8,1,
2026-01-30,香葱,3.3,2.8,3.8,1,
2026-02-02,香葱,3.3,2.8,3.8,1,
2026-02-03,香葱,2.75,2.5,3.0,1,
2026-02-04,香葱,2.75,2.5,3.0,1,
2026-02-05,香葱,2.75,2.5,3.0,1,
2026-02-06,香葱,2.75,2.5,3.0,1,
2026-02-09,香葱,3.0,2.5,3.5,1,
2026-02-10,香葱,3.0,2.5,3.5,1,
2026-02-11,香葱,3.0,2.5,3.5,1,
2026-02-12,香葱,3.15,2.5,3.8,1,
2026-02-13,香葱,3.583,2.5,4.0,3,
2026-02-24,香葱,5.75,5.0,6.5,1,
2026-02-25,香葱,7.5,7.0,8.0,1,
2026-02-26,香葱,4.5,4.0,5.0,1,
2026-02-27,香葱,3.75,3.5,4.0,1,
2026-03-02,香葱,3.75,3.5,4.0,1,
2026-03-03,香葱,3.75,3.5,4.0,1,
2026-03-04,香葱,3.75,3.5,4.0,1,
2026-03-05,香葱,3.75,3.5,4.0,1,
2026-03-06,香葱,3.75,3.5,4.0,1,
2026-03-09,香葱,3.75,3.5,4.0,1,
2026-03-10,香葱,3.75,3.5,4.0,1,
2026-03-11,香葱,3.45,3.2,3.7,1,
2026-03-12,香葱,3.45,3.2,3.7,1,
2026-03-13,香葱,3.45,3.2,3.7,1,
2026-03-16,香葱,3.25,3.0,3.5,1,
2026-03-17,香葱,3.25,3.0,3.5,1,
2026-03-18,香葱,3.25,3.0,3.5,1,
2026-03-19,香葱,3.25,3.0,3.5,1,
2026-03-20,香葱,3.0,2.5,3.5,1,
2026-03-23,香葱,3.25,2.7,3.8,1,
2026-03-24,香葱,3.25,2.7,3.8,1,
2026-03-25,香葱,3.25,2.7,3.8,1,
2026-03-26,香葱,3.25,2.7,3.8,1,
2026-03-27,香葱,3.0,2.5,3.5,1,
2026-03-30,香葱,3.1,2.8,3.4,1,
2026-03-31,香葱,3.1,2.8,3.4,1,
2026-04-01,香葱,2.75,2.5,3.0,1,
2026-04-02,香葱,2.75,2.5,3.0,1,
2026-04-03,香葱,2.75,2.5,3.0,1,
2026-04-06,香葱,3.05,2.7,3.4,1,
2026-04-07,香葱,3.25,3.0,3.5,1,
2026-04-08,香葱,3.25,3.0,3.5,1,
2026-04-09,香葱,3.25,3.0,3.5,1,
2026-04-10,香葱,2.75,2.5,3.0,1,
2026-04-13,香葱,3.05,2.8,3.3,1,
2026-04-14,香葱,3.05,2.8,3.3,1,
2026-04-15,香葱,3.15,2.8,3.5,1,
2026-04-16,香葱,3.15,2.8,3.5,1,
2026-04-17,香葱,3.15,2.8,3.5,1,
2026-04-20,香葱,3.5,3.0,4.0,1,
2026-04-21,香葱,3.5,3.0,4.0,1,
2026-04-22,香葱,3.5,3.0,4.0,1,
2026-04-23,香葱,3.25,3.0,3.5,1,
2026-04-24,香葱,3.25,3.0,3.5,1,
2026-04-27,香葱,3.4,3.0,3.8,1,
2026-04-28,香葱,3.5,3.0,4.0,1,
2026-04-29,香葱,3.5,3.0,4.0,1,
2026-04-30,香葱,3.5,3.0,4.0,1,
2026-05-01,香葱,3.5,3.0,4.0,1,
2026-05-04,香葱,3.5,3.0,4.0,1,
2026-05-05,香葱,3.5,3.0,4.0,1,
2026-05-06,香葱,3.5,3.0,4.0,1,
2026-05-07,香葱,3.75,3.3,4.2,1,
2026-05-08,香葱,3.5,3.0,4.0,1,
2026-05-11,香葱,3.5,3.0,4.0,1,
2026-05-12,香葱,3.5,3.0,4.0,1,
2026-05-13,香葱,3.5,3.0,4.0,1,
2026-05-14,香葱,3.5,3.0,4.0,1,
2026-05-15,香葱,3.5,3.0,4.0,1,
2026-05-18,香葱,3.5,3.0,4.0,1,
2026-05-19,香葱,3.5,3.0,4.0,1,
2026-05-20,香葱,3.5,3.0,4.0,1,
2026-05-21,香葱,3.5,3.0,4.0,1,
2026-05-22,香葱,3.5,3.0,4.0,1,
2026-05-25,香葱,3.5,3.0,4.0,1,
2026-05-26,香葱,3.5,3.0,4.0,1,
2026-05-27,香葱,3.7,3.2,4.2,1,
2026-05-28,香葱,3.7,3.2,4.2,1,
2026-05-29,香葱,3.7,3.2,4.2,1,
2026-06-01,香葱,3.9,3.5,4.3,1,
2026-06-02,香葱,3.75,3.5,4.0,1,
2026-06-03,香葱,3.75,3.5,4.0,1,
2026-06-04,香葱,3.75,3.5,4.0,1,
2026-06-05,香葱,4.0,3.5,4.5,1,
2026-06-08,香葱,4.0,3.5,4.5,1,
2026-06-09,香葱,4.0,3.5,4.5,1,
2026-06-10,香葱,4.0,3.5,4.5,1,
2026-06-11,香葱,4.0,3.5,4.5,1,
2026-06-12,香葱,3.85,3.5,4.2,1,
2026-06-15,香葱,4.0,3.6,4.4,1,
2026-06-16,香葱,4.0,3.6,4.4,1,
2026-06-17,香葱,3.8,3.6,4.0,1,
2026-06-18,香葱,3.75,3.5,4.0,1,
2026-06-19,香葱,4.0,3.5,4.5,1,
2026-06-22,香葱,4.0,3.5,4.5,1,
2026-06-23,香葱,3.65,3.3,4.0,1,
2026-06-24,香葱,3.65,3.3,4.0,1,
2026-06-25,香葱,3.65,3.3,4.0,1,
2026-06-26,香葱,3.4,3.0,3.8,1,
2026-06-29,香葱,3.6,3.2,4.0,1,
2026-06-30,香葱,3.4,3.0,3.8,1,
2026-07-01,香葱,3.6,3.2,4.0,1,
2026-07-02,香葱,3.5,3.0,4.0,1,
2026-07-03,香葱,3.3,2.8,3.8,1,
2026-07-06,香葱,3.4,3.0,3.8,1,
2026-07-07,香葱,3.1,2.7,3.5,1,
2026-07-08,香葱,3.1,2.7,3.5,1,
2026-07-09,香葱,3.1,2.7,3.5,1,
2026-07-10,香葱,3.1,2.7,3.5,1,
2026-07-13,香葱,3.25,3.0,3.5,1,
2026-07-14,香葱,3.25,3.0,3.5,1,
2026-07-15,香葱,3.45,3.3,3.6,1,
2026-07-16,香葱,3.45,3.3,3.6,1,
2026-07-17,香葱,3.45,3.3,3.6,1,
2026-07-20,香葱,3.35,3.2,3.5,1,
2026-07-21,香葱,3.3,3.0,3.6,1,
2026-07-22,香葱,3.3,3.0,3.6,1,
2026-07-23,香葱,3.3,3.0,3.6,1,
2026-07-24,香葱,3.3,3.0,3.6,1,
2026-07-27,香葱,3.3,3.0,3.6,1,
2026-07-28,香葱,3.15,2.8,3.5,1,
2026-07-29,香葱,3.25,3.0,3.5,1,
2026-07-30,香葱,3.2,3.0,3.4,1,
2026-07-31,香葱,3.2,3.0,3.4,1,
2026-08-03,香葱,3.35,3.2,3.5,1,
2026-08-04,香葱,3.35,3.2,3.5,1,
2026-08-05,香葱,3.35,3.2,3.5,1,
2026-08-06,香葱,3.35,3.2,3.5,1,
2026-08-07,香葱,3.5,3.2,3.8,1,
2026-08-10,香葱,3.5,3.2,3.8,1,
2026-08-11,香葱,3.5,3.2,3.8,1,
2026-01-10,香蕉西葫,11.5,11.0,12.0,1,
2026-01-20,香蕉西葫,11.5,11.0,12.0,1,
2026-01-31,香蕉西葫,12.5,12.0,13.0,1,
2026-02-10,香蕉西葫,12.5,12.0,13.0,1,
2026-02-28,香蕉西葫,12.5,12.0,13.0,1,
2026-03-10,香蕉西葫,11.5,11.0,12.0,1,
2026-03-20,香蕉西葫,11.5,11.0,12.0,1,
2026-03-31,香蕉西葫,9.5,9.0,10.0,1,
2026-04-10,香蕉西葫,9.5,9.0,10.0,1,
2026-04-20,香蕉西葫,9.5,9.0,10.0,1,
2026-04-30,香蕉西葫,8.75,8.5,9.0,1,
2026-05-10,香蕉西葫,9.25,9.0,9.5,1,
2026-05-20,香蕉西葫,7.5,7.0,8.0,1,
2026-05-31,香蕉西葫,8.5,8.0,9.0,1,
2026-06-10,香蕉西葫,8.5,8.0,9.0,1,
2026-06-20,香蕉西葫,7.5,7.0,8.0,1,
2026-06-30,香蕉西葫,7.5,7.0,8.0,1,
2026-07-10,香蕉西葫,7.5,7.0,8.0,1,
2026-07-20,香蕉西葫,7.25,7.0,7.5,1,
2026-07-31,香蕉西葫,7.25,7.0,7.5,1,
2026-08-10,香蕉西葫,7.25,7.0,7.5,1,
2026-01-10,鱼腥草叶,12.5,12.0,13.0,1,
2026-01-20,鱼腥草叶,12.5,12.0,13.0,1,
2026-01-31,鱼腥草叶,11.5,11.0,12.0,1,
2026-02-10,鱼腥草叶,12.5,12.0,13.0,1,
2026-02-28,鱼腥草叶,12.5,12.0,13.0,1,
2026-03-10,鱼腥草叶,11.5,11.0,12.0,1,
2026-03-20,鱼腥草叶,11.5,11.0,12.0,1,
2026-03-31,鱼腥草叶,11.5,11.0,12.0,1,
2026-04-10,鱼腥草叶,10.5,10.0,11.0,1,
2026-04-20,鱼腥草叶,11.5,11.0,12.0,1,
2026-04-30,鱼腥草叶,12.5,12.0,13.0,1,
2026-05-10,鱼腥草叶,12.5,12.0,13.0,1,
2026-05-20,鱼腥草叶,11.5,11.0,12.0,1,
2026-05-31,鱼腥草叶,12.5,12.0,13.0,1,
2026-06-10,鱼腥草叶,12.5,12.0,13.0,1,
2026-06-20,鱼腥草叶,11.5,11.0,12.0,1,
2026-06-30,鱼腥草叶,12.5,12.0,13.0,1,
2026-07-10,鱼腥草叶,12.5,12.0,13.0,1,
2026-07-20,鱼腥草叶,13.25,13.0,13.5,1,
2026-07-31,鱼腥草叶,13.25,13.0,13.5,1,
2026-08-10,鱼腥草叶,11.5,11.0,12.0,1,
2026-01-10,鱼腥草根,8.5,8.0,9.0,1,
2026-01-20,鱼腥草根,8.5,8.0,9.0,1,
2026-01-31,鱼腥草根,8.5,8.0,9.0,1,
2026-02-10,鱼腥草根,9.25,9.0,9.5,1,
2026-02-28,鱼腥草根,8.75,8.5,9.0,1,
2026-03-10,鱼腥草根,8.25,8.0,8.5,1,
2026-03-20,鱼腥草根,8.5,8.0,9.0,1,
2026-03-31,鱼腥草根,8.5,8.0,9.0,1,
2026-04-10,鱼腥草根,8.5,8.0,9.0,1,
2026-04-20,鱼腥草根,8.5,8.0,9.0,1,
2026-04-30,鱼腥草根,9.25,9.0,9.5,1,
2026-05-10,鱼腥草根,9.25,9.0,9.5,1,
2026-05-20,鱼腥草根,8.5,8.0,9.0,1,
2026-05-31,鱼腥草根,9.5,9.0,10.0,1,
2026-06-10,鱼腥草根,9.5,9.0,10.0,1,
2026-06-20,鱼腥草根,8.5,8.0,9.0,1,
2026-06-30,鱼腥草根,9.5,9.0,10.0,1,
2026-07-10,鱼腥草根,9.5,9.0,10.0,1,
2026-07-20,鱼腥草根,11.25,11.0,11.5,1,
2026-07-31,鱼腥草根,11.25,11.0,11.5,1,
2026-08-10,鱼腥草根,9.5,9.0,10.0,1,
2026-01-01,鸡毛菜,5.0,4.5,5.5,1,
2026-01-02,鸡毛菜,5.0,4.5,5.5,1,
2026-01-05,鸡毛菜,4.25,4.0,4.5,1,
2026-01-06,鸡毛菜,4.25,4.0,4.5,1,
2026-01-07,鸡毛菜,3.75,3.5,4.0,1,
2026-01-08,鸡毛菜,3.75,3.5,4.0,1,
2026-01-09,鸡毛菜,3.75,3.5,4.0,1,
2026-01-12,鸡毛菜,5.0,4.5,5.5,1,
2026-01-13,鸡毛菜,4.4,4.0,4.8,1,
2026-01-14,鸡毛菜,4.4,4.0,4.8,1,
2026-01-15,鸡毛菜,4.4,4.0,4.8,1,
2026-01-16,鸡毛菜,4.4,4.0,4.8,1,
2026-01-19,鸡毛菜,6.0,5.5,6.5,1,
2026-01-20,鸡毛菜,6.0,5.5,6.5,1,
2026-01-21,鸡毛菜,4.5,4.0,5.0,1,
2026-01-22,鸡毛菜,4.5,4.0,5.0,1,
2026-01-23,鸡毛菜,4.5,4.0,5.0,1,
2026-01-26,鸡毛菜,5.15,4.8,5.5,1,
2026-01-27,鸡毛菜,4.6,4.2,5.0,1,
2026-01-28,鸡毛菜,4.25,4.0,4.5,1,
2026-01-29,鸡毛菜,4.25,4.0,4.5,1,
2026-01-30,鸡毛菜,4.25,4.0,4.5,1,
2026-02-02,鸡毛菜,4.0,3.5,4.5,1,
2026-02-03,鸡毛菜,3.75,3.5,4.0,1,
2026-02-04,鸡毛菜,3.75,3.5,4.0,1,
2026-02-05,鸡毛菜,3.25,3.0,3.5,1,
2026-02-06,鸡毛菜,3.25,3.0,3.5,1,
2026-02-09,鸡毛菜,3.25,3.0,3.5,1,
2026-02-10,鸡毛菜,3.25,3.0,3.5,1,
2026-02-11,鸡毛菜,4.25,4.0,4.5,1,
2026-02-12,鸡毛菜,4.5,4.0,5.0,1,
2026-02-13,鸡毛菜,4.5,4.0,5.0,1,
2026-02-24,鸡毛菜,3.75,3.5,4.0,1,
2026-02-25,鸡毛菜,3.75,3.5,4.0,1,
2026-02-26,鸡毛菜,3.75,3.5,4.0,1,
2026-02-27,鸡毛菜,3.25,3.0,3.5,1,
2026-03-02,鸡毛菜,3.25,3.0,3.5,1,
2026-03-03,鸡毛菜,3.25,3.0,3.5,1,
2026-03-04,鸡毛菜,3.25,3.0,3.5,1,
2026-03-05,鸡毛菜,3.25,3.0,3.5,1,
2026-03-06,鸡毛菜,3.0,2.5,3.5,1,
2026-03-09,鸡毛菜,3.0,2.5,3.5,1,
2026-03-10,鸡毛菜,3.0,2.5,3.5,1,
2026-03-11,鸡毛菜,3.0,2.5,3.5,1,
2026-03-12,鸡毛菜,3.0,2.5,3.5,1,
2026-03-13,鸡毛菜,3.0,2.5,3.5,1,
2026-03-16,鸡毛菜,3.5,3.0,4.0,1,
2026-03-17,鸡毛菜,4.25,4.0,4.5,1,
2026-03-18,鸡毛菜,4.25,4.0,4.5,1,
2026-03-19,鸡毛菜,4.0,3.5,4.5,1,
2026-03-20,鸡毛菜,4.0,3.5,4.5,1,
2026-03-23,鸡毛菜,3.5,3.0,4.0,1,
2026-03-24,鸡毛菜,4.0,3.5,4.5,1,
2026-03-25,鸡毛菜,3.65,3.3,4.0,1,
2026-03-26,鸡毛菜,3.65,3.3,4.0,1,
2026-03-27,鸡毛菜,3.65,3.3,4.0,1,
2026-03-30,鸡毛菜,3.65,3.3,4.0,1,
2026-03-31,鸡毛菜,3.65,3.3,4.0,1,
2026-04-01,鸡毛菜,3.4,3.3,3.5,1,
2026-04-02,鸡毛菜,3.4,3.3,3.5,1,
2026-04-03,鸡毛菜,3.4,3.3,3.5,1,
2026-04-06,鸡毛菜,3.4,3.3,3.5,1,
2026-04-07,鸡毛菜,2.75,2.5,3.0,1,
2026-04-08,鸡毛菜,2.25,2.0,2.5,1,
2026-04-09,鸡毛菜,2.25,2.0,2.5,1,
2026-04-10,鸡毛菜,2.25,2.0,2.5,1,
2026-04-13,鸡毛菜,2.5,2.3,2.7,1,
2026-04-14,鸡毛菜,2.25,2.0,2.5,1,
2026-04-15,鸡毛菜,2.25,2.0,2.5,1,
2026-04-16,鸡毛菜,2.25,2.0,2.5,1,
2026-04-17,鸡毛菜,2.1,2.0,2.2,1,
2026-04-20,鸡毛菜,3.4,3.0,3.8,1,
2026-04-21,鸡毛菜,2.75,2.5,3.0,1,
2026-04-22,鸡毛菜,2.75,2.5,3.0,1,
2026-04-23,鸡毛菜,2.75,2.5,3.0,1,
2026-04-24,鸡毛菜,2.75,2.5,3.0,1,
2026-04-27,鸡毛菜,3.0,2.5,3.5,1,
2026-04-28,鸡毛菜,2.75,2.5,3.0,1,
2026-04-29,鸡毛菜,2.75,2.5,3.0,1,
2026-04-30,鸡毛菜,2.75,2.5,3.0,1,
2026-05-01,鸡毛菜,2.75,2.5,3.0,1,
2026-05-04,鸡毛菜,2.75,2.5,3.0,1,
2026-05-05,鸡毛菜,2.75,2.5,3.0,1,
2026-05-06,鸡毛菜,2.75,2.5,3.0,1,
2026-05-07,鸡毛菜,2.75,2.5,3.0,1,
2026-05-08,鸡毛菜,1.75,1.5,2.0,1,
2026-05-11,鸡毛菜,1.85,1.6,2.1,1,
2026-05-12,鸡毛菜,2.25,2.0,2.5,1,
2026-05-13,鸡毛菜,2.25,2.0,2.5,1,
2026-05-14,鸡毛菜,2.25,2.0,2.5,1,
2026-05-15,鸡毛菜,2.25,2.0,2.5,1,
2026-05-18,鸡毛菜,3.0,2.5,3.5,1,
2026-05-19,鸡毛菜,2.5,2.0,3.0,1,
2026-05-20,鸡毛菜,3.3,3.0,3.6,1,
2026-05-21,鸡毛菜,3.3,3.0,3.6,1,
2026-05-22,鸡毛菜,3.3,3.0,3.6,1,
2026-05-25,鸡毛菜,4.0,3.5,4.5,1,
2026-05-26,鸡毛菜,5.0,4.5,5.5,1,
2026-05-27,鸡毛菜,5.25,5.0,5.5,1,
2026-05-28,鸡毛菜,5.75,5.5,6.0,1,
2026-05-29,鸡毛菜,6.0,5.7,6.3,1,
2026-06-01,鸡毛菜,6.75,6.5,7.0,1,
2026-06-02,鸡毛菜,6.25,6.0,6.5,1,
2026-06-03,鸡毛菜,5.75,5.5,6.0,1,
2026-06-04,鸡毛菜,4.25,4.0,4.5,1,
2026-06-05,鸡毛菜,3.75,3.5,4.0,1,
2026-06-08,鸡毛菜,3.75,3.5,4.0,1,
2026-06-09,鸡毛菜,3.25,3.0,3.5,1,
2026-06-10,鸡毛菜,2.75,2.5,3.0,1,
2026-06-11,鸡毛菜,2.75,2.5,3.0,1,
2026-06-12,鸡毛菜,2.75,2.5,3.0,1,
2026-06-15,鸡毛菜,2.8,2.6,3.0,1,
2026-06-16,鸡毛菜,2.25,2.0,2.5,1,
2026-06-17,鸡毛菜,1.9,1.8,2.0,1,
2026-06-18,鸡毛菜,2.15,1.8,2.5,1,
2026-06-19,鸡毛菜,2.15,1.8,2.5,1,
2026-06-22,鸡毛菜,2.6,2.2,3.0,1,
2026-06-23,鸡毛菜,2.6,2.2,3.0,1,
2026-06-24,鸡毛菜,2.6,2.2,3.0,1,
2026-06-25,鸡毛菜,3.25,3.0,3.5,1,
2026-06-26,鸡毛菜,3.25,3.0,3.5,1,
2026-06-29,鸡毛菜,3.05,2.8,3.3,1,
2026-06-30,鸡毛菜,3.05,2.8,3.3,1,
2026-07-01,鸡毛菜,3.05,2.8,3.3,1,
2026-07-02,鸡毛菜,3.05,2.8,3.3,1,
2026-07-03,鸡毛菜,2.5,2.0,3.0,1,
2026-07-06,鸡毛菜,2.8,2.3,3.3,1,
2026-07-07,鸡毛菜,3.0,2.5,3.5,1,
2026-07-08,鸡毛菜,3.0,2.5,3.5,1,
2026-07-09,鸡毛菜,3.75,3.5,4.0,1,
2026-07-10,鸡毛菜,3.75,3.5,4.0,1,
2026-07-13,鸡毛菜,6.0,5.5,6.5,1,
2026-07-14,鸡毛菜,5.55,5.3,5.8,1,
2026-07-15,鸡毛菜,6.0,5.5,6.5,1,
2026-07-16,鸡毛菜,8.4,7.8,9.0,1,
2026-07-17,鸡毛菜,8.4,7.8,9.0,1,
2026-07-20,鸡毛菜,8.75,8.0,9.5,1,
2026-07-21,鸡毛菜,7.4,7.0,7.8,1,
2026-07-22,鸡毛菜,9.0,8.5,9.5,1,
2026-07-23,鸡毛菜,9.0,8.5,9.5,1,
2026-07-24,鸡毛菜,9.0,8.5,9.5,1,
2026-07-27,鸡毛菜,4.5,4.0,5.0,1,
2026-07-28,鸡毛菜,4.75,4.3,5.2,1,
2026-07-29,鸡毛菜,6.0,5.5,6.5,1,
2026-07-30,鸡毛菜,5.25,4.5,6.0,1,
2026-07-31,鸡毛菜,5.25,4.5,6.0,1,
2026-08-03,鸡毛菜,7.0,6.5,7.5,1,
2026-08-04,鸡毛菜,6.5,6.0,7.0,1,
2026-08-05,鸡毛菜,5.5,5.0,6.0,1,
2026-08-06,鸡毛菜,5.5,5.0,6.0,1,
2026-08-07,鸡毛菜,5.5,5.0,6.0,1,
2026-08-10,鸡毛菜,6.25,6.0,6.5,1,
2026-08-11,鸡毛菜,6.25,6.0,6.5,1,
2026-01-01,黄心菜,2.5,2.0,3.0,1,
2026-01-02,黄心菜,2.5,2.0,3.0,1,
2026-01-05,黄心菜,2.5,2.0,3.0,1,
2026-01-06,黄心菜,2.3,1.8,2.8,1,
2026-01-07,黄心菜,2.3,1.8,2.8,1,
2026-01-08,黄心菜,2.15,1.7,2.6,1,
2026-01-09,黄心菜,2.15,1.7,2.6,1,
2026-01-12,黄心菜,2.15,1.7,2.6,1,
2026-01-13,黄心菜,2.15,1.7,2.6,1,
2026-01-14,黄心菜,2.15,1.7,2.6,1,
2026-01-15,黄心菜,2.15,1.7,2.6,1,
2026-01-16,黄心菜,2.15,1.7,2.6,1,
2026-01-19,黄心菜,2.15,1.7,2.6,1,
2026-01-20,黄心菜,2.15,1.7,2.6,1,
2026-01-21,黄心菜,2.15,1.7,2.6,1,
2026-01-22,黄心菜,2.15,1.7,2.6,1,
2026-01-23,黄心菜,2.15,1.7,2.6,1,
2026-01-26,黄心菜,2.15,1.7,2.6,1,
2026-01-27,黄心菜,2.15,1.7,2.6,1,
2026-01-28,黄心菜,2.15,1.7,2.6,1,
2026-01-29,黄心菜,2.15,1.7,2.6,1,
2026-01-30,黄心菜,2.15,1.7,2.6,1,
2026-02-02,黄心菜,2.15,1.7,2.6,1,
2026-02-03,黄心菜,2.15,1.7,2.6,1,
2026-02-04,黄心菜,2.15,1.7,2.6,1,
2026-02-05,黄心菜,2.15,1.7,2.6,1,
2026-02-06,黄心菜,2.15,1.7,2.6,1,
2026-02-09,黄心菜,2.15,1.7,2.6,1,
2026-02-10,黄心菜,2.0,1.7,2.3,1,
2026-02-11,黄心菜,2.1,1.7,2.5,1,
2026-02-12,黄心菜,2.1,1.7,2.5,1,
2026-02-13,黄心菜,2.1,1.7,2.5,1,
2026-02-24,黄心菜,2.75,2.0,3.5,1,
2026-02-25,黄心菜,2.75,2.0,3.5,1,
2026-02-26,黄心菜,2.75,2.0,3.5,1,
2026-02-27,黄心菜,2.75,2.0,3.5,1,
2026-03-02,黄心菜,3.35,3.2,3.5,1,
2026-03-03,黄心菜,3.65,3.3,4.0,1,
2026-03-04,黄心菜,3.75,3.5,4.0,1,
2026-03-05,黄心菜,3.75,3.5,4.0,1,
2026-03-06,黄心菜,4.0,3.5,4.5,1,
2026-03-09,黄心菜,4.85,4.5,5.2,1,
2026-03-10,黄心菜,4.85,4.5,5.2,1,
2026-03-11,黄心菜,4.85,4.5,5.2,1,
2026-03-12,黄心菜,4.85,4.5,5.2,1,
2026-03-13,黄心菜,4.3,3.8,4.8,1,
2026-03-16,黄心菜,4.3,3.8,4.8,1,
2026-03-17,黄心菜,4.5,4.0,5.0,1,
2026-03-18,黄心菜,4.75,4.5,5.0,1,
2026-03-19,黄心菜,4.75,4.5,5.0,1,
2026-03-20,黄心菜,4.75,4.5,5.0,1,
2026-03-23,黄心菜,4.5,4.2,4.8,1,
2026-03-24,黄心菜,4.15,3.8,4.5,1,
2026-03-25,黄心菜,4.15,3.8,4.5,1,
2026-03-26,黄心菜,4.15,3.8,4.5,1,
2026-03-27,黄心菜,4.4,4.0,4.8,1,
2026-03-30,黄心菜,3.65,3.3,4.0,1,
2026-03-31,黄心菜,3.65,3.3,4.0,1,
2026-04-01,黄心菜,3.5,3.3,3.7,1,
2026-04-02,黄心菜,3.5,3.3,3.7,1,
2026-04-03,黄心菜,2.75,2.5,3.0,1,
2026-04-06,黄心菜,2.75,2.5,3.0,1,
2026-04-07,黄心菜,2.75,2.5,3.0,1,
2026-04-08,黄心菜,2.75,2.5,3.0,1,
2026-04-09,黄心菜,2.75,2.5,3.0,1,
2026-04-10,黄心菜,3.0,2.5,3.5,1,
2026-04-13,黄心菜,3.2,2.8,3.6,1,
2026-04-14,黄心菜,2.9,2.5,3.3,1,
2026-04-15,黄心菜,2.9,2.5,3.3,1,
2026-04-16,黄心菜,3.15,2.8,3.5,1,
2026-04-17,黄心菜,3.15,2.8,3.5,1,
2026-04-20,黄心菜,3.15,2.8,3.5,1,
2026-04-21,黄心菜,2.85,2.5,3.2,1,
2026-04-22,黄心菜,2.75,2.5,3.0,1,
2026-04-23,黄心菜,2.75,2.5,3.0,1,
2026-04-24,黄心菜,2.6,2.2,3.0,1,
2026-04-27,黄心菜,2.4,2.0,2.8,1,
2026-04-28,黄心菜,2.5,2.0,3.0,1,
2026-04-29,黄心菜,2.5,2.0,3.0,1,
2026-04-30,黄心菜,2.5,2.0,3.0,1,
2026-05-01,黄心菜,2.5,2.0,3.0,1,
2026-05-04,黄心菜,2.6,2.2,3.0,1,
2026-05-05,黄心菜,2.9,2.5,3.3,1,
2026-05-06,黄心菜,2.9,2.5,3.3,1,
2026-05-07,黄心菜,2.65,2.3,3.0,1,
2026-05-08,黄心菜,2.5,2.0,3.0,1,
2026-05-11,黄心菜,2.3,1.8,2.8,1,
2026-05-12,黄心菜,2.1,1.5,2.7,1,
2026-05-13,黄心菜,2.15,1.6,2.7,1,
2026-05-14,黄心菜,2.15,1.6,2.7,1,
2026-05-15,黄心菜,1.6,1.2,2.0,1,
2026-05-18,黄心菜,2.0,1.5,2.5,1,
2026-05-19,黄心菜,2.0,1.5,2.5,1,
2026-05-20,黄心菜,2.0,1.5,2.5,1,
2026-05-21,黄心菜,2.0,1.5,2.5,1,
2026-05-22,黄心菜,2.0,1.5,2.5,1,
2026-05-25,黄心菜,2.05,1.7,2.4,1,
2026-05-26,黄心菜,2.1,1.8,2.4,1,
2026-05-27,黄心菜,2.1,1.8,2.4,1,
2026-05-28,黄心菜,2.1,1.8,2.4,1,
2026-05-29,黄心菜,2.45,2.3,2.6,1,
2026-06-01,黄心菜,2.45,2.3,2.6,1,
2026-06-02,黄心菜,2.75,2.5,3.0,1,
2026-06-03,黄心菜,3.0,2.5,3.5,1,
2026-06-04,黄心菜,3.35,3.0,3.7,1,
2026-06-05,黄心菜,3.5,3.0,4.0,1,
2026-06-08,黄心菜,3.25,2.7,3.8,1,
2026-06-09,黄心菜,3.1,2.7,3.5,1,
2026-06-10,黄心菜,3.1,2.7,3.5,1,
2026-06-11,黄心菜,3.4,3.0,3.8,1,
2026-06-12,黄心菜,3.4,3.0,3.8,1,
2026-06-15,黄心菜,3.6,3.2,4.0,1,
2026-06-16,黄心菜,3.5,3.2,3.8,1,
2026-06-17,黄心菜,3.6,3.2,4.0,1,
2026-06-18,黄心菜,3.7,3.2,4.2,1,
2026-06-19,黄心菜,3.7,3.2,4.2,1,
2026-06-22,黄心菜,4.4,4.0,4.8,1,
2026-06-23,黄心菜,4.25,4.0,4.5,1,
2026-06-24,黄心菜,3.75,3.5,4.0,1,
2026-06-25,黄心菜,3.75,3.5,4.0,1,
2026-06-26,黄心菜,3.75,3.5,4.0,1,
2026-06-29,黄心菜,4.05,3.8,4.3,1,
2026-06-30,黄心菜,3.9,3.8,4.0,1,
2026-07-01,黄心菜,4.15,4.0,4.3,1,
2026-07-02,黄心菜,3.85,3.7,4.0,1,
2026-07-03,黄心菜,3.85,3.7,4.0,1,
2026-07-06,黄心菜,3.85,3.7,4.0,1,
2026-07-07,黄心菜,4.05,3.8,4.3,1,
2026-07-08,黄心菜,4.05,3.8,4.3,1,
2026-07-09,黄心菜,4.4,4.3,4.5,1,
2026-07-10,黄心菜,4.4,4.3,4.5,1,
2026-07-13,黄心菜,5.0,4.5,5.5,1,
2026-07-14,黄心菜,4.95,4.5,5.4,1,
2026-07-15,黄心菜,4.95,4.5,5.4,1,
2026-07-16,黄心菜,4.95,4.5,5.4,1,
2026-07-17,黄心菜,4.5,4.0,5.0,1,
2026-07-20,黄心菜,3.65,3.3,4.0,1,
2026-07-21,黄心菜,3.4,3.0,3.8,1,
2026-07-22,黄心菜,3.4,3.0,3.8,1,
2026-07-23,黄心菜,3.4,3.0,3.8,1,
2026-07-24,黄心菜,2.75,2.5,3.0,1,
2026-07-27,黄心菜,2.85,2.5,3.2,1,
2026-07-28,黄心菜,3.1,2.7,3.5,1,
2026-07-29,黄心菜,2.9,2.5,3.3,1,
2026-07-30,黄心菜,2.9,2.5,3.3,1,
2026-07-31,黄心菜,2.9,2.5,3.3,1,
2026-08-03,黄心菜,3.75,3.5,4.0,1,
2026-08-04,黄心菜,4.0,3.5,4.5,1,
2026-08-05,黄心菜,4.0,3.5,4.5,1,
2026-08-06,黄心菜,4.0,3.5,4.5,1,
2026-08-07,黄心菜,3.75,3.5,4.0,1,
2026-08-10,黄心菜,3.8,3.6,4.0,1,
2026-08-11,黄心菜,3.8,3.6,4.0,1,
2026-01-01,黄瓜,3.05,2.0,4.0,2,冀辽/辽冀鲁云
2026-01-02,黄瓜,3.325,2.5,4.0,2,冀辽/辽冀鲁云
2026-01-03,黄瓜,3.575,2.5,4.2,2,冀辽/辽冀鲁云
2026-01-04,黄瓜,3.45,2.5,4.2,2,冀辽/辽冀鲁云
2026-01-05,黄瓜,3.3,2.5,4.2,2,冀辽/辽冀鲁云
2026-01-06,黄瓜,3.25,2.5,4.0,2,冀辽/辽冀鲁云
2026-01-07,黄瓜,3.075,2.5,3.8,2,冀辽/辽冀鲁云
2026-01-08,黄瓜,3.0,2.4,3.8,2,冀辽/辽冀鲁云
2026-01-09,黄瓜,3.0,2.4,3.8,2,冀辽/辽冀鲁云
2026-01-10,黄瓜,2.825,2.3,3.7,2,冀辽/辽冀鲁云
2026-01-11,黄瓜,2.825,2.3,3.7,2,冀辽/辽冀鲁云
2026-01-12,黄瓜,2.825,2.3,3.7,2,冀辽/辽冀鲁云
2026-01-13,黄瓜,2.725,2.3,3.6,2,冀辽/辽冀鲁云
2026-01-14,黄瓜,2.85,2.5,3.6,2,冀辽/辽冀鲁云
2026-01-15,黄瓜,2.95,2.5,3.8,2,冀辽/辽冀鲁云
2026-01-16,黄瓜,3.025,2.5,3.8,2,冀辽/辽冀鲁云
2026-01-17,黄瓜,3.575,2.7,5.0,2,冀辽/辽冀鲁云
2026-01-18,黄瓜,3.575,2.7,5.0,2,冀辽/辽冀鲁云
2026-01-19,黄瓜,3.625,2.7,5.0,2,冀辽/辽冀鲁云
2026-01-20,黄瓜,3.575,2.7,4.8,2,冀辽/辽冀鲁云
2026-01-21,黄瓜,3.5,2.6,4.6,2,冀辽/辽冀鲁云
2026-01-22,黄瓜,3.25,2.3,4.6,2,冀辽/辽冀鲁云
2026-01-23,黄瓜,3.225,2.3,4.6,2,冀辽/辽冀鲁云
2026-01-24,黄瓜,3.375,2.3,4.6,2,冀辽/辽冀鲁云
2026-01-25,黄瓜,3.375,2.3,4.6,2,冀辽/辽冀鲁云
2026-01-26,黄瓜,3.375,2.3,4.6,2,冀辽/辽冀鲁云
2026-01-27,黄瓜,3.3,2.0,4.6,2,冀辽/辽冀鲁云
2026-01-28,黄瓜,3.275,1.9,4.6,2,冀辽/辽冀鲁云
2026-01-29,黄瓜,2.975,1.9,4.0,2,冀辽/辽冀鲁云
2026-01-30,黄瓜,2.975,1.9,4.0,2,冀辽/辽冀鲁云
2026-01-31,黄瓜,2.925,1.7,4.0,2,冀辽/辽冀鲁云
2026-02-01,黄瓜,2.825,1.7,3.8,2,冀辽/辽冀鲁云
2026-02-02,黄瓜,2.775,1.7,3.8,2,冀辽/辽冀鲁云
2026-02-03,黄瓜,3.2,2.5,3.8,2,冀辽/辽冀鲁云
2026-02-04,黄瓜,3.25,2.5,3.8,2,冀辽/辽冀鲁云
2026-02-05,黄瓜,3.175,2.5,3.8,2,冀辽/辽冀鲁云
2026-02-06,黄瓜,3.175,2.5,3.8,2,冀辽/辽冀鲁云
2026-02-07,黄瓜,3.175,2.5,3.8,2,冀辽/辽冀鲁云
2026-02-08,黄瓜,3.175,2.5,3.8,2,冀辽/辽冀鲁云
2026-02-09,黄瓜,3.075,2.0,3.8,2,冀辽/辽冀鲁云
2026-02-10,黄瓜,3.075,2.0,3.8,2,冀辽/辽冀鲁云
2026-02-11,黄瓜,3.525,2.3,4.5,2,冀辽/辽冀鲁云
2026-02-12,黄瓜,3.525,2.3,4.5,2,冀辽/辽冀鲁云
2026-02-13,黄瓜,3.525,2.3,4.5,2,冀辽/辽冀鲁云
2026-02-14,黄瓜,3.55,2.6,4.5,2,冀辽/辽冀鲁云
2026-02-15,黄瓜,3.525,2.6,4.5,2,冀辽/辽冀鲁云
2026-02-16,黄瓜,3.65,2.6,4.5,2,冀辽/辽冀鲁云
2026-02-24,黄瓜,2.975,2.2,3.5,2,冀/辽冀鲁云
2026-02-25,黄瓜,2.875,2.0,3.5,2,冀/辽冀鲁云
2026-02-26,黄瓜,2.825,2.0,3.5,2,冀/辽冀鲁云
2026-02-27,黄瓜,2.8,1.8,3.8,2,冀/辽冀鲁云
2026-02-28,黄瓜,2.775,1.5,4.0,2,冀/辽冀鲁云
2026-03-01,黄瓜,2.775,1.5,4.0,2,冀/辽冀鲁云
2026-03-02,黄瓜,2.9,1.5,4.5,2,冀/辽冀鲁云
2026-03-03,黄瓜,3.2,1.5,4.5,2,冀/辽冀鲁云
2026-03-04,黄瓜,3.75,2.0,5.0,2,冀/辽冀鲁云
2026-03-05,黄瓜,3.9,2.5,5.0,2,冀/辽冀鲁云
2026-03-06,黄瓜,3.975,2.6,5.0,2,冀/辽冀鲁云
2026-03-07,黄瓜,3.725,2.5,4.8,2,冀/辽冀鲁云
2026-03-08,黄瓜,3.625,2.4,4.8,2,冀/辽冀鲁云
2026-03-09,黄瓜,3.6,2.6,4.5,2,冀/辽冀鲁云
2026-03-10,黄瓜,3.325,2.5,4.5,2,冀/辽冀鲁云
2026-03-11,黄瓜,3.1,2.5,3.8,2,冀/辽冀鲁云
2026-03-12,黄瓜,3.0,2.2,3.8,2,冀/辽冀鲁云
2026-03-13,黄瓜,2.725,1.9,3.5,2,冀/辽冀鲁云
2026-03-14,黄瓜,2.625,1.9,3.5,2,冀/辽冀鲁云
2026-03-15,黄瓜,2.625,1.9,3.5,2,冀/辽冀鲁云
2026-03-16,黄瓜,2.625,1.9,3.5,2,冀/辽冀鲁云
2026-03-17,黄瓜,2.625,1.9,3.5,2,冀/辽冀鲁云
2026-03-18,黄瓜,2.625,1.9,3.5,2,冀/辽冀鲁云
2026-03-19,黄瓜,2.525,1.8,3.3,2,冀/辽冀鲁云
2026-03-20,黄瓜,2.4,1.6,3.3,2,冀/辽冀鲁云
2026-03-21,黄瓜,2.275,1.6,3.0,2,冀/辽冀鲁云
2026-03-22,黄瓜,1.925,1.4,2.5,2,冀/辽冀鲁云
2026-03-23,黄瓜,1.925,1.4,2.5,2,冀/辽冀鲁云
2026-03-24,黄瓜,1.825,1.2,2.5,2,冀/辽冀鲁云
2026-03-25,黄瓜,1.775,1.2,2.5,2,冀/辽冀鲁云
2026-03-26,黄瓜,1.675,1.2,2.2,2,冀/辽冀鲁云
2026-03-27,黄瓜,1.625,1.0,2.2,2,冀/辽冀鲁云
2026-03-28,黄瓜,1.6,1.0,2.2,2,冀/辽冀鲁云
2026-03-29,黄瓜,1.6,1.0,2.2,2,冀/辽冀鲁云
2026-03-30,黄瓜,1.6,1.0,2.2,2,冀/辽冀鲁云
2026-03-31,黄瓜,1.6,1.0,2.2,2,冀/辽冀鲁云
2026-04-01,黄瓜,1.6,1.0,2.2,2,冀/辽冀鲁云
2026-04-02,黄瓜,1.6,1.0,2.2,2,冀/辽冀鲁云
2026-04-03,黄瓜,1.6,1.0,2.2,2,冀/辽冀鲁云
2026-04-04,黄瓜,1.55,0.8,2.2,2,冀/辽冀鲁云
2026-04-05,黄瓜,1.55,0.8,2.2,2,冀/辽冀鲁云
2026-04-06,黄瓜,1.4,0.8,2.0,2,冀/辽冀鲁云
2026-04-07,黄瓜,1.4,0.8,2.0,2,冀/辽冀鲁云
2026-04-08,黄瓜,1.4,0.8,2.0,2,冀/辽冀鲁云
2026-04-09,黄瓜,1.4,0.8,2.0,2,冀/辽冀鲁云
2026-04-10,黄瓜,1.3,0.8,1.8,2,冀/辽冀鲁云
2026-04-11,黄瓜,1.3,0.8,1.8,2,冀/辽冀鲁云
2026-04-12,黄瓜,1.35,0.8,2.0,2,冀/辽冀鲁云
2026-04-13,黄瓜,1.35,0.8,2.0,2,冀/辽冀鲁云
2026-04-14,黄瓜,1.3,0.8,2.0,2,冀/辽冀鲁
2026-04-15,黄瓜,1.2,0.8,1.8,2,冀/辽冀鲁
2026-04-16,黄瓜,1.15,0.8,1.6,2,冀/辽冀鲁
2026-04-17,黄瓜,1.15,0.8,1.6,2,冀/辽冀鲁
2026-04-18,黄瓜,1.15,0.8,1.6,2,冀/辽冀鲁
2026-04-19,黄瓜,1.125,0.8,1.5,2,冀/辽冀鲁
2026-04-20,黄瓜,1.125,0.8,1.5,2,冀/辽冀鲁
2026-04-21,黄瓜,1.025,0.8,1.3,2,冀/辽冀鲁
2026-04-22,黄瓜,1.025,0.8,1.3,2,冀/辽冀鲁
2026-04-23,黄瓜,1.025,0.8,1.3,2,冀/辽冀鲁
2026-04-24,黄瓜,1.0,0.8,1.3,2,冀/辽冀鲁
2026-04-25,黄瓜,1.0,0.8,1.3,2,冀/辽冀鲁
2026-04-26,黄瓜,1.0,0.8,1.3,2,冀/辽冀鲁
2026-04-27,黄瓜,1.0,0.8,1.3,2,冀/辽冀鲁
2026-04-28,黄瓜,1.0,0.8,1.3,2,冀/辽冀鲁
2026-04-29,黄瓜,1.0,0.8,1.3,2,冀/辽冀鲁
2026-04-30,黄瓜,1.0,0.8,1.3,2,冀/辽冀鲁
2026-05-01,黄瓜,1.0,0.8,1.3,2,冀/辽冀鲁
2026-05-02,黄瓜,1.0,0.8,1.3,2,冀/辽冀鲁
2026-05-03,黄瓜,0.925,0.8,1.1,2,冀/辽冀鲁
2026-05-04,黄瓜,0.875,0.7,1.0,2,冀/辽冀鲁
2026-05-05,黄瓜,0.85,0.7,1.0,2,冀/辽冀鲁
2026-05-06,黄瓜,0.85,0.7,1.0,2,冀/辽冀鲁
2026-05-07,黄瓜,0.85,0.7,1.0,2,冀/辽冀鲁
2026-05-08,黄瓜,0.775,0.7,0.9,2,冀/辽冀鲁
2026-05-09,黄瓜,0.775,0.7,0.9,2,冀/辽冀鲁
2026-05-10,黄瓜,0.775,0.7,0.9,2,冀/辽冀鲁
2026-05-11,黄瓜,0.775,0.7,0.9,2,冀/辽冀鲁
2026-05-12,黄瓜,0.725,0.6,0.8,2,冀/辽冀鲁
2026-05-13,黄瓜,0.725,0.6,0.8,2,冀/辽冀鲁
2026-05-14,黄瓜,0.725,0.6,0.8,2,冀/辽冀鲁
2026-05-15,黄瓜,0.725,0.6,0.8,2,冀/辽冀鲁
2026-05-16,黄瓜,0.65,0.6,0.7,2,冀/辽冀鲁
2026-05-17,黄瓜,0.7,0.6,0.8,2,冀/辽冀鲁
2026-05-18,黄瓜,0.65,0.5,0.9,2,冀/辽冀鲁
2026-05-19,黄瓜,0.7,0.5,1.0,2,冀/辽冀鲁
2026-05-20,黄瓜,0.7,0.5,1.0,2,冀/辽冀鲁
2026-05-21,黄瓜,0.825,0.7,1.0,2,冀/辽冀鲁
2026-05-22,黄瓜,0.875,0.7,1.2,2,冀/辽冀鲁
2026-05-23,黄瓜,1.075,0.9,1.4,2,冀/辽冀鲁
2026-05-24,黄瓜,1.125,0.9,1.5,2,冀/辽冀鲁
2026-05-25,黄瓜,1.125,0.9,1.5,2,冀/辽冀鲁
2026-05-26,黄瓜,1.125,0.9,1.5,2,冀/辽冀鲁
2026-05-27,黄瓜,1.125,0.9,1.5,2,冀/辽冀鲁
2026-05-28,黄瓜,1.525,1.2,2.0,2,冀/辽冀鲁
2026-05-29,黄瓜,1.475,1.2,1.8,2,冀/辽冀鲁
2026-05-30,黄瓜,1.475,1.2,1.8,2,冀/辽冀鲁
2026-05-31,黄瓜,1.475,1.2,1.8,2,冀/辽冀鲁
2026-06-01,黄瓜,1.475,1.2,1.8,2,冀/辽冀鲁
2026-06-02,黄瓜,1.275,1.0,1.5,2,冀/辽冀鲁
2026-06-03,黄瓜,1.125,0.8,1.4,2,冀/辽冀鲁
2026-06-04,黄瓜,1.125,0.8,1.4,2,冀/辽冀鲁
2026-06-05,黄瓜,1.0,0.6,1.4,2,冀/辽冀鲁
2026-06-06,黄瓜,1.0,0.6,1.4,2,冀/辽冀鲁
2026-06-07,黄瓜,1.05,0.6,1.4,2,冀/辽冀鲁
2026-06-08,黄瓜,1.05,0.6,1.4,2,冀/辽冀鲁
2026-06-09,黄瓜,1.05,0.6,1.4,2,冀/辽冀鲁
2026-06-10,黄瓜,1.05,0.8,1.3,2,冀/辽冀鲁
2026-06-11,黄瓜,0.95,0.6,1.3,2,冀/辽冀鲁
2026-06-12,黄瓜,0.925,0.6,1.3,2,冀/辽冀鲁
2026-06-13,黄瓜,0.925,0.6,1.3,2,冀/辽冀鲁
2026-06-14,黄瓜,0.925,0.6,1.3,2,冀/辽冀鲁
2026-06-15,黄瓜,0.9,0.6,1.2,2,冀/辽冀鲁
2026-06-16,黄瓜,0.825,0.5,1.2,2,冀/辽冀鲁
2026-06-17,黄瓜,0.825,0.5,1.2,2,冀/辽冀鲁
2026-06-18,黄瓜,0.825,0.5,1.2,2,冀/辽冀鲁
2026-06-19,黄瓜,0.775,0.5,1.2,2,冀/辽冀鲁
2026-06-20,黄瓜,0.775,0.5,1.2,2,冀/辽冀鲁
2026-06-21,黄瓜,0.775,0.5,1.2,2,冀/辽冀鲁
2026-06-22,黄瓜,0.85,0.6,1.2,2,冀/辽冀鲁
2026-06-23,黄瓜,0.9,0.7,1.2,2,冀/辽冀鲁
2026-06-24,黄瓜,0.9,0.7,1.2,2,冀/辽冀鲁
2026-06-25,黄瓜,0.9,0.7,1.2,2,冀/辽冀鲁
2026-06-26,黄瓜,0.95,0.7,1.2,2,冀/辽冀鲁
2026-06-27,黄瓜,1.05,0.8,1.3,2,冀/辽冀鲁
2026-06-28,黄瓜,1.15,0.8,1.5,2,冀/辽冀鲁
2026-06-29,黄瓜,1.15,0.8,1.5,2,冀/辽冀鲁
2026-06-30,黄瓜,1.1,0.8,1.5,2,冀/辽冀鲁
2026-07-01,黄瓜,1.1,0.8,1.5,2,冀/辽冀鲁
2026-07-02,黄瓜,1.1,0.8,1.5,2,冀/辽冀鲁
2026-07-03,黄瓜,0.975,0.8,1.3,2,冀/辽冀鲁
2026-07-04,黄瓜,0.975,0.8,1.3,2,冀/辽冀鲁
2026-07-05,黄瓜,0.975,0.8,1.3,2,冀/辽冀鲁
2026-07-06,黄瓜,1.075,0.8,1.4,2,冀/辽冀鲁
2026-07-07,黄瓜,1.075,0.8,1.4,2,冀/辽冀鲁
2026-07-08,黄瓜,1.075,0.8,1.4,2,冀/辽冀鲁
2026-07-09,黄瓜,1.075,0.8,1.4,2,冀/辽冀鲁
2026-07-10,黄瓜,1.125,0.8,1.6,2,冀/辽冀鲁
2026-07-11,黄瓜,1.525,1.0,2.2,2,冀/辽冀鲁
2026-07-12,黄瓜,1.525,1.0,2.2,2,冀/辽冀鲁
2026-07-13,黄瓜,2.325,1.5,3.0,2,冀/辽冀鲁
2026-07-14,黄瓜,2.375,1.5,3.0,2,冀/辽冀鲁
2026-07-15,黄瓜,2.55,1.5,3.2,2,冀/辽冀鲁
2026-07-16,黄瓜,2.55,1.5,3.2,2,冀/辽冀鲁
2026-07-17,黄瓜,2.225,1.2,3.0,2,冀/辽冀鲁
2026-07-18,黄瓜,2.225,1.2,3.0,2,冀/辽冀鲁
2026-07-19,黄瓜,2.275,1.2,3.2,2,冀/辽冀鲁
2026-07-20,黄瓜,2.7,1.5,3.8,2,冀/辽冀鲁
2026-07-21,黄瓜,2.7,1.5,3.8,2,冀/辽冀鲁
2026-07-22,黄瓜,2.575,1.5,3.5,2,冀/辽冀鲁
2026-07-23,黄瓜,2.575,1.5,3.5,2,冀/辽冀鲁
2026-07-24,黄瓜,2.85,2.0,3.5,2,冀/辽冀鲁
2026-07-25,黄瓜,2.85,2.0,3.5,2,冀/辽冀蒙
2026-07-26,黄瓜,2.7,1.8,3.5,2,冀/辽冀蒙
2026-07-27,黄瓜,2.475,1.5,3.2,2,冀/辽冀蒙
2026-07-28,黄瓜,2.275,1.3,3.0,2,冀/辽冀蒙
2026-07-29,黄瓜,2.1,1.3,2.6,2,冀/辽冀蒙
2026-07-30,黄瓜,2.0,1.3,2.5,2,冀/辽冀蒙
2026-07-31,黄瓜,1.95,1.3,2.5,2,冀/辽冀蒙
2026-08-01,黄瓜,1.75,1.0,2.5,2,冀/辽冀蒙
2026-08-02,黄瓜,1.925,1.2,3.0,2,冀辽/辽冀蒙
2026-08-03,黄瓜,1.925,1.2,3.0,2,冀辽/辽冀蒙
2026-08-04,黄瓜,2.05,1.2,3.0,2,冀辽/辽冀蒙
2026-08-05,黄瓜,2.2,1.2,3.3,2,冀辽/辽冀蒙
2026-08-06,黄瓜,2.4,1.5,3.5,2,冀辽/辽冀蒙
2026-08-07,黄瓜,2.625,1.5,4.0,2,冀辽/辽冀蒙
2026-08-08,黄瓜,2.95,1.5,4.5,2,冀辽/辽冀蒙
2026-08-09,黄瓜,2.95,1.5,4.5,2,冀辽/辽冀蒙吉
2026-08-10,黄瓜,3.0,1.5,4.5,2,冀辽/辽冀蒙吉
2026-08-11,黄瓜,3.25,2.0,4.5,2,冀辽/辽冀蒙
2026-01-10,黄花菜,35.5,35.0,36.0,1,
2026-01-20,黄花菜,39.5,39.0,40.0,1,
2026-01-31,黄花菜,39.5,39.0,40.0,1,
2026-02-10,黄花菜,40.5,40.0,41.0,1,
2026-02-28,黄花菜,45.5,45.0,46.0,1,
2026-03-10,黄花菜,42.5,42.0,43.0,1,
2026-03-20,黄花菜,44.5,44.0,45.0,1,
2026-03-31,黄花菜,44.5,44.0,45.0,1,
2026-04-10,黄花菜,39.5,39.0,40.0,1,
2026-04-20,黄花菜,35.5,35.0,36.0,1,
2026-04-30,黄花菜,33.5,33.0,34.0,1,
2026-05-10,黄花菜,32.5,32.0,33.0,1,
2026-05-20,黄花菜,30.5,30.0,31.0,1,
2026-05-31,黄花菜,28.5,28.0,29.0,1,
2026-06-10,黄花菜,25.5,25.0,26.0,1,
2026-06-20,黄花菜,23.5,23.0,24.0,1,
2026-06-30,黄花菜,20.5,20.0,21.0,1,
2026-07-10,黄花菜,19.0,18.0,20.0,1,
2026-07-20,黄花菜,19.5,19.0,20.0,1,
2026-07-31,黄花菜,19.5,19.0,20.0,1,
2026-08-10,黄花菜,17.5,17.0,18.0,1,
2026-01-01,黄豆芽,0.88,0.85,0.9,1,
2026-01-02,黄豆芽,0.88,0.85,0.9,1,
2026-01-03,黄豆芽,0.88,0.85,0.9,1,
2026-01-04,黄豆芽,0.88,0.85,0.9,1,
2026-01-05,黄豆芽,0.88,0.85,0.9,1,
2026-01-06,黄豆芽,0.88,0.85,0.9,1,
2026-01-07,黄豆芽,0.88,0.85,0.9,1,
2026-01-08,黄豆芽,0.88,0.85,0.9,1,
2026-01-09,黄豆芽,0.88,0.85,0.9,1,
2026-01-10,黄豆芽,0.88,0.85,0.9,1,
2026-01-11,黄豆芽,0.88,0.85,0.9,1,
2026-01-12,黄豆芽,0.88,0.85,0.9,1,
2026-01-13,黄豆芽,0.88,0.85,0.9,1,
2026-01-14,黄豆芽,0.88,0.85,0.9,1,
2026-01-15,黄豆芽,0.88,0.85,0.9,1,
2026-01-16,黄豆芽,0.88,0.85,0.9,1,
2026-01-17,黄豆芽,0.88,0.85,0.9,1,
2026-01-18,黄豆芽,0.88,0.85,0.9,1,
2026-01-19,黄豆芽,0.88,0.85,0.9,1,
2026-01-20,黄豆芽,0.88,0.85,0.9,1,
2026-01-21,黄豆芽,0.88,0.85,0.9,1,
2026-01-22,黄豆芽,0.88,0.85,0.9,1,
2026-01-23,黄豆芽,0.88,0.85,0.9,1,
2026-01-24,黄豆芽,0.88,0.85,0.9,1,
2026-01-25,黄豆芽,0.88,0.85,0.9,1,
2026-01-26,黄豆芽,0.88,0.85,0.9,1,
2026-01-27,黄豆芽,0.88,0.85,0.9,1,
2026-01-28,黄豆芽,0.88,0.85,0.9,1,
2026-01-29,黄豆芽,0.88,0.85,0.9,1,
2026-01-30,黄豆芽,0.88,0.85,0.9,1,
2026-01-31,黄豆芽,0.88,0.85,0.9,1,
2026-02-01,黄豆芽,0.88,0.85,0.9,1,
2026-02-02,黄豆芽,0.88,0.85,0.9,1,
2026-02-03,黄豆芽,0.88,0.85,0.9,1,
2026-02-04,黄豆芽,0.95,0.9,1.0,1,
2026-02-05,黄豆芽,0.88,0.85,0.9,1,
2026-02-06,黄豆芽,0.88,0.85,0.9,1,
2026-02-07,黄豆芽,0.88,0.85,0.9,1,
2026-02-08,黄豆芽,0.88,0.85,0.9,1,
2026-02-09,黄豆芽,0.88,0.85,0.9,1,
2026-02-10,黄豆芽,0.88,0.85,0.9,1,
2026-02-11,黄豆芽,0.88,0.85,0.9,1,
2026-02-12,黄豆芽,0.88,0.85,0.9,1,
2026-02-13,黄豆芽,0.88,0.85,0.9,1,
2026-02-14,黄豆芽,0.88,0.85,0.9,1,
2026-02-15,黄豆芽,0.88,0.85,0.9,1,
2026-02-16,黄豆芽,0.88,0.85,0.9,1,
2026-02-24,黄豆芽,0.88,0.85,0.9,1,
2026-02-25,黄豆芽,0.88,0.85,0.9,1,
2026-02-26,黄豆芽,0.88,0.85,0.9,1,
2026-02-27,黄豆芽,0.88,0.85,0.9,1,
2026-02-28,黄豆芽,0.88,0.85,0.9,1,
2026-03-01,黄豆芽,0.88,0.85,0.9,1,
2026-03-02,黄豆芽,0.88,0.85,0.9,1,
2026-03-03,黄豆芽,0.88,0.85,0.9,1,
2026-03-04,黄豆芽,0.88,0.85,0.9,1,
2026-03-05,黄豆芽,0.88,0.85,0.9,1,
2026-03-06,黄豆芽,0.88,0.85,0.9,1,
2026-03-07,黄豆芽,0.88,0.85,0.9,1,
2026-03-08,黄豆芽,0.88,0.85,0.9,1,
2026-03-09,黄豆芽,0.88,0.85,0.9,1,
2026-03-10,黄豆芽,0.88,0.85,0.9,1,
2026-03-11,黄豆芽,0.88,0.85,0.9,1,
2026-03-12,黄豆芽,0.88,0.85,0.9,1,
2026-03-13,黄豆芽,0.88,0.85,0.9,1,
2026-03-14,黄豆芽,0.88,0.85,0.9,1,
2026-03-15,黄豆芽,0.88,0.85,0.9,1,
2026-03-16,黄豆芽,0.88,0.85,0.9,1,
2026-03-17,黄豆芽,0.88,0.85,0.9,1,
2026-03-18,黄豆芽,0.88,0.85,0.9,1,
2026-03-19,黄豆芽,0.88,0.85,0.9,1,
2026-03-20,黄豆芽,0.88,0.85,0.9,1,
2026-03-21,黄豆芽,0.88,0.85,0.9,1,
2026-03-22,黄豆芽,0.88,0.85,0.9,1,
2026-03-23,黄豆芽,0.88,0.85,0.9,1,
2026-03-24,黄豆芽,0.88,0.85,0.9,1,
2026-03-25,黄豆芽,0.88,0.85,0.9,1,
2026-03-26,黄豆芽,0.88,0.85,0.9,1,
2026-03-27,黄豆芽,0.88,0.85,0.9,1,
2026-03-28,黄豆芽,0.88,0.85,0.9,1,
2026-03-29,黄豆芽,0.88,0.85,0.9,1,
2026-03-30,黄豆芽,0.88,0.85,0.9,1,
2026-03-31,黄豆芽,0.88,0.85,0.9,1,
2026-04-01,黄豆芽,0.88,0.85,0.9,1,
2026-04-02,黄豆芽,0.88,0.85,0.9,1,
2026-04-03,黄豆芽,0.88,0.85,0.9,1,
2026-04-04,黄豆芽,0.88,0.85,0.9,1,
2026-04-05,黄豆芽,0.88,0.85,0.9,1,
2026-04-06,黄豆芽,0.88,0.85,0.9,1,
2026-04-07,黄豆芽,0.88,0.85,0.9,1,
2026-04-08,黄豆芽,0.88,0.85,0.9,1,
2026-04-09,黄豆芽,0.88,0.85,0.9,1,
2026-04-10,黄豆芽,0.88,0.85,0.9,1,
2026-04-11,黄豆芽,0.88,0.85,0.9,1,
2026-04-12,黄豆芽,0.88,0.85,0.9,1,
2026-04-13,黄豆芽,0.88,0.85,0.9,1,
2026-04-14,黄豆芽,0.88,0.85,0.9,1,
2026-04-15,黄豆芽,0.88,0.85,0.9,1,
2026-04-16,黄豆芽,0.88,0.85,0.9,1,
2026-04-17,黄豆芽,0.88,0.85,0.9,1,
2026-04-18,黄豆芽,0.88,0.85,0.9,1,
2026-04-19,黄豆芽,0.88,0.85,0.9,1,
2026-04-20,黄豆芽,0.88,0.85,0.9,1,
2026-04-21,黄豆芽,0.88,0.85,0.9,1,
2026-04-22,黄豆芽,0.88,0.85,0.9,1,
2026-04-23,黄豆芽,0.88,0.85,0.9,1,
2026-04-24,黄豆芽,0.88,0.85,0.9,1,
2026-04-25,黄豆芽,0.88,0.85,0.9,1,
2026-04-26,黄豆芽,0.88,0.85,0.9,1,
2026-04-27,黄豆芽,0.88,0.85,0.9,1,
2026-04-28,黄豆芽,0.88,0.85,0.9,1,
2026-04-29,黄豆芽,0.88,0.85,0.9,1,
2026-04-30,黄豆芽,0.88,0.85,0.9,1,
2026-05-01,黄豆芽,0.88,0.85,0.9,1,
2026-05-02,黄豆芽,0.88,0.85,0.9,1,
2026-05-03,黄豆芽,0.88,0.85,0.9,1,
2026-05-04,黄豆芽,0.88,0.85,0.9,1,
2026-05-05,黄豆芽,0.88,0.85,0.9,1,
2026-05-06,黄豆芽,0.88,0.85,0.9,1,
2026-05-07,黄豆芽,0.88,0.85,0.9,1,
2026-05-08,黄豆芽,0.88,0.85,0.9,1,
2026-05-09,黄豆芽,0.88,0.85,0.9,1,
2026-05-10,黄豆芽,0.88,0.85,0.9,1,
2026-05-11,黄豆芽,0.88,0.85,0.9,1,
2026-05-12,黄豆芽,0.88,0.85,0.9,1,
2026-05-13,黄豆芽,0.88,0.85,0.9,1,
2026-05-14,黄豆芽,0.88,0.85,0.9,1,
2026-05-15,黄豆芽,0.88,0.85,0.9,1,
2026-05-16,黄豆芽,0.88,0.85,0.9,1,
2026-05-17,黄豆芽,0.88,0.85,0.9,1,
2026-05-18,黄豆芽,0.88,0.85,0.9,1,
2026-05-19,黄豆芽,0.88,0.85,0.9,1,
2026-05-20,黄豆芽,0.88,0.85,0.9,1,
2026-05-21,黄豆芽,0.88,0.85,0.9,1,
2026-05-22,黄豆芽,0.88,0.85,0.9,1,
2026-05-23,黄豆芽,0.88,0.85,0.9,1,
2026-05-24,黄豆芽,0.88,0.85,0.9,1,
2026-05-25,黄豆芽,0.88,0.85,0.9,1,
2026-05-26,黄豆芽,0.88,0.85,0.9,1,
2026-05-27,黄豆芽,0.88,0.85,0.9,1,
2026-05-28,黄豆芽,0.88,0.85,0.9,1,
2026-05-29,黄豆芽,0.88,0.85,0.9,1,
2026-05-30,黄豆芽,0.88,0.85,0.9,1,
2026-05-31,黄豆芽,0.88,0.85,0.9,1,
2026-06-01,黄豆芽,0.88,0.85,0.9,1,
2026-06-02,黄豆芽,0.88,0.85,0.9,1,
2026-06-03,黄豆芽,0.88,0.85,0.9,1,
2026-06-04,黄豆芽,0.88,0.85,0.9,1,
2026-06-05,黄豆芽,0.88,0.85,0.9,1,
2026-06-06,黄豆芽,0.88,0.85,0.9,1,
2026-06-07,黄豆芽,0.88,0.85,0.9,1,
2026-06-08,黄豆芽,0.88,0.85,0.9,1,
2026-06-09,黄豆芽,0.88,0.85,0.9,1,
2026-06-10,黄豆芽,0.88,0.85,0.9,1,
2026-06-11,黄豆芽,0.88,0.85,0.9,1,
2026-06-12,黄豆芽,0.88,0.85,0.9,1,
2026-06-13,黄豆芽,0.88,0.85,0.9,1,
2026-06-14,黄豆芽,0.88,0.85,0.9,1,
2026-06-15,黄豆芽,0.88,0.85,0.9,1,
2026-06-16,黄豆芽,0.88,0.85,0.9,1,
2026-06-17,黄豆芽,0.88,0.85,0.9,1,
2026-06-18,黄豆芽,0.88,0.85,0.9,1,
2026-06-19,黄豆芽,0.88,0.85,0.9,1,
2026-06-20,黄豆芽,0.88,0.85,0.9,1,
2026-06-21,黄豆芽,0.88,0.85,0.9,1,
2026-06-22,黄豆芽,0.88,0.85,0.9,1,
2026-06-23,黄豆芽,0.88,0.85,0.9,1,
2026-06-24,黄豆芽,0.88,0.85,0.9,1,
2026-06-25,黄豆芽,0.88,0.85,0.9,1,
2026-06-26,黄豆芽,0.88,0.85,0.9,1,
2026-06-27,黄豆芽,0.88,0.85,0.9,1,
2026-06-28,黄豆芽,0.88,0.85,0.9,1,
2026-06-29,黄豆芽,0.88,0.85,0.9,1,
2026-06-30,黄豆芽,0.88,0.85,0.9,1,
2026-07-01,黄豆芽,0.88,0.85,0.9,1,
2026-07-02,黄豆芽,0.88,0.85,0.9,1,
2026-07-03,黄豆芽,0.88,0.85,0.9,1,
2026-07-04,黄豆芽,0.88,0.85,0.9,1,
2026-07-05,黄豆芽,0.88,0.85,0.9,1,
2026-07-06,黄豆芽,0.88,0.85,0.9,1,
2026-07-07,黄豆芽,0.88,0.85,0.9,1,
2026-07-08,黄豆芽,0.88,0.85,0.9,1,
2026-07-09,黄豆芽,0.88,0.85,0.9,1,
2026-07-10,黄豆芽,0.88,0.85,0.9,1,
2026-07-11,黄豆芽,0.88,0.85,0.9,1,
2026-07-12,黄豆芽,0.88,0.85,0.9,1,
2026-07-13,黄豆芽,0.88,0.85,0.9,1,
2026-07-14,黄豆芽,0.88,0.85,0.9,1,
2026-07-15,黄豆芽,0.88,0.85,0.9,1,
2026-07-16,黄豆芽,0.88,0.85,0.9,1,
2026-07-17,黄豆芽,0.88,0.85,0.9,1,
2026-07-18,黄豆芽,0.88,0.85,0.9,1,
2026-07-19,黄豆芽,0.88,0.85,0.9,1,
2026-07-20,黄豆芽,0.88,0.85,0.9,1,
2026-07-21,黄豆芽,0.88,0.85,0.9,1,
2026-07-22,黄豆芽,0.88,0.85,0.9,1,
2026-07-23,黄豆芽,0.88,0.85,0.9,1,
2026-07-24,黄豆芽,0.88,0.85,0.9,1,
2026-07-25,黄豆芽,0.88,0.85,0.9,1,
2026-07-26,黄豆芽,0.88,0.85,0.9,1,
2026-07-27,黄豆芽,0.88,0.85,0.9,1,
2026-07-28,黄豆芽,0.88,0.85,0.9,1,
2026-07-29,黄豆芽,0.88,0.85,0.9,1,
2026-07-30,黄豆芽,0.88,0.85,0.9,1,
2026-07-31,黄豆芽,0.88,0.85,0.9,1,
2026-08-01,黄豆芽,0.88,0.85,0.9,1,
2026-08-02,黄豆芽,0.88,0.85,0.9,1,
2026-08-03,黄豆芽,0.88,0.85,0.9,1,
2026-08-04,黄豆芽,0.88,0.85,0.9,1,
2026-08-05,黄豆芽,0.88,0.85,0.9,1,
2026-08-06,黄豆芽,0.88,0.85,0.9,1,
2026-08-07,黄豆芽,0.88,0.85,0.9,1,
2026-08-08,黄豆芽,0.88,0.85,0.9,1,
2026-08-09,黄豆芽,0.88,0.85,0.9,1,
2026-08-10,黄豆芽,0.88,0.85,0.9,1,
2026-08-11,黄豆芽,0.88,0.85,0.9,1,
