date,product,avg_price,low_price,high_price,n_records,origin,price_pct_ch,rolling_mean,rolling_std,rolling_z,rolling_vol,origin_prev,origin_changed,price_anom,surge,crash,origin_shift_alert,sustained_high,anomaly_any
2026-02-28,荠菜,18.5,18.0,19.0,1,,1.96,9.0625,2.550513386454335,3.7002354310791508,0.5666198802222346,,True,True,True,False,True,False,True
2026-03-20,荠菜,13.0,6.0,20.0,2,,1.6,7.541666666666667,2.886378034998105,1.891066681893218,0.510025183801681,,True,False,True,False,True,False,True
2026-07-21,瓠子,1.25,1.0,1.5,1,冀,1.5,0.7283333333333334,0.2340362974107813,2.2289989733987094,0.41027071861495523,冀,False,False,True,False,False,False,True
2026-06-01,水萝卜,1.575,0.6,2.8,2,冀,1.423076923076923,1.1424999999999998,0.3255068991270438,1.3286968760413198,0.5482005497878051,冀,False,False,True,False,False,False,True
2026-07-12,豇豆,3.0,2.5,3.5,1,鲁冀,1.4,1.7850000000000001,0.5156432206812007,2.356280372298699,0.3901096896951411,鲁冀,False,False,True,False,False,False,True
2026-05-04,小白菜,1.6,0.6,3.0,2,冀,1.285714285714286,1.1733333333333333,0.3130724641613995,1.3628367726607395,0.43163348142170715,冀,False,False,True,False,False,False,True
2026-05-18,菠菜,2.4,1.0,3.8,2,冀,1.2857142857142856,1.6158333333333335,0.4516484812049327,1.7362322675692907,0.40300944741296646,冀,False,False,True,False,False,False,True
2026-05-04,菠菜,1.825,0.6,3.5,2,冀,1.28125,1.6708333333333334,0.5318349551695897,0.28987689727446825,0.4962163934736775,冀,False,False,True,False,False,False,True
2026-05-25,小白菜,1.825,0.6,3.1,2,冀,1.28125,1.3091666666666666,0.39394574134826704,1.309401978982968,0.5180164914786363,冀,False,False,True,False,False,False,True
2026-05-25,水萝卜,1.45,0.6,2.5,2,冀,1.2307692307692308,1.1108333333333333,0.2571128939393706,1.3191351918221768,0.43205870847607936,冀,False,False,True,False,False,False,True
2026-05-31,荠菜,16.5,16.0,17.0,1,,1.2297297297297298,7.878333333333333,2.6224062171631766,3.2876930394076287,0.39528170299029036,,True,True,True,False,True,False,True
2026-05-10,荠菜,16.5,16.0,17.0,1,,1.2000000000000002,7.2625,2.5651741723482915,3.601119993947047,0.3937424127849074,,True,True,True,False,True,False,True
2026-05-18,小白菜,1.525,0.6,2.7,2,冀,1.1785714285714284,1.2383333333333333,0.36963013511023163,0.7755500416143735,0.4699587674583683,冀,False,False,True,False,False,False,True
2026-03-02,菠菜,2.825,0.9,4.8,2,冀豫鲁,1.1730769230769234,3.1533333333333338,0.7049924594037112,-0.46572602153935205,0.38163896761590554,冀豫鲁,False,False,True,False,False,False,True
2026-06-01,小白菜,1.9,1.0,2.9,2,冀,1.1111111111111112,1.3866666666666667,0.4300527901302927,1.1936519076595435,0.5139165525844229,冀,False,False,True,False,False,False,True
2026-03-23,小白菜,1.475,0.6,2.5,2,冀鲁,1.1071428571428572,1.745,0.5197147758875647,-0.5195157277160269,0.40398392632337166,冀鲁,False,False,True,False,False,False,True
2026-07-13,小白菜,1.675,0.8,2.8,2,冀,1.09375,1.2375,0.24920131039672966,1.755608745810758,0.351190884194121,冀,False,False,True,False,False,False,True
2026-08-11,圆白菜,1.15,0.7,1.6,1,冀,1.0909090909090904,0.6916666666666667,0.11453303493731669,4.001756642388606,0.3145604494504323,冀,False,True,True,False,False,False,True
2026-04-27,菠菜,1.725,0.7,3.0,2,冀,1.0294117647058827,1.6400000000000001,0.5225765081751775,0.16265560864344547,0.4562642647950447,冀,False,False,True,False,False,False,True
2026-04-20,菠菜,1.925,0.7,3.3,2,冀,1.0263157894736845,1.6316666666666666,0.4931397181420344,0.5948280427269244,0.4378910278103223,冀,False,False,True,False,False,False,True
2026-05-11,小白菜,1.6,0.6,3.0,2,冀,1.0,1.2083333333333333,0.3509429006836136,1.1160410024073033,0.48886954159328655,冀,False,False,True,False,False,False,True
2026-03-31,荠菜,13.0,6.0,20.0,2,,1.0,7.1625,3.0666360177753766,1.9035516331783926,0.5366707497128123,,True,False,True,False,True,False,True
2026-04-20,小白菜,1.3,0.5,2.4,2,冀鲁,1.0,1.1383333333333332,0.281447408369947,0.5744116373392395,0.3849416752268145,冀鲁,False,False,True,False,False,False,True
2026-06-01,菠菜,2.725,1.0,4.3,2,冀蒙,0.9464285714285716,1.9383333333333332,0.6100004710757623,1.2896164904255665,0.42246080952840664,冀蒙,False,False,True,False,False,False,True
2026-07-06,油菜,0.875,0.4,1.6,2,冀京,0.9444444444444444,0.9633333333333333,0.23940779426330983,-0.3689659879501705,0.33356496393659707,冀京,False,False,True,False,False,False,True
2026-04-13,菠菜,2.125,0.7,3.8,2,冀,0.9318181818181817,1.6424999999999998,0.43954080662626177,1.0977365303200761,0.35406609038308,冀,False,False,True,False,False,False,True
2026-03-10,荠菜,11.875,6.0,18.0,2,,0.8999999999999999,8.5,2.7813650208684115,1.2134329635547947,0.6091162440364069,,True,False,True,False,True,False,True
2026-03-09,菠菜,2.375,1.2,4.0,2,冀,0.8999999999999999,2.8133333333333335,0.7787515797663007,-0.5628667019396288,0.46602453579034153,冀豫鲁,True,False,True,False,True,False,True
2026-05-25,菠菜,2.625,1.0,4.3,2,冀,0.8750000000000002,1.7208333333333334,0.5180818124271739,1.7452198571316653,0.4790059766209912,冀,False,False,True,False,False,False,True
2026-07-13,油菜,1.125,0.6,1.8,2,冀京,0.875,0.9033333333333334,0.2191021385711174,1.011704715035069,0.4022024132885279,冀京,False,False,True,False,False,False,True
2026-02-24,团生菜,3.75,3.5,4.0,1,冀云,0.875,1.865,0.39417088889867596,4.782189788968791,0.2314482537200877,冀云,False,True,True,False,False,False,True
2026-07-13,菜心,3.55,3.3,3.8,1,,0.868421052631579,2.1599999999999997,0.3457625256414168,4.020100204385772,0.23708522576969634,,True,True,True,False,True,False,True
2026-04-20,荠菜,10.25,6.5,14.0,2,,0.8636363636363635,6.516666666666667,2.4333205400387934,1.5342546417143277,0.3832793643157222,,True,False,True,False,True,False,True
2026-06-01,茴香,3.25,3.0,3.5,1,冀,0.8571428571428572,1.43,0.40141989367056885,4.533905839488886,0.2776120018995303,冀,False,True,True,False,False,False,True
2026-03-30,菠菜,1.45,0.6,2.2,2,冀,0.8124999999999998,1.8824999999999998,0.5470985380576668,-0.7905340078872817,0.34071569139176144,冀,False,False,True,False,False,False,True
2026-08-10,穿心莲,4.5,4.0,5.0,1,,0.8,2.8733333333333335,0.35761020325387044,4.548714359561722,0.23441802724273203,,True,True,True,False,True,False,True
2026-07-17,茴香,2.25,2.0,2.5,1,冀,0.8,1.7300000000000002,0.6901524069563123,0.7534567651416111,0.23769958632861887,冀,False,False,True,False,False,False,True
2026-04-30,荠菜,11.25,6.0,16.5,2,,0.8,6.745833333333334,2.2871651190085007,1.969322909497347,0.3663712329056548,,True,False,True,False,True,False,True
2026-04-10,荠菜,9.375,5.0,14.0,2,,0.7857142857142858,6.591666666666667,2.241106305212749,1.2419461436788517,0.3768070094892725,,True,False,True,False,True,False,True
2026-06-15,小白菜,1.425,1.0,2.0,2,冀,0.78125,1.3900000000000001,0.42286991559726783,0.08276777020319687,0.32212136930170976,冀,False,False,True,False,False,False,True
2026-05-18,水萝卜,1.15,0.6,1.9,2,冀,0.7692307692307689,1.1458333333333333,0.24051698389141465,0.017323793934434843,0.32533443544513424,冀,False,False,True,False,False,False,True
2026-03-09,水萝卜,2.2,1.2,3.5,2,鲁,0.7600000000000002,2.8549999999999995,0.5366482826864761,-1.2205387050174674,0.2568667208139583,鲁,False,False,True,False,False,False,True
2026-02-09,小白菜,2.9,1.5,4.5,2,冀鲁,0.7575757575757576,2.7158333333333338,0.47563402935981924,0.3872024609226251,0.3202668934357844,冀鲁,False,False,True,False,False,False,True
2026-02-26,茴香,2.9,2.8,3.0,1,冀,0.7575757575757576,3.271666666666667,0.9238864064126191,-0.40228610799656694,0.3078813496599064,冀,False,False,True,False,False,False,True
2026-05-25,散叶生菜,1.75,1.5,2.0,1,冀,0.75,0.895,0.19491377403956356,4.386555050883435,0.2230827713039659,冀,False,True,True,False,False,False,True
2026-07-27,小白菜,2.175,1.0,3.5,2,冀,0.7399999999999998,1.6383333333333332,0.6239727189733436,0.8600803374058943,0.30898052858838676,冀,False,False,True,False,False,False,True
2026-06-15,荠菜,8.25,7.5,9.0,1,,0.736842105263158,7.616666666666666,2.7094449531265576,0.23375021241989075,0.4748711392914694,,True,False,True,False,True,False,True
2026-01-31,荠菜,15.5,15.0,16.0,1,,0.7222222222222223,9.302083333333334,2.1505549924059877,2.882007987962489,0.22779811577878809,,True,False,True,False,True,False,True
2026-01-10,荠菜,15.5,15.0,16.0,1,,0.7222222222222223,,,,0.27083384208336425,,True,False,True,False,True,False,True
2026-05-26,菊花菜,2.75,2.5,3.0,1,,0.71875,1.4066666666666667,0.2893909577660753,4.641932642619732,0.208053063241954,,True,True,True,False,True,False,True
2026-03-09,小白菜,1.975,0.9,3.3,2,冀鲁,0.7173913043478264,2.23,0.6386745434208201,-0.39926438688817667,0.3567567919118985,冀鲁,False,False,True,False,False,False,True
2026-05-18,香菜,3.0,2.5,3.5,1,冀,0.7142857142857142,1.4483333333333335,0.3472759345428583,4.468108821618248,0.2114994153447861,冀,False,True,True,False,False,False,True
2026-06-22,穿心莲,3.0,2.5,3.5,1,,0.7142857142857142,2.75,0.4172983717132061,0.5990917217664483,0.28992796341683863,,True,False,True,False,True,False,True
2026-03-09,青蒜,2.9,1.6,4.2,2,鲁川,0.7058823529411764,2.8241666666666663,0.47942509273110673,0.1581755616948193,0.29227484024307177,鲁川,False,False,True,False,False,False,True
2026-08-10,广茄,0.85,0.7,1.0,1,冀,0.7,0.48500000000000004,0.0821583836257052,4.4426385219901166,0.2061219632554079,冀,False,True,True,False,False,False,True
2026-03-23,菠菜,1.95,0.8,3.0,2,冀,0.6956521739130437,2.1958333333333333,0.6549573338740543,-0.37534251564027243,0.2932716704506965,冀,False,False,True,False,False,False,True
2026-05-20,荠菜,11.0,6.0,16.0,2,,0.6923076923076923,7.404166666666667,2.3720906257522274,1.5158920550065569,0.40472217426957596,,True,False,True,False,True,False,True
2026-04-13,小白菜,1.35,0.7,2.3,2,冀鲁,0.6875,1.2308333333333334,0.33423119020484315,0.35653963531539934,0.29594764846790916,冀鲁,False,False,True,False,False,False,True
2026-02-02,小白菜,2.925,1.5,4.4,2,冀鲁,0.6714285714285713,2.7533333333333334,0.3929734862806143,0.4368403280624453,0.2522788662319105,冀鲁,False,False,True,False,False,False,True
2026-05-22,快菜,1.0,0.7,1.3,1,,0.6666666666666667,0.7,0.15811388300841903,1.897366596101027,0.27487548116254723,,True,False,True,False,True,False,True
2026-06-02,快菜,1.25,1.0,1.5,1,,0.6666666666666667,0.6983333333333334,0.16582257517232576,3.326848989610521,0.3327813220828857,,True,True,True,False,True,False,True
2026-07-09,盖菜,1.75,1.5,2.0,1,,0.6666666666666665,1.4733333333333334,0.26997232723237546,1.024796391181712,0.2445299275970993,,True,False,True,False,True,False,True
2026-03-16,小白菜,1.75,0.8,3.0,2,冀鲁,0.6666666666666665,2.0191666666666666,0.6189424842831315,-0.434881549581169,0.3195721421234994,冀鲁,False,False,True,False,False,False,True
2026-05-11,水萝卜,1.325,0.6,2.2,2,冀,0.6562499999999998,1.2358333333333331,0.25644144096395893,0.34770771187172744,0.24475073939466932,冀,False,False,True,False,False,False,True
2026-06-01,莲藕,5.375,3.0,8.0,2,川/津,0.6538461538461537,3.180833333333333,0.4239430738732001,5.175616260505141,0.17427780249178348,津,True,True,True,False,True,False,True
2026-07-31,荠菜,19.0,18.0,20.0,1,,0.6521739130434783,10.579166666666667,2.3867638180156288,3.5281385069489066,0.19085815650026253,,True,True,True,False,True,False,True
2026-07-31,快菜,1.9,1.5,2.3,1,,0.6521739130434783,1.35,0.32270409206343015,1.704347770997254,0.22600447327634238,,True,False,True,False,True,False,True
2026-06-10,荠菜,9.5,4.5,14.5,2,,0.6521739130434783,7.775,2.5953788508251225,0.6646428514479062,0.4091012639449781,,True,False,True,False,True,False,True
2026-05-11,散生菜,1.4,1.2,1.6,1,,0.6470588235294117,1.6583333333333334,0.1947957964096068,-1.3261750925575582,0.23370925150933664,,True,False,True,False,True,False,True
2026-03-20,快菜,1.4,1.0,1.8,1,,0.6470588235294117,1.4566666666666668,0.4675197457259729,-0.12120700181053073,0.26786323682411467,,True,False,True,False,True,False,True
2026-02-24,小白菜,2.875,1.5,4.5,2,冀鲁,0.6428571428571428,2.6799999999999997,0.5625680035521836,0.3466247613954677,0.3171462310793873,冀鲁,False,False,True,False,False,False,True
2026-03-02,小白菜,2.05,1.0,3.2,2,冀鲁,0.6399999999999999,2.493333333333333,0.6168584665999908,-0.7186953853075962,0.29962455818202766,冀鲁,False,False,True,False,False,False,True
2026-02-10,荠菜,11.875,6.5,17.0,2,,0.6379310344827587,9.104166666666666,2.1162556732854005,1.3093093468388572,0.290398374162576,,True,False,True,False,True,False,True
2026-07-20,菜心,3.5,3.2,3.8,1,,0.627906976744186,2.2583333333333333,0.5237601671029195,2.3706779259956163,0.3008565911281785,,True,False,True,False,True,False,True
2026-04-20,鸡毛菜,3.4,3.0,3.8,1,,0.6190476190476188,3.1866666666666665,0.6692679136413816,0.3187562543864089,0.1928021039685653,,True,False,True,False,True,False,True
2026-05-25,菜心,2.75,2.5,3.0,1,,0.6176470588235294,1.7766666666666666,0.29323796777894756,3.319260942590709,0.21410849624471898,,True,True,True,False,True,False,True
2026-05-25,油菜,1.05,0.7,1.7,2,冀京,0.6153846153846154,0.8791666666666667,0.12578774769930864,1.3581078957046333,0.20635830533233868,冀京,False,False,True,False,False,False,True
2026-06-29,小白菜,1.45,0.8,2.5,2,冀,0.6111111111111109,1.3275,0.3254539270322123,0.37639736326756756,0.24436179588303428,冀,False,False,True,False,False,False,True
2026-06-08,小白菜,1.45,0.7,2.5,2,冀,0.6111111111111109,1.425,0.4228393352660971,0.05912411148850935,0.40672905182765035,冀,False,False,True,False,False,False,True
2026-04-30,兰花,18.5,18.0,19.0,1,,0.6086956521739131,,,,0.2880318531683602,,True,False,True,False,True,False,True
2026-06-22,水萝卜,2.25,2.0,2.5,1,,0.6071428571428572,1.6166666666666667,0.5610693812486183,1.1287968199652902,0.19406541014927964,,True,False,True,False,True,False,True
2026-02-24,香葱,5.75,5.0,6.5,1,,0.6048004465531676,3.7011,0.7078659696824545,2.894474501887875,0.17397287661194596,,True,False,True,False,True,False,True
2026-04-13,木耳菜,8.0,7.5,8.5,1,,0.6000000000000001,6.316666666666666,1.0295909242336818,1.6349535468042593,0.1748099697970021,,True,False,True,False,True,False,True
2026-01-30,快菜,2.0,1.5,2.5,1,,0.6000000000000001,1.2750000000000001,0.272444839327506,2.6610891283151714,0.2387441194240951,,True,False,True,False,True,False,True
2026-04-06,菠菜,1.6,0.7,2.5,2,冀,0.6000000000000001,1.6975,0.47189776435156955,-0.2066125490845963,0.3245546815299717,冀,False,False,True,False,False,False,True
2026-05-18,大白菜,0.48,0.35,0.6,1,冀,0.6000000000000001,0.385,0.04761555816443616,1.9951462014143737,0.17016378786904449,冀,False,False,True,False,False,False,True
2026-07-13,鸡毛菜,6.0,5.5,6.5,1,,0.6000000000000001,3.26,1.071930260212213,2.556136440683702,0.18854153052107947,,True,False,True,False,True,False,True
2026-06-22,油麦菜,2.8,2.2,3.5,2,京冀,0.5999999999999999,1.6616666666666666,0.27313105775917434,4.1677183937720725,0.18925972039119673,京冀,False,True,True,False,False,False,True
2026-04-06,小白菜,1.275,0.7,2.0,2,冀鲁,0.5937499999999998,1.3316666666666668,0.4084734687989451,-0.13872790032921034,0.25866641090920606,冀鲁,False,False,True,False,False,False,True
2026-07-10,兰花,29.0,28.0,30.0,1,,0.5890410958904109,16.38888888888889,4.637778231880495,2.7192139167891263,0.2731260308896229,,True,False,True,False,True,False,True
2026-07-16,油麦菜,3.375,3.0,4.0,2,京冀,0.588235294117647,1.6258333333333332,0.5964146950786415,2.9328027647541894,0.23243178314930457,京冀,False,False,True,False,False,False,True
2026-04-27,水萝卜,1.425,1.0,2.0,2,冀,0.5833333333333333,1.5458333333333334,0.39183934809132986,-0.3083746793728575,0.25472679613245225,鲁,True,False,True,False,True,False,True
2026-06-22,菠菜,2.375,1.0,3.8,2,蒙,0.5833333333333333,2.603333333333333,0.6665897944185716,-0.3425394976718707,0.2505593894685034,蒙,False,False,True,False,False,False,True
2026-06-08,穿心莲,3.0,2.5,3.5,1,,0.5789473684210527,2.836666666666667,0.38122609214656766,0.42844216777936944,0.1805905038065515,,True,False,True,False,True,False,True
2026-05-10,秋葵,10.25,10.0,10.5,1,,0.5769230769230769,,,,0.20272998248100976,,True,False,True,False,True,False,True
2026-07-27,荆芥,4.4,4.0,4.8,1,,0.5714285714285716,3.7216666666666667,0.7034010154284109,0.9643621752808963,0.16741031673305906,,True,False,True,False,True,False,True
2026-03-16,菠菜,2.2,1.0,3.3,2,冀,0.5714285714285716,2.5316666666666667,0.7731745278879263,-0.4289673996021019,0.3474626043847818,冀,False,False,True,False,False,False,True
2026-06-05,大白菜,0.55,0.5,0.6,1,冀,0.5714285714285716,0.35333333333333333,0.052413036897150704,3.752247118452279,0.17952215397383448,冀,False,True,True,False,False,False,True
2026-06-08,菊花菜,2.75,2.5,3.0,1,,0.5714285714285714,1.69,0.6064879110146241,1.7477677308137483,0.2744156239554364,,True,False,True,False,True,False,True
2026-07-13,樱桃萝卜,3.3,2.8,3.8,1,,0.5714285714285712,2.2983333333333333,0.39859307166785096,2.513005714011404,0.15748022555792376,,True,False,True,False,True,False,True
2026-04-13,水萝卜,1.8,1.0,2.7,2,鲁,0.5652173913043479,2.0003333333333333,0.4427810491329332,-0.45244333226463024,0.2279431993031025,鲁,False,False,True,False,False,False,True
2026-03-23,水萝卜,2.575,1.5,4.0,2,鲁,0.5606060606060608,2.4358333333333335,0.6133108051209917,0.2269105085132364,0.2280482507859855,鲁,False,False,True,False,False,False,True
2026-02-11,豇豆,6.85,6.0,7.7,1,海,0.5568181818181817,4.741666666666666,0.8413949145905569,2.5057595390379785,0.15915734555208605,海,False,False,True,False,False,False,True
2026-08-10,菊花菜,3.5,3.0,4.0,1,,0.5555555555555556,2.393333333333333,0.410788420524205,2.6940064796725656,0.1974939456577782,,True,False,True,False,True,False,True
2026-06-01,香菜,3.5,3.0,4.0,1,冀,0.5555555555555556,1.8666666666666667,0.6756010521078013,2.4176003400786783,0.2301129710890671,冀,False,False,True,False,False,False,True
2026-06-08,油菜,1.4,0.8,2.3,2,冀京,0.5555555555555554,0.9650000000000001,0.27967037247692095,1.555402512419856,0.25854785878634173,冀京,False,False,True,False,False,False,True
2026-03-30,水萝卜,2.25,1.3,3.7,2,鲁,0.5517241379310345,2.198666666666667,0.5027612262045572,0.10210280876442755,0.26441314132714977,鲁,False,False,True,False,False,False,True
2026-06-24,圆白菜,0.85,0.7,1.0,1,冀,0.5454545454545452,0.6113333333333333,0.12350438588702739,1.9324549889667981,0.1608326947721813,冀,False,False,True,False,False,False,True
2026-04-15,快菜,1.0,0.8,1.2,1,,0.5384615384615383,0.9949999999999999,0.20609254700506383,0.024260945253285954,0.287442774249564,,True,False,True,False,True,False,True
2026-01-23,快菜,2.0,1.5,2.5,1,,0.5384615384615383,1.2294117647058822,0.2475245085904449,3.113179537987232,0.18099799774450068,,True,True,True,False,True,False,True
2026-07-13,苋菜,4.0,3.5,4.5,1,,0.5384615384615383,2.788333333333333,0.6086564249871329,1.9907235296042127,0.1859861573588127,,True,False,True,False,True,False,True
2026-03-20,豆尖,11.5,11.0,12.0,1,,0.5333333333333334,,,,,,True,False,True,False,True,False,True
2026-06-08,菠菜,3.45,2.5,4.3,2,蒙,0.5333333333333334,2.1816666666666666,0.6451721680580996,1.9658835209071146,0.3363498218766294,蒙,False,False,True,False,False,False,True
2026-04-09,快菜,1.15,1.0,1.3,1,,0.5333333333333332,1.0416666666666667,0.24427349473466217,0.44349196973256705,0.225796077110291,,True,False,True,False,True,False,True
2026-01-03,茴香,4.75,4.5,5.0,1,冀,0.532258064516129,,,,,冀,False,False,True,False,False,False,True
2026-06-01,油菜,1.225,0.7,1.9,2,冀京,0.53125,0.885,0.14556666916713573,2.3356995247972683,0.2516949798221564,冀京,False,False,True,False,False,False,True
2026-06-08,苋菜,3.75,3.5,4.0,1,,0.5306122448979591,2.9916666666666667,0.5072038516478321,1.495125344315935,0.17645153380348452,,True,False,True,False,True,False,True
2026-04-20,水萝卜,1.45,0.9,2.2,2,鲁,0.5263157894736843,1.7786666666666666,0.46231973809245996,-0.710907710803678,0.24865064022411912,鲁,False,False,True,False,False,False,True
2026-07-13,黄瓜,2.325,1.5,3.0,2,冀/辽冀鲁,0.5245901639344264,1.05,0.30307333811447773,4.20690255346184,0.16979047066796232,冀/辽冀鲁,False,True,True,False,False,True,True
2026-06-09,瓠子,1.75,1.5,2.0,1,冀,0.5217391304347827,0.9,0.2576418256899053,3.299153767925283,0.19194560671090524,冀,False,True,True,False,False,False,True
2026-06-22,盖菜,1.9,1.8,2.0,1,,0.52,1.5133333333333334,0.39171007340786607,0.9871246437516348,0.15417452430931247,,True,False,True,False,True,False,True
2026-06-28,菠菜,1.9,1.8,2.0,1,蒙,0.52,2.514166666666667,0.6830990276740266,-0.8990887730552387,0.3011936456079048,蒙,False,False,True,False,False,False,True
2026-03-09,茼蒿,5.0,4.5,5.5,1,,0.5151515151515151,4.541666666666667,0.5798458970863005,0.7904399007330005,0.1969204771295749,,True,False,True,False,True,False,True
2026-06-20,荠菜,12.5,12.0,13.0,1,,0.5151515151515151,7.583333333333333,2.3440435639904487,2.097515055691474,0.32503883738095457,,True,False,True,False,True,False,True
2026-05-08,奶白菜,3.25,1.5,5.0,1,,0.5116279069767442,2.94,1.1596224117923184,0.267328396594942,0.16636363940415436,,True,False,True,False,True,False,True
2026-07-12,丝瓜,2.0,1.5,2.5,2,冀/豫冀,0.509433962264151,1.6675,0.35581075462025713,0.9344855254722816,0.17489632748066933,冀/豫冀,False,False,True,False,False,False,True
2026-06-15,油菜,1.05,0.6,1.5,2,冀京,0.5000000000000002,1.0241666666666667,0.2823457263629158,0.09149539348836556,0.2663218473892308,冀京,False,False,True,False,False,False,True
2026-03-30,小白菜,1.05,0.5,2.0,2,冀鲁,0.5000000000000002,1.4824999999999997,0.43846076771768927,-0.9864052427114127,0.3814720248033751,冀鲁,False,False,True,False,False,False,True
2026-07-06,菠菜,2.625,1.5,4.0,2,蒙,0.5,2.555833333333333,0.6445956809923783,0.1073024047573236,0.28115464190390144,蒙,False,False,True,False,False,False,True
2026-07-12,大白菜,0.75,0.7,0.8,1,冀,0.5,0.44633333333333336,0.07078297736785244,4.29010869504033,0.17338666251980966,冀,False,True,True,False,False,False,True
2026-03-02,青蒜,3.0,1.8,4.2,2,鲁川,0.5,2.8816666666666664,0.40134114247567304,0.2948447612507265,0.21071245569374186,鲁川,False,False,True,False,False,False,True
2026-05-18,韭菜,1.5,1.2,1.8,1,冀,0.5,1.0366666666666666,0.09643054793323413,4.804839786393547,0.1336306209562122,冀,False,True,True,False,False,False,True
2026-05-22,油麦菜,1.575,1.0,2.5,2,鲁京冀,0.5,1.5041666666666667,0.446349336153936,0.15869483293888995,0.17840748364187817,鲁京冀,False,False,True,False,False,False,True
2026-05-24,香菜,3.0,2.5,3.5,1,冀,0.5,1.5866666666666667,0.5424931802102998,2.605255485028307,0.26517228171475304,冀,False,False,True,False,False,False,True
2026-05-23,苦瓜,2.25,2.0,2.5,1,鲁,0.5,2.316666666666667,0.48036145394564866,-0.13878438021842193,0.15640818765946818,鲁,False,False,True,False,False,False,True
2026-07-17,平菇,4.25,4.0,4.5,1,冀蒙,0.49122807017543857,2.7216666666666667,0.3546934891767368,4.3088846566670265,0.13278529677848314,冀蒙,False,True,True,False,False,False,True
2026-06-22,樱桃萝卜,2.6,2.2,3.0,1,,0.48571428571428577,2.388333333333333,0.4766411455269027,0.44407972046282346,0.15960554678587266,,True,False,True,False,True,False,True
2026-08-03,小白菜,2.6,2.0,3.6,2,冀,0.48571428571428577,1.9616666666666667,0.6787645131912944,0.9404341578379388,0.3062286160770865,冀,False,False,True,False,False,False,True
2026-06-22,菊花菜,2.45,2.2,2.7,1,,0.4848484848484851,1.9649999999999999,0.5782181308957193,0.838783798164,0.2427352692165376,,True,False,True,False,True,False,True
2026-03-06,快菜,1.4,1.0,1.8,1,,0.4736842105263157,1.5650000000000002,0.38955102361564947,-0.42356453968093666,0.18296981244525287,,True,False,True,False,True,False,True
2026-05-24,团生菜,1.4,1.0,1.8,1,冀京,0.4736842105263157,0.965,0.09390934733688489,4.632126751339315,0.13587323012686317,冀京,False,True,True,False,False,False,True
2026-04-27,小白菜,1.175,0.7,1.9,2,冀,0.46875,1.1316666666666668,0.2787698758441444,0.15544482057867748,0.3692352893701589,冀鲁,True,False,True,False,True,False,True
2026-06-29,油菜,1.1,0.6,1.7,2,冀京,0.4666666666666668,1.0841666666666667,0.2655088911211223,0.059633910060324,0.2466980700944606,冀京,False,False,True,False,False,False,True
2026-07-22,白豆,4.25,3.5,5.0,1,蒙冀,0.4655172413793105,2.385,0.5479035278788305,3.403883904927963,0.16461129640168123,蒙冀,False,True,True,False,False,False,True
2026-05-18,蒿子秆,3.15,2.8,3.5,1,,0.4651162790697674,2.243333333333333,0.4298623142302686,2.1092024972930834,0.22958883203405678,,True,False,True,False,True,False,True
2026-02-04,快菜,2.05,1.8,2.3,1,,0.4642857142857142,1.31,0.2989565185775351,2.475276349620987,0.2881583336263348,,True,False,True,False,True,False,True
2026-04-26,毛豆,4.75,4.5,5.0,1,粤,0.46153846153846145,2.87,0.42214558691489346,4.453439899110012,0.12205786396019364,粤,False,True,True,False,False,False,True
2026-05-11,蒿子秆,1.9,1.6,2.2,1,,0.46153846153846145,2.3916666666666666,0.5007035280368071,-0.9819516722688719,0.1838918798131039,,True,False,True,False,True,False,True
2026-02-02,菠菜,3.5,2.0,4.8,2,冀豫,0.4583333333333335,3.496666666666667,0.538745882988243,0.00618720892091849,0.20277504372056404,冀豫,False,False,True,False,False,False,True
2026-08-10,芥兰,3.5,3.0,4.0,1,,0.4583333333333335,2.1,0.2903624370120702,4.8215603037585835,0.12370882142927182,,True,True,True,False,True,True,True
2026-07-20,木耳菜,2.55,2.3,2.8,1,,0.4571428571428571,2.533333333333333,0.2597523134984604,0.06416368902433431,0.19422844882458898,,True,False,True,False,True,False,True
2026-07-13,盖菜,2.55,2.3,2.8,1,,0.4571428571428571,1.4933333333333332,0.32449784371350304,3.25631336890975,0.233399269648814,,True,True,True,False,True,False,True
2026-08-10,蒿子秆,8.0,7.5,8.5,1,,0.4545454545454546,4.591666666666667,1.0645610503325118,3.2016325717240477,0.1313127252373166,,True,True,True,False,True,False,True
2026-05-18,奶白菜,2.4,2.0,2.8,1,,0.4545454545454546,2.3583333333333334,0.459775682437553,0.09062390260782378,0.22763737472837725,,True,False,True,False,True,False,True
2026-05-30,平菇,4.0,3.5,4.5,1,京蒙,0.4545454545454546,3.0833333333333335,0.39025485336471005,2.3488924193083687,0.177177056908778,京蒙,False,False,True,False,False,False,True
2026-05-05,快菜,0.8,0.6,1.0,1,,0.4545454545454546,0.81,0.22414588845291097,-0.04461380072158151,0.20186385905265486,,True,False,True,False,True,False,True
2026-08-03,菠菜,4.0,2.5,5.5,2,蒙,0.4545454545454546,3.4108333333333336,0.6681705379737232,0.8817609175845408,0.17016722579398832,蒙,False,False,True,False,False,False,True
2026-06-18,苋菜,3.85,3.7,4.0,1,,0.4528301886792454,3.018333333333333,0.5582428302013595,1.4897937271611406,0.21131992802077418,,True,False,True,False,True,False,True
2026-04-20,架豆,3.85,3.4,4.3,1,云鲁,0.4528301886792454,4.421666666666667,0.9887019819922512,-0.5781991713162633,0.14435222066501868,云鲁,False,False,True,False,False,False,True
2026-02-24,油菜,1.525,0.9,2.5,2,鲁京皖,0.45238095238095233,1.2008333333333334,0.17732243830501768,1.8281198350603414,0.1608888255489272,鲁京皖,False,False,True,False,False,False,True
2026-02-10,兰花,22.5,22.0,23.0,1,,0.4516129032258065,,,,,,True,False,True,False,True,False,True
2026-07-19,团生菜,2.25,2.0,2.5,1,冀,0.4516129032258065,1.2866666666666666,0.2161310798523885,4.457171703353646,0.12292606327871317,冀,False,True,True,False,False,True,True
2026-05-18,苋菜,2.9,2.5,3.3,1,,0.44999999999999996,3.7766666666666664,1.2706727333984418,-0.6899232537413489,0.1878480544236623,,True,False,True,False,True,False,True
2026-06-29,穿心莲,2.75,2.5,3.0,1,,0.44736842105263164,2.663333333333333,0.44468767290851724,0.1948933418815418,0.2784084008862063,,True,False,True,False,True,False,True
2026-07-13,菊花菜,2.75,2.5,3.0,1,,0.44736842105263164,2.07,0.28964901471285187,2.3476689560782003,0.14071483968642656,,True,False,True,False,True,False,True
2026-05-18,盖菜,1.3,1.1,1.5,1,,0.4444444444444444,1.395,0.4175771661084608,-0.22750286105281156,0.21029495713320476,,True,False,True,False,True,False,True
2026-03-06,苦瓜,3.25,3.0,3.5,1,鲁,0.4444444444444444,3.9716666666666662,1.0786872076529044,-0.6690231065564664,0.16899883074230002,鲁,False,False,True,False,False,False,True
2026-05-11,菠菜,1.8,1.0,2.7,2,冀,0.43999999999999995,1.6591666666666667,0.49907169572244225,0.2821905841193157,0.41271546631091166,冀,False,False,True,False,False,False,True
2026-01-19,蒿子秆,5.5,5.0,6.0,1,,0.4285714285714286,,,,0.14247711011941092,,True,False,True,False,True,False,True
2026-05-18,快菜,1.0,0.8,1.2,1,,0.4285714285714286,0.7233333333333333,0.18695995022599293,1.4798178237223445,0.20313321737120682,,True,False,True,False,True,False,True
2026-06-02,水萝卜,2.25,2.0,2.5,1,,0.4285714285714286,1.1858333333333335,0.3808273283562798,2.794354783465262,0.5534399056373308,冀,True,False,True,False,True,False,True
2026-05-19,散叶生菜,1.0,0.8,1.2,1,冀,0.4285714285714286,0.85,0.09377154924750425,1.599632310692492,0.1330167014457617,冀,False,False,True,False,False,False,True
2026-06-29,菠菜,2.7,1.5,4.0,2,蒙,0.42105263157894757,2.554166666666667,0.6562722355291605,0.2222146929859768,0.3042415785112421,蒙,False,False,True,False,False,False,True
2026-07-20,小白菜,2.7,1.5,4.0,2,冀,0.42105263157894757,1.4908333333333335,0.5743243156442434,2.1053725808392674,0.3678157107121851,冀,False,False,True,False,False,False,True
2026-05-27,快菜,0.85,0.6,1.1,1,,0.41666666666666674,0.6916666666666667,0.1520454408785546,1.0413553502061343,0.2974394729977589,,True,False,True,False,True,False,True
2026-07-10,油麦菜,1.7,1.0,2.5,2,京冀,0.41666666666666674,1.5366666666666666,0.46820149901315233,0.3488526492922337,0.16433620534094792,京冀,False,False,True,False,False,False,True
2026-07-13,菠菜,4.25,2.5,6.0,2,蒙,0.41666666666666674,2.5200000000000005,0.595797061029206,2.9036732692362084,0.2209665762268868,蒙,False,False,True,False,False,False,True
2026-03-04,茴香,4.25,4.0,4.5,1,冀,0.41666666666666674,3.2333333333333334,1.0014931381428065,1.0151509061280224,0.33139383236213216,冀,False,False,True,False,False,False,True
2026-07-29,小葱,3.4,3.3,3.5,1,冀辽,0.41666666666666674,2.1416666666666666,0.37326225719148354,3.3711775275682596,0.12745348240720422,冀辽,False,True,True,False,False,False,True
2026-07-06,小白菜,1.275,0.6,2.0,2,冀,0.4166666666666665,1.2175000000000002,0.23508527433017895,0.24459209605464483,0.24503367945424837,冀,False,False,True,False,False,False,True
2026-05-22,菠菜,2.55,1.0,4.3,2,冀,0.4166666666666665,1.7016666666666667,0.5077814037782379,1.6706664068852424,0.4191255151305892,冀,False,False,True,False,False,False,True
2026-05-28,散菜花,1.275,0.8,1.6,2,冀,0.4166666666666665,1.5341666666666667,0.4782548796249343,-0.541900726386556,0.14817650324555162,冀,False,False,True,False,False,False,True
2026-08-10,木耳菜,3.75,3.5,4.0,1,,0.41509433962264164,2.6683333333333334,0.3649476422847289,2.9638954779786184,0.13462608654756344,,True,False,True,False,True,False,True
2026-08-11,大白菜,0.75,0.7,0.8,1,冀,0.4150943396226414,0.6363333333333333,0.0881019524357372,1.290171937444596,0.1254292408909932,冀,False,False,True,False,False,False,True
2026-03-16,水萝卜,2.325,1.5,3.5,2,鲁,0.40909090909090917,2.6166666666666667,0.632603178627166,-0.4610578582605646,0.28540998668741524,鲁,False,False,True,False,False,False,True
2026-06-22,油菜,1.125,0.7,1.5,2,冀京,0.40625,1.0633333333333335,0.2681138889935853,0.2300017611849341,0.2585097486243265,冀京,False,False,True,False,False,False,True
2026-07-16,鸡毛菜,8.4,7.8,9.0,1,,0.40000000000000013,3.3833333333333333,1.3885823416492922,3.6127973950094376,0.20506649217363124,,True,True,True,False,True,True,True
2026-07-10,扁豆,3.15,2.3,4.0,1,冀晋,0.3999999999999999,2.72,0.4829149993029043,0.8904258526256417,0.16117112267903944,冀晋,False,False,True,False,False,False,True
2026-05-04,穿心莲,3.15,3.0,3.3,1,,0.3999999999999999,2.908333333333333,0.3516177718365128,0.6872993518058903,0.13347707927444472,,True,False,True,False,True,False,True
2026-07-16,大白菜,0.7,0.6,0.8,1,冀,0.3999999999999999,0.45466666666666666,0.08459776361817041,2.899997858579788,0.2163612313486927,冀,False,False,True,False,False,False,True
2026-05-17,香菜,1.75,1.5,2.0,1,冀,0.3999999999999999,1.3983333333333334,0.1873054546277421,1.8775036069589224,0.11020933749925181,冀,False,False,True,False,False,False,True
2026-03-23,穿心莲,3.5,3.0,4.0,1,,0.3999999999999999,4.556666666666667,0.7764567325171865,-1.3608828701131492,0.141034014814783,,True,False,True,False,True,False,True
2026-05-17,茴香,1.75,1.5,2.0,1,冀,0.3999999999999999,1.2816666666666667,0.14171567779657318,3.3047390423916667,0.10924019844247282,冀,False,True,True,False,False,False,True
2026-02-09,菠菜,3.5,2.0,5.0,2,冀豫鲁,0.3999999999999999,3.495,0.555745848635743,0.00899691830766528,0.20671738773780912,冀豫鲁,False,False,True,False,False,False,True
2026-07-13,空心菜,3.0,2.5,3.5,1,,0.39534883720930236,2.5,0.5083780835776368,0.9835199749000246,0.18072217358554737,,True,False,True,False,True,False,True
2026-07-07,荠菜,11.5,11.0,12.0,1,,0.39393939393939403,8.172500000000001,2.3541448223989074,1.4134644429433312,0.2263208274370871,,True,False,True,False,True,False,True
2026-04-06,水萝卜,1.95,1.3,3.0,2,鲁,0.392857142857143,2.0678333333333336,0.420413760342183,-0.28027944003884847,0.23713742501516655,鲁,False,False,True,False,False,False,True
2026-04-20,豇豆,3.55,2.6,4.5,1,桂冀,0.392156862745098,4.15,1.2005745750867902,-0.4997607082897172,0.17170792766307916,海,True,False,True,False,True,False,True
2026-05-25,散生菜,2.5,2.2,2.8,1,,0.38888888888888884,1.6083333333333334,0.2600011052142784,3.4294726014022316,0.2606577244543139,,True,True,True,False,True,False,True
2026-01-26,小白菜,3.125,1.8,4.4,2,冀鲁,0.38888888888888884,2.6990384615384615,0.3664342211932974,1.1624502129587944,0.17700164241058255,冀鲁,False,False,True,False,False,False,True
2026-05-27,瓠子,1.25,1.0,1.5,1,冀,0.38888888888888884,0.75,0.15309310892394862,3.2659863237109046,0.148756012419382,冀,False,True,True,False,False,True,True
2026-06-15,菠菜,3.125,2.0,4.5,2,蒙,0.38888888888888884,2.5208333333333335,0.7180278105906585,0.8414251617491969,0.22605472998046228,蒙,False,False,True,False,False,False,True
2026-06-21,小白菜,1.25,1.0,1.5,1,冀,0.38888888888888884,1.3583333333333334,0.4001795574000732,-0.2707118125602524,0.3276140473542747,冀,False,False,True,False,False,False,True
2026-07-31,油麦菜,2.875,2.5,3.5,2,京冀,0.3855421686746987,2.2216666666666667,0.9828646847383157,0.6647235814635878,0.1413576723697397,京冀,False,False,True,False,False,False,True
2026-08-10,菜心,3.6,3.2,4.0,1,,0.3846153846153846,2.7116666666666664,0.6436270248571259,1.3801989335835119,0.12258429373960565,,True,False,True,False,True,False,True
2026-05-25,瓠子,0.9,0.8,1.0,1,冀,0.3846153846153846,0.7066666666666667,0.07286647932708024,2.653254762941217,0.11135410641337673,冀,False,False,True,False,False,False,True
2026-04-06,青蒜,2.35,1.6,3.5,2,鲁,0.3823529411764708,2.231666666666667,0.3677713245026559,0.32175791164076634,0.18443309389350007,鲁,False,False,True,False,False,False,True
2026-03-30,青蒜,2.35,1.6,3.5,2,鲁,0.3823529411764708,2.356666666666667,0.4523374795463003,-0.014738258420137026,0.18630119584174454,鲁,False,False,True,False,False,False,True
2026-03-23,青蒜,2.35,1.6,3.5,2,鲁,0.3823529411764708,2.5108333333333333,0.5087036996356418,-0.3161630895323344,0.17873348208343887,鲁,False,False,True,False,False,False,True
2026-05-12,紫苏叶,3.8,3.5,4.1,1,,0.38181818181818183,5.8100000000000005,0.9739184983248352,-2.0638277263007656,0.1767512245170259,,True,False,True,False,True,False,True
2026-04-13,穿心莲,3.1,2.7,3.5,1,,0.37777777777777777,3.4866666666666664,0.6507202022445611,-0.5942134043678343,0.16884681448335195,,True,False,True,False,True,False,True
2026-07-13,油麦菜,1.925,1.5,2.5,2,京冀,0.3750000000000002,1.525,0.47583864260178094,0.8406210933456102,0.20425611980753475,京冀,False,False,True,False,False,False,True
2026-08-11,豇豆,3.3,2.8,3.8,1,鲁冀,0.375,2.3316666666666666,0.6399735087908103,1.5130834636623292,0.15933891303511957,鲁冀,False,False,True,False,False,False,True
2026-01-26,菠菜,4.125,2.5,5.5,2,冀豫,0.375,3.501923076923077,0.5307034518882969,1.174058545992026,0.16801543217782877,冀豫,False,False,True,False,False,False,True
2026-08-10,贝贝南瓜,1.65,1.5,1.8,1,冀蒙,0.375,1.215,0.08215838362577906,5.294651389216337,0.10022296571715915,冀蒙,False,True,True,False,False,False,True
2026-05-29,苦瓜,2.75,2.5,3.0,1,鲁,0.375,2.225,0.44600719029304814,1.1771110677723597,0.20432451749317412,鲁,False,False,True,False,False,False,True
2026-03-09,油豆,7.0,6.0,8.0,1,云鲁,0.37254901960784315,5.1883333333333335,0.9852081290119687,1.8388669493455403,0.11356512251999795,云鲁,False,False,True,False,False,False,True
2026-05-05,空心菜,3.5,3.0,4.0,1,,0.37254901960784315,3.9650000000000003,1.4701718173104095,-0.3162895618899087,0.12944854747736456,,True,False,True,False,True,False,True
2026-02-10,油豆,6.1,5.0,7.2,1,云,0.3707865168539324,4.665,0.4259168609174714,3.369202141725155,0.10648356978034616,云,False,True,True,False,False,False,True
2026-02-24,红尖椒,9.25,9.0,9.5,1,鲁徽,0.37037037037037046,6.8,0.4706928129236018,5.205093285326326,0.0989856451527498,鲁徽,False,True,True,False,False,False,True
2026-05-25,油麦菜,1.575,1.0,2.5,2,鲁京冀,0.36956521739130443,1.4883333333333333,0.45475141624267046,0.19058031172885553,0.20353742473972353,鲁京冀,False,False,True,False,False,False,True
2026-03-12,快菜,1.3,0.9,1.7,1,,0.368421052631579,1.53,0.4270185330711153,-0.5386183085446925,0.2274611678719058,,True,False,True,False,True,False,True
2026-01-19,小白菜,3.075,2.0,4.3,2,冀鲁,0.3666666666666667,2.623684210526316,0.31118876954735625,1.450295877097852,0.12379754826462347,冀鲁,False,False,True,False,False,False,True
2026-07-20,菠菜,3.75,2.5,5.0,2,蒙,0.36363636363636354,2.694166666666667,0.6772371399134616,1.559030465263983,0.18817146112437066,蒙,False,False,True,False,False,False,True
2026-01-19,鸡毛菜,6.0,5.5,6.5,1,,0.36363636363636354,,,,0.16127615277148177,,True,False,True,False,True,False,True
2026-02-24,豆王,5.45,4.5,6.4,1,云,0.36250000000000004,4.211666666666667,0.4538500689186598,2.728507536164483,0.13750995075986822,云,False,False,True,False,False,False,True
2026-04-20,苦菊,2.725,2.1,3.5,2,辽冀,0.36250000000000004,2.3733333333333335,0.35263376853704337,0.9972574893369147,0.15359922488803804,辽冀,False,False,True,False,False,False,True
2026-01-20,荠菜,12.25,8.5,16.0,2,,0.36111111111111116,9.05,2.175759309167393,1.4707509174002142,0.2503145966849945,,True,False,True,False,True,False,True
2026-05-10,蚕豆仁,14.25,14.0,14.5,1,,0.3571428571428572,,,,0.14139396364819562,,True,False,True,False,True,False,True
2026-07-19,丝瓜,2.375,1.5,3.5,2,冀/豫冀,0.3571428571428572,1.6175,0.2807893737551007,2.6977516629980363,0.2018898815992346,冀/豫冀,False,False,True,False,False,False,True
2026-06-08,荆芥,4.75,4.0,5.5,1,,0.3571428571428572,3.3833333333333333,0.319841914974697,4.272944234887992,0.09608093221096613,,True,True,True,False,True,False,True
2026-07-27,罗马生菜,1.9,1.8,2.0,1,冀,0.3571428571428572,1.2616666666666665,0.1685042378129365,3.788233112819237,0.11253006175488138,冀,False,True,True,False,False,False,True
2026-07-11,黄瓜,1.525,1.0,2.2,2,冀/辽冀鲁,0.3555555555555554,0.9833333333333333,0.15651557889479173,3.460784354449277,0.1070492651605808,冀/辽冀鲁,False,True,True,False,False,False,True
2026-05-28,黄瓜,1.525,1.2,2.0,2,冀/辽冀鲁,0.3555555555555554,0.885,0.19493588689615315,3.2831307266729324,0.12170802904772997,冀/辽冀鲁,False,True,True,False,False,False,True
2026-08-10,豌豆苗,7.25,7.0,7.5,1,,0.3551401869158879,5.011666666666668,0.4450267975916924,5.029659664196179,0.09531900040477871,,True,True,True,False,True,False,True
2026-06-10,法香,10.5,10.0,11.0,1,,0.35483870967741926,8.633333333333333,0.8653378090719971,2.157153711645296,0.11141775509186821,,True,False,True,False,True,False,True
2026-06-18,蒿子秆,3.25,3.0,3.5,1,,0.35416666666666674,3.1533333333333333,0.8853144126215294,0.10918908049901084,0.13082123582727276,,True,False,True,False,True,False,True
2026-08-03,菊花菜,3.25,3.0,3.5,1,,0.35416666666666674,2.2666666666666666,0.3819941625599453,2.574210366837796,0.11911239751450271,,True,False,True,False,True,False,True
2026-08-11,长茄,1.15,0.7,1.6,1,辽晋,0.3529411764705881,0.8158333333333334,0.12043085964164835,2.774759456679178,0.12508381235926974,辽晋,False,False,True,False,False,False,True
2026-03-30,苦菊,2.3,1.6,3.3,2,辽冀,0.3529411764705881,2.9433333333333334,0.43395402055289134,-1.482491929706462,0.16169590810611995,辽冀,False,False,True,False,False,False,True
2026-02-11,油豆,8.25,8.0,8.5,1,云,0.3524590163934427,4.765,0.776169862319076,4.489996544812184,0.13704254776917538,云,False,True,True,False,False,False,True
2026-05-18,樱桃萝卜,2.5,2.0,3.0,1,,0.3513513513513513,1.8350000000000002,0.22366461961823766,2.9732015780370458,0.13384031001610586,,True,False,True,False,True,False,True
2026-07-15,小白菜,2.5,0.8,4.5,2,冀,0.3513513513513513,1.3083333333333333,0.34204842703450705,3.48391213781681,0.3526536426847961,冀,False,True,True,False,False,False,True
2026-03-27,快菜,1.35,1.0,1.7,1,,0.3500000000000001,1.3483333333333334,0.4422675374845454,0.003768458060806566,0.24320962985881536,,True,False,True,False,True,False,True
2026-02-26,菜心,4.25,4.0,4.5,1,,0.3492063492063493,2.738333333333333,0.4254173069557364,3.5533736920203682,0.13438563442349913,,True,True,True,False,True,False,True
2026-01-05,菠菜,3.575,2.5,4.8,2,冀豫,0.34905660377358494,,,,,冀豫,False,False,True,False,False,False,True
2026-02-03,菜心,2.9,2.3,3.5,1,,0.34883720930232553,2.4604166666666667,0.16082610556711255,2.7332834540962976,0.10480735898375074,,True,False,True,False,True,False,True
2026-02-24,罗马生菜,2.9,2.8,3.0,1,云,0.34883720930232553,1.8716666666666666,0.2715483488204751,3.7869253773779366,0.10745945866383441,云,False,True,True,False,False,False,True
2026-02-24,青蒜,3.3,2.2,4.5,2,鲁川,0.3469387755102038,2.926666666666667,0.32350007550319826,1.1540440377104075,0.15957741867435665,豫鲁川,True,False,True,False,True,False,True
2026-05-20,盖菜,1.75,1.5,2.0,1,,0.34615384615384603,1.4133333333333333,0.4209867991487048,0.7997083693537531,0.22448965065051169,,True,False,True,False,True,False,True
2026-07-20,快菜,1.75,1.6,1.9,1,,0.34615384615384603,1.2266666666666666,0.17749858344909886,2.948380337262857,0.12917286040698434,,True,False,True,False,True,False,True
2026-05-04,水萝卜,1.275,0.7,2.0,2,冀,0.3421052631578947,1.36,0.31153125708012824,-0.27284581584742085,0.21684581641445452,冀,False,False,True,False,False,False,True
2026-05-11,苋菜,2.75,2.5,3.0,1,,0.3414634146341464,4.284999999999999,1.2681203847998033,-1.210452902105448,0.15387466371846265,,True,False,True,False,True,False,True
2026-03-04,豆王,5.7,3.2,8.2,1,云鲁,0.3411764705882354,4.328333333333333,0.6052476457151063,2.2662899663922342,0.1546501802763855,云,True,False,True,False,True,False,True
2026-05-04,苦菊,2.675,1.7,4.0,2,辽冀,0.3374999999999999,2.4983333333333335,0.3263521826592107,0.5413374754448887,0.14418894878043145,辽冀,False,False,True,False,False,False,True
2026-07-16,圆白菜,0.8,0.6,1.0,1,冀,0.3333333333333335,0.593,0.07245212450181154,2.8570590776095792,0.10886057194113674,冀,False,False,True,False,False,False,True
2026-06-21,油菜,0.8,0.7,0.9,1,冀京,0.3333333333333335,1.0475,0.27818298988627826,-0.8897021349190996,0.27818606756304565,冀京,False,False,True,False,False,False,True
2026-08-01,圆白菜,0.8,0.6,1.0,1,冀,0.3333333333333335,0.6566666666666666,0.0897634182970231,1.5967900515892777,0.10853571297471637,冀,False,False,True,False,False,False,True
2026-03-03,茴香,3.0,2.5,3.5,1,冀,0.33333333333333326,3.1883333333333335,0.9844203031903261,-0.19131394661708986,0.3208781811143263,冀,False,False,True,False,False,False,True
2026-05-11,穿心莲,3.0,2.5,3.5,1,,0.33333333333333326,2.8433333333333337,0.3084257394927004,0.5079558759406789,0.1749725101026681,,True,False,True,False,True,False,True
2026-07-13,线茄,1.0,0.7,1.3,1,冀,0.33333333333333326,1.1183333333333332,0.3231001054796061,-0.3662435614426078,0.11945119004815212,冀,False,False,True,False,False,False,True
2026-07-19,茴香,3.0,2.5,3.5,1,冀,0.33333333333333326,1.8216666666666668,0.7187972873000357,1.6393124378076305,0.23033280999956196,冀,False,False,True,False,False,False,True
2026-05-11,盖菜,1.0,0.8,1.2,1,,0.33333333333333326,1.4549999999999998,0.3735546860210382,-1.2180278203614203,0.17616036295642204,,True,False,True,False,True,False,True
2026-05-25,线茄,2.0,1.5,2.5,1,冀,0.33333333333333326,2.1066666666666665,0.5346177063603811,-0.1995195172132279,0.09615244103456767,冀,False,False,True,False,False,False,True
2026-06-08,空心菜,3.0,2.7,3.3,1,,0.33333333333333326,2.738333333333333,0.498045028661781,0.5253875686095106,0.14105036662391232,,True,False,True,False,True,False,True
2026-03-16,青蒜,2.4,1.6,3.5,2,鲁,0.33333333333333326,2.7175,0.5345458110750955,-0.5939621888747643,0.2521581284004404,鲁,False,False,True,False,False,False,True
2026-05-11,茼蒿,3.0,2.5,3.5,1,,0.33333333333333326,3.545,0.9387583508972426,-0.5805540898561404,0.15385588945963885,,True,False,True,False,True,False,True
2026-07-18,莴笋,1.0,0.8,1.2,1,冀,0.33333333333333326,0.9316666666666668,0.10295909242336873,0.6636940140492493,0.11964732810214283,冀,False,False,True,False,False,False,True
2026-06-15,穿心莲,3.0,2.5,3.5,1,,0.33333333333333326,2.8400000000000003,0.3731044043585308,0.42883439093967207,0.20978101758375658,,True,False,True,False,True,False,True
2026-01-12,鸡毛菜,5.0,4.5,5.5,1,,0.33333333333333326,,,,0.15643718534527565,,True,False,True,False,True,False,True
2026-04-19,香菜,2.0,1.5,2.5,1,冀,0.33333333333333326,1.5599999999999998,0.2966479394837797,1.4832396974193671,0.08956761653421451,冀,False,False,True,False,False,False,True
2026-02-12,韭菜,4.0,3.5,4.5,1,冀粤,0.33333333333333326,3.006666666666667,0.23515707638664157,4.224126905286533,0.09658040159139267,冀粤,False,True,True,False,False,False,True
2026-08-03,鸡毛菜,7.0,6.5,7.5,1,,0.33333333333333326,5.098333333333333,2.3003928949778047,0.8266703791419141,0.22552661223187534,,True,False,True,False,True,False,True
2026-05-25,平菇,3.0,2.5,3.5,1,京蒙,0.33333333333333326,3.1083333333333334,0.34543409305347494,-0.3136150585940075,0.12580164660127763,京蒙,False,False,True,False,False,False,True
2026-05-31,散叶生菜,3.0,2.5,3.5,1,冀,0.33333333333333326,1.14,0.5752660553889475,3.233286550763753,0.23338652358852852,冀,False,True,True,False,False,True,True
2026-07-29,小白菜,3.0,2.5,3.5,2,冀,0.33333333333333326,1.735,0.6606749422449315,1.9147086095041084,0.30752216873582544,冀,False,False,True,False,False,False,True
2026-05-18,鸡毛菜,3.0,2.5,3.5,1,,0.33333333333333326,2.5283333333333333,0.3652309928811133,1.2914201583659122,0.14913533938979084,,True,False,True,False,True,False,True
2026-07-29,香菜,4.0,3.5,4.5,1,冀蒙,0.33333333333333326,3.46,0.6830963985084001,0.7905180018210265,0.14563471269859704,冀蒙,False,False,True,False,False,False,True
2026-05-09,青蒜,4.1,4.0,4.2,1,冀,0.33333333333333304,2.646666666666667,0.5363804834149972,2.709519414428227,0.1101089552397448,冀,False,False,True,False,False,False,True
2026-06-11,莲藕,7.15,6.8,7.5,1,川,0.3302325581395349,4.015,1.2212133593133994,2.5671189854675243,0.18961420901780693,川/津,True,False,True,False,True,False,True
2026-02-24,茼蒿,5.25,5.0,5.5,1,,0.3291139240506329,4.515,0.5121203387674724,1.4352095481482647,0.1328507042920861,,True,False,True,False,True,False,True
2026-08-10,奶白菜,3.65,3.5,3.8,1,,0.32727272727272716,2.963333333333333,0.5735451359644702,1.1972321332862013,0.11562975016532548,,True,False,True,False,True,False,True
2026-08-10,油麦菜,3.65,2.8,4.5,2,京冀,0.32727272727272716,2.750833333333333,0.5660846825485516,1.5883960375302113,0.17364619186932898,京冀,False,False,True,False,False,False,True
2026-05-30,苦瓜,3.65,3.5,3.8,1,鲁,0.32727272727272716,2.25,0.5025795528038796,2.785628647622914,0.2182626406923021,鲁,False,False,True,False,False,False,True
2026-07-13,木耳菜,2.65,2.3,3.0,1,,0.32499999999999996,2.56,0.22221455925482037,0.40501396623969205,0.12460660617397808,,True,False,True,False,True,False,True
2026-07-24,长茄,1.025,0.7,1.6,2,辽,0.32258064516129026,0.7816666666666666,0.08658594826405226,2.810309735146223,0.08676401034922938,辽,False,False,True,False,False,False,True
2026-01-05,小白菜,2.975,2.5,3.8,2,冀鲁,0.3222222222222222,,,,,冀鲁,False,False,True,False,False,False,True
2026-04-08,罗马生菜,1.85,1.8,1.9,1,京云,0.3214285714285716,1.7566666666666666,0.30842573949268376,0.30261201119871994,0.10325408615774948,京云,False,False,True,False,False,False,True
2026-01-27,毛冬瓜,1.85,1.8,1.9,1,云,0.3214285714285716,1.437037037037037,0.09363656480139729,4.410274595601149,0.08590539918613646,豫云,True,True,True,False,True,False,True
2026-08-10,菠菜,4.625,3.0,6.0,2,蒙,0.3214285714285714,3.806666666666666,0.5865935168606881,1.3950603097573653,0.1819815748444524,蒙,False,False,True,False,False,False,True
2026-07-20,奶白菜,3.5,3.0,4.0,1,,0.3207547169811322,2.2849999999999997,0.4705371105596147,2.582155525533338,0.11372895936680703,,True,False,True,False,True,False,True
2026-03-09,芥兰,3.5,3.0,4.0,1,,0.3207547169811322,3.0166666666666666,0.33304585304411954,1.4512516187052023,0.12316696432968395,,True,False,True,False,True,False,True
2026-02-24,白萝卜,0.7,0.5,0.9,1,鄂川,0.320754716981132,0.5426666666666667,0.047628833148907104,3.3033211802910483,0.08991195087664682,鄂川,False,True,True,False,False,False,True
2026-04-07,茴香,1.65,1.5,1.8,1,冀,0.31999999999999984,2.31,0.7829431652425382,-0.8429730653508508,0.12489701431221564,冀,False,False,True,False,False,False,True
2026-04-26,油麦菜,1.65,1.5,1.8,1,鲁京冀,0.31999999999999984,1.1325,0.2545406613409022,2.033073997976773,0.14639872394397083,鲁京冀,False,False,True,False,False,False,True
2026-05-23,茴香,1.65,1.5,1.8,1,冀,0.31999999999999984,1.2933333333333334,0.18557149999179334,1.9219905356287985,0.15946085435824695,冀,False,False,True,False,False,False,True
2026-05-20,鸡毛菜,3.3,3.0,3.6,1,,0.31999999999999984,2.5549999999999997,0.3858153033199517,1.9309757637637852,0.17809070093193477,,True,False,True,False,True,False,True
2026-05-30,茴香,1.65,1.5,1.8,1,冀,0.31999999999999984,1.34,0.20146018687711037,1.5387655735130343,0.1921636044771837,冀,False,False,True,False,False,False,True
2026-07-17,苦瓜,1.65,1.5,1.8,1,鲁,0.31999999999999984,1.6083333333333334,0.36485314318496487,0.11420119970172028,0.08552359741197578,鲁,False,False,True,False,False,False,True
2026-06-30,荠菜,10.875,7.5,14.0,2,,0.3181818181818181,7.8625,2.3053419037321645,1.3067476000514298,0.26559974601653163,,True,False,True,False,True,False,True
2026-07-11,大白菜,0.5,0.4,0.6,1,冀,0.3157894736842106,0.43633333333333335,0.0415628591938555,1.531816335582584,0.12025438221372017,冀,False,False,True,False,False,False,True
2026-04-10,菊苣,12.5,12.0,13.0,1,,0.3157894736842106,,,,0.13951848374283674,,True,False,True,False,True,False,True
2026-06-15,奶白菜,2.3,2.0,2.6,1,,0.3142857142857143,2.381666666666667,0.3996729985214473,-0.204333710230076,0.15199771049005611,,True,False,True,False,True,False,True
2026-03-04,毛冬瓜,2.3,1.6,3.0,1,云冀,0.3142857142857143,1.8216666666666668,0.10641763314262291,4.494869122791537,0.08628957056924604,云,True,True,True,False,True,False,True
2026-04-13,苦菊,2.625,1.9,3.5,2,辽冀,0.3125,2.5050000000000003,0.4535017013236472,0.2646076070933197,0.13491411689159977,辽冀,False,False,True,False,False,False,True
2026-07-21,油菜,2.0,1.3,3.0,2,冀京,0.3114754098360657,1.03,0.332791225845875,2.9147403076342955,0.3064833750118241,冀京,False,False,True,False,False,False,True
2026-05-29,菊花菜,2.95,2.6,3.3,1,,0.3111111111111111,1.51,0.47149797966435814,3.054095801269568,0.22121783334375109,,True,True,True,False,True,True,True
2026-02-24,黄心菜,2.75,2.0,3.5,1,,0.30952380952380953,2.17,0.1207733699809348,4.802383175128412,0.08645827399504881,,True,True,True,False,True,False,True
2026-03-02,樱桃萝卜,2.75,2.5,3.0,1,,0.30952380952380953,3.1966666666666668,0.468477602845447,-0.9534429478670814,0.11620284151221809,,True,False,True,False,True,False,True
2026-03-06,丝瓜,4.25,4.0,4.5,1,豫冀,0.3076923076923077,3.841666666666667,0.7891596723767285,0.5174280283526745,0.16907097687502212,豫冀,False,False,True,False,False,False,True
2026-08-02,长茄,0.85,0.7,1.0,1,辽晋,0.3076923076923077,0.7683333333333333,0.10274955603004508,0.7948128422354103,0.15414010278595303,辽晋,False,False,True,False,False,False,True
2026-02-11,鸡毛菜,4.25,4.0,4.5,1,,0.3076923076923077,4.303333333333333,0.700976330621765,-0.07608435692261706,0.11019646982776479,,True,False,True,False,True,False,True
2026-01-20,平菇,4.25,4.0,4.5,1,京,0.3076923076923077,3.3,0.223606797749979,4.2485291572496005,0.08223422828074597,京,False,True,True,False,False,False,True
2026-02-10,白豆,5.75,4.3,7.2,1,云,0.30681818181818166,4.668333333333334,0.5036904039075053,2.1474831727493005,0.08984037938156708,云,False,False,True,False,False,False,True
2026-02-25,香葱,7.5,7.0,8.0,1,,0.30434782608695654,3.7844333333333333,0.9661034314346907,3.8459305140330016,0.18662507954677648,,True,True,True,False,True,False,True
2026-08-10,油菜,1.825,1.2,2.7,2,冀京,0.3035714285714286,1.5333333333333334,0.3492808704134554,0.8350490718870774,0.14248427191835364,冀京,False,False,True,False,False,False,True
2026-06-01,苦菊,2.15,1.6,2.8,2,辽冀,0.303030303030303,2.1166666666666667,0.26840311079614926,0.12419130774773213,0.13491304157712486,辽冀,False,False,True,False,False,False,True
2026-05-14,蒿子秆,2.15,1.8,2.5,1,,0.303030303030303,2.2916666666666665,0.5017354938083675,-0.2823532885651791,0.20174712482859514,,True,False,True,False,True,False,True
2026-08-11,油麦菜,4.75,3.5,6.0,2,京冀,0.3013698630136987,2.8625,0.6184222834679052,3.0521215849718932,0.18225163320423812,京冀,False,True,True,False,False,False,True
2026-06-25,空心菜,3.25,3.0,3.5,1,,0.30000000000000004,2.6533333333333333,0.46737220885413916,1.2766413050735728,0.1779073097138083,,True,False,True,False,True,False,True
2026-03-27,荠菜,6.5,6.0,7.0,1,,0.30000000000000004,7.15,2.996657620842211,-0.21690832996040363,0.5494767021802034,,True,False,True,False,True,False,True
2026-05-15,小米椒,6.5,6.0,7.0,1,云,0.30000000000000004,5.05,0.27386127875278327,5.294651389212736,0.08017837257372731,云,False,True,True,False,False,False,True
2026-07-09,苋菜,2.6,2.5,2.7,1,,0.30000000000000004,2.816666666666667,0.6150880695748294,-0.3522530794922334,0.1332311462564463,,True,False,True,False,True,False,True
2026-01-09,快菜,1.3,0.9,1.7,1,,0.30000000000000004,,,,,,True,False,True,False,True,False,True
2026-08-10,小白菜,2.275,1.5,3.3,2,冀蒙,0.30000000000000004,2.1816666666666666,0.5353428378366402,0.17434310639234504,0.22489541879732367,冀蒙,False,False,True,False,False,False,True
2026-03-05,丝瓜,3.25,3.0,3.5,1,豫冀,0.30000000000000004,3.8583333333333334,0.8032351969437058,-0.7573539302660414,0.1463923340211622,豫冀,False,False,True,False,False,False,True
2026-02-24,菠菜,3.375,1.5,5.5,2,冀豫鲁,0.29807692307692313,3.4408333333333334,0.5931172520780725,-0.11099547872309691,0.18671718432827863,冀豫鲁,False,False,True,False,False,False,True
2026-08-10,豇豆,2.4,2.0,2.8,1,鲁冀,0.29729729729729715,2.3216666666666668,0.6265234306834827,0.12502857753919638,0.13297442212866986,鲁冀,False,False,True,False,False,False,True
2026-01-09,豇豆,5.25,4.5,6.0,1,海,0.2962962962962963,,,,0.10839156091423617,海云闽,True,False,True,False,True,False,True
2026-06-21,油麦菜,1.75,1.5,2.0,1,京冀,0.2962962962962963,1.6050000000000002,0.19358238021843893,0.7490351127844453,0.10727287389386822,京冀,False,False,True,False,False,False,True
2026-02-09,青蒜,3.175,2.3,4.8,2,豫鲁川,0.29591836734693855,2.9091666666666667,0.24108977914709634,1.1026321160265362,0.12523265672203243,豫鲁川,False,False,True,False,False,False,True
2026-04-17,苋菜,5.5,5.0,6.0,1,,0.2941176470588236,6.340000000000001,1.9286586369627536,-0.43553586098721464,0.123008442243325,,True,False,True,False,True,False,True
2026-01-23,油菜,1.65,1.2,2.5,2,鲁京皖,0.2941176470588236,1.1597826086956522,0.1650996824295551,2.969220679836947,0.10402049084478245,鲁京皖,False,False,True,False,False,False,True
2026-06-30,苤蓝,3.75,3.5,4.0,1,,0.2931034482758621,4.135294117647058,0.7430437205092549,-0.5185349219868137,0.10613132161107554,,True,False,True,False,True,False,True
2026-06-07,白豆,3.75,2.5,5.0,1,辽冀,0.2931034482758621,3.1016666666666666,0.25679836895675545,2.5246785482602188,0.10548413750144695,辽冀,False,False,True,False,False,False,True
2026-08-03,黄心菜,3.75,3.5,4.0,1,,0.2931034482758621,3.8466666666666662,0.6570484332818713,-0.1471225890971672,0.11824999803555165,,True,False,True,False,True,False,True
2026-07-08,丝瓜,1.325,1.0,1.8,2,冀/豫冀,0.29268292682926833,1.8300000000000003,0.49455657603204556,-1.0211167427026147,0.10757104054036586,冀/豫冀,False,False,True,False,False,False,True
2026-06-01,茼蒿,6.0,5.5,6.5,1,,0.29032258064516125,3.6783333333333332,1.0868876265022425,2.136068725097292,0.14029089015847052,,True,False,True,False,True,False,True
2026-03-09,蒿子秆,4.0,3.5,4.5,1,,0.29032258064516125,3.854433333333333,0.703581952844028,0.2068936903203037,0.1250540964933437,,True,False,True,False,True,False,True
2026-01-19,盖菜,4.0,3.5,4.5,1,,0.29032258064516125,,,,0.096870367460392,,True,False,True,False,True,False,True
2026-02-10,豆王,4.9,4.3,5.5,1,云,0.28947368421052655,4.256666666666667,0.4042305021279018,1.5915012101926382,0.08123973181292432,云,False,False,True,False,False,False,True
2026-06-29,水萝卜,2.45,2.2,2.7,1,,0.28947368421052655,1.7766666666666666,0.5603621571148715,1.2016038641868951,0.1984388465944214,,True,False,True,False,True,False,True
2026-04-13,青蒜,2.45,1.8,3.5,2,鲁,0.28947368421052655,2.19,0.29460669280971374,0.8825325640783526,0.165355288948047,鲁,False,False,True,False,False,False,True
2026-07-31,香芹,3.8,3.3,4.3,1,,0.2881355932203389,2.685,0.34269469673809366,3.2536249046542576,0.0837559515537829,,True,True,True,False,True,False,True
2026-01-05,线茄,4.25,3.3,5.2,1,闽,0.28787878787878785,,,,,闽,False,False,True,False,False,False,True
2026-03-10,蒜苗,4.5,2.0,6.0,2,川/鲁豫苏,0.2857142857142858,3.966666666666667,0.48215273966640104,1.106150166651223,0.07636035483212128,鲁豫苏,True,False,True,False,True,False,True
2026-05-29,散叶生菜,2.25,2.0,2.5,1,冀,0.2857142857142858,1.025,0.3992989546347635,3.0678768020329548,0.22780791336418355,冀,False,True,True,False,False,True,True
2026-04-15,盖菜,2.25,2.0,2.5,1,,0.2857142857142858,1.8783333333333332,0.5400643852633544,0.6881895507429712,0.15822038496642019,,True,False,True,False,True,False,True
2026-07-16,扁豆,4.5,4.0,5.0,1,冀晋,0.2857142857142858,2.7083333333333335,0.485493586969494,3.690402334355131,0.17294051579140596,冀晋,False,True,True,False,False,False,True
2026-06-24,茴香,2.25,2.0,2.5,1,冀,0.2857142857142858,2.066666666666667,0.7366435217667529,0.2488765975890614,0.1546426215922577,冀,False,False,True,False,False,False,True
2026-05-18,芥兰,2.25,2.0,2.5,1,,0.2857142857142858,2.2266666666666666,0.3633496780041905,0.06421729464987809,0.11208742479996905,,True,False,True,False,True,False,True
2026-06-22,彩椒,4.5,4.0,5.0,1,鲁,0.2857142857142858,4.1,0.4982728791224337,0.8027729719194969,0.10027938788298885,鲁,False,False,True,False,False,False,True
2026-06-29,奶白菜,2.25,2.0,2.5,1,,0.2857142857142858,2.3233333333333333,0.38835047567116643,-0.1888328659997003,0.16143225356765079,,True,False,True,False,True,False,True
2026-05-24,白萝卜,0.45,0.4,0.5,1,鄂冀,0.2857142857142858,0.6683333333333333,0.21990724272360568,-0.9928428487812447,0.1373578775557678,鄂冀,False,False,True,False,False,False,True
2026-05-31,小白菜,0.9,0.8,1.0,1,冀,0.2857142857142858,1.3466666666666667,0.43642026038918025,-1.0234783010952542,0.5241865551981069,冀,False,False,True,False,False,False,True
2026-05-07,丝瓜,2.25,1.5,3.0,2,豫冀,0.2857142857142858,2.5133333333333336,0.30454412888245175,-0.8646803808027943,0.10558825521226775,豫冀,False,False,True,False,False,False,True
2026-03-23,奶白菜,4.5,4.0,5.0,1,,0.2857142857142858,3.4133333333333336,0.3014142908235171,3.605226094946265,0.08539171234166991,,True,True,True,False,True,False,True
2026-06-23,茼蒿,9.0,8.0,10.0,1,,0.2857142857142858,5.558333333333334,1.4482500339787816,2.37643126940682,0.11157749088490637,,True,False,True,False,True,False,True
2026-06-03,冬瓜,0.95,0.8,1.1,2,桂/桂鲁,0.28378378378378377,0.6839999999999999,0.06506495428310272,4.088222345359887,0.07680333427376061,桂/桂鲁,False,True,True,False,False,False,True
2026-07-21,丝瓜,3.2,2.5,3.8,2,冀/豫冀,0.28,1.695,0.4278756667618353,3.517376931924748,0.18985808785035513,冀/豫冀,False,True,True,False,False,True,True
2026-03-10,豌豆苗,8.0,7.5,8.5,1,,0.28,5.385000000000001,0.5378998112070231,4.861500126077487,0.08258600828409916,,True,True,True,False,True,False,True
2026-01-12,奶白菜,2.75,2.5,3.0,1,,0.2790697674418605,,,,0.16050727658531846,,True,False,True,False,True,False,True
2026-08-03,苋菜,2.75,2.5,3.0,1,,0.2790697674418605,2.9766666666666666,0.8115261626365703,-0.2793091302568095,0.12003121017620536,,True,False,True,False,True,False,True
2026-06-08,瓠子,1.15,1.0,1.3,1,冀,0.2777777777777777,0.8706896551724138,0.20507718119358231,1.3619767114115515,0.13943400038193118,冀,False,False,True,False,False,False,True
2026-06-30,瓠子,1.15,1.0,1.3,1,冀,0.2777777777777777,1.065,0.3518791916513983,0.2415601775174255,0.17689739432473414,冀,False,False,True,False,False,False,True
2026-01-19,茼蒿,5.75,5.5,6.0,1,,0.2777777777777777,,,,0.10379699081785845,,True,False,True,False,True,False,True
2026-01-19,菠菜,4.15,3.0,5.5,2,冀豫,0.27692307692307705,3.388157894736842,0.4652036905315893,1.637652754630127,0.1449759793850608,冀豫,False,False,True,False,False,False,True
2026-07-11,苦菊,3.6,3.5,3.7,1,辽冀,0.2743362831858407,2.49,0.38082261233934134,2.9147428856217896,0.11746048511797152,辽冀,False,False,True,False,False,False,True
2026-01-19,苦菊,3.95,3.3,5.0,2,辽冀,0.27419354838709675,4.1763157894736835,0.6097855773076282,-0.37113995131359145,0.1205544710641119,辽冀,False,False,True,False,False,False,True
2026-01-12,菠菜,3.375,2.2,4.5,2,冀豫,0.2735849056603774,,,,0.18337878045796066,冀豫,False,False,True,False,False,False,True
2026-07-15,扁豆,3.5,3.0,4.0,1,冀晋,0.2727272727272727,2.6416666666666666,0.3491574423383093,2.4582988338586467,0.16112879156662688,冀晋,False,False,True,False,False,False,True
2026-05-20,荷兰豆,10.5,10.0,11.0,1,,0.2727272727272727,,,,0.10924562258306378,,True,False,True,False,True,False,True
2026-02-11,芥兰,3.5,3.0,4.0,1,,0.2727272727272727,3.1616666666666666,0.3854427220145985,0.877778497321112,0.09358205404126205,,True,False,True,False,True,False,True
2026-04-06,茼蒿,3.5,3.0,4.0,1,,0.2727272727272727,3.731666666666667,0.6644265525083721,-0.3486715962690967,0.08917184726985279,,True,False,True,False,True,False,True
2026-05-18,菊花菜,1.4,1.0,1.8,1,,0.2727272727272725,1.4566666666666668,0.27124659010513513,-0.20891199644096126,0.09999883998182964,,True,False,True,False,True,False,True
2026-05-15,快菜,0.7,0.7,0.7,1,,0.2727272727272725,0.715,0.17963084751598304,-0.08350458847924411,0.1763524410263909,,True,False,True,False,True,False,True
2026-04-13,樱桃萝卜,2.35,2.2,2.5,1,,0.2702702702702702,2.5066666666666664,0.3047704996735525,-0.5140480027905455,0.10728125139599105,,True,False,True,False,True,False,True
2026-02-12,莲藕,4.0,3.5,4.5,1,津,0.26984126984126977,3.1783333333333332,0.15518805795979693,5.294651389216611,0.07211811289700339,津,False,True,True,False,False,False,True
2026-05-19,蒿子秆,4.0,3.5,4.5,1,,0.26984126984126977,2.2766666666666664,0.519902731840017,3.3147225967330227,0.23621007726744614,,True,True,True,False,True,False,True
2026-07-15,樱桃萝卜,4.75,4.5,5.0,1,,0.2666666666666666,2.381666666666667,0.6271835420371787,3.776140754013824,0.1695534159893954,,True,True,True,False,True,True,True
2026-02-11,茴香,4.75,4.5,5.0,1,冀,0.2666666666666666,3.0616666666666665,0.38252413341340785,4.41366487982783,0.11537088801764439,冀,False,True,True,False,False,False,True
2026-07-20,秋葵,9.5,9.0,10.0,1,,0.2666666666666666,9.210526315789474,1.380074368705504,0.20975223565817624,0.1939806251647564,,True,False,True,False,True,False,True
2026-04-08,茼蒿,4.75,4.0,5.5,1,,0.2666666666666666,3.665,0.5600415624970504,1.9373562118538559,0.1147425271807471,,True,False,True,False,True,False,True
2026-05-08,卞萝卜,0.95,0.7,1.2,1,冀,0.2666666666666666,0.7633333333333333,0.043417248545530626,4.299366563289099,0.07126966450997982,冀,False,True,True,False,False,False,True
2026-05-31,春竹笋,9.5,9.0,10.0,1,,0.2666666666666666,,,,0.16663820994431766,,True,False,True,False,True,False,True
2026-07-20,白豆,2.85,2.5,3.2,1,蒙冀,0.2666666666666666,2.37,0.4850524322884743,0.9895837399172767,0.12381116398043296,蒙冀,False,False,True,False,False,False,True
2026-05-05,广茄,2.85,2.5,3.2,1,云,0.2666666666666666,2.513333333333333,0.20882814801240768,1.6121709159948283,0.09202791785980564,云,False,False,True,False,False,False,True
2026-03-11,苋菜,10.0,9.5,10.5,1,,0.26582278481012644,6.951666666666667,0.9514492877323715,3.2038841929227275,0.08383539217415933,,True,True,True,False,True,False,True
2026-04-06,苦菊,2.275,1.7,3.0,2,辽冀,0.26388888888888884,2.7025,0.5311564319222812,-0.8048476386755907,0.16706757371620196,辽冀,False,False,True,False,False,False,True
2026-05-24,丝瓜,3.0,2.0,4.0,2,冀/豫冀,0.26315789473684204,2.1683333333333334,0.2914687341525562,2.853364938386043,0.1142465089635376,冀/豫冀,False,False,True,False,False,False,True
2026-07-29,鸡毛菜,6.0,5.5,6.5,1,,0.26315789473684204,4.745000000000001,2.4189036416497047,0.5188300924397644,0.2579895945847854,,True,False,True,False,True,False,True
2026-01-05,青蒜,3.725,2.6,5.0,2,豫鲁川,0.2627118644067796,,,,,豫鲁川,False,False,True,False,False,False,True
2026-05-04,盖菜,1.45,1.3,1.6,1,,0.26086956521739135,1.5399999999999998,0.3412451843793102,-0.26373998555818623,0.12675436449561056,,True,False,True,False,True,False,True
2026-06-30,蚕豆仁,14.5,14.0,15.0,1,,0.26086956521739135,12.735294117647058,1.8059592937240405,0.9771570646611694,0.14460433601569764,,True,False,True,False,True,False,True
2026-01-19,奶白菜,3.15,2.5,3.8,1,,0.26,,,,0.14952476614754157,,True,False,True,False,True,False,True
2026-07-22,豇豆,3.65,3.0,4.3,1,鲁冀,0.2586206896551724,1.84,0.6184519048565444,2.9266625032383815,0.39486166338399925,鲁冀,False,False,True,False,False,True,True
2026-08-07,小黄瓜,5.975,5.0,7.2,2,辽冀/辽鲁,0.2578947368421052,4.8149999999999995,0.868277128809568,1.33597898817212,0.10518304921639603,辽冀/辽鲁,False,False,True,False,False,False,True
2026-05-11,香芹,2.7,2.4,3.0,1,,0.2558139534883723,2.4299999999999997,0.19100460366360117,1.413578494032147,0.08806575698800806,,True,False,True,False,True,False,True
2026-01-12,木耳菜,6.9,6.5,7.3,1,,0.25454545454545463,,,,0.1044215407208322,,True,False,True,False,True,False,True
2026-02-10,茴香,3.75,3.5,4.0,1,冀,0.25,3.0116666666666663,0.2160313408510107,3.4177139780960606,0.09383987042077348,冀,False,True,True,False,False,False,True
2026-07-16,小葱,2.25,1.5,3.0,1,冀辽,0.25,2.0233333333333334,0.34082388346510184,0.6650551139849206,0.0693306645207633,冀辽,False,False,True,False,False,False,True
2026-06-25,鸡毛菜,3.25,3.0,3.5,1,,0.25,3.5983333333333336,1.388281208056811,-0.250909780606264,0.1324660988608613,,True,False,True,False,True,False,True
2026-07-16,香菜,3.75,3.0,4.5,1,冀辽,0.25,2.685,0.43294301607993263,2.4599080258714072,0.07963638464338534,冀辽,False,False,True,False,False,False,True
2026-05-18,油菜,0.875,0.6,1.3,2,冀京,0.25,0.8991666666666667,0.10737529521723803,-0.22506728961977238,0.09382794304471746,冀京,False,False,True,False,False,False,True
2026-01-18,大白菜,1.35,1.2,1.5,1,冀鄂,0.25,1.0366666666666666,0.08387666014838135,3.7356438940109626,0.07223579533544344,冀鄂,False,True,True,False,False,False,True
2026-01-04,小白菜,2.25,2.0,2.5,1,冀鲁,0.25,,,,,冀鲁,False,False,True,False,False,False,True
2026-07-15,蒿子秆,5.5,5.0,6.0,1,,0.25,3.4383333333333335,0.5999545001905164,3.436371701540669,0.0829773482201121,,True,True,True,False,True,False,True
2026-07-09,鸡毛菜,3.75,3.5,4.0,1,,0.25,3.36,1.2451561320185713,0.3132137327772348,0.12203634521359882,,True,False,True,False,True,False,True
2026-07-12,菠菜,3.0,2.5,3.5,1,蒙,0.25,2.4533333333333336,0.4996866834419349,1.0940188817943368,0.22152175363821874,蒙,False,False,True,False,False,False,True
2026-06-29,大白菜,0.5,0.45,0.55,1,冀,0.25,0.441,0.05677238279547814,1.0392376908425145,0.09929386887424198,冀,False,False,True,False,False,False,True
2026-05-31,平菇,5.0,4.5,5.5,1,京蒙,0.25,3.1416666666666666,0.5239247335608237,3.546947136286695,0.18645573016454564,京蒙,False,True,True,False,False,False,True
2026-05-18,黄心菜,2.0,1.5,2.5,1,,0.25,2.63,0.37751455783759036,-1.6688098165237661,0.1132355142811297,,True,False,True,False,True,False,True
2026-05-26,鸡毛菜,5.0,4.5,5.5,1,,0.25,2.7666666666666666,0.6396838299494947,3.491308094359151,0.191830196490958,,True,True,True,False,True,False,True
2026-06-02,圆白菜,0.5,0.3,0.7,1,冀,0.25,0.45733333333333337,0.03938609358408327,1.0832926747502856,0.10400771348048085,冀,False,False,True,False,False,False,True
2026-07-20,茼蒿,11.25,10.5,12.0,1,,0.25,7.078333333333333,1.5280528139756346,2.73005398014547,0.12033194652879883,,True,False,True,False,True,False,True
2026-08-08,广茄,0.5,0.4,0.6,1,冀,0.25,0.4733333333333334,0.04497764451075283,0.5928871321905574,0.08871797518473422,冀,False,False,True,False,False,False,True
2026-04-20,油麦菜,1.125,0.7,2.0,2,鲁京冀,0.25,1.2650000000000001,0.47744831819970396,-0.2932254542814032,0.12788434000326132,鲁京冀,False,False,True,False,False,False,True
2026-06-08,韭菜,1.75,1.5,2.0,1,冀,0.25,1.1816666666666664,0.18122349191807452,3.136090841855422,0.0851040435469899,冀,False,True,True,False,False,False,True
2026-05-28,长茄,1.25,0.9,1.6,1,辽,0.25,1.3150000000000002,0.28531591686023355,-0.22781764408832975,0.07842922966397718,辽,False,False,True,False,False,False,True
2026-06-26,瓠子,0.75,0.5,1.0,1,冀,0.25,1.0983333333333334,0.3450345643188704,-1.0095606914657234,0.14358268236617402,冀,False,False,True,False,False,False,True
2026-08-04,线茄,1.25,1.0,1.5,1,冀,0.25,0.9700000000000001,0.13557031513145104,2.065348890931674,0.0764448512042077,冀,False,False,True,False,False,False,True
2026-04-17,油豆,6.25,5.5,7.0,1,云鲁,0.25,5.9399999999999995,0.6576342133897004,0.47138666706852267,0.07692886023203323,云鲁,False,False,True,False,False,False,True
2026-08-04,快菜,1.75,1.5,2.0,1,,0.25,1.3616666666666666,0.3307992758751752,1.1739243754568203,0.24764346110851398,,True,False,True,False,True,False,True
2026-07-21,韭菜,2.25,2.0,2.5,1,冀,0.25,1.49,0.18634413844022096,4.078475482843306,0.09673094467261885,冀,False,True,True,False,False,False,True
2026-05-18,白萝卜,0.5,0.4,0.6,1,鄂冀,0.25,0.7449999999999999,0.16884496051009382,-1.4510353122760415,0.1092907353464287,鄂冀,False,False,True,False,False,False,True
2026-08-10,散叶生菜,2.5,2.0,3.0,1,冀,0.25,1.3883333333333334,0.27123069876771644,4.098601934505594,0.08750687780635298,冀,False,True,True,False,False,True,True
2026-06-24,空心菜,2.5,2.0,3.0,1,,0.25,2.6233333333333335,0.45651100627539787,-0.270165081756935,0.1646498682701462,,True,False,True,False,True,False,True
2026-01-02,油菜,1.375,0.8,2.0,2,鲁京皖苏川,0.25,,,,,鲁京皖苏川,False,False,True,False,False,False,True
2026-07-18,青蒜,4.15,4.0,4.3,1,甘,0.24812030075187974,3.7816666666666667,0.29455791928938385,1.2504614855439355,0.1062921415592312,甘,False,False,True,False,False,False,True
2026-03-11,扁豆,7.3,6.0,8.6,1,云鲁,0.24786324786324787,5.426666666666667,0.6198906095563097,3.0220385733447106,0.09766232823497004,云鲁,False,True,True,False,False,False,True
2026-06-02,大蒜,2.9,1.5,4.8,2,豫苏鲁,0.24731182795698903,2.4508333333333336,0.13317789071279362,3.3726819388912084,0.06725681161482959,豫/豫苏鲁,True,True,True,False,True,False,True
2026-05-18,木耳菜,3.3,3.0,3.6,1,,0.24528301886792447,4.54,1.7019461476953865,-0.7285776942349734,0.10894981709208927,,True,False,True,False,True,False,True
2026-07-11,小黄瓜,4.2,4.0,4.5,2,辽鲁,0.24444444444444446,3.1049999999999995,0.34587470324500436,3.165886344756311,0.08586369497127785,辽鲁,False,True,True,False,False,False,True
2026-08-07,架豆,4.35,3.5,5.2,1,云冀,0.24285714285714266,3.865,0.30403890404423634,1.5951905941926237,0.08572260719907533,云冀,False,False,True,False,False,False,True
2026-05-23,油豆,3.85,3.2,4.5,1,冀辽,0.24193548387096775,4.223333333333334,0.7095084910348759,-0.5261858569004529,0.10053841175927211,冀辽,False,False,True,False,False,False,True
2026-07-10,苦菊,2.825,2.5,3.0,2,辽冀,0.2417582417582418,2.5016666666666665,0.4194070801149755,0.7709296019625984,0.11019985051375375,辽冀,False,False,True,False,False,False,True
2026-07-13,茼蒿,9.0,8.5,9.5,1,,0.24137931034482762,6.529999999999999,1.0376199556744254,2.380447664380709,0.12472476969446716,,True,False,True,False,True,False,True
2026-02-26,西葫芦,1.8,1.3,2.2,2,鲁云,0.24137931034482762,2.3833333333333333,0.3994248738937743,-1.4604331664343688,0.11849918173383887,鲁云,False,False,True,False,False,False,True
2026-07-27,油菜,1.675,1.0,2.5,2,冀京,0.2407407407407407,1.1825,0.4943277392510999,0.9963025759916508,0.19303673647265704,冀京,False,False,True,False,False,False,True
2026-04-06,盖菜,1.55,1.3,1.8,1,,0.24,2.1966666666666663,0.6134882363109772,-1.0540816080764603,0.14001928531507293,,True,False,True,False,True,False,True
2026-05-31,茄子,1.55,1.3,1.8,1,冀鲁,0.24,1.1983333333333333,0.19541438434566688,1.7995945786908223,0.08742016758114117,冀鲁,False,False,True,False,False,False,True
2026-06-24,西芹,1.55,1.4,1.7,1,辽,0.24,1.5983333333333334,0.23322452306933578,-0.20723949907687977,0.13924431481348884,辽,False,False,True,False,False,False,True
2026-06-22,茴香,1.55,1.3,1.8,1,冀,0.24,2.0416666666666665,0.742907073287255,-0.66181449113294,0.12311304265737845,冀,False,False,True,False,False,False,True
2026-01-16,快菜,1.3,0.9,1.7,1,,0.23809523809523814,,,,0.15755260612395489,,True,False,True,False,True,False,True
2026-04-20,青蒜,2.35,2.0,3.0,2,鲁苏冀,0.23684210526315796,2.1675,0.26886976080597697,0.6787672940717815,0.13217280188987898,鲁,True,False,True,False,True,False,True
2026-06-15,菊花菜,2.35,2.2,2.5,1,,0.23684210526315796,1.8316666666666666,0.6122996974849951,0.8465353412101525,0.22144224449620775,,True,False,True,False,True,False,True
2026-06-22,奶白菜,2.35,2.1,2.6,1,,0.23684210526315796,2.3366666666666664,0.3782749714466803,0.03524772808082292,0.15786710445542365,,True,False,True,False,True,False,True
2026-03-30,穿心莲,3.4,3.0,3.8,1,,0.23636363636363633,4.194999999999999,0.7670307731092377,-1.0364642826224373,0.16653754553823397,,True,False,True,False,True,False,True
2026-03-06,菜心,3.4,3.0,3.8,1,,0.23636363636363633,2.881666666666667,0.479670025468898,1.080603969002733,0.14892599390082467,,True,False,True,False,True,False,True
2026-02-28,红薯,1.85,1.1,2.8,2,冀,0.2333333333333334,1.5083333333333335,0.06510380747027329,5.248028954722398,0.06236095644623237,冀,False,True,True,False,False,False,True
2026-05-18,菜心,1.85,1.5,2.2,1,,0.2333333333333334,1.9116666666666666,0.43324822329526796,-0.1423356481363788,0.13848398505373408,,True,False,True,False,True,False,True
2026-08-11,油菜,2.25,1.8,3.0,2,冀京,0.23287671232876717,1.5883333333333334,0.326405008976665,2.02713392402005,0.149016415237689,冀京,False,False,True,False,False,False,True
2026-06-03,苦菊,2.8,2.3,3.5,2,辽冀,0.23076923076923084,2.13,0.2785739547693837,2.405106394654363,0.1475422050868649,辽冀,False,False,True,False,False,False,True
2026-05-23,扁豆,4.0,3.0,5.0,1,辽鲁,0.23076923076923084,3.0716666666666668,0.33184004594375854,2.7975325602825842,0.07714611255657755,辽鲁,False,False,True,False,False,False,True
2026-04-26,小白菜,0.8,0.7,0.9,1,冀鲁,0.23076923076923084,1.1191666666666669,0.28509551736740313,-1.1195078393861806,0.39225157009266115,冀鲁,False,False,True,False,False,False,True
2026-05-19,茼蒿,4.0,3.5,4.5,1,,0.23076923076923084,3.5649999999999995,0.9355203235964834,0.46498188123556833,0.17459063555637638,,True,False,True,False,True,False,True
2026-03-11,苦瓜,4.0,3.5,4.5,1,鲁,0.23076923076923084,3.7216666666666662,1.01103253241881,0.27529611996504677,0.15172762139344134,鲁,False,False,True,False,False,False,True
2026-05-07,荆芥,4.0,3.5,4.5,1,,0.23076923076923084,3.808333333333333,0.5320881657130954,0.36021599241884755,0.10287726914537258,,True,False,True,False,True,False,True
2026-08-04,荆芥,4.0,3.5,4.5,1,,0.23076923076923084,3.565,0.5817853022645088,0.7476985037381149,0.1832360426351381,,True,False,True,False,True,False,True
2026-03-23,苦菊,2.95,2.3,4.0,2,辽冀,0.22916666666666674,3.1458333333333335,0.2464474600695038,-0.7946250826772726,0.08614664492064167,辽冀,False,False,True,False,False,False,True
2026-06-15,苦菊,2.95,2.3,3.8,2,辽冀,0.22916666666666674,2.6174999999999997,0.7943808584525792,0.4185649697648765,0.14414186017687758,辽冀,False,False,True,False,False,False,True
2026-04-27,苦菊,2.95,2.3,4.0,2,辽冀,0.22916666666666674,2.3991666666666664,0.33640360440617284,1.6374180481974236,0.14155299407030475,辽冀,False,False,True,False,False,False,True
2026-05-28,大白菜,0.43,0.4,0.45,1,冀,0.22857142857142865,0.36166666666666664,0.047856346340458746,1.4278844617012256,0.19533418253042517,冀,False,False,True,False,False,False,True
2026-05-23,黄瓜,1.075,0.9,1.4,2,冀/辽冀鲁,0.22857142857142843,0.8508333333333333,0.13039782189136703,1.7190982442438139,0.09163968332061385,冀/辽冀鲁,False,False,True,False,False,False,True
2026-04-20,蒿子秆,2.15,1.8,2.5,1,,0.22857142857142843,2.6883333333333335,0.5823086237841002,-0.9244811279541153,0.13624526507343715,,True,False,True,False,True,False,True
2026-07-20,樱桃萝卜,4.3,4.0,4.6,1,,0.22857142857142843,2.521666666666667,0.8482927411646555,2.0963675003180944,0.19107722705073293,,True,False,True,False,True,False,True
2026-05-25,苦菊,2.15,1.6,3.0,2,辽冀,0.22857142857142843,2.2625,0.3539646144402786,-0.3178283800427215,0.11321631492804798,辽冀,False,False,True,False,False,False,True
2026-07-10,白豆,2.15,1.5,2.8,1,蒙冀,0.22857142857142843,2.705,0.654605698638237,-0.8478386319498217,0.11515782282670993,蒙冀,False,False,True,False,False,False,True
2026-02-12,罗马生菜,2.15,2.0,2.3,1,云,0.22857142857142843,1.7816666666666665,0.16000179596693184,2.3020574932137525,0.061983171915659586,云,False,False,True,False,False,False,True
2026-07-10,空心菜,2.15,1.8,2.5,1,,0.22857142857142843,2.5166666666666666,0.5329380719236981,-0.6880098945514314,0.15138766149487756,,True,False,True,False,True,False,True
2026-08-09,丝瓜,1.75,1.5,2.0,2,冀/豫冀,0.22807017543859653,1.9024999999999999,0.6782123434136313,-0.2248558308927628,0.11590795138903663,冀/豫冀,False,False,True,False,False,False,True
2026-07-17,散叶生菜,1.35,1.2,1.5,1,冀,0.2272727272727273,1.1700000000000002,0.1079591238098685,1.667297710909601,0.06074119134373289,冀,False,False,True,False,False,False,True
2026-04-23,花生,5.4,4.3,6.5,1,苏鲁海,0.2272727272727273,4.343333333333334,0.25316388767553477,4.173844367649046,0.06162996655192614,苏鲁,True,True,True,False,True,False,True
2026-03-12,油麦菜,3.375,3.0,4.0,2,鲁京冀,0.2272727272727273,2.6370999999999998,0.283602240884099,2.601883531313707,0.10558124153442705,鲁京冀,False,False,True,False,False,False,True
2026-03-02,心里美,1.35,1.2,1.5,1,冀,0.2272727272727273,1.1083333333333334,0.045643546458763846,5.294651389216606,0.06074119134373282,冀,False,True,True,False,False,False,True
2026-01-17,油菜,1.35,1.2,1.5,1,鲁京皖,0.2272727272727273,1.0926470588235293,0.10888809690254868,2.3634625684274133,0.06991350425179202,鲁京皖苏川,True,False,True,False,True,False,True
2026-04-02,蒿子秆,3.25,2.5,4.0,1,,0.2264150943396226,3.0261,0.5533457078660612,0.4046295052390568,0.11599132391322775,,True,False,True,False,True,False,True
2026-07-15,空心菜,3.25,3.0,3.5,1,,0.2264150943396226,2.4683333333333333,0.4671046794982867,1.6734293210383773,0.16668764598291794,,True,False,True,False,True,False,True
2026-04-12,豇豆,3.25,3.0,3.5,1,海,0.2264150943396226,4.846666666666667,0.9134939870452435,-1.747867735650007,0.12479868904091854,海,False,False,True,False,False,False,True
2026-06-01,樱桃萝卜,3.55,3.3,3.8,1,,0.22413793103448265,2.101666666666667,0.49610262657232324,2.9194228285791803,0.11541936351953179,,True,False,True,False,True,False,True
2026-05-24,苦瓜,2.75,2.5,3.0,1,鲁,0.22222222222222232,2.328333333333333,0.4866641080077556,0.8664429115038561,0.16631074265468027,鲁,False,False,True,False,False,False,True
2026-07-25,茴香,2.75,2.5,3.0,1,冀,0.22222222222222232,2.003333333333333,0.7709078093875541,0.9685550691980337,0.24044735511143003,冀,False,False,True,False,False,False,True
2026-06-29,香菜,2.75,2.5,3.0,1,冀蒙,0.22222222222222232,2.775,0.719524507741991,-0.0347451681367391,0.104789138677952,冀蒙,False,False,True,False,False,False,True
2026-06-08,奶白菜,2.75,2.5,3.0,1,,0.22222222222222232,2.405,0.3639699684466191,0.9478804019804697,0.095602089520391,,True,False,True,False,True,False,True
2026-06-04,美人椒,5.5,5.0,6.0,1,鲁闽,0.22222222222222232,5.116666666666666,0.925531844618189,0.414176276659039,0.059391387091649914,鲁闽,False,False,True,False,False,False,True
2026-06-25,茴香,2.75,2.5,3.0,1,冀,0.22222222222222232,2.1166666666666667,0.7301786901438816,0.8673675935523879,0.16540547644702513,冀,False,False,True,False,False,False,True
2026-06-28,扁豆,2.75,2.0,3.5,1,冀晋,0.22222222222222232,3.646666666666667,1.1890979871265894,-0.7540729833656755,0.11787178596447924,冀晋,False,False,True,False,False,False,True
2026-07-20,豇豆,2.75,2.0,3.5,1,鲁冀,0.22222222222222232,1.75,0.4743416490252556,2.1081851067789255,0.3953894792871407,鲁冀,False,False,True,False,False,False,True
2026-04-29,快菜,0.55,0.5,0.6,1,,0.22222222222222232,0.8683333333333333,0.24476707200975759,-1.3005562011243201,0.23820979387974495,,True,False,True,False,True,False,True
2026-07-21,螺丝椒,2.75,2.0,3.5,1,鲁冀,0.22222222222222232,2.558333333333333,0.34543409305349,0.5548574113586048,0.07223865690720509,鲁冀,False,False,True,False,False,False,True
2026-03-11,团生菜,2.75,2.5,3.0,1,冀云,0.22222222222222232,2.1766666666666667,0.6424271504833531,0.8924487903445011,0.11313347672823545,冀云,False,False,True,False,False,False,True
2026-05-11,苦菊,2.2,1.7,3.0,2,辽冀,0.22222222222222232,2.4833333333333334,0.34804461994298713,-0.8140718663593932,0.1488326748649401,辽冀,False,False,True,False,False,False,True
2026-02-15,茴香,5.5,5.0,6.0,1,冀,0.22222222222222232,3.29,0.7262800827646935,3.042903216603855,0.13403969419144743,冀,False,True,True,False,False,False,True
2026-08-10,白萝卜,0.55,0.5,0.6,1,冀陕,0.22222222222222232,0.5113333333333334,0.06279322022119163,0.615777730947095,0.08369677065333105,冀陕,False,False,True,False,False,False,True
2026-04-20,奶白菜,2.75,2.5,3.0,1,,0.22222222222222232,3.8266666666666667,1.097703977850361,-0.9808351690362899,0.10457960866212708,,True,False,True,False,True,False,True
2026-06-08,水萝卜,2.75,2.5,3.0,1,,0.22222222222222232,1.3158333333333334,0.566198885693811,2.5329733118588917,0.5248226100684429,,True,False,True,False,True,False,True
2026-01-16,美人椒,16.5,16.0,17.0,1,鲁,0.22222222222222232,12.625,1.3102162671355704,2.9575270107671825,0.06356436745283453,鲁,False,False,True,False,False,False,True
2026-06-19,空心菜,2.75,2.5,3.0,1,,0.22222222222222232,2.6600000000000006,0.4325944186353823,0.20804706700540457,0.15318560785336074,,True,False,True,False,True,False,True
2026-08-09,油麦菜,2.75,2.5,3.0,1,京冀,0.22222222222222232,2.6708333333333334,0.6030126711846092,0.13128524565021973,0.16365518532303003,京冀,False,False,True,False,False,False,True
2026-07-20,凉瓜,8.25,8.0,8.5,1,,0.22222222222222232,9.039473684210526,1.9243742812324762,-0.4102495506772741,0.09524461090669283,,True,False,True,False,True,False,True
2026-04-01,平菇,2.75,2.5,3.0,1,京,0.22222222222222232,2.566666666666667,0.30747394992918936,0.5962564743307667,0.07957771291774134,京,False,False,True,False,False,False,True
2026-03-04,扁豆,5.5,3.5,7.5,1,云鲁,0.22222222222222232,5.171666666666667,0.4990824915115078,0.6578738763985722,0.07703929225095248,云,True,False,True,False,True,False,True
2026-03-09,菊花菜,5.5,5.0,6.0,1,,0.22222222222222232,4.28,0.4566746370644332,2.6714862201289,0.0732172771690628,,True,False,True,False,True,False,True
2026-08-02,韭菜,1.65,1.5,1.8,1,冀,0.2222222222222221,1.5599999999999998,0.26954623427862495,0.33389448100012686,0.12831099961368322,冀,False,False,True,False,False,False,True
2026-07-20,油菜,1.525,1.0,1.8,2,冀京,0.21999999999999997,0.99,0.28013235787933305,1.9098115049974023,0.3000994702209628,冀京,False,False,True,False,False,False,True
2026-04-30,番杏,12.5,12.0,13.0,1,,0.2195121951219512,,,,0.11621155215877758,,True,False,True,False,True,False,True
2026-03-02,黄心菜,3.35,3.2,3.5,1,,0.21818181818181825,2.26,0.2963571936142206,3.677994067587557,0.10089870518436594,,True,True,True,False,True,True,True
2026-06-22,茼蒿,7.0,6.5,7.5,1,,0.21739130434782616,5.375,1.3417532277352393,1.2111019868704591,0.08537714799528745,,True,False,True,False,True,False,True
2026-06-11,心里美,1.4,1.3,1.5,1,冀,0.21739130434782616,1.2216666666666667,0.05825528440338793,3.0612387384201316,0.06343419790298455,冀,False,True,True,False,False,False,True
2026-03-02,木耳菜,7.0,6.5,7.5,1,,0.21739130434782616,7.290000000000001,0.9059572951798868,-0.32010338847419795,0.06842089376978408,,True,False,True,False,True,False,True
2026-06-05,韭菜,1.4,1.0,1.8,1,冀,0.21739130434782616,1.13,0.13809042514683267,1.9552405585898285,0.05810026998096189,冀,False,False,True,False,False,False,True
2026-08-10,板栗南瓜,1.4,1.3,1.5,1,蒙桂,0.21739130434782616,1.1433333333333333,0.06260623155799067,4.099698389111991,0.05810026998096184,蒙桂,False,True,True,False,False,False,True
2026-07-17,罗马生菜,1.4,1.3,1.5,1,京冀,0.21739130434782616,1.1683333333333332,0.05942734383599202,3.898317705499709,0.06657862720272498,京冀,False,True,True,False,False,False,True
2026-07-18,豇豆,2.25,1.8,2.7,1,鲁冀,0.21621621621621623,1.7066666666666666,0.42522475463456,1.2777556513620107,0.4027617591526486,鲁冀,False,False,True,False,False,False,True
2026-05-12,鸡毛菜,2.25,2.0,2.5,1,,0.21621621621621623,2.6566666666666667,0.45328938258889323,-0.8971458019688263,0.12309050193568295,,True,False,True,False,True,False,True
2026-07-22,鸡毛菜,9.0,8.5,9.5,1,,0.21621621621621623,4.051666666666667,2.2242969960049805,2.224672938110758,0.2120943524744569,,True,False,True,False,True,False,True
2026-03-26,盖菜,1.7,1.3,2.1,1,,0.2142857142857144,2.623333333333333,0.5864465365486307,-1.5744544059674337,0.09652132795374703,,True,False,True,False,True,False,True
2026-05-21,大葱,1.7,1.6,1.8,1,鲁,0.2142857142857144,0.965,0.26364487609216675,2.787841018928256,0.06139418321940201,鲁,False,False,True,False,False,True,True
2026-02-02,青蒜,2.975,2.3,4.0,2,豫鲁川,0.2142857142857142,3.0091666666666663,0.3166012485362507,-0.10791703072754676,0.1007557017677043,豫鲁川,False,False,True,False,False,False,True
2026-08-10,丝瓜,2.125,1.5,2.5,2,冀/豫冀,0.2142857142857142,1.9291666666666667,0.6704052857238118,0.2921118575637412,0.10953613171944786,冀/豫冀,False,False,True,False,False,False,True
2026-03-17,鸡毛菜,4.25,4.0,4.5,1,,0.2142857142857142,3.6116666666666664,0.5341256686258946,1.1950995258766095,0.08562434062983375,,True,False,True,False,True,False,True
2026-02-15,韭菜,4.25,3.5,5.0,1,冀粤,0.2142857142857142,3.0983333333333336,0.37725947654588937,3.0527176605637343,0.11659572629999027,冀粤,False,True,True,False,False,False,True
2026-03-09,黄心菜,4.85,4.5,5.2,1,,0.2124999999999999,2.5683333333333334,0.7367780900807166,3.0968166635040704,0.10769154935123551,,True,True,True,False,True,True,True
2026-08-09,散叶生菜,2.0,1.8,2.2,1,冀,0.21212121212121215,1.341666666666667,0.17766848891692608,3.705402895845843,0.06601780175676282,冀,False,True,True,False,False,False,True
2026-05-25,鸡毛菜,4.0,3.5,4.5,1,,0.21212121212121215,2.675,0.48756078312491774,2.7176098772909767,0.18440789288284798,,True,False,True,False,True,False,True
2026-07-04,扁豆,3.15,2.5,3.8,1,冀晋,0.21153846153846145,3.0533333333333337,0.8312779249479367,0.11628682028663338,0.12176063050178745,冀晋,False,False,True,False,False,False,True
2026-08-09,香菜,5.75,5.5,6.0,1,冀蒙,0.21052631578947367,3.966666666666667,0.6556562037159708,2.71992139054917,0.13497558326769685,冀蒙,False,False,True,False,False,False,True
2026-06-19,南北瓜,1.15,1.1,1.2,1,桂云川,0.21052631578947367,0.9116666666666667,0.04676303678327639,5.096617964267176,0.057076627173196344,桂海,True,True,True,False,True,True,True
2026-02-10,紫菜头,5.75,5.5,6.0,1,,0.21052631578947367,,,,,,True,False,True,False,True,False,True
2026-02-26,韭菜,2.3,1.8,2.8,1,冀粤,0.21052631578947367,3.033333333333333,0.54335060969642,-1.3496503367191586,0.19721744610381384,冀粤,False,False,True,False,False,False,True
2026-01-07,扁豆,5.75,4.5,7.0,1,云,0.21052631578947367,,,,,云,False,False,True,False,False,False,True
2026-06-20,扁豆,2.6,1.9,3.3,1,冀晋,0.2093023255813955,4.1,1.043617713070492,-1.437307915737418,0.09411352586853033,冀晋,False,False,True,False,False,False,True
2026-06-22,鸡毛菜,2.6,2.2,3.0,1,,0.2093023255813955,3.5416666666666665,1.4279889001146246,-0.6594355646539541,0.12860336108646367,,True,False,True,False,True,False,True
2026-05-19,西葫芦,1.3,1.0,1.6,2,鲁,0.2093023255813955,0.9949999999999999,0.06207614900958713,4.91332025047004,0.05779651582721391,鲁,False,True,True,False,False,False,True
2026-04-26,苦瓜,2.9,2.8,3.0,1,鲁,0.20833333333333326,2.5450000000000004,0.3414850933284109,1.0395768568983805,0.05714047232508308,鲁,False,False,True,False,False,False,True
2026-08-11,绿菜花,1.45,1.2,1.7,1,冀,0.20833333333333326,1.375,0.12370013798671131,0.60630490168133,0.06081906466596836,冀,False,False,True,False,False,False,True
2026-05-18,苦菊,2.175,1.7,3.0,2,辽冀,0.20833333333333326,2.3983333333333334,0.3750249033876459,-0.5955160079129046,0.1144524298065711,辽冀,False,False,True,False,False,False,True
2026-06-09,豆王,4.65,3.5,5.8,1,辽鲁甘,0.20779220779220786,4.06,0.5730138109908006,1.0296435944184823,0.07518007374607556,辽鲁甘,False,False,True,False,False,False,True
2026-04-14,盖菜,1.75,1.5,2.0,1,,0.2068965517241379,1.8949999999999998,0.5593022130451847,-0.25925161141510733,0.15036224133371912,,True,False,True,False,True,False,True
2026-08-10,白豆,3.5,2.5,4.5,1,蒙冀,0.2068965517241379,2.9566666666666666,0.6036859958697022,0.9000263995698269,0.09453487021703676,蒙冀,False,False,True,False,False,False,True
2026-05-25,白豆,3.8,3.5,4.1,1,辽鲁,0.20634920634920628,3.0149999999999997,0.21501804254687332,3.650856415125593,0.0692872472134511,辽鲁,False,True,True,False,False,False,True
2026-06-14,西芹,2.05,1.9,2.2,1,辽,0.2058823529411764,1.7116666666666667,0.06390096504226592,5.29465138921689,0.05502437333491088,辽,False,True,True,False,False,False,True
2026-04-09,油菜,1.025,0.8,1.3,2,鲁京皖,0.2058823529411764,0.8533333333333334,0.09161701894801062,1.8737421129591785,0.12131060076379309,鲁京皖,False,False,True,False,False,False,True
2026-07-20,甜豆,10.25,10.0,10.5,1,,0.2058823529411764,10.907894736842104,1.004194419795558,-0.6551467762348689,0.09433863828624588,,True,False,True,False,True,False,True
2026-01-02,菜心,2.65,2.3,3.0,1,,0.20454545454545436,,,,,,True,False,True,False,True,False,True
2026-05-18,香芹,2.65,2.3,3.0,1,,0.20454545454545436,2.3733333333333335,0.1695497756907431,1.6317725313379554,0.11013500192674634,,True,False,True,False,True,False,True
2026-04-07,菠菜,1.925,0.7,3.0,2,冀,0.203125,1.72,0.4658788506127803,0.44002856049455613,0.32540153225279594,冀,False,False,True,False,False,False,True
2026-03-11,豆王,6.85,5.5,8.2,1,云鲁,0.20175438596491224,4.840000000000001,0.9113650239594172,2.2054829263334814,0.12124141578544974,云鲁,False,False,True,False,False,False,True
2026-02-13,散叶生菜,2.7,2.5,2.9,1,冀辽,0.20000000000000018,2.566666666666667,0.25438679933943287,0.5241362117828459,0.07495344118378473,冀辽,False,False,True,False,False,False,True
2026-06-26,西葫芦,1.35,1.0,2.0,2,鲁冀晋,0.20000000000000018,1.4266666666666665,0.2689325429242014,-0.28507768466040545,0.0886359462803257,鲁冀晋,False,False,True,False,False,False,True
2026-04-21,油麦菜,1.35,1.0,2.2,2,鲁京冀,0.20000000000000018,1.23,0.42722036629743204,0.28088548549311376,0.13162377784668075,鲁京冀,False,False,True,False,False,False,True
2026-06-04,香芹,3.0,2.5,3.5,1,,0.19999999999999996,2.425,0.17750667787341112,3.2393147507952427,0.09929370844291989,,True,True,True,False,True,False,True
2026-06-05,圆白菜,0.6,0.5,0.7,1,冀,0.19999999999999996,0.4623333333333333,0.050697434698962394,2.715456264880484,0.13550033028067804,冀,False,False,True,False,False,False,True
2026-06-03,圆白菜,0.6,0.4,0.8,1,冀,0.19999999999999996,0.46066666666666667,0.04667815950431984,2.984979159695418,0.11528283452433527,冀,False,False,True,False,False,False,True
2026-06-22,豇豆,2.1,1.7,2.5,1,鲁冀,0.19999999999999996,2.728333333333333,0.5103554091788967,-1.2311681664043677,0.11720438672003103,鲁冀,False,False,True,False,False,False,True
2026-06-07,团生菜,1.5,1.2,1.8,1,冀京,0.19999999999999996,1.1566666666666665,0.2132399220779603,1.6100799980962812,0.06255071949651174,冀京,False,False,True,False,False,False,True
2026-08-05,盖菜,2.4,1.8,3.0,1,,0.19999999999999996,2.1116666666666664,0.6752628266515721,0.426994233879411,0.10524925702028541,,True,False,True,False,True,False,True
2026-05-11,菜心,1.5,1.3,1.7,1,,0.19999999999999996,1.9849999999999999,0.4104560121755254,-1.1816126103973277,0.14153465081913758,,True,False,True,False,True,False,True
2026-01-18,罗马生菜,2.1,2.0,2.2,1,云,0.19999999999999996,1.7083333333333333,0.11408201384246758,3.4332026011348953,0.05816518419299769,云,False,True,True,False,False,False,True
2026-05-18,穿心莲,3.0,2.5,3.5,1,,0.19999999999999996,2.83,0.29172495312515173,0.5827406883739181,0.18708686512830316,,True,False,True,False,True,False,True
2026-04-23,青萝卜,1.5,1.0,2.0,1,津鲁,0.19999999999999996,1.3733333333333335,0.22542424881548184,0.5619034657196434,0.053452248382484864,津鲁,False,False,True,False,False,False,True
2026-07-26,茄子,1.2,0.7,1.7,1,冀津京,0.19999999999999996,0.8770000000000001,0.1392628375807253,2.3193552968699866,0.059504860568319856,冀津京,False,False,True,False,False,False,True
2026-06-06,散叶生菜,2.1,2.0,2.2,1,冀,0.19999999999999996,1.43,0.7551661155460871,0.8872220114318816,0.24823314630644908,冀,False,False,True,False,False,False,True
2026-07-31,冰草,7.5,7.0,8.0,1,,0.19999999999999996,6.4,0.8247806726001385,1.3336878961193723,0.11056361252911776,,True,False,True,False,True,False,True
2026-07-20,苦菊,3.75,2.2,5.3,3,冀/辽,0.19999999999999996,2.858633333333333,0.8798719923878138,1.013064030197914,0.1408404955728283,冀/辽,False,False,True,False,False,False,True
2026-07-12,油菜,0.6,0.5,0.7,1,冀京,0.19999999999999996,0.8891666666666667,0.21801250886815846,-1.326376491733959,0.35033837325925626,冀京,False,False,True,False,False,False,True
2026-01-18,西葫芦,3.0,2.5,3.5,2,鲁,0.19999999999999996,2.3944444444444444,0.1933747420157896,3.1315131916561794,0.06420851142456602,鲁,False,True,True,False,False,False,True
2026-06-16,螺丝椒,3.0,2.5,3.5,1,鲁冀,0.19999999999999996,2.6,0.20341905108626512,1.9663841605001369,0.05345224838248486,鲁冀,False,False,True,False,False,False,True
2026-07-19,香菜,4.5,4.0,5.0,1,冀辽,0.19999999999999996,2.8633333333333337,0.5664367349604179,2.8894077054890075,0.09285883570137012,冀辽,False,False,True,False,False,False,True
2026-08-04,西葫芦,1.2,0.8,1.8,2,冀,0.19999999999999996,1.395,0.24551142960963115,-0.7942603743950112,0.08236842088608985,冀,False,False,True,False,False,False,True
2026-04-20,荆芥,4.5,4.0,5.0,1,,0.19999999999999996,4.841666666666667,1.308927129325784,-0.26102802746754594,0.059840601271121896,,True,False,True,False,True,False,True
2026-08-07,油豆,3.6,3.0,4.2,1,冀辽,0.19999999999999996,4.0216666666666665,0.7126545002886189,-0.5916845631310755,0.106883577275875,冀辽,False,False,True,False,False,False,True
2026-02-13,青萝卜,2.4,1.8,3.0,1,津鲁,0.19999999999999996,1.93,0.09523111632886347,4.935361656130753,0.054215607863492915,津鲁,False,True,True,False,False,True,True
2026-01-09,荠菜,9.0,8.5,9.5,1,,0.19999999999999996,,,,,,True,False,True,False,True,False,True
2026-05-20,架豆,3.3,2.9,3.7,1,鲁,0.19999999999999996,3.3533333333333335,0.4317033890207082,-0.12354161373232896,0.07097404755630324,鲁,False,False,True,False,False,False,True
2026-06-28,瓠子,0.9,0.5,1.3,1,冀,0.19999999999999996,1.0733333333333335,0.3507954835290328,-0.4941150655350097,0.1571460057456361,冀,False,False,True,False,False,False,True
2026-07-07,茼蒿,6.0,5.5,6.5,1,,0.19999999999999996,6.251666666666666,0.9772836503970258,-0.25751650154428074,0.13978211855459619,,True,False,True,False,True,False,True
2026-08-03,穿心莲,3.0,2.5,3.5,1,,0.19999999999999996,2.7866666666666666,0.2648790658776951,0.8053989945428063,0.0979178576842485,,True,False,True,False,True,False,True
2026-01-12,苦菊,4.075,3.3,5.0,2,辽冀,0.19852941176470607,,,,0.10609500108539388,辽冀,False,False,True,False,False,False,True
2026-01-24,小黄瓜,5.9,5.3,6.5,2,辽鲁,0.19796954314720816,5.285416666666667,0.47747733082239147,1.2871466217564604,0.07900069756539517,辽鲁,False,False,True,False,False,False,True
2026-05-06,水萝卜,1.525,0.7,2.3,2,冀,0.196078431372549,1.3416666666666666,0.29297326385410527,0.6257681363874542,0.22032294435518332,冀,False,False,True,False,False,False,True
2026-03-12,长茄,2.45,2.3,2.6,1,辽,0.19512195121951237,2.3733333333333335,0.5098568651969955,0.15036899941916962,0.05473009134887488,辽,False,False,True,False,False,False,True
2026-01-30,小葱,4.9,4.8,5.0,1,冀辽,0.19512195121951237,3.8899999999999997,0.28235463150271617,3.577061918994181,0.05950479122320005,冀辽,False,True,True,False,False,False,True
2026-04-29,冬瓜,0.705,0.55,0.9,2,桂海/海桂,0.19491525423728806,0.6525,0.03966997474856651,1.3234190425567915,0.059330005461382625,桂海/海桂,False,False,True,False,False,False,True
2026-07-12,苦菊,4.3,4.2,4.4,1,辽冀,0.19444444444444442,2.5225,0.4825556069440062,3.6835133079414284,0.1226285213196519,辽冀,False,True,True,False,False,False,True
2026-05-19,丝瓜,2.0,1.5,2.5,2,冀/豫冀,0.19402985074626855,2.2408333333333332,0.32059234866567954,-0.7512136029936238,0.11763632923576177,冀/豫冀,False,False,True,False,False,False,True
2026-06-10,香椿,18.5,18.0,19.0,1,,0.19354838709677424,27.766666666666666,12.930952161752197,-0.7166267843814368,0.15773615404993188,,True,False,True,False,True,False,True
2026-04-07,尖椒,3.4,2.8,4.0,1,辽鲁粤闽,0.1929824561403508,2.8299999999999996,0.2061970935278221,2.7643454631095,0.05519353295219935,辽鲁粤闽,False,False,True,False,False,False,True
2026-07-27,菠菜,3.875,2.5,5.5,2,蒙,0.1923076923076923,3.1125,0.7219391391867175,1.056183213530957,0.15020392162616678,蒙,False,False,True,False,False,False,True
2026-07-11,青蒜,4.5,4.3,4.7,1,甘,0.19205298013245042,3.685833333333333,0.30176801815568294,2.697988579580478,0.0868750633003153,甘,False,False,True,False,False,False,True
2026-02-10,韭黄,12.5,12.0,13.0,1,,0.19047619047619047,,,,,,True,False,True,False,True,False,True
2026-04-20,冰草,6.25,6.0,6.5,1,,0.19047619047619047,,,,0.09845575380733836,,True,False,True,False,True,False,True
2026-07-14,蒜黄,6.25,6.0,6.5,1,冀,0.19047619047619047,4.75,0.32163376045134695,4.663689526544284,0.05623730135056031,冀,False,True,True,False,False,False,True
2026-04-09,白豆,5.0,4.5,5.5,1,云鲁,0.19047619047619047,5.478333333333334,0.6541226465897716,-0.7312593988712911,0.07094639643850238,云鲁,False,False,True,False,False,False,True
2026-05-31,荷兰豆,12.5,12.0,13.0,1,,0.19047619047619047,,,,0.11837266521546104,,True,False,True,False,True,False,True
2026-07-20,银芽,6.25,6.0,6.5,1,,0.19047619047619047,6.118421052631579,0.723458231597027,0.18187497442383369,0.08090582344972388,,True,False,True,False,True,False,True
2026-06-08,苦菊,4.225,3.6,5.0,2,辽冀,0.1901408450704225,2.330833333333333,0.6215138405723414,3.047666106554218,0.13212393465933003,辽冀,False,True,True,False,False,True,True
2026-07-20,兰花,34.5,34.0,35.0,1,,0.18965517241379315,17.342105263157894,6.130077558823623,2.7989686218806584,0.27013853280128264,,True,False,True,False,True,False,True
2026-06-22,黄心菜,4.4,4.0,4.8,1,,0.18918918918918926,2.7533333333333334,0.7445124918862772,2.21173813013495,0.06997131957656127,,True,False,True,False,True,False,True
2026-07-17,油菜,1.575,1.0,2.5,2,冀京,0.18867924528301883,0.9508333333333333,0.2642069569332994,2.3624157134675348,0.39322377957173116,冀京,False,False,True,False,False,False,True
2026-02-13,莲藕,4.75,4.5,5.0,1,津,0.1875,3.231666666666667,0.3260218242465639,4.657152437086689,0.08459427459757805,津,False,True,True,False,False,False,True
2026-05-20,茼蒿,4.75,4.5,5.0,1,,0.1875,3.5649999999999995,0.9355203235964834,1.2666747799175817,0.17929191165668545,,True,False,True,False,True,False,True
2026-06-29,苦菊,2.375,1.9,3.0,2,辽冀,0.1875,2.815,0.6835379564669614,-0.6437096811335118,0.09376171428184796,辽冀,False,False,True,False,False,False,True
2026-05-26,毛冬瓜,0.95,0.9,1.0,1,冀鲁,0.18749999999999978,1.05,0.21853745832158156,-0.45758745785744614,0.10034248520528144,冀鲁,False,False,True,False,False,False,True
2026-07-20,娃娃菜,0.95,0.9,1.0,1,冀,0.18749999999999978,0.8366666666666667,0.05713464637234269,1.983618356447811,0.07094773024281098,冀,False,False,True,False,False,False,True
2026-06-09,西葫芦,1.9,1.5,2.4,2,鲁,0.18749999999999978,1.4466666666666665,0.32308676461790176,1.4031318610945502,0.09094153481803234,鲁,False,False,True,False,False,False,True
2026-04-20,樱桃萝卜,1.9,1.8,2.0,1,,0.18749999999999978,2.3216666666666668,0.3685206524258457,-1.1442144799510667,0.13994214602837163,,True,False,True,False,True,False,True
2026-06-19,紫甘蓝,0.95,0.9,1.0,1,冀,0.18749999999999978,0.8483333333333333,0.060860685080813645,1.6704817984166456,0.050111482858579505,冀,False,False,True,False,False,False,True
2026-05-04,樱桃萝卜,1.9,1.8,2.0,1,,0.18749999999999978,2.0366666666666666,0.3941235001028711,-0.34676101940380366,0.08326495994927352,,True,False,True,False,True,False,True
2026-06-08,娃娃菜,0.95,0.9,1.0,1,冀,0.18749999999999978,0.6666666666666666,0.07466399831029194,3.794778470821294,0.0710887855087409,冀,False,True,True,False,False,False,True
2026-07-20,黄瓜,2.7,1.5,3.8,2,冀/辽冀鲁,0.18681318681318704,1.4183333333333334,0.629515869446553,2.0359560876415403,0.16968515745461246,冀/辽冀鲁,False,False,True,False,False,False,True
2026-03-16,玉米,1.75,1.5,2.0,2,海,0.18644067796610164,1.7375,0.1319204959109006,0.09475404040659825,0.06054529580902027,海,False,False,True,False,False,False,True
2026-06-28,大蒜,3.5,2.0,6.0,2,豫苏鲁,0.18644067796610164,2.8483333333333336,0.2175424387186918,2.9955840823746063,0.05031956861473965,豫苏鲁,False,False,True,False,False,False,True
2026-07-24,番茄,1.7,1.2,2.3,3,冀京/冀京蒙/蒙冀,0.18632240055826932,1.4498666666666666,0.050553306337069594,4.947912440494841,0.05288708393904165,冀京/冀京蒙/蒙冀,False,True,True,False,False,False,True
2026-01-26,青蒜,3.025,2.3,4.0,2,豫鲁川,0.18627450980392157,3.0999999999999996,0.35749125863438974,-0.2097953395741714,0.08462681613542411,豫鲁川,False,False,True,False,False,False,True
2026-06-03,油菜,1.6,1.0,2.5,2,冀京,0.18518518518518512,0.9191666666666667,0.2106725001011073,3.231714310157156,0.24642628371566885,冀京,False,True,True,False,False,True,True
2026-07-13,韭菜,1.6,1.2,2.0,1,冀,0.18518518518518512,1.4983333333333335,0.13801757342710547,0.736621171798548,0.051120700331703794,冀,False,False,True,False,False,False,True
2026-06-27,散菜花,2.25,1.7,2.8,2,冀,0.1842105263157896,1.7049999999999998,0.24197463531935084,2.2523021856432415,0.08437083375393478,冀,False,False,True,False,False,False,True
2026-07-22,苦瓜,2.25,2.0,2.5,1,鲁,0.1842105263157896,1.5766666666666667,0.3266162288061244,2.0615427953306513,0.0994514864184285,鲁,False,False,True,False,False,False,True
2026-07-28,罗马生菜,2.25,2.0,2.5,1,冀,0.1842105263157896,1.2983333333333333,0.24547046080218288,3.876909113857026,0.11839853762301884,冀,False,True,True,False,False,False,True
2026-07-20,鱼腥草根,11.25,11.0,11.5,1,,0.18421052631578938,8.973684210526315,0.7114867885578746,3.1993788585837137,0.08088041087087698,,True,True,True,False,True,False,True
2026-03-14,茴香,3.25,3.0,3.5,1,冀,0.18181818181818188,3.4133333333333336,1.060817294982191,-0.15396933487596995,0.1752099463996693,冀,False,False,True,False,False,False,True
2026-07-24,线椒,3.25,2.5,4.0,1,鲁冀,0.18181818181818188,2.7416666666666667,0.22247949666606112,2.2848547436995292,0.05362611866463332,鲁冀,False,False,True,False,False,False,True
2026-01-29,彩椒,6.5,6.0,7.0,1,鲁闽,0.18181818181818188,5.603448275862069,0.4356708772691749,2.0578647114482362,0.048592953074986275,鲁闽,False,False,True,False,False,False,True
2026-03-03,平菇,3.25,3.0,3.5,1,京,0.18181818181818188,2.955,0.4476663628348606,0.6589728969849412,0.10800348140271157,京,False,False,True,False,False,False,True
2026-02-04,茴香,3.25,3.0,3.5,1,冀,0.18181818181818188,3.1533333333333333,0.3769051223641941,0.25647480209425244,0.06818208271143333,冀,False,False,True,False,False,False,True
2026-07-30,茴香,3.25,3.0,3.5,1,冀,0.18181818181818188,2.02,0.7927037973573939,1.5516514543015985,0.2414608271924923,冀,False,False,True,False,False,False,True
2026-03-28,苦瓜,3.25,3.0,3.5,1,鲁,0.18181818181818188,3.175,0.5653424351360098,0.13266295848100756,0.06950643827922601,鲁,False,False,True,False,False,False,True
2026-06-15,木耳菜,3.25,3.0,3.5,1,,0.18181818181818188,2.835,0.3528577910286848,1.1761111998977047,0.09262038547344251,,True,False,True,False,True,False,True
2026-02-28,丝瓜,3.25,3.0,3.5,1,豫冀,0.18181818181818188,4.2,0.6446062684921005,-1.4737678586686631,0.10990958485566693,豫冀,False,False,True,False,False,False,True
2026-05-18,茼蒿,3.25,3.0,3.5,1,,0.18181818181818188,3.556666666666666,0.9326208282015808,-0.32882245108982483,0.1647295271432119,,True,False,True,False,True,False,True
2026-04-06,穿心莲,3.25,3.0,3.5,1,,0.18181818181818188,3.808333333333333,0.6907121928367407,-0.8083444003504118,0.1804911693301286,,True,False,True,False,True,False,True
2026-07-31,空心菜,3.25,3.0,3.5,1,,0.18181818181818188,2.751666666666667,0.6851231116820693,0.7273631918646822,0.11653663013616143,,True,False,True,False,True,False,True
2026-01-17,黄瓜,3.575,2.7,5.0,2,冀辽/辽冀鲁云,0.18181818181818188,3.0955882352941178,0.27016130802344934,1.7745389530919455,0.061077217370135016,冀辽/辽冀鲁云,False,False,True,False,False,False,True
2026-06-24,苋菜,3.25,3.0,3.5,1,,0.18181818181818188,3.125,0.5225517628212032,0.23921075172560488,0.2155690398693198,,True,False,True,False,True,False,True
2026-04-29,美人椒,6.5,6.0,7.0,1,鲁闽,0.18181818181818188,5.448333333333333,0.2119219656861367,4.962518459385278,0.04859429980432002,鲁,True,True,True,False,True,False,True
2026-07-11,圆白菜,0.65,0.5,0.8,1,冀,0.18181818181818166,0.5963333333333334,0.07029412754856919,0.7634587488063789,0.06647159499515726,冀,False,False,True,False,False,False,True
2026-05-24,茄子,1.3,1.2,1.4,1,冀鲁,0.18181818181818166,1.1883333333333332,0.18554827113056283,0.6018200330634796,0.08551576524410068,冀鲁,False,False,True,False,False,False,True
2026-04-30,快菜,0.65,0.5,0.8,1,,0.18181818181818166,0.8616666666666667,0.24798614162243338,-0.8535423200742231,0.24447515289042107,,True,False,True,False,True,False,True
2026-08-08,油豆,4.25,3.5,5.0,1,冀辽,0.18055555555555558,4.013333333333334,0.7083167678928496,0.3341254610853262,0.11400309066992242,冀辽,False,False,True,False,False,False,True
2026-07-21,西葫芦,1.475,1.1,2.0,2,冀晋,0.18000000000000016,1.3733333333333335,0.2281799551976955,0.4455547665375883,0.09977845686596742,冀晋,False,False,True,False,False,False,True
2026-08-10,散生菜,2.95,2.5,3.4,1,,0.18000000000000016,2.2299999999999995,0.1845778034251164,3.900794064287942,0.06004395195799909,,True,True,True,False,True,True,True
2026-05-06,青萝卜,1.65,1.5,1.8,1,津鲁,0.1785714285714286,1.365,0.1307471895920068,2.179779166874141,0.0730559853491845,津鲁,False,False,True,False,False,False,True
2026-05-21,黄瓜,0.825,0.7,1.0,2,冀/辽冀鲁,0.1785714285714286,0.8541666666666666,0.1316479326116033,-0.22155051042629104,0.0741473693001095,冀/辽冀鲁,False,False,True,False,False,False,True
2026-07-18,韭菜,1.65,1.5,1.8,1,冀,0.1785714285714286,1.4649999999999999,0.11230346818113325,1.6473222331977782,0.07492683783873973,冀,False,False,True,False,False,False,True
2026-07-02,木耳菜,2.65,2.3,3.0,1,,0.1777777777777778,2.6433333333333335,0.25688227993988483,0.02595222476313469,0.08738560105325009,,True,False,True,False,True,False,True
2026-06-08,菜心,2.65,2.5,2.8,1,,0.1777777777777778,2.0300000000000002,0.5568693278282282,1.1133671204660867,0.1798708248736314,,True,False,True,False,True,False,True
2026-06-15,大白菜,0.53,0.4,0.65,1,冀,0.1777777777777778,0.4,0.07633862853691442,1.702938636592574,0.16997436460867626,冀,False,False,True,False,False,False,True
2026-02-27,平菇,2.65,2.5,2.8,1,京,0.1777777777777778,3.0716666666666668,0.5158995046039244,-0.8173426469761709,0.0966936483532326,京,False,False,True,False,False,False,True
2026-06-30,兰花,18.25,18.0,18.5,1,,0.17741935483870974,15.647058823529411,3.5112084185965853,0.7413234608018435,0.25403733937213874,,True,False,True,False,True,False,True
2026-03-13,菜心,4.0,3.5,4.5,1,,0.17647058823529416,3.0416666666666665,0.5147954621168408,1.861580771113761,0.15380137829932608,,True,False,True,False,True,False,True
2026-03-09,丝瓜,5.0,4.5,5.5,1,豫冀,0.17647058823529416,3.841666666666667,0.797310493464437,1.4528008132693655,0.17446329533117236,豫冀,False,False,True,False,False,False,True
2026-07-13,油豆,5.0,4.5,5.5,1,冀辽,0.17647058823529416,4.491666666666666,0.3799009247734041,1.3380681651052428,0.06960393677632612,冀辽,False,False,True,False,False,False,True
2026-08-06,茴香,5.0,4.5,5.5,1,冀,0.17647058823529416,2.533333333333333,1.085034031989189,2.2733541934574495,0.10515508622827888,冀,False,False,True,False,False,False,True
2026-06-21,豆王,4.0,3.0,5.0,1,鲁甘,0.17647058823529416,4.181666666666667,0.5150298507139467,-0.35273036390965684,0.09106759128144144,辽鲁甘,True,False,True,False,True,False,True
2026-04-01,快菜,1.0,0.5,1.5,1,,0.17647058823529416,1.2416666666666667,0.4017383205034336,-0.6015524393187709,0.24969783783556299,,True,False,True,False,True,False,True
2026-05-02,毛豆,5.0,4.5,5.5,1,云粤,0.17647058823529416,3.231666666666667,0.8949555309057802,1.975889608217306,0.13659762756208255,云粤,False,False,True,False,False,False,True
2026-03-09,空心菜,9.0,8.5,9.5,1,,0.17647058823529416,7.353333333333334,0.8233586947557456,1.9999383952035137,0.05463974343287541,,True,False,True,False,True,False,True
2026-07-22,木耳菜,3.0,2.5,3.5,1,,0.17647058823529416,2.5500000000000003,0.2713313281859631,1.6584889146732882,0.1941499504232634,,True,False,True,False,True,False,True
2026-01-22,菊花菜,4.0,3.5,4.5,1,,0.17647058823529416,3.325,0.1897366596101028,3.557562367689425,0.04782333592801042,,True,True,True,False,True,False,True
2026-07-04,青蒜,4.35,4.2,4.5,1,甘,0.17567567567567544,3.5949999999999998,0.2280350850198268,3.3108940228840464,0.06427325709785615,甘,False,True,True,False,False,False,True
2026-06-23,香菜,2.35,2.0,2.7,1,冀蒙,0.17500000000000004,2.746666666666667,0.7288315321792996,-0.5442501444477612,0.08898251567066827,冀辽,True,False,True,False,True,False,True
2026-04-28,西芹,2.35,2.2,2.5,1,辽,0.17500000000000004,1.9683333333333333,0.14352900303647062,2.6591605779473406,0.04677071733467427,豫辽,True,False,True,False,True,False,True
2026-07-20,荠菜,13.5,11.0,16.0,2,,0.17391304347826098,9.4875,2.1948092172214,1.8281771228752957,0.14296140120579873,,True,False,True,False,True,False,True
2026-05-01,架豆,4.05,3.8,4.3,1,鲁,0.17391304347826075,3.7066666666666666,0.4282549460900394,0.8017031361060998,0.1364801582102933,鲁,False,False,True,False,False,False,True
2026-07-27,苦菊,4.05,2.2,6.3,3,冀/辽,0.17391304347826075,3.2592,0.9515686287243869,0.8310488346595629,0.12002469533192309,冀/辽,False,False,True,False,False,False,True
2026-03-20,芥兰,5.75,5.5,6.0,1,,0.1734693877551019,3.3850000000000002,0.8368815266542647,2.825967505167594,0.10057443244730718,,True,False,True,False,True,False,True
2026-03-09,大白菜,1.15,1.0,1.3,1,冀鄂鲁,0.1734693877551019,1.2486666666666666,0.12467152243294048,-0.7914130247325604,0.061088813288756594,冀鄂,True,False,True,False,True,False,True
2026-07-14,蒿子秆,4.4,4.3,4.5,1,,0.17333333333333334,3.3766666666666665,0.45933485143969677,2.227859110028103,0.06005340182142142,,True,False,True,False,True,False,True
2026-02-11,蒿子秆,4.4,4.0,4.8,1,,0.17333333333333334,3.978333333333333,0.586145111686537,0.7193895475019662,0.07443948939896652,,True,False,True,False,True,False,True
2026-06-30,豆王,4.4,4.0,4.8,1,冀甘云,0.17333333333333334,3.896666666666667,0.49216855350323313,1.0226848703571771,0.0866853064437162,冀甘云,False,False,True,False,False,False,True
2026-01-12,青蒜,3.05,2.2,4.0,2,豫鲁川,0.1730769230769229,,,,0.1395722040473411,豫鲁川,False,False,True,False,False,False,True
2026-08-10,扁豆,3.4,3.0,3.8,1,冀晋,0.17241379310344818,3.701666666666667,0.7968129765134535,-0.37859155856954574,0.08703611369959946,冀晋,False,False,True,False,False,False,True
2026-04-07,油菜,0.85,0.6,1.3,2,鲁京皖,0.17241379310344818,0.8508333333333333,0.08672273827165478,-0.009609167675529067,0.10973928044252694,鲁京皖,False,False,True,False,False,False,True
2026-03-04,黄瓜,3.75,2.0,5.0,2,冀/辽冀鲁云,0.171875,3.1508333333333334,0.28980398647139505,2.067489388127541,0.07779334672957995,冀/辽冀鲁云,False,False,True,False,False,False,True
2026-05-08,芥兰,2.05,1.8,2.3,1,,0.17142857142857126,2.565,0.5508848681267583,-0.9348595864526431,0.0671386044361353,,True,False,True,False,True,False,True
2026-06-29,菊花菜,2.05,1.8,2.3,1,,0.17142857142857126,2.0900000000000003,0.45550275369165194,-0.08781505638729482,0.18219561247180582,,True,False,True,False,True,False,True
2026-07-24,毛豆,2.4,2.0,2.8,1,冀徽川,0.17073170731707332,2.0443333333333333,0.19386599234655302,1.8346006040651017,0.053323145076909356,冀徽川,False,False,True,False,False,False,True
2026-08-10,茼蒿,7.9,7.5,8.3,1,,0.1703703703703705,7.948333333333333,1.7600687355961406,-0.027461048739646096,0.06900407584632366,,True,False,True,False,True,False,True
2026-06-24,香菜,2.75,2.5,3.0,1,冀蒙,0.17021276595744683,2.7550000000000003,0.727341640543796,-0.0068743486159572745,0.09328368428554928,冀蒙,False,False,True,False,False,False,True
2026-05-25,樱桃萝卜,2.75,2.5,3.0,1,,0.17021276595744683,1.8983333333333332,0.3046997768673184,2.7951010513457817,0.13171240013935978,,True,False,True,False,True,False,True
2026-07-27,水萝卜,3.1,2.7,3.5,1,,0.16981132075471694,2.2816666666666667,0.3529392184980564,2.3186239738835934,0.04914965299126613,,True,False,True,False,True,False,True
2026-01-09,蒿子秆,3.8,3.3,4.3,1,,0.16923076923076907,,,,,,True,False,True,False,True,False,True
2026-07-21,苋菜,4.5,4.0,5.0,1,,0.16883116883116878,2.96,0.7646725690980377,2.0139338878292605,0.16223049123436525,,True,False,True,False,True,False,True
2026-05-28,娃娃菜,0.7,0.6,0.8,1,冀,0.16666666666666674,0.6366666666666667,0.03198419149749324,1.980144889336877,0.060908090179432973,冀,False,False,True,False,False,False,True
2026-03-17,散叶生菜,1.75,1.2,2.3,1,冀辽,0.16666666666666674,1.8866666666666667,0.4017061315090356,-0.3402155355539866,0.05477692229754534,冀辽,False,False,True,False,False,False,True
2026-03-09,奶白菜,3.5,3.0,4.0,1,,0.16666666666666674,3.2633333333333336,0.22008357869045023,1.0753490472796265,0.06943271128678691,,True,False,True,False,True,False,True
2026-03-25,奶白菜,5.25,4.5,6.0,1,,0.16666666666666674,3.511666666666667,0.48772578031267655,3.564161263361767,0.09190938460215708,,True,True,True,False,True,True,True
2026-05-20,油菜,0.875,0.6,1.4,2,冀京,0.16666666666666674,0.8975000000000001,0.10933773995885805,-0.20578438888956774,0.10780290238739981,冀京,False,False,True,False,False,False,True
2026-08-03,奶白菜,3.5,3.0,4.0,1,,0.16666666666666674,2.7733333333333334,0.6664022464120195,1.0904324986584562,0.11978864848964996,,True,False,True,False,True,False,True
2026-06-04,豇豆,2.8,2.3,3.3,1,鲁冀,0.16666666666666674,3.2550000000000003,0.6403595434032234,-0.7105383291109864,0.09912054016797414,鲁冀,False,False,True,False,False,False,True
2026-06-24,丝瓜,1.75,1.0,2.5,2,冀/豫冀,0.16666666666666674,2.461666666666667,0.5581965006458951,-1.2749393194747545,0.11056986453110243,冀/豫冀,False,False,True,False,False,False,True
2026-05-12,茼蒿,3.5,3.0,4.0,1,,0.16666666666666674,3.5649999999999995,0.9309014911401188,-0.06982478878661044,0.1546967170035643,,True,False,True,False,True,False,True
2026-03-16,鸡毛菜,3.5,3.0,4.0,1,,0.16666666666666674,3.6416666666666666,0.5932208016752543,-0.23880933754615524,0.0628410671315382,,True,False,True,False,True,False,True
2026-01-04,小米椒,21.0,20.0,22.0,1,云,0.16666666666666674,,,,,云,False,False,True,False,False,False,True
2026-04-07,柿子椒,3.5,3.0,4.0,1,鲁闽,0.16666666666666674,2.835,0.17278150443800955,3.84879158312103,0.0514355276186033,鲁闽,False,True,True,False,False,False,True
2026-06-06,罗马生菜,1.75,1.5,2.0,1,京冀,0.16666666666666674,1.59,0.10372377109252541,1.5425586470171244,0.07026743430727621,京冀,False,False,True,False,False,False,True
2026-05-02,螺丝椒,3.5,3.0,4.0,1,鲁辽闽,0.16666666666666674,3.675,0.7226328776509402,-0.24216999449135448,0.050474409448793674,鲁辽闽,False,False,True,False,False,False,True
2026-02-11,茼蒿,5.25,5.0,5.5,1,,0.16666666666666674,4.483333333333333,0.46150677757442166,1.6612251518733883,0.07140153185016002,,True,False,True,False,True,False,True
2026-08-06,平菇,3.5,3.0,4.0,1,冀蒙,0.16666666666666674,3.33,0.6370189192231854,0.26686805504506356,0.07717415808501185,冀蒙,False,False,True,False,False,False,True
2026-07-30,玉米,1.225,1.1,1.3,2,冀,0.16666666666666674,1.0958333333333334,0.060202006687416564,2.1455541729253538,0.05770583081220239,冀,False,False,True,False,False,False,True
2026-03-20,白豆,6.65,6.0,7.3,1,云鲁,0.16666666666666674,5.368333333333333,0.4787705759210925,2.6769954778463707,0.0707267828060081,云鲁,False,False,True,False,False,False,True
2026-07-21,尖椒,1.75,1.3,2.2,1,鲁冀,0.16666666666666674,1.7650000000000001,0.2022076433632013,-0.07418117213827287,0.05422159727493856,鲁冀,False,False,True,False,False,False,True
2026-04-15,荠菜,5.25,5.0,5.5,1,,0.16666666666666674,6.441666666666666,2.3132241022275393,-0.515154007568545,0.4118464038682887,,True,False,True,False,True,False,True
2026-06-06,圆白菜,0.7,0.6,0.8,1,冀,0.16666666666666674,0.468,0.06577914982517055,3.526953458909324,0.1337049981222088,冀,False,True,True,False,False,False,True
2026-07-10,彩椒,5.25,5.0,5.5,1,鲁,0.16666666666666674,4.158333333333333,0.5272052752949692,2.070667191362764,0.04454354031873742,鲁,False,False,True,False,False,False,True
2026-01-14,香芹,2.8,2.6,3.0,1,,0.16666666666666674,,,,0.10003274534792712,,True,False,True,False,True,False,True
2026-06-08,团生菜,1.75,1.5,2.0,1,冀京,0.16666666666666674,1.1849999999999998,0.2334708133571597,2.4200027055873266,0.07567464216266499,冀京,False,False,True,False,False,False,True
2026-05-11,团生菜,1.05,0.6,1.5,1,冀京,0.16666666666666674,1.0516666666666667,0.1459117194918073,-0.011422431813369766,0.053680190774278116,冀京,False,False,True,False,False,False,True
2026-05-29,黄心菜,2.45,2.3,2.6,1,,0.16666666666666674,2.371666666666667,0.35904166825068,0.21817337724333835,0.11215417097489377,,True,False,True,False,True,False,True
2026-01-27,金丝南瓜,2.45,2.4,2.5,1,海桂粤,0.16666666666666674,1.9462962962962962,0.16345190184431702,3.081663156073072,0.04808203122057284,海桂,True,True,True,False,True,False,True
2026-05-02,青蒜,3.15,3.0,3.3,1,冀,0.16666666666666652,2.364166666666667,0.3531071033507856,2.2254815206950562,0.08828677371082352,冀,False,False,True,False,False,False,True
2026-03-04,白豆,5.3,3.8,6.8,1,云鲁,0.16483516483516492,4.826666666666666,0.6822545451426588,0.6937782044887074,0.07510783854872055,云,True,False,True,False,True,False,True
2026-01-08,茴香,4.25,4.0,4.5,1,冀,0.1643835616438356,,,,0.22817288125871155,冀,False,False,True,False,False,False,True
2026-06-08,西葫芦,1.6,1.3,2.0,2,鲁,0.1636363636363638,1.4158333333333333,0.32246914670199334,0.5711140695170525,0.07925242707431471,鲁,False,False,True,False,False,False,True
2026-08-03,小黄瓜,4.45,3.8,5.2,2,辽冀/辽鲁,0.1633986928104576,4.5725,1.0311809015512903,-0.11879583865034038,0.07174092224238539,辽冀/辽鲁,False,False,True,False,False,False,True
2026-07-23,菊花菜,2.85,2.5,3.2,1,,0.16326530612244894,2.1550000000000002,0.3307123971900068,2.1015238796769267,0.13030360305994468,,True,False,True,False,True,False,True
2026-07-12,玉米,1.25,1.2,1.3,2,冀,0.16279069767441867,1.315,0.2237609561948614,-0.29048856916483207,0.04973746318809005,冀,False,False,True,False,False,False,True
2026-08-10,空心菜,2.5,2.0,3.0,1,,0.16279069767441867,2.7183333333333333,0.6843677340453014,-0.31902926229844847,0.11772606088488508,,True,False,True,False,True,False,True
2026-07-15,白豆,2.5,2.0,3.0,1,蒙冀,0.16279069767441867,2.4650000000000003,0.49812579771060533,0.07026337555866469,0.11985344404959826,蒙冀,False,False,True,False,False,False,True
2026-01-20,散叶生菜,2.5,2.3,2.7,1,冀京辽,0.16279069767441867,2.395,0.22118104039808412,0.4747242340980936,0.05692972417170628,冀京辽,False,False,True,False,False,False,True
2026-04-09,油麦菜,1.075,0.7,1.8,2,鲁京冀,0.16216216216216206,1.9566666666666668,0.8503025154708721,-1.0368858737039326,0.1312710465715384,鲁京冀,False,False,True,False,False,False,True
2026-05-26,盖菜,2.15,2.0,2.3,1,,0.16216216216216206,1.4666666666666666,0.4445713420373833,1.5370611389428537,0.2171228910062448,,True,False,True,False,True,False,True
2026-03-11,白豆,6.1,5.5,6.7,1,云鲁,0.16190476190476177,5.045,0.6434484144583501,1.6396030766321656,0.07838303635323045,云鲁,False,False,True,False,False,False,True
2026-07-11,架豆,3.95,3.2,4.7,1,云冀,0.16176470588235303,3.188333333333333,0.3044733534950438,2.5015872749569383,0.10228177918363496,云冀,False,False,True,False,False,False,True
2026-05-29,空心菜,3.25,3.0,3.5,1,,0.1607142857142858,2.8583333333333334,0.577909928152712,0.6777296038478321,0.09689710742025168,,True,False,True,False,True,False,True
2026-08-03,油菜,1.625,1.2,2.5,2,冀京,0.1607142857142858,1.3399999999999999,0.4608182377856392,0.6184651053949276,0.17206963347789753,冀京,False,False,True,False,False,False,True
2026-05-31,孢子甘蓝,14.5,14.0,15.0,1,,0.15999999999999992,,,,0.08915627473700463,,True,False,True,False,True,False,True
2026-02-11,油菜,1.45,0.9,2.3,2,鲁京皖,0.15999999999999992,1.1833333333333333,0.16365087593839003,1.6294851166397615,0.09614875602072569,鲁京皖,False,False,True,False,False,False,True
2026-05-10,春竹笋,7.25,7.0,7.5,1,,0.15999999999999992,,,,0.15114237823941037,,True,False,True,False,True,False,True
2026-05-02,圆白菜,0.58,0.45,0.7,1,冀,0.15999999999999992,0.613,0.0668580586017755,-0.49358298296629977,0.06852302565457816,冀,False,False,True,False,False,False,True
2026-05-04,菊花菜,1.45,1.2,1.7,1,,0.15999999999999992,2.02,0.7689670635518624,-0.7412541147954601,0.06160517463399986,,True,False,True,False,True,False,True
2026-04-13,盖菜,1.45,1.2,1.7,1,,0.15999999999999992,1.9166666666666665,0.5660408985670333,-0.8244398379128811,0.1427374184856501,,True,False,True,False,True,False,True
2026-07-11,散菜花,2.0,1.4,2.5,2,冀,0.1594202898550725,1.7775,0.23187299585526958,0.9595770269810975,0.08726923030561705,冀,False,False,True,False,False,False,True
2026-07-15,油菜,1.275,0.9,1.7,2,冀京,0.15909090909090895,0.9241666666666667,0.22690603908823795,1.5461612865971501,0.4007290112832392,冀京,False,False,True,False,False,False,True
2026-08-06,油菜,1.825,1.2,2.7,2,冀京,0.15873015873015883,1.43,0.4193796732613865,0.94186729873722,0.1518685749600194,冀京,False,False,True,False,False,False,True
2026-05-23,丝瓜,2.375,1.8,3.0,2,冀/豫冀,0.1585365853658538,2.1533333333333333,0.25669763957019,0.8635321580588798,0.09363663659010693,冀/豫冀,False,False,True,False,False,False,True
2026-01-17,丝瓜,4.75,4.0,5.5,1,豫冀,0.1585365853658538,4.326470588235294,0.5388406672717656,0.786001201262521,0.06769437041428335,豫冀,False,False,True,False,False,False,True
2026-01-20,紫菜头,5.5,5.0,6.0,1,,0.1578947368421053,,,,,,True,False,True,False,True,False,True
2026-01-18,香菜,11.0,10.0,12.0,1,冀豫,0.1578947368421053,8.208333333333334,1.138400580794362,2.452270943782087,0.062293163270606945,冀豫,False,False,True,False,False,False,True
2026-07-21,娃娃菜,1.1,1.0,1.2,1,冀,0.1578947368421053,0.8450000000000001,0.07468323912965501,3.414420731769591,0.08037686436173734,冀,False,True,True,False,False,False,True
2026-02-11,穿心莲,5.5,5.0,6.0,1,,0.1578947368421053,5.466666666666667,0.14283661593084152,0.23336686546447247,0.05265710692779901,,True,False,True,False,True,False,True
2026-05-23,茄子,1.1,0.9,1.3,1,冀鲁,0.1578947368421053,1.1916666666666667,0.18849830024539457,-0.48629969897516984,0.06872236796626453,冀鲁,False,False,True,False,False,False,True
2026-01-09,木耳菜,5.5,5.0,6.0,1,,0.1578947368421053,,,,,,True,False,True,False,True,False,True
2026-05-12,卞萝卜,1.1,1.0,1.2,1,冀,0.1578947368421053,0.7883333333333333,0.09067118819016379,3.4373285813020487,0.07998398332524657,冀,False,True,True,False,False,True,True
2026-04-06,木耳菜,5.5,5.0,6.0,1,,0.1578947368421053,6.4,0.8895950260342215,-1.0116963041173508,0.072681373477805,,True,False,True,False,True,False,True
2026-03-09,豌豆苗,6.25,6.0,6.5,1,,0.15740740740740744,5.29,0.21471713549659222,4.470998543175126,0.04305977759511381,,True,True,True,False,True,False,True
2026-04-07,小白菜,1.475,0.7,2.5,2,冀鲁,0.15686274509803932,1.3425000000000002,0.4077984415928,0.32491541527837764,0.258015165955527,冀鲁,False,False,True,False,False,False,True
2026-02-11,白豆,6.65,5.5,7.8,1,云,0.15652173913043477,4.731666666666667,0.6202729284332235,3.0927245820302707,0.09489499267135464,云,False,True,True,False,False,False,True
2026-05-12,樱桃萝卜,1.85,1.5,2.2,1,,0.15625,1.875,0.2572232359322414,-0.09719184159002453,0.09771218167868805,,True,False,True,False,True,False,True
2026-04-13,油菜,0.925,0.7,1.2,2,鲁京,0.15625,0.8433333333333334,0.08608669781232466,0.9486560495641965,0.12801260314317625,鲁京皖,True,False,True,False,True,False,True
2026-05-28,绿菜花,1.85,1.5,2.2,1,冀,0.15625,2.021666666666667,0.2881819747567728,-0.5956884250361407,0.05830523034409371,冀,False,False,True,False,False,False,True
2026-04-07,油麦菜,0.925,0.5,1.5,2,鲁京冀,0.15625,2.069166666666667,0.8267531876765484,-1.3839277352920234,0.12155648613581176,鲁京冀,False,False,True,False,False,False,True
2026-04-03,油菜,0.925,0.6,1.5,2,鲁京皖,0.15625,0.8616666666666666,0.07592343390609074,0.8341737204835874,0.07511961972430929,鲁京皖,False,False,True,False,False,False,True
2026-07-07,白豆,1.85,1.2,2.5,1,蒙冀,0.15625,2.9133333333333336,0.6998686247818388,-1.5193327657241287,0.09480082485462679,蒙冀辽,True,False,True,False,True,False,True
2026-07-22,丝瓜,3.7,3.5,4.0,2,冀/豫冀,0.15625,1.7641666666666669,0.5626554702132631,3.4405305481160524,0.18250600450979296,冀/豫冀,False,True,True,False,False,True,True
2026-07-03,扁豆,2.6,2.0,3.2,1,冀晋,0.15555555555555567,3.1116666666666664,0.897091404766397,-0.5703617980822193,0.12149184746589524,冀晋,False,False,True,False,False,False,True
2026-05-19,苋菜,3.35,3.2,3.5,1,,0.15517241379310343,3.7299999999999995,1.25935122870522,-0.3017426682393361,0.1856802624020383,,True,False,True,False,True,False,True
2026-03-13,芥兰,4.5,4.0,5.0,1,,0.15384615384615397,3.11,0.4818069437383431,2.88497295039997,0.11009482968341051,,True,False,True,False,True,True,True
2026-08-08,豆王,4.5,3.5,5.5,1,冀甘云,0.15384615384615397,4.173333333333333,0.39122560149402424,0.8349828472860225,0.08236106997086852,冀甘云,False,False,True,False,False,False,True
2026-05-28,油菜,1.125,0.8,1.8,2,冀京,0.15384615384615397,0.8849999999999999,0.13271047044418832,1.8084481141292663,0.20833434494663408,冀京,False,False,True,False,False,False,True
2026-04-20,豆王,3.75,2.5,5.0,1,云鲁,0.15384615384615374,5.345000000000001,1.2589917969659599,-1.2668867294002915,0.07967041566325331,云鲁,False,False,True,False,False,False,True
2026-04-29,红尖椒,7.5,7.0,8.0,1,鲁桂,0.15384615384615374,6.533333333333333,0.18257418583507226,5.294651389216116,0.04111711414037299,鲁徽,True,True,True,False,True,False,True
2026-07-19,油麦菜,3.75,3.5,4.0,1,京冀,0.15384615384615374,1.8108333333333333,0.8198423769167507,2.3652920625540874,0.2099477857401958,京冀,False,False,True,False,False,True,True
2026-01-22,莴笋,1.5,1.3,1.7,1,鲁皖浙,0.15384615384615374,1.1181818181818182,0.13933981633253437,2.740194381388971,0.06304932250950426,鲁皖浙,False,False,True,False,False,False,True
2026-01-29,盖菜,3.75,3.5,4.0,1,,0.15384615384615374,3.1333333333333333,0.5163170860366074,1.194356497865237,0.10434430358250184,,True,False,True,False,True,False,True
2026-04-20,空心菜,3.75,3.5,4.0,1,,0.15384615384615374,6.361666666666666,2.9908678054847315,-0.8732136745988317,0.0778137566281952,,True,False,True,False,True,False,True
2026-07-19,圆白菜,0.75,0.6,0.9,1,冀,0.15384615384615374,0.6043333333333334,0.08249068216275457,1.765856007582353,0.12464347746323055,冀,False,False,True,False,False,False,True
2026-07-20,空心菜,3.75,3.5,4.0,1,,0.15384615384615374,2.5516666666666667,0.546222661011332,2.1938550317824923,0.16341868301326717,,True,False,True,False,True,False,True
2026-01-03,香菜,7.5,7.0,8.0,1,冀豫,0.15384615384615374,,,,,冀豫,False,False,True,False,False,False,True
2026-07-21,大白菜,0.75,0.7,0.8,1,冀,0.15384615384615374,0.498,0.12092745046457604,2.0838940954421243,0.21525664495243418,冀,False,False,True,False,False,False,True
2026-02-25,蒜黄,3.75,3.5,4.0,1,冀,0.15384615384615374,4.2,0.20128894996822613,-2.235592167732176,0.07773629984693886,冀,False,False,True,False,False,False,True
2026-06-21,扁豆,3.0,2.5,3.5,1,冀晋,0.15384615384615374,4.091666666666667,1.0516065979165452,-1.038094158813276,0.10395789529373307,冀晋,False,False,True,False,False,False,True
2026-04-03,蒿子秆,3.75,3.0,4.5,1,,0.15384615384615374,3.0177666666666667,0.5398920507256806,1.3562587786745937,0.11524556992710792,,True,False,True,False,True,False,True
2026-08-10,苋菜,3.0,2.8,3.2,1,,0.15384615384615374,2.9649999999999994,0.8107201991928344,0.043171491267698925,0.11842251476478997,,True,False,True,False,True,False,True
2026-04-27,蒜黄,3.75,3.5,4.0,1,冀,0.15384615384615374,3.55,0.4172983717131912,0.4792733774131762,0.041117114140372946,冀,False,False,True,False,False,False,True
2026-01-31,彩椒,7.5,7.0,8.0,1,鲁闽,0.15384615384615374,5.666666666666667,0.5506005081183906,3.3296978595216413,0.06119237894550871,鲁闽,False,True,True,False,False,False,True
2026-07-10,香椿,22.5,20.0,25.0,1,,0.15384615384615374,26.555555555555557,12.075606048472618,-0.335846957848424,0.1658995729146659,,True,False,True,False,True,False,True
2026-02-03,黄瓜,3.2,2.5,3.8,2,冀辽/辽冀鲁云,0.15315315315315314,3.145,0.274285906711755,0.2005206926573856,0.05639287355382655,冀辽/辽冀鲁云,False,False,True,False,False,False,True
2026-07-13,香芹,2.65,2.3,3.0,1,,0.15217391304347827,2.5083333333333333,0.19212214744851752,0.7373781136015496,0.05211642795886923,,True,False,True,False,True,False,True
2026-06-04,苦菊,3.225,2.9,4.0,2,辽冀,0.1517857142857144,2.1483333333333334,0.32917957926076075,3.270757770225417,0.15085984549616166,辽冀,False,True,True,False,False,False,True
2026-03-18,罗马生菜,1.9,1.8,2.0,1,云,0.1515151515151516,2.0949999999999998,0.46150989080446003,-0.42252615574520935,0.06452309782877275,云,False,False,True,False,False,False,True
2026-07-19,小白菜,1.9,1.8,2.0,1,冀,0.1515151515151516,1.4308333333333332,0.5364186529795236,0.8746278006193344,0.36753037121657556,冀,False,False,True,False,False,False,True
2026-08-03,韭菜,1.9,1.8,2.0,1,冀,0.1515151515151516,1.5766666666666667,0.27472033846770516,1.1769544808250256,0.13229254354309644,冀,False,False,True,False,False,False,True
2026-01-08,青萝卜,1.9,1.5,2.3,1,津鲁,0.1515151515151516,,,,0.06313968198498388,津鲁,False,False,True,False,False,False,True
2026-05-22,西葫芦,1.9,1.6,2.2,2,鲁,0.1515151515151516,1.0641666666666665,0.22328690116055516,3.743315568396575,0.07282722204681227,鲁,False,True,True,False,False,True,True
2026-07-19,苦瓜,1.9,1.8,2.0,1,鲁,0.1515151515151516,1.5766666666666669,0.3266162288061244,0.9899487680548168,0.09176742095391084,鲁,False,False,True,False,False,False,True
2026-05-26,空心菜,3.05,2.8,3.3,1,,0.15094339622641506,2.8816666666666664,0.5858214588159065,0.2873457958907441,0.14363948518199396,,True,False,True,False,True,False,True
2026-07-31,油菜,1.725,1.4,2.3,2,冀京,0.15000000000000013,1.2616666666666667,0.4994709845104278,0.927648147144091,0.19174115486454746,冀京,False,False,True,False,False,False,True
2026-05-21,小白菜,1.725,0.6,3.0,2,冀,0.15000000000000013,1.2883333333333333,0.36770099671948764,1.1875591052579924,0.4706099876498016,冀,False,False,True,False,False,False,True
