date,product,avg_price,low_price,high_price,n_records,origin,price_pct_ch,rolling_mean,rolling_std,rolling_z,rolling_vol,origin_prev,origin_changed,price_anom,surge,crash,origin_shift_alert,sustained_high,anomaly_any
2026-06-17,南北瓜,0.95,0.8,1.1,1,桂海,0.05555555555555558,0.9016666666666667,0.00912870929167869,5.29465138925956,0.014847846772912487,桂海,False,True,False,False,False,False,True
2026-08-06,柿子椒,1.6,1.2,2.0,1,鲁,0.06666666666666665,1.5033333333333334,0.018257418583433462,5.294651389237508,0.017817416127494958,鲁,False,True,False,False,False,False,True
2026-07-28,蒜苗,3.85,2.0,5.7,1,鲁豫苏,0.0547945205479452,3.6566666666666667,0.03651483716695125,5.2946513892252804,0.014644451611639667,鲁豫苏,False,True,False,False,False,False,True
2026-04-01,口蘑,7.5,7.0,8.0,1,豫,-0.032258064516129004,7.741666666666666,0.04564354645874869,-5.294651389218354,0.008621330384271746,豫,False,True,False,False,False,False,True
2026-06-12,花生,4.65,3.8,5.5,1,粤海,-0.06999999999999995,4.988333333333333,0.06390096504225926,-5.294651389217439,0.018708286933869705,粤海,False,True,False,False,False,False,True
2026-06-14,西芹,2.05,1.9,2.2,1,辽,0.2058823529411764,1.7116666666666667,0.06390096504226592,5.29465138921689,0.05502437333491088,辽,False,True,True,False,False,False,True
2026-05-10,彩椒,5.5,5.0,6.0,1,鲁闽,-0.15384615384615385,6.466666666666667,0.1825741858350468,-5.294651389216854,0.041117114140372994,鲁闽,False,True,False,True,False,False,True
2026-06-20,红尖椒,3.5,3.0,4.0,1,鲁辽,-0.2222222222222222,4.466666666666667,0.18257418583504742,-5.294651389216837,0.059391387091649886,鲁辽,False,True,False,True,False,False,True
2026-03-30,山药,4.05,2.8,6.0,3,冀/豫冀/豫鲁,-0.02008226469876606,4.130233333333333,0.015153657424309384,-5.294651389216668,0.005367211003806257,冀/豫冀/豫鲁,False,True,False,False,False,False,True
2026-04-11,卞萝卜,0.75,0.7,0.8,1,冀,-0.11764705882352944,0.8466666666666666,0.01825741858350538,-5.294651389216646,0.03144249904852053,冀,False,True,False,False,False,False,True
2026-04-01,金针菇,3.25,3.0,3.5,1,皖鲁,-0.0714285714285714,3.4916666666666667,0.04564354645876372,-5.294651389216621,0.019090088708030306,皖鲁,False,True,False,False,False,False,True
2026-03-12,土豆,1.2,0.7,1.9,2,桂云/陕蒙冀,0.09090909090909083,1.1033333333333333,0.018257418583505505,5.294651389216615,0.024296476537493106,陕蒙冀,True,True,False,False,True,False,True
2026-02-12,莲藕,4.0,3.5,4.5,1,津,0.26984126984126977,3.1783333333333332,0.15518805795979693,5.294651389216611,0.07211811289700339,津,False,True,True,False,False,False,True
2026-04-15,紫薯,1.75,1.5,2.0,1,冀,-0.125,1.9916666666666667,0.045643546458763846,-5.294651389216606,0.03340765523905305,冀,False,True,False,True,False,False,True
2026-02-06,杭椒,6.0,5.0,7.0,1,鲁粤,-0.19999999999999996,7.45,0.2738612787525831,-5.294651389216606,0.053452248382484864,鲁粤,False,True,False,True,False,False,True
2026-03-02,心里美,1.35,1.2,1.5,1,冀,0.2272727272727273,1.1083333333333334,0.045643546458763846,5.294651389216606,0.06074119134373282,冀,False,True,True,False,False,False,True
2026-02-12,蒜苗,4.0,2.0,6.0,1,鲁豫苏,-0.1208791208791209,4.531666666666666,0.1004158022092804,-5.294651389216605,0.03230630396743592,鲁豫苏,False,True,False,True,False,False,True
2026-02-02,蒜米,3.45,3.3,3.6,1,鲁,-0.028169014084506894,3.5466666666666664,0.018257418583505464,-5.294651389216604,0.007528485687673887,鲁,False,True,False,False,False,False,True
2026-04-14,香菇,4.5,3.0,6.0,1,冀,-0.052631578947368474,4.741666666666666,0.045643546458763805,-5.294651389216601,0.014066381153285507,冀,False,True,False,False,False,False,True
2026-03-01,芋头,3.125,2.0,5.0,2,闽桂/鲁,-0.038461538461538436,3.245833333333333,0.022821773229381902,-5.294651389216601,0.010279278535093238,闽桂/鲁,False,True,False,False,False,False,True
2026-02-26,姜,4.0,2.5,6.0,2,鲁,0.032258064516129004,3.879166666666667,0.022821773229381902,5.294651389216601,0.008621330384271746,鲁,False,True,False,False,False,False,True
2026-05-13,芋头,3.0,1.5,5.0,2,闽桂/鲁,-0.040000000000000036,3.120833333333333,0.02282177322938191,-5.294651389216599,0.010690449676496985,闽桂/鲁,False,True,False,False,False,False,True
2026-03-12,花生,4.5,4.3,4.7,1,苏,-0.12621359223300976,5.128333333333333,0.11867322079278607,-5.294651389216599,0.03373200140642251,苏,False,True,False,True,False,False,True
2026-02-04,绿豆芽,1.05,0.9,1.2,1,,0.0714285714285714,0.9823333333333334,0.01278019300845389,5.2946513892165985,0.019090088708030306,,True,True,False,False,True,False,True
2026-02-04,黄豆芽,0.95,0.9,1.0,1,,0.07954545454545459,0.8823333333333334,0.01278019300845387,5.2946513892165985,0.021259416970306495,,True,True,False,False,True,False,True
2026-07-15,芋头,2.75,1.5,4.5,2,闽桂/鲁,-0.04347826086956519,2.870833333333333,0.02282177322938194,-5.294651389216592,0.011620053996192358,闽桂/鲁,False,True,False,False,False,False,True
2026-03-08,卞萝卜,0.85,0.8,0.9,1,冀,0.0625,0.8016666666666669,0.009128709291752753,5.294651389216591,0.016703827619526525,冀,False,True,False,False,False,False,True
2026-04-01,杏鲍菇,3.0,2.5,3.5,1,豫,-0.09090909090909083,3.2899999999999996,0.05477225575051685,-5.294651389216575,0.024296476537493106,豫,False,True,False,False,False,False,True
2026-07-27,红尖椒,3.0,2.5,3.5,1,鲁辽,-0.1428571428571429,3.4833333333333334,0.09128709291752934,-5.294651389216511,0.038180177416060675,鲁辽,False,True,False,True,False,False,True
2026-02-24,荸荠,4.425,3.0,6.0,2,皖,0.023121387283236983,4.328333333333333,0.018257418583506307,5.294651389216384,0.006179450680056052,皖,False,True,False,False,False,False,True
2026-05-24,莲藕,3.25,3.0,3.5,1,津,0.06557377049180335,3.0566666666666666,0.036514837167012745,5.294651389216364,0.017525327338519647,津,False,True,False,False,False,False,True
2026-08-10,贝贝南瓜,1.65,1.5,1.8,1,冀蒙,0.375,1.215,0.08215838362577906,5.294651389216337,0.10022296571715915,冀蒙,False,True,True,False,False,False,True
2026-05-09,心里美,1.4,1.2,1.6,1,冀,0.11999999999999988,1.255,0.027386127875259847,5.294651389216308,0.0320713490294909,冀,False,True,False,False,False,False,True
2026-07-15,荸荠,3.85,2.6,5.0,2,皖,-0.0434782608695653,4.019166666666667,0.03195048252113699,-5.294651389216233,0.011620053996192386,皖,False,True,False,False,False,False,True
2026-04-29,红尖椒,7.5,7.0,8.0,1,鲁桂,0.15384615384615374,6.533333333333333,0.18257418583507226,5.294651389216116,0.04111711414037299,鲁徽,True,True,True,False,True,False,True
2026-08-03,心里美,1.25,1.0,1.5,1,冀,-0.1071428571428571,1.3949999999999998,0.027386127875260985,-5.294651389216081,0.028635133062045477,冀,False,True,False,False,False,False,True
2026-07-06,贝贝南瓜,1.4,1.3,1.5,1,鲁冀,-0.09677419354838723,1.5450000000000002,0.02738612787526186,-5.294651389215928,0.025863991152815298,桂鲁冀,True,True,False,False,True,False,True
2026-05-15,杭椒,2.75,2.5,3.0,1,鲁粤,-0.2142857142857143,3.475,0.13693063937631342,-5.29465138921576,0.057270266124090946,鲁粤,False,True,False,True,False,False,True
2026-02-09,青萝卜,2.0,1.5,2.5,1,津鲁,0.05263157894736836,1.9033333333333333,0.018257418583508645,5.294651389215705,0.014066381153285479,津鲁,False,True,False,False,False,False,True
2026-07-23,紫薯,1.8,1.6,2.0,1,冀闽,0.125,1.6066666666666667,0.03651483716701766,5.294651389215652,0.03340765523905305,冀闽,False,True,False,False,False,False,True
2026-07-03,线椒,2.5,1.5,3.5,1,鲁冀,-0.16666666666666663,2.9833333333333334,0.09128709291754528,-5.294651389215586,0.0445435403187374,鲁冀,False,True,False,True,False,False,True
2026-06-29,卞萝卜,0.7,0.6,0.8,1,冀,-0.06666666666666676,0.7483333333333333,0.009128709291754794,-5.294651389215431,0.01781741612749502,冀,False,True,False,False,False,False,True
2026-06-23,紫薯,1.6,1.2,2.0,1,冀闽,0.10344827586206895,1.4549999999999998,0.027386127875266373,5.294651389215055,0.027647714680595622,冀,True,True,False,False,True,False,True
2026-06-02,姜,3.0,1.5,5.0,2,云鲁/鲁,-0.07692307692307687,3.2416666666666667,0.04564354645878207,-5.294651389214493,0.020558557070186462,云鲁/鲁,False,True,False,False,False,False,True
2026-06-26,杭椒,2.25,2.0,2.5,1,鲁冀,-0.18181818181818177,2.7333333333333334,0.09128709291758776,-5.294651389213122,0.048592953074986234,鲁冀,False,True,False,True,False,False,True
2026-05-15,小米椒,6.5,6.0,7.0,1,云,0.30000000000000004,5.05,0.27386127875278327,5.294651389212736,0.08017837257372731,云,False,True,True,False,False,False,True
2026-05-11,紫甘蓝,0.95,0.9,1.0,1,冀,-0.09523809523809534,1.0466666666666666,0.018257418583519005,-5.294651389212701,0.025453451610707094,云,True,True,False,False,True,False,True
2026-08-02,小米椒,5.5,5.0,6.0,1,桂,-0.15384615384615385,6.466666666666667,0.18257418583532722,-5.294651389208723,0.04111711414037296,桂,False,True,False,True,False,False,True
2026-05-27,贝贝南瓜,1.4,1.3,1.5,1,桂鲁,-0.034482758620689724,1.4483333333333333,0.009128709291770865,-5.294651389206111,0.009215904893531881,桂鲁,False,True,False,False,False,False,True
2026-07-13,美人椒,5.0,4.5,5.5,1,鲁闽,0.11111111111111116,4.516666666666667,0.09128709291781546,5.294651389199915,0.029695693545824985,鲁闽,False,True,False,False,False,False,True
2026-06-22,小米椒,6.5,6.0,7.0,1,桂,-0.0714285714285714,6.983333333333333,0.09128709291805433,-5.294651389186061,0.019090088708030247,桂,False,True,False,False,False,False,True
2026-02-28,红薯,1.85,1.1,2.8,2,冀,0.2333333333333334,1.5083333333333335,0.06510380747027329,5.248028954722398,0.06236095644623237,冀,False,True,True,False,False,False,True
2026-02-24,红尖椒,9.25,9.0,9.5,1,鲁徽,0.37037037037037046,6.8,0.4706928129236018,5.205093285326326,0.0989856451527498,鲁徽,False,True,True,False,False,False,True
2026-06-01,莲藕,5.375,3.0,8.0,2,川/津,0.6538461538461537,3.180833333333333,0.4239430738732001,5.175616260505141,0.17427780249178348,津,True,True,True,False,True,False,True
2026-03-03,贝贝南瓜,2.2,2.1,2.3,1,桂粤,-0.11999999999999988,2.493333333333333,0.05683207771559167,-5.161404353387877,0.0320713490294909,桂粤,False,True,False,False,False,False,True
2026-03-03,板栗南瓜,3.0,2.8,3.2,1,新桂,-0.09090909090909083,3.2933333333333334,0.05683207771559453,-5.161404353387625,0.024296476537493106,新桂,False,True,False,False,False,False,True
2026-07-01,红薯,1.4,1.1,2.0,2,冀/冀粤,-0.20000000000000007,1.7292333333333334,0.06428153772238077,-5.121740160529872,0.05371755567537847,冀/冀粤,False,True,False,True,False,False,True
2026-02-09,穿心莲,5.25,5.0,5.5,1,,-0.045454545454545414,5.491071428571429,0.04724555912615343,-5.102520385624571,0.012148238268746553,,True,True,False,False,False,False,True
2026-06-19,南北瓜,1.15,1.1,1.2,1,桂云川,0.21052631578947367,0.9116666666666667,0.04676303678327639,5.096617964267176,0.057076627173196344,桂海,True,True,True,False,True,True,True
2026-08-10,豌豆苗,7.25,7.0,7.5,1,,0.3551401869158879,5.011666666666668,0.4450267975916924,5.029659664196179,0.09531900040477871,,True,True,True,False,True,False,True
2026-01-27,葱头,0.755,0.7,0.85,2,甘/甘蒙,-0.013071895424836666,0.7646296296296297,0.001924500897298756,-5.0037023329767605,0.0034936110053911855,甘,True,True,False,False,False,False,True
2026-05-11,散叶生菜,0.7,0.6,0.8,1,冀,-0.22222222222222232,0.8900000000000001,0.03805621975538543,-4.992613591714211,0.05939138709164991,冀,False,True,False,True,False,False,True
2026-04-29,美人椒,6.5,6.0,7.0,1,鲁闽,0.18181818181818188,5.448333333333333,0.2119219656861367,4.962518459385278,0.04859429980432002,鲁,True,True,True,False,True,False,True
2026-07-24,番茄,1.7,1.2,2.3,3,冀京/冀京蒙/蒙冀,0.18632240055826932,1.4498666666666666,0.050553306337069594,4.947912440494841,0.05288708393904165,冀京/冀京蒙/蒙冀,False,True,True,False,False,False,True
2026-01-28,葱头,0.725,0.65,0.8,2,甘/甘蒙,-0.039735099337748325,0.7632142857142857,0.007723735149271031,-4.947643203158311,0.01092128612043568,甘/甘蒙,False,True,False,False,False,False,True
2026-05-11,山药,4.6,2.8,7.0,4,冀/豫冀/豫鲁,0.1358024691358024,4.0351333333333335,0.11424979690115075,4.944137162496581,0.03629535262587574,冀/豫冀/豫鲁,False,True,False,False,False,False,True
2026-02-13,青萝卜,2.4,1.8,3.0,1,津鲁,0.19999999999999996,1.93,0.09523111632886347,4.935361656130753,0.054215607863492915,津鲁,False,True,True,False,False,True,True
2026-02-10,穿心莲,4.75,4.5,5.0,1,,-0.09523809523809523,5.4655172413793105,0.14522362575639172,-4.927003011063566,0.027347512058502516,,True,True,False,False,True,False,True
2026-05-19,西葫芦,1.3,1.0,1.6,2,鲁,0.2093023255813955,0.9949999999999999,0.06207614900958713,4.91332025047004,0.05779651582721391,鲁,False,True,True,False,False,False,True
2026-01-26,螺丝椒,6.75,5.5,8.0,1,鲁辽闽,0.125,6.028846153846154,0.14708710135363798,4.9029033784546,0.03340765523905305,鲁辽闽,False,True,False,False,False,False,True
2026-03-10,豌豆苗,8.0,7.5,8.5,1,,0.28,5.385000000000001,0.5378998112070231,4.861500126077487,0.08258600828409916,,True,True,True,False,True,False,True
2026-08-10,芥兰,3.5,3.0,4.0,1,,0.4583333333333335,2.1,0.2903624370120702,4.8215603037585835,0.12370882142927182,,True,True,True,False,True,True,True
2026-05-18,韭菜,1.5,1.2,1.8,1,冀,0.5,1.0366666666666666,0.09643054793323413,4.804839786393547,0.1336306209562122,冀,False,True,True,False,False,False,True
2026-02-24,黄心菜,2.75,2.0,3.5,1,,0.30952380952380953,2.17,0.1207733699809348,4.802383175128412,0.08645827399504881,,True,True,True,False,True,False,True
2026-02-28,紫甘蓝,2.05,2.0,2.1,1,云,-0.16326530612244916,2.506666666666667,0.0953517384371596,-4.789285168278579,0.0440846757022916,云,False,True,False,True,False,False,True
2026-02-24,团生菜,3.75,3.5,4.0,1,冀云,0.875,1.865,0.39417088889867596,4.782189788968791,0.2314482537200877,冀云,False,True,True,False,False,False,True
2026-05-21,平菇,2.25,2.0,2.5,1,京蒙,-0.3076923076923077,3.2333333333333334,0.20692049669866305,-4.75222778324061,0.08223422828074596,京蒙,False,True,False,True,False,False,True
2026-08-07,柿子椒,1.7,1.2,2.2,1,鲁,0.0625,1.5100000000000002,0.04025778999361227,4.7195834652162265,0.02346679843556911,鲁,False,True,False,False,False,False,True
2026-02-24,蒜黄,3.25,3.0,3.5,1,冀,-0.23529411764705888,4.2,0.20128894996822613,-4.719583465212371,0.06288499809704105,冀,False,True,False,True,False,False,True
2026-05-27,板栗南瓜,1.45,1.3,1.6,1,新桂,-0.12121212121212122,1.64,0.04025778999370424,-4.71958346520545,0.032395302049990825,新桂,False,True,False,True,False,False,True
2026-02-03,紫苏叶,8.75,8.5,9.0,1,,-0.02777777777777779,8.989583333333334,0.05103103630798294,-4.69485534033443,0.007423923386456236,,True,True,False,False,False,False,True
2026-02-03,荆芥,8.5,8.0,9.0,1,,-0.05555555555555558,8.979166666666666,0.10206207261596568,-4.694855340334422,0.014847846772912471,,True,True,False,False,True,False,True
2026-07-14,蒜黄,6.25,6.0,6.5,1,冀,0.19047619047619047,4.75,0.32163376045134695,4.663689526544284,0.05623730135056031,冀,False,True,True,False,False,False,True
2026-02-13,莲藕,4.75,4.5,5.0,1,津,0.1875,3.231666666666667,0.3260218242465639,4.657152437086689,0.08459427459757805,津,False,True,True,False,False,False,True
2026-03-06,大蒜,3.4,2.5,4.1,2,云/豫苏鲁,-0.07482993197278909,3.65,0.053739473708651606,-4.652073843435353,0.021977104758832,云/豫苏鲁,False,True,False,False,False,False,True
2026-05-26,菊花菜,2.75,2.5,3.0,1,,0.71875,1.4066666666666667,0.2893909577660753,4.641932642619732,0.208053063241954,,True,True,True,False,True,False,True
2026-05-24,团生菜,1.4,1.0,1.8,1,冀京,0.4736842105263157,0.965,0.09390934733688489,4.632126751339315,0.13587323012686317,冀京,False,True,True,False,False,False,True
2026-05-18,罗马生菜,1.45,1.3,1.6,1,京冀,-0.12121212121212122,1.6566666666666667,0.04497764451087479,-4.594875274464372,0.032395302049990866,京冀,False,True,False,True,False,False,True
2026-01-23,白萝卜,0.53,0.4,0.65,1,鄂,0.06000000000000005,0.5013043478260869,0.006255432421712254,4.5873171092556495,0.016035674514745475,鄂,False,True,False,False,False,False,True
2026-08-10,穿心莲,4.5,4.0,5.0,1,,0.8,2.8733333333333335,0.35761020325387044,4.548714359561722,0.23441802724273203,,True,True,True,False,True,False,True
2026-04-20,蒜米,2.8,2.6,3.0,1,鲁,-0.1250000000000001,3.24,0.09684683962230019,-4.5432561528697,0.033764439305699605,鲁,False,True,False,True,False,False,True
2026-06-01,茴香,3.25,3.0,3.5,1,冀,0.8571428571428572,1.43,0.40141989367056885,4.533905839488886,0.2776120018995303,冀,False,True,True,False,False,False,True
2026-06-29,紫苏叶,3.55,3.3,3.8,1,,-0.053333333333333344,3.7616666666666663,0.04676303678319281,-4.526367003238377,0.014253932901995971,,True,True,False,False,True,False,True
2026-03-04,毛冬瓜,2.3,1.6,3.0,1,云冀,0.3142857142857143,1.8216666666666668,0.10641763314262291,4.494869122791537,0.08628957056924604,云,True,True,True,False,True,False,True
2026-02-11,油豆,8.25,8.0,8.5,1,云,0.3524590163934427,4.765,0.776169862319076,4.489996544812184,0.13704254776917538,云,False,True,True,False,False,False,True
2026-02-24,丝瓜,2.75,2.5,3.0,1,豫冀,-0.3529411764705882,4.45,0.3794278814760179,-4.480429833956339,0.09435393191505964,豫冀,False,True,False,True,False,False,True
2026-03-09,豌豆苗,6.25,6.0,6.5,1,,0.15740740740740744,5.29,0.21471713549659222,4.470998543175126,0.04305977759511381,,True,True,True,False,True,False,True
2026-05-18,香菜,3.0,2.5,3.5,1,冀,0.7142857142857142,1.4483333333333335,0.3472759345428583,4.468108821618248,0.2114994153447861,冀,False,True,True,False,False,False,True
2026-04-02,姜,3.225,1.0,5.7,2,云鲁/鲁,-0.14,3.7491666666666665,0.1175327051573704,-4.459751572677865,0.03741657386773942,鲁,True,True,False,True,True,False,True
2026-07-19,团生菜,2.25,2.0,2.5,1,冀,0.4516129032258065,1.2866666666666666,0.2161310798523885,4.457171703353646,0.12292606327871317,冀,False,True,True,False,False,True,True
2026-05-08,紫苏叶,2.75,2.5,3.0,1,,-0.5,6.075,0.7461106047247625,-4.456443828762601,0.13500508740922923,,True,True,False,True,True,False,True
2026-04-26,毛豆,4.75,4.5,5.0,1,粤,0.46153846153846145,2.87,0.42214558691489346,4.453439899110012,0.12205786396019364,粤,False,True,True,False,False,False,True
2026-08-10,广茄,0.85,0.7,1.0,1,冀,0.7,0.48500000000000004,0.0821583836257052,4.4426385219901166,0.2061219632554079,冀,False,True,True,False,False,False,True
2026-08-08,柿子椒,1.85,1.5,2.2,1,鲁,0.08823529411764719,1.521666666666667,0.07390969948632121,4.442357844982163,0.03132974655212808,鲁,False,True,False,False,False,True,True
2026-02-11,茴香,4.75,4.5,5.0,1,冀,0.2666666666666666,3.0616666666666665,0.38252413341340785,4.41366487982783,0.11537088801764439,冀,False,True,True,False,False,False,True
2026-01-27,毛冬瓜,1.85,1.8,1.9,1,云,0.3214285714285716,1.437037037037037,0.09363656480139729,4.410274595601149,0.08590539918613646,豫云,True,True,True,False,True,False,True
2026-05-29,贝贝南瓜,1.55,1.3,1.8,1,桂鲁,0.1071428571428572,1.45,0.022742941307374358,4.396968652756241,0.030749041331105773,桂鲁,False,True,False,False,False,False,True
2026-05-25,散叶生菜,1.75,1.5,2.0,1,冀,0.75,0.895,0.19491377403956356,4.386555050883435,0.2230827713039659,冀,False,True,True,False,False,False,True
2026-07-12,土豆,0.98,0.85,1.1,1,冀,0.11363636363636354,0.8393333333333334,0.03215622783390518,4.374476614397825,0.03113381035877296,冀,False,True,False,False,False,False,True
2026-01-21,白玉菇,3.75,3.5,4.0,1,豫,-0.1071428571428572,4.178571428571429,0.09819805060619662,-4.364357804719848,0.028635133062045487,豫,False,True,False,False,False,False,True
2026-01-21,金针菇,3.5,3.0,4.0,1,皖鲁,0.06060606060606055,3.3095238095238093,0.04364357804719852,4.364357804719848,0.016197651024995402,皖鲁,False,True,False,False,False,False,True
2026-01-21,口蘑,7.75,7.5,8.0,1,豫,-0.06060606060606055,8.226190476190476,0.10910894511799621,-4.364357804719847,0.016197651024995402,豫,False,True,False,False,False,False,True
2026-01-21,杏鲍菇,3.3,2.8,3.8,1,豫,-0.014925373134328401,3.3476190476190473,0.01091089451179968,-4.364357804719808,0.003988973759886943,豫,False,True,False,False,False,False,True
2026-02-26,穿心莲,4.25,4.0,4.5,1,,-0.19047619047619047,5.408333333333333,0.266549902597455,-4.345652810395711,0.07390074006840017,,True,True,False,True,True,False,True
2026-05-20,西葫芦,1.475,1.2,1.7,2,鲁,0.13461538461538458,1.0116666666666667,0.10722465405297434,4.321145518496367,0.06462340436860682,鲁,False,True,False,False,False,False,True
2026-07-17,平菇,4.25,4.0,4.5,1,冀蒙,0.49122807017543857,2.7216666666666667,0.3546934891767368,4.3088846566670265,0.13278529677848314,冀蒙,False,True,True,False,False,False,True
2026-05-08,卞萝卜,0.95,0.7,1.2,1,冀,0.2666666666666666,0.7633333333333333,0.043417248545530626,4.299366563289099,0.07126966450997982,冀,False,True,True,False,False,False,True
2026-02-27,小米椒,9.5,9.0,10.0,1,云,-0.40625,16.116666666666667,1.5407305328033993,-4.294499606383129,0.10857487952692241,云,False,True,False,True,False,False,True
2026-07-12,大白菜,0.75,0.7,0.8,1,冀,0.5,0.44633333333333336,0.07078297736785244,4.29010869504033,0.17338666251980966,冀,False,True,True,False,False,False,True
2026-06-08,荆芥,4.75,4.0,5.5,1,,0.3571428571428572,3.3833333333333333,0.319841914974697,4.272944234887992,0.09608093221096613,,True,True,True,False,True,False,True
2026-02-09,紫苏叶,8.25,8.0,8.5,1,,-0.05714285714285716,8.9375,0.16137430609197587,-4.260281680828154,0.01645928052697744,,True,True,False,False,True,False,True
2026-01-20,平菇,4.25,4.0,4.5,1,京,0.3076923076923077,3.3,0.223606797749979,4.2485291572496005,0.08223422828074597,京,False,True,True,False,False,False,True
2026-01-20,蒜黄,4.25,4.0,4.5,1,冀,0.1333333333333333,3.775,0.1118033988749895,4.2485291572496005,0.03563483225498991,冀,False,True,False,False,False,False,True
2026-07-07,葱头,0.925,0.8,1.05,2,鲁皖,0.08823529411764719,0.8028333333333334,0.028788267884954796,4.24362685365009,0.026434812748178563,冀辽,True,True,False,False,True,False,True
2026-04-27,胡萝卜,0.85,0.6,1.1,2,豫闽/闽鲁,-0.08108108108108114,0.9968333333333332,0.034628156107448065,-4.240287379949501,0.03494568890685083,豫闽/闽鲁,False,True,False,False,False,False,True
2026-02-12,韭菜,4.0,3.5,4.5,1,冀粤,0.33333333333333326,3.006666666666667,0.23515707638664157,4.224126905286533,0.09658040159139267,冀粤,False,True,True,False,False,False,True
2026-07-13,黄瓜,2.325,1.5,3.0,2,冀/辽冀鲁,0.5245901639344264,1.05,0.30307333811447773,4.20690255346184,0.16979047066796232,冀/辽冀鲁,False,True,True,False,False,True,True
2026-04-28,红薯,1.7,1.0,2.8,2,冀/冀粤,0.04615384615384621,1.6141666666666667,0.02043000385391932,4.201337109237345,0.012714927656192058,冀/冀粤,False,True,False,False,False,False,True
2026-05-08,散生菜,0.85,0.7,1.0,1,,-0.5277777777777778,1.6783333333333335,0.1981306314693392,-4.180743417564479,0.14742766221979614,,True,True,False,True,True,False,True
2026-04-23,花生,5.4,4.3,6.5,1,苏鲁海,0.2272727272727273,4.343333333333334,0.25316388767553477,4.173844367649046,0.06162996655192614,苏鲁,True,True,True,False,True,False,True
2026-06-22,油麦菜,2.8,2.2,3.5,2,京冀,0.5999999999999999,1.6616666666666666,0.27313105775917434,4.1677183937720725,0.18925972039119673,京冀,False,True,True,False,False,False,True
2026-01-25,白萝卜,0.6,0.5,0.7,1,鄂川,0.09090909090909083,0.5072,0.022457367016935306,4.132274274629731,0.028751635043855545,鄂,True,True,False,False,True,True,True
2026-06-30,紫苏叶,3.45,3.3,3.6,1,,-0.028169014084506894,3.75,0.07310832774860704,-4.103499686541741,0.015599467543482175,,True,True,False,False,False,False,True
2026-08-10,板栗南瓜,1.4,1.3,1.5,1,蒙桂,0.21739130434782616,1.1433333333333333,0.06260623155799067,4.099698389111991,0.05810026998096184,蒙桂,False,True,True,False,False,False,True
2026-08-10,散叶生菜,2.5,2.0,3.0,1,冀,0.25,1.3883333333333334,0.27123069876771644,4.098601934505594,0.08750687780635298,冀,False,True,True,False,False,True,True
2026-06-03,冬瓜,0.95,0.8,1.1,2,桂/桂鲁,0.28378378378378377,0.6839999999999999,0.06506495428310272,4.088222345359887,0.07680333427376061,桂/桂鲁,False,True,True,False,False,False,True
2026-07-21,韭菜,2.25,2.0,2.5,1,冀,0.25,1.49,0.18634413844022096,4.078475482843306,0.09673094467261885,冀,False,True,True,False,False,False,True
2026-03-11,葱头,0.65,0.5,0.8,2,甘/甘蒙,-0.07142857142857129,0.7166666666666667,0.016522363806281845,-4.034935161112952,0.020549887113011263,甘/甘蒙,False,True,False,False,False,False,True
2026-07-13,菜心,3.55,3.3,3.8,1,,0.868421052631579,2.1599999999999997,0.3457625256414168,4.020100204385772,0.23708522576969634,,True,True,True,False,True,False,True
2026-01-18,尖椒,5.15,4.5,5.8,1,辽鲁粤闽,0.08421052631578951,4.772222222222222,0.09428090415820643,4.00693842672377,0.0225062098452568,辽鲁粤闽,False,True,False,False,False,False,True
2026-03-07,水萝卜,1.25,1.2,1.3,1,鲁,-0.4318181818181819,2.9433333333333334,0.42298881809083844,-4.003257913474402,0.1347487721311807,鲁,False,True,False,True,False,False,True
2026-08-11,圆白菜,1.15,0.7,1.6,1,冀,1.0909090909090904,0.6916666666666667,0.11453303493731669,4.001756642388606,0.3145604494504323,冀,False,True,True,False,False,False,True
2026-01-24,白萝卜,0.55,0.4,0.7,1,鄂,0.037735849056603765,0.5033333333333333,0.011671841502435316,3.9982265572171967,0.018275009067135018,鄂,False,True,False,False,False,False,True
2026-07-08,贝贝南瓜,1.3,1.2,1.4,1,鲁冀,-0.07142857142857129,1.5316666666666667,0.05795856625468806,-3.9971083074872995,0.030942149566236993,鲁冀,False,True,False,False,False,False,True
2026-06-15,山药,4.925,2.8,7.5,4,冀/豫冀/豫鲁,0.07065217391304346,4.558766666666667,0.09209503462346616,3.9766892409638674,0.018882587743812594,冀/豫冀/豫鲁,False,True,False,False,False,False,True
2026-04-11,线椒,4.75,4.0,5.5,1,鲁闽,0.11764705882352944,4.233333333333333,0.13020761494058988,3.9680218925936646,0.034450646614675964,鲁闽,False,True,False,False,False,False,True
2026-04-21,葱头,0.7,0.5,0.9,2,甘/甘蒙云,0.07692307692307687,0.6183333333333334,0.02069204966986839,3.94676544709773,0.032139877553058235,甘/甘蒙云,False,True,False,False,False,False,True
2026-02-14,青萝卜,2.5,1.8,3.2,1,津鲁,0.04166666666666674,1.95,0.14081046199376213,3.9059597718269323,0.05429241450360857,津鲁,False,True,False,False,False,True,True
2026-08-10,散生菜,2.95,2.5,3.4,1,,0.18000000000000016,2.2299999999999995,0.1845778034251164,3.900794064287942,0.06004395195799909,,True,True,True,False,True,True,True
2026-07-17,罗马生菜,1.4,1.3,1.5,1,京冀,0.21739130434782616,1.1683333333333332,0.05942734383599202,3.898317705499709,0.06657862720272498,京冀,False,True,True,False,False,False,True
2026-05-21,西葫芦,1.65,1.3,2.0,2,鲁,0.11864406779661008,1.0341666666666667,0.15804344303088286,3.896607929586771,0.06783742317094199,鲁,False,True,False,False,False,True,True
2026-07-03,柿子椒,1.6,1.0,2.2,1,鲁,-0.1351351351351351,1.8816666666666668,0.07249653182349196,-3.885243329328407,0.03763091303263601,鲁,False,True,False,True,False,False,True
2026-03-01,紫甘蓝,1.95,1.9,2.0,1,云,-0.04878048780487798,2.49,0.13920959142540285,-3.8790430635619373,0.04477594991346427,云,False,True,False,False,False,False,True
2026-07-28,罗马生菜,2.25,2.0,2.5,1,冀,0.1842105263157896,1.2983333333333333,0.24547046080218288,3.876909113857026,0.11839853762301884,冀,False,True,True,False,False,False,True
2026-07-11,板栗南瓜,1.15,1.1,1.2,1,新桂,-0.11538461538461553,1.4133333333333333,0.06814453874615067,-3.864335105624418,0.0351991241069202,新桂,False,True,False,False,False,False,True
2026-02-11,扁豆,6.25,4.5,8.0,1,云,0.08695652173913038,4.9333333333333345,0.34148088585204744,3.855755098506844,0.04168094931009062,云,False,True,False,False,False,True,True
2026-02-05,大葱,1.7,1.6,1.8,1,冀鲁,-0.10526315789473684,1.96,0.06746646676632055,-3.8537663592277034,0.030202431088031424,冀鲁,False,True,False,False,False,False,True
2026-08-11,散生菜,3.25,2.5,4.0,1,,0.10169491525423724,2.275,0.2531695629142775,3.851173848770013,0.06335613149429613,,True,True,False,False,True,True,True
2026-04-07,柿子椒,3.5,3.0,4.0,1,鲁闽,0.16666666666666674,2.835,0.17278150443800955,3.84879158312103,0.0514355276186033,鲁闽,False,True,True,False,False,False,True
2026-08-09,柿子椒,1.95,1.7,2.2,1,冀晋,0.054054054054053946,1.5366666666666666,0.10742546199600392,3.847629096989211,0.032574822126658166,鲁,True,True,False,False,True,True,True
2026-02-25,香葱,7.5,7.0,8.0,1,,0.30434782608695654,3.7844333333333333,0.9661034314346907,3.8459305140330016,0.18662507954677648,,True,True,True,False,True,False,True
2026-07-11,金丝南瓜,0.75,0.6,0.9,1,冀鲁,-0.11764705882352944,0.855,0.027386127875268028,-3.834057902534801,0.031442499048520534,冀鲁,False,True,False,False,False,False,True
2026-07-18,平菇,4.75,4.5,5.0,1,冀蒙,0.11764705882352944,2.7883333333333336,0.5128828819279432,3.8247848305888055,0.132905067089336,冀蒙,False,True,False,False,False,False,True
2026-04-27,毛豆,5.25,5.0,5.5,1,粤,0.10526315789473695,2.9450000000000003,0.6059119658373017,3.8041830001075336,0.12182635959364838,粤,False,True,False,False,False,False,True
2026-01-26,尖椒,6.25,5.0,7.5,1,辽鲁粤闽,0.13636363636363646,4.94423076923077,0.3436064385534479,3.8001884838549613,0.043286662725588905,辽鲁粤闽,False,True,False,False,False,False,True
2026-06-08,娃娃菜,0.95,0.9,1.0,1,冀,0.18749999999999978,0.6666666666666666,0.07466399831029194,3.794778470821294,0.0710887855087409,冀,False,True,True,False,False,False,True
2026-06-04,冬瓜,1.05,0.9,1.2,2,桂/桂鲁,0.10526315789473695,0.6965,0.09321045893660537,3.7924928600600896,0.07848827379268779,桂/桂鲁,False,True,False,False,False,False,True
2026-07-27,罗马生菜,1.9,1.8,2.0,1,冀,0.3571428571428572,1.2616666666666665,0.1685042378129365,3.788233112819237,0.11253006175488138,冀,False,True,True,False,False,False,True
2026-02-24,罗马生菜,2.9,2.8,3.0,1,云,0.34883720930232553,1.8716666666666666,0.2715483488204751,3.7869253773779366,0.10745945866383441,云,False,True,True,False,False,False,True
2026-07-15,樱桃萝卜,4.75,4.5,5.0,1,,0.2666666666666666,2.381666666666667,0.6271835420371787,3.776140754013824,0.1695534159893954,,True,True,True,False,True,True,True
2026-04-24,大蒜,2.775,1.5,4.1,2,豫/豫苏鲁,-0.0431034482758621,2.924166666666667,0.039655484756367945,-3.761564575067096,0.012049855110024304,豫/豫苏鲁,False,True,False,False,False,False,True
2026-06-05,大白菜,0.55,0.5,0.6,1,冀,0.5714285714285716,0.35333333333333333,0.052413036897150704,3.752247118452279,0.17952215397383448,冀,False,True,True,False,False,False,True
2026-05-22,西葫芦,1.9,1.6,2.2,2,鲁,0.1515151515151516,1.0641666666666665,0.22328690116055516,3.743315568396575,0.07282722204681227,鲁,False,True,True,False,False,True,True
2026-01-18,大白菜,1.35,1.2,1.5,1,冀鄂,0.25,1.0366666666666666,0.08387666014838135,3.7356438940109626,0.07223579533544344,冀鄂,False,True,True,False,False,False,True
2026-02-26,芹菜,1.4,1.2,1.6,1,鲁津,-0.1515151515151515,1.8550000000000002,0.1220161097334394,-3.729015791390243,0.0613587333526703,鲁津,False,True,False,True,False,False,True
2026-07-26,紫薯,1.95,1.6,2.3,1,冀闽,0.08333333333333326,1.6316666666666668,0.08558453507309985,3.7195193391123387,0.038699280486002706,冀闽,False,True,False,False,False,True,True
2026-05-23,娃娃菜,0.55,0.5,0.6,1,冀,-0.08333333333333326,0.6466666666666667,0.026041522988131872,-3.712020480166287,0.029124622516097536,冀,False,True,False,False,False,False,True
2026-08-09,散叶生菜,2.0,1.8,2.2,1,冀,0.21212121212121215,1.341666666666667,0.17766848891692608,3.705402895845843,0.06601780175676282,冀,False,True,True,False,False,False,True
2026-04-26,胡萝卜,0.925,0.7,1.3,2,豫闽/闽鲁,-0.09756097560975596,1.0018333333333334,0.020739905452060853,-3.7046134810464455,0.02840856397650086,豫闽/闽鲁,False,True,False,False,False,False,True
2026-02-09,胡萝卜,1.275,0.9,1.5,2,鲁蒙/鲁蒙闽,-0.037735849056603765,1.3481666666666667,0.01976078201254017,-3.7026199985524526,0.010960591459630421,鲁蒙/鲁蒙闽,False,True,False,False,False,False,True
2026-02-28,荠菜,18.5,18.0,19.0,1,,1.96,9.0625,2.550513386454335,3.7002354310791508,0.5666198802222346,,True,True,True,False,True,False,True
2026-06-16,西芹,1.25,1.0,1.5,1,辽,-0.3902439024390243,1.708333333333333,0.1239322210012328,-3.698258044845124,0.12160783375745315,辽,False,True,False,True,False,False,True
2026-07-16,扁豆,4.5,4.0,5.0,1,冀晋,0.2857142857142858,2.7083333333333335,0.485493586969494,3.690402334355131,0.17294051579140596,冀晋,False,True,True,False,False,False,True
2026-03-28,苦菊,1.75,1.7,1.8,1,辽冀,-0.3457943925233644,3.0141666666666667,0.34263704364554254,-3.6895212882307176,0.12500453953882412,辽冀,False,True,False,True,False,False,True
2026-07-12,苦菊,4.3,4.2,4.4,1,辽冀,0.19444444444444442,2.5225,0.4825556069440062,3.6835133079414284,0.1226285213196519,辽冀,False,True,True,False,False,False,True
2026-02-10,扁豆,5.75,4.0,7.5,1,云,0.06481481481481466,4.883333333333335,0.23537692930823717,3.682037441875727,0.03686762244713479,云,False,True,False,False,False,False,True
2026-06-18,南北瓜,0.95,0.8,1.1,1,桂海,0.0,0.9033333333333334,0.012685406585069885,3.6787679097011328,0.014847846772912487,桂海,False,True,False,False,False,False,True
2026-07-29,蒜苗,3.85,2.0,5.7,1,鲁豫苏,0.0,3.663333333333333,0.05074162634044966,3.6787679096888164,0.014644451611639667,鲁豫苏,False,True,False,False,False,False,True
2026-04-02,口蘑,7.5,7.0,8.0,1,豫,0.0,7.733333333333333,0.06342703292560457,-3.6787679096863464,0.008621330384271746,豫,False,True,False,False,False,False,True
2026-06-13,花生,4.65,3.8,5.5,1,粤海,0.0,4.9766666666666675,0.08879784609585498,-3.678767909685995,0.018708286933869705,粤海,False,True,False,False,False,False,True
2026-06-15,西芹,2.05,1.9,2.2,1,辽,0.0,1.7233333333333332,0.08879784609585929,3.6787679096858112,0.05502437333491088,辽,False,True,False,False,False,False,True
2026-05-11,彩椒,5.5,5.0,6.0,1,鲁闽,0.0,6.433333333333334,0.25370813170245604,-3.678767909685799,0.041117114140372994,鲁闽,False,True,False,False,False,False,True
2026-06-21,红尖椒,3.5,3.0,4.0,1,鲁辽,0.0,4.433333333333334,0.25370813170245676,-3.6787679096857886,0.059391387091649886,鲁辽,False,True,False,False,False,False,True
2026-05-22,平菇,2.25,2.0,2.5,1,京蒙,0.0,3.183333333333333,0.2537081317024595,-3.6787679096857473,0.08223422828074596,京蒙,False,True,False,False,False,False,True
2026-03-31,山药,4.05,2.8,6.0,3,冀/豫冀/豫鲁,0.0,4.127466666666667,0.021057774931304386,-3.678767909685721,0.005367211003806257,冀/豫冀/豫鲁,False,True,False,False,False,False,True
2026-04-12,卞萝卜,0.75,0.7,0.8,1,冀,0.0,0.8433333333333333,0.02537081317024614,-3.678767909685718,0.03144249904852053,冀,False,True,False,False,False,False,True
2026-02-03,蒜米,3.45,3.3,3.6,1,鲁,0.0,3.5433333333333334,0.02537081317024617,-3.678767909685713,0.007528485687673887,鲁,False,True,False,False,False,False,True
2026-03-09,卞萝卜,0.85,0.8,0.9,1,冀,0.0,0.8033333333333333,0.012685406585123092,3.6787679096857113,0.016703827619526525,冀,False,True,False,False,False,False,True
2026-03-13,土豆,1.2,0.7,1.9,2,桂云/陕蒙冀,0.0,1.1066666666666667,0.025370813170246184,3.6787679096857113,0.024296476537493106,桂云/陕蒙冀,False,True,False,False,False,False,True
2026-04-15,香菇,4.5,3.0,6.0,1,冀,0.0,4.733333333333333,0.06342703292561558,-3.6787679096857078,0.014066381153285507,冀,False,True,False,False,False,False,True
2026-05-14,芋头,3.0,1.5,5.0,2,闽桂/鲁,0.0,3.1166666666666667,0.03171351646280779,-3.6787679096857078,0.010690449676496985,闽桂/鲁,False,True,False,False,False,False,True
2026-02-27,姜,4.0,2.5,6.0,2,鲁,0.0,3.8833333333333333,0.03171351646280779,3.6787679096857078,0.008621330384271746,鲁,False,True,False,False,False,False,True
2026-03-02,芋头,3.125,2.0,5.0,2,闽桂/鲁,0.0,3.2416666666666667,0.03171351646280779,-3.6787679096857078,0.010279278535093238,闽桂/鲁,False,True,False,False,False,False,True
2026-04-02,金针菇,3.25,3.0,3.5,1,皖鲁,0.0,3.4833333333333334,0.06342703292561559,-3.6787679096857073,0.019090088708030306,皖鲁,False,True,False,False,False,False,True
2026-02-13,蒜苗,4.0,2.0,6.0,1,鲁豫苏,0.0,4.513333333333334,0.13953947243635434,-3.6787679096857073,0.03230630396743592,鲁豫苏,False,True,False,False,False,False,True
2026-03-13,花生,4.5,4.3,4.7,1,苏,0.0,5.106666666666667,0.1649102856066007,-3.678767909685707,0.03373200140642251,苏,False,True,False,False,False,False,True
2026-04-16,紫薯,1.75,1.5,2.0,1,冀,0.0,1.9833333333333334,0.06342703292561562,-3.6787679096857056,0.03340765523905305,冀,False,True,False,False,False,False,True
2026-03-03,心里美,1.35,1.2,1.5,1,冀,0.0,1.1166666666666667,0.06342703292561562,3.6787679096857056,0.06074119134373282,冀,False,True,False,False,False,False,True
2026-02-07,杭椒,6.0,5.0,7.0,1,鲁粤,0.0,7.4,0.38056219755369375,-3.678767909685705,0.053452248382484864,鲁粤,False,True,False,False,False,False,True
2026-07-16,芋头,2.75,1.5,4.5,2,闽桂/鲁,0.0,2.8666666666666667,0.03171351646280782,-3.6787679096857047,0.011620053996192358,闽桂/鲁,False,True,False,False,False,False,True
2026-04-02,杏鲍菇,3.0,2.5,3.5,1,豫,0.0,3.28,0.07611243951073893,-3.678767909685693,0.024296476537493106,豫,False,True,False,False,False,False,True
2026-07-28,红尖椒,3.0,2.5,3.5,1,鲁辽,0.0,3.466666666666667,0.1268540658512327,-3.678767909685663,0.038180177416060675,鲁辽,False,True,False,False,False,False,True
2026-05-25,莲藕,3.25,3.0,3.5,1,津,0.0,3.063333333333333,0.05074162634049374,3.6787679096856203,0.017525327338519647,津,False,True,False,False,False,False,True
2026-02-25,荸荠,4.425,3.0,6.0,2,皖,0.0,4.331666666666667,0.02537081317024675,3.678767909685612,0.006179450680056052,皖,False,True,False,False,False,False,True
2026-08-11,贝贝南瓜,1.65,1.5,1.8,1,冀蒙,0.0,1.23,0.11416865926611104,3.6787679096856096,0.10022296571715915,冀蒙,False,True,False,False,False,False,True
2026-05-10,心里美,1.4,1.2,1.6,1,冀,0.0,1.26,0.03805621975537051,3.678767909685592,0.0320713490294909,冀,False,True,False,False,False,False,True
2026-07-16,荸荠,3.85,2.6,5.0,2,皖,0.0,4.013333333333334,0.044398923047932755,-3.6787679096855586,0.011620053996192386,皖,False,True,False,False,False,False,True
2026-03-05,葱头,0.7,0.6,0.8,2,甘/甘蒙,0.0,0.7233333333333333,0.006342703292561857,-3.678767909685531,0.009215904893531896,甘/甘蒙,False,True,False,False,False,False,True
2026-08-04,心里美,1.25,1.0,1.5,1,冀,0.0,1.3900000000000001,0.03805621975537125,-3.6787679096855266,0.028635133062045477,冀,False,True,False,False,False,False,True
2026-04-30,红尖椒,7.5,7.0,8.0,1,鲁桂,0.0,6.566666666666666,0.25370813170247486,3.678767909685526,0.04111711414037299,鲁桂,False,True,False,False,False,False,True
2026-07-07,贝贝南瓜,1.4,1.3,1.5,1,鲁冀,0.0,1.5399999999999998,0.038056219755372024,-3.6787679096854458,0.025863991152815298,鲁冀,False,True,False,False,False,False,True
2026-05-16,杭椒,2.75,2.5,3.0,1,鲁粤,0.0,3.45,0.19028109877686303,-3.678767909685393,0.057270266124090946,鲁粤,False,True,False,False,False,False,True
2026-02-10,青萝卜,2.0,1.5,2.5,1,津鲁,0.0,1.9066666666666667,0.02537081317024856,3.6787679096853667,0.014066381153285479,津鲁,False,True,False,False,False,False,True
2026-07-24,紫薯,1.8,1.6,2.0,1,冀闽,0.0,1.6133333333333333,0.050741626340497274,3.67876790968536,0.03340765523905305,冀闽,False,True,False,False,False,False,True
2026-07-04,线椒,2.5,1.5,3.5,1,鲁冀,0.0,2.966666666666667,0.1268540658512436,-3.678767909685347,0.0445435403187374,鲁冀,False,True,False,False,False,False,True
2026-06-30,卞萝卜,0.7,0.6,0.8,1,冀,0.0,0.7466666666666666,0.01268540658512462,-3.678767909685268,0.01781741612749502,冀,False,True,False,False,False,False,True
2026-06-24,紫薯,1.6,1.2,2.0,1,冀闽,0.0,1.4600000000000002,0.03805621975537518,3.6787679096851402,0.027647714680595622,冀闽,False,True,False,False,False,False,True
2026-06-03,姜,3.0,1.5,5.0,2,云鲁/鲁,0.0,3.2333333333333334,0.06342703292562904,-3.678767909684927,0.020558557070186462,云鲁/鲁,False,True,False,False,False,False,True
2026-02-25,大蒜,3.6,3.2,4.0,1,豫苏鲁,0.0,3.646666666666667,0.012685406585126699,-3.678767909684683,0.0036611129029099103,豫苏鲁,False,True,False,False,False,False,True
2026-06-27,杭椒,2.25,2.0,2.5,1,鲁冀,0.0,2.716666666666667,0.12685406585127493,-3.6787679096844386,0.048592953074986234,鲁冀,False,True,False,False,False,False,True
2026-05-16,小米椒,6.5,6.0,7.0,1,云,0.0,5.1,0.380562197553837,3.6787679096843204,0.08017837257372731,云,False,True,False,False,False,False,True
2026-05-12,紫甘蓝,0.95,0.9,1.0,1,冀,0.0,1.0433333333333334,0.0253708131702559,-3.6787679096843116,0.025453451610707094,冀,False,True,False,False,False,False,True
2026-08-03,小米椒,5.5,5.0,6.0,1,桂,0.0,6.433333333333334,0.25370813170265855,-3.6787679096828625,0.04111711414037296,桂,False,True,False,False,False,False,True
2026-05-28,板栗南瓜,1.45,1.3,1.6,1,新桂,0.0,1.6366666666666667,0.050741626340539754,-3.6787679096822803,0.032395302049990825,新桂,False,True,False,False,False,False,True
2026-05-28,贝贝南瓜,1.4,1.3,1.5,1,桂鲁,0.0,1.4466666666666668,0.012685406585136236,-3.678767909681917,0.009215904893531881,桂鲁,False,True,False,False,False,False,True
2026-07-14,美人椒,5.0,4.5,5.5,1,鲁闽,0.0,4.533333333333333,0.1268540658514378,3.6787679096797152,0.029695693545824985,鲁闽,False,True,False,False,False,False,True
2026-07-29,大蒜,3.65,2.2,6.3,2,豫苏鲁,0.0,3.6033333333333335,0.012685406585149127,3.6787679096781436,0.0037119616932281153,豫苏鲁,False,True,False,False,False,False,True
2026-06-23,小米椒,6.5,6.0,7.0,1,桂,0.0,6.966666666666667,0.12685406585161058,-3.6787679096747046,0.019090088708030247,桂,False,True,False,False,False,False,True
2026-03-02,黄心菜,3.35,3.2,3.5,1,,0.21818181818181825,2.26,0.2963571936142206,3.677994067587557,0.10089870518436594,,True,True,True,False,True,True,True
2026-03-01,红薯,1.85,1.1,2.8,2,冀,0.0,1.5208333333333333,0.08979942528551707,3.665576540385221,0.06236095644623237,冀,False,True,False,False,False,False,True
2026-08-10,金丝南瓜,0.9,0.8,1.0,1,冀蒙,0.125,0.775,0.03411441196105882,3.6641405439638226,0.0366327265495848,冀蒙,False,True,False,False,False,False,True
2026-03-21,苦菊,2.4,2.3,2.5,1,辽冀,-0.18644067796610175,3.2016666666666667,0.21931843222274075,-3.655263529571881,0.05645190346777064,辽冀,False,True,False,True,False,False,True
2026-03-04,贝贝南瓜,2.2,2.1,2.3,1,桂粤,0.0,2.481666666666667,0.07710643487316973,-3.652959278041742,0.0320713490294909,桂粤,False,True,False,False,False,False,True
2026-03-04,板栗南瓜,3.0,2.8,3.2,1,新桂,0.0,3.2816666666666667,0.0771064348731719,-3.65295927804164,0.024296476537493106,新桂,False,True,False,False,False,False,True
2026-05-25,白豆,3.8,3.5,4.1,1,辽鲁,0.20634920634920628,3.0149999999999997,0.21501804254687332,3.650856415125593,0.0692872472134511,辽鲁,False,True,True,False,False,False,True
2026-02-25,红尖椒,9.25,9.0,9.5,1,鲁徽,0.0,6.883333333333334,0.6490488177449323,3.646361570905342,0.0989856451527498,鲁徽,False,True,False,False,False,False,True
2026-06-02,莲藕,5.375,3.0,8.0,2,川/津,0.0,3.2583333333333333,0.5821827733703528,3.635742525346347,0.17427780249178348,川/津,False,True,False,False,False,False,True
2026-05-28,玉米,1.55,1.5,1.6,2,云闽/闽云,-0.08823529411764697,1.8691666666666664,0.08800551837451244,-3.626666515484116,0.026785981676577926,云闽/闽云,False,True,False,False,False,False,True
2026-05-12,散叶生菜,0.7,0.6,0.8,1,冀,0.0,0.885,0.051108404059591495,-3.6197569343838896,0.05939138709164991,冀,False,True,False,False,False,False,True
2026-07-02,红薯,1.4,1.1,2.0,2,冀/冀粤,0.0,1.7181333333333335,0.08798813922159052,-3.615638836640724,0.05371755567537847,冀/冀粤,False,True,False,False,False,False,True
2026-01-15,线椒,7.5,7.0,8.0,1,鲁,-0.0625,7.966666666666667,0.12909944487358058,-3.6147844564602565,0.016703827619526525,鲁,False,True,False,False,False,False,True
2026-01-15,红尖椒,6.0,5.0,7.0,1,鲁徽,0.09090909090909083,5.533333333333333,0.12909944487358058,3.6147844564602565,0.024296476537493106,鲁徽,False,True,False,False,False,False,True
2026-07-16,鸡毛菜,8.4,7.8,9.0,1,,0.40000000000000013,3.3833333333333333,1.3885823416492922,3.6127973950094376,0.20506649217363124,,True,True,True,False,True,True,True
2026-02-24,荆芥,7.25,7.0,7.5,1,,-0.12121212121212122,8.75,0.41522739926869917,-3.6124783736376944,0.034649258091326865,,True,True,False,True,True,False,True
2026-06-20,南北瓜,1.15,1.1,1.2,1,桂云川,0.0,0.9199999999999999,0.06378844344581583,3.6056687947773827,0.057076627173196344,桂云川,False,True,False,False,False,True,True
2026-03-23,奶白菜,4.5,4.0,5.0,1,,0.2857142857142858,3.4133333333333336,0.3014142908235171,3.605226094946265,0.08539171234166991,,True,True,True,False,True,False,True
2026-07-13,蒜黄,5.25,5.0,5.5,1,冀,0.10526315789473695,4.7,0.1525642883146988,3.6050376275835854,0.028132762306571003,冀,False,True,False,False,False,False,True
2026-05-10,荠菜,16.5,16.0,17.0,1,,1.2000000000000002,7.2625,2.5651741723482915,3.601119993947047,0.3937424127849074,,True,True,True,False,True,False,True
2026-02-12,茴香,5.0,4.5,5.5,1,冀,0.05263157894736836,3.1233333333333335,0.5212275519574351,3.600474801493073,0.10804976441373663,冀,False,True,False,False,False,True,True
2026-06-07,圆白菜,0.8,0.6,1.0,1,冀,0.14285714285714302,0.47866666666666663,0.08947098675695093,3.5914808250214056,0.13512089018620618,冀,False,True,False,False,False,True,True
2026-08-05,毛冬瓜,0.8,0.5,1.1,1,冀鲁豫,0.14285714285714302,0.6786666666666666,0.03380811301668931,3.5888821500755586,0.0506543569296888,冀鲁,True,True,False,False,True,False,True
2026-03-05,水萝卜,2.2,1.2,3.5,2,鲁,-0.10204081632653061,3.0316666666666663,0.23174128460096483,-3.5887721434646935,0.08555087371167244,鲁,False,True,False,False,False,False,True
2026-08-11,豌豆苗,7.25,7.0,7.5,1,,0.0,5.095000000000001,0.6010551067741743,3.585361767518708,0.09531900040477871,,True,True,False,False,False,True,True
2026-01-19,红尖椒,6.75,6.5,7.0,1,鲁徽,0.125,5.618421052631579,0.3158808347373832,3.582296938999774,0.05227945320543634,鲁徽,False,True,False,False,False,False,True
2026-01-30,小葱,4.9,4.8,5.0,1,冀辽,0.19512195121951237,3.8899999999999997,0.28235463150271617,3.577061918994181,0.05950479122320005,冀辽,False,True,True,False,False,False,True
2026-03-25,奶白菜,5.25,4.5,6.0,1,,0.16666666666666674,3.511666666666667,0.48772578031267655,3.564161263361767,0.09190938460215708,,True,True,True,False,True,True,True
2026-03-04,水萝卜,2.45,1.5,3.5,2,鲁,-0.2222222222222221,3.058333333333333,0.17074044292602272,-3.562912939126599,0.08225733253545899,,True,True,False,True,True,False,True
2026-04-30,美人椒,6.5,6.0,7.0,1,鲁闽,0.0,5.4816666666666665,0.2860200539549871,3.560356412958357,0.04859429980432002,鲁闽,False,True,False,False,False,False,True
2026-07-25,番茄,1.7,1.2,2.3,3,冀京/冀京蒙/蒙冀,0.0,1.4576333333333333,0.06812183979805342,3.55784088311708,0.05288708393904165,冀京/冀京蒙/蒙冀,False,True,False,False,False,False,True
2026-05-19,韭菜,1.5,1.2,1.8,1,冀,0.0,1.0483333333333333,0.1269559612304409,3.5576641087915153,0.1336306209562122,冀,False,True,False,False,False,False,True
2026-01-22,菊花菜,4.0,3.5,4.5,1,,0.17647058823529416,3.325,0.1897366596101028,3.557562367689425,0.04782333592801042,,True,True,True,False,True,False,True
2026-03-04,冬瓜,1.525,1.4,1.7,2,海,-0.1527777777777779,1.8183333333333336,0.0825074012702364,-3.555236606866084,0.04215114424702442,新桂/桂海,True,True,False,True,True,False,True
2026-02-26,菜心,4.25,4.0,4.5,1,,0.3492063492063493,2.738333333333333,0.4254173069557364,3.5533736920203682,0.13438563442349913,,True,True,True,False,True,False,True
2026-01-29,葱头,0.725,0.65,0.8,2,甘/甘蒙,0.0,0.7618965517241378,0.010386615107869118,-3.552317221823716,0.01092128612043568,甘/甘蒙,False,True,False,False,False,False,True
2026-02-26,荆芥,6.25,6.0,6.5,1,,-0.13793103448275867,8.6,0.661763578993856,-3.5511171581442045,0.047402384599166486,,True,True,False,True,True,False,True
2026-05-12,山药,4.6,2.8,7.0,4,冀/豫冀/豫鲁,0.0,4.053466666666666,0.15394887940892746,3.5500962100646523,0.03629535262587574,冀/豫冀/豫鲁,False,True,False,False,False,False,True
2026-02-25,黄心菜,2.75,2.0,3.5,1,,0.0,2.185,0.1592817932319085,3.547172520699717,0.08645827399504881,,True,True,False,False,False,False,True
2026-05-31,平菇,5.0,4.5,5.5,1,京蒙,0.25,3.1416666666666666,0.5239247335608237,3.546947136286695,0.18645573016454564,京蒙,False,True,True,False,False,False,True
2026-06-19,花生,4.35,3.5,5.2,1,粤海,-0.09375,4.916666666666667,0.15992095748737042,-3.543417170394438,0.03221876663481348,粤海,False,True,False,False,False,False,True
2026-07-18,罗马生菜,1.4,1.3,1.5,1,京冀,0.0,1.1700000000000002,0.06512587281828743,3.53162253413079,0.06657862720272498,京冀,False,True,False,False,False,False,True
2026-02-26,紫苏叶,7.25,7.0,7.5,1,,-0.12121212121212122,8.733333333333333,0.42004378534766434,-3.531377882678584,0.034745490521033005,,True,True,False,True,True,False,True
2026-07-31,荠菜,19.0,18.0,20.0,1,,0.6521739130434783,10.579166666666667,2.3867638180156288,3.5281385069489066,0.19085815650026253,,True,True,True,False,True,False,True
2026-06-06,圆白菜,0.7,0.6,0.8,1,冀,0.16666666666666674,0.468,0.06577914982517055,3.526953458909324,0.1337049981222088,冀,False,True,True,False,False,False,True
2026-07-21,丝瓜,3.2,2.5,3.8,2,冀/豫冀,0.28,1.695,0.4278756667618353,3.517376931924748,0.18985808785035513,冀/豫冀,False,True,True,False,False,True,True
2026-03-11,豌豆苗,8.0,7.5,8.5,1,,0.0,5.48,0.7168657836193166,3.515302386559737,0.08258600828409916,,True,True,False,False,False,True,True
2026-02-25,团生菜,3.75,3.5,4.0,1,冀云,0.0,1.9183333333333334,0.5216821818411808,3.511077683738666,0.2314482537200877,冀云,False,True,False,False,False,False,True
2026-05-15,彩椒,4.5,4.0,5.0,1,鲁闽,-0.18181818181818177,6.266666666666667,0.5040069329937273,-3.5052427873817638,0.06119237894550871,鲁闽,False,True,False,True,False,False,True
2026-07-20,油豆,3.0,2.5,3.5,1,冀辽,-0.31818181818181823,4.528333333333333,0.4366177475450047,-3.500392143761401,0.11403593989164207,冀辽,False,True,False,True,False,False,True
2026-05-26,鸡毛菜,5.0,4.5,5.5,1,,0.25,2.7666666666666666,0.6396838299494947,3.491308094359151,0.191830196490958,,True,True,True,False,True,False,True
2026-02-26,红尖椒,10.0,9.5,10.5,1,鲁徽,0.08108108108108114,6.991666666666666,0.8622427985655572,3.488963130034895,0.09968820976910159,鲁徽,False,True,False,False,False,True,True
2026-04-03,姜,3.225,1.0,5.7,2,云鲁/鲁,0.0,3.7233333333333336,0.1429271175093811,-3.486625505482716,0.03741657386773942,云鲁/鲁,False,True,False,False,False,False,True
2026-07-15,小白菜,2.5,0.8,4.5,2,冀,0.3513513513513513,1.3083333333333333,0.34204842703450705,3.48391213781681,0.3526536426847961,冀,False,True,True,False,False,False,True
2026-02-01,南北瓜,2.4,2.0,2.8,1,冀新云,0.11627906976744184,1.9116666666666666,0.14061645887216445,3.4728035199441414,0.04138584256189336,冀新云,False,True,False,False,False,True,True
2026-03-04,葱头,0.7,0.6,0.8,2,甘/甘蒙,-0.034482758620689724,0.7251666666666666,0.007249653182350938,-3.471430430345849,0.009215904893531896,甘,True,True,False,False,False,False,True
2026-01-27,螺丝椒,6.75,5.5,8.0,1,鲁辽闽,0.0,6.055555555555555,0.2001601922563588,3.469443332443557,0.03340765523905305,鲁辽闽,False,True,False,False,False,False,True
2026-05-19,香菜,3.0,2.5,3.5,1,冀,0.0,1.4816666666666667,0.4381550924700559,3.4652874277322208,0.2114994153447861,冀,False,True,False,False,False,False,True
2026-07-11,黄瓜,1.525,1.0,2.2,2,冀/辽冀鲁,0.3555555555555554,0.9833333333333333,0.15651557889479173,3.460784354449277,0.1070492651605808,冀/辽冀鲁,False,True,True,False,False,False,True
2026-03-30,青萝卜,1.4,0.8,2.0,1,津鲁,-0.2432432432432433,1.9683333333333335,0.16425554802645714,-3.4600556277209606,0.07014505711604968,津鲁,False,True,False,True,False,False,True
2026-05-09,卞萝卜,0.95,0.7,1.2,1,冀,0.0,0.7666666666666667,0.05306686305052335,3.454761084309565,0.07126966450997982,冀,False,True,False,False,False,False,True
2026-01-28,南北瓜,2.1,1.7,2.5,1,冀新云,0.10526315789473695,1.8571428571428572,0.070335552511443,3.4528362141981055,0.030001448203747224,冀新云,False,True,False,False,False,False,True
2026-01-23,线椒,6.5,6.0,7.0,1,鲁,-0.1333333333333333,7.760869565217392,0.36523856516825565,-3.452180808553288,0.038174389784370294,鲁,False,True,False,True,False,False,True
2026-03-03,黄心菜,3.65,3.3,4.0,1,,0.08955223880597019,2.31,0.38916355926791124,3.4432823117374816,0.10125966801153097,,True,True,False,False,True,True,True
2026-07-22,丝瓜,3.7,3.5,4.0,2,冀/豫冀,0.15625,1.7641666666666669,0.5626554702132631,3.4405305481160524,0.18250600450979296,冀/豫冀,False,True,True,False,False,True,True
2026-05-12,卞萝卜,1.1,1.0,1.2,1,冀,0.1578947368421053,0.7883333333333333,0.09067118819016379,3.4373285813020487,0.07998398332524657,冀,False,True,True,False,False,True,True
2026-07-15,蒿子秆,5.5,5.0,6.0,1,,0.25,3.4383333333333335,0.5999545001905164,3.436371701540669,0.0829773482201121,,True,True,True,False,True,False,True
2026-01-18,罗马生菜,2.1,2.0,2.2,1,云,0.19999999999999996,1.7083333333333333,0.11408201384246758,3.4332026011348953,0.05816518419299769,云,False,True,True,False,False,False,True
2026-07-15,蒜黄,6.25,6.0,6.5,1,冀,0.0,4.8,0.42243138598129154,3.4325101025145353,0.05623730135056031,冀,False,True,False,False,False,True,True
2026-05-25,散生菜,2.5,2.2,2.8,1,,0.38888888888888884,1.6083333333333334,0.2600011052142784,3.4294726014022316,0.2606577244543139,,True,True,True,False,True,False,True
2026-05-25,团生菜,1.4,1.0,1.8,1,冀京,0.0,0.9783333333333334,0.12295452855406482,3.4294521041675488,0.13103637828578618,冀京,False,True,False,False,False,False,True
2026-02-14,莲藕,4.75,4.5,5.0,1,津,0.0,3.2849999999999997,0.4273313339383354,3.4282531694982192,0.08459427459757805,津,False,True,False,False,False,True,True
2026-03-07,大蒜,3.4,2.5,4.1,2,云/豫苏鲁,0.0,3.6416666666666666,0.07050719373096756,-3.427546238597835,0.021977104758832,云/豫苏鲁,False,True,False,False,False,False,True
2026-07-13,紫苏叶,3.0,2.5,3.5,1,,-0.13043478260869568,3.6300000000000003,0.1841101619252148,-3.4218643523647825,0.03662994611238617,,True,True,False,True,True,False,True
2026-02-28,小米椒,9.5,9.0,10.0,1,云,0.0,15.783333333333333,1.8368044465082964,-3.420796016297619,0.10857487952692241,云,False,True,False,False,False,False,True
2026-02-10,茴香,3.75,3.5,4.0,1,冀,0.25,3.0116666666666663,0.2160313408510107,3.4177139780960606,0.09383987042077348,冀,False,True,True,False,False,False,True
2026-05-26,玉米,1.7,1.6,1.8,2,云闽/闽云,-0.02857142857142858,1.8858333333333333,0.05441037130681986,-3.415402778367747,0.01708442334066228,云,True,True,False,False,False,False,True
2026-07-21,娃娃菜,1.1,1.0,1.2,1,冀,0.1578947368421053,0.8450000000000001,0.07468323912965501,3.414420731769591,0.08037686436173734,冀,False,True,True,False,False,False,True
2026-05-11,紫苏叶,2.75,2.5,3.0,1,,0.0,5.925,0.9311422351439963,-3.409790556336436,0.13500508740922923,,True,True,False,False,False,False,True
2026-03-26,奶白菜,5.75,5.3,6.2,1,,0.09523809523809534,3.5983333333333336,0.6311570291158126,3.4090829498974835,0.09190938460215708,,True,True,False,False,True,True,True
2026-05-19,罗马生菜,1.45,1.3,1.6,1,京冀,0.0,1.6499999999999997,0.05872202195146602,-3.4058772731855265,0.032395302049990866,京冀,False,True,False,False,False,False,True
2026-02-24,蒜苗,3.5,2.0,5.0,1,鲁豫苏,-0.125,4.423333333333333,0.27124659010516283,-3.4040366478905955,0.044651158508458244,鲁豫苏,False,True,False,True,False,False,True
2026-07-22,白豆,4.25,3.5,5.0,1,蒙冀,0.4655172413793105,2.385,0.5479035278788305,3.403883904927963,0.16461129640168123,蒙冀,False,True,True,False,False,False,True
2026-02-24,散叶生菜,1.75,1.5,2.0,1,冀辽,-0.35185185185185186,2.6083333333333334,0.2526014078827903,-3.397975254879059,0.12054524446087618,冀辽,False,True,False,True,False,False,True
2026-05-25,玉米,1.75,1.7,1.8,2,云,-0.05405405405405406,1.8916666666666666,0.041695392396826444,-3.3976575953137993,0.01633563284061944,云,False,True,False,False,False,False,True
2026-07-13,苦菊,4.725,4.3,5.5,2,辽冀,0.09883720930232553,2.6,0.6272201945200647,3.3879648942521747,0.11788461881809977,辽冀,False,True,False,False,False,True,True
2026-03-05,胡萝卜,1.0,0.8,1.2,2,豫闽/闽,-0.11111111111111116,1.269,0.0794311673389453,-3.3865799661754252,0.03042885090976376,豫闽/闽,False,True,False,False,False,False,True
2026-04-21,蒜米,2.8,2.6,3.0,1,鲁,0.0,3.2233333333333336,0.125074690329097,-3.3846442651143693,0.03340765523905308,鲁,False,True,False,False,False,False,True
2026-03-10,大蒜,3.2,2.0,4.1,2,云/豫苏鲁,-0.05882352941176461,3.61,0.12116531881177338,-3.383806554719855,0.02626907719350167,云/豫苏鲁,False,True,False,False,False,False,True
2026-07-13,土豆,0.98,0.85,1.1,1,冀,0.0,0.8426666666666666,0.04059330107239725,3.3831526312285485,0.03113381035877296,冀,False,True,False,False,False,True,True
2026-07-16,小白菜,2.85,1.2,4.6,2,冀,0.14000000000000012,1.3558333333333332,0.44288840996142553,3.373686538324191,0.35238846389182865,冀,False,True,False,False,False,True,True
2026-06-02,大蒜,2.9,1.5,4.8,2,豫苏鲁,0.24731182795698903,2.4508333333333336,0.13317789071279362,3.3726819388912084,0.06725681161482959,豫/豫苏鲁,True,True,True,False,True,False,True
2026-07-29,小葱,3.4,3.3,3.5,1,冀辽,0.41666666666666674,2.1416666666666666,0.37326225719148354,3.3711775275682596,0.12745348240720422,冀辽,False,True,True,False,False,False,True
2026-05-13,大葱,1.15,1.1,1.2,1,鲁,0.09523809523809512,0.82,0.09790917677393819,3.3704705817508263,0.04015721464479918,鲁,False,True,False,False,False,True,True
2026-02-10,油豆,6.1,5.0,7.2,1,云,0.3707865168539324,4.665,0.4259168609174714,3.369202141725155,0.10648356978034616,云,False,True,True,False,False,False,True
2026-03-05,毛冬瓜,2.3,1.6,3.0,1,云冀,0.0,1.8366666666666667,0.13767361035618064,3.3654476855413744,0.08628957056924604,云冀,False,True,False,False,False,False,True
2026-02-25,丝瓜,2.75,2.5,3.0,1,豫冀,0.0,4.383333333333334,0.4857154930922883,-3.362736739021402,0.09435393191505964,豫冀,False,True,False,False,False,False,True
2026-07-20,团生菜,2.25,2.0,2.5,1,冀,0.0,1.32,0.2784191828508031,3.340287082511698,0.12292606327871317,冀,False,True,False,False,False,True,True
2026-08-11,广茄,0.85,0.7,1.0,1,冀,0.0,0.4966666666666667,0.10580832811664276,3.3393716697216855,0.2061219632554079,冀,False,True,False,False,False,False,True
2026-06-11,芹菜,1.25,1.1,1.4,1,津冀京,0.13636363636363624,0.91,0.10204799411770675,3.3317656357637824,0.0606401591925156,津冀京,False,True,False,False,False,False,True
2026-01-31,彩椒,7.5,7.0,8.0,1,鲁闽,0.15384615384615374,5.666666666666667,0.5506005081183906,3.3296978595216413,0.06119237894550871,鲁闽,False,True,True,False,False,False,True
2026-03-01,荸荠,4.175,3.0,5.5,2,皖,-0.05649717514124297,4.336666666666667,0.04857154930922919,-3.3284230988272885,0.016749195104269542,皖,False,True,False,False,False,False,True
2026-05-18,紫薯,1.55,1.3,1.8,1,冀,-0.06060606060606055,1.7233333333333334,0.05208304597622013,-3.328018361531182,0.02139025173803968,冀,False,True,False,False,False,False,True
2026-02-25,罗马生菜,3.05,2.8,3.3,1,云,0.051724137931034475,1.903333333333333,0.3446470791917469,3.3270749584061043,0.10681964651312352,云,False,True,False,False,False,False,True
2026-06-02,快菜,1.25,1.0,1.5,1,,0.6666666666666667,0.6983333333333334,0.16582257517232576,3.326848989610521,0.3327813220828857,,True,True,True,False,True,False,True
2026-06-09,荆芥,4.75,4.0,5.5,1,,0.0,3.4166666666666665,0.4011477785428383,3.323795879355587,0.09608093221096613,,True,True,False,False,False,False,True
2026-02-04,荆芥,8.5,8.0,9.0,1,,0.0,8.96,0.13844373104863442,-3.32264954516724,0.014847846772912471,,True,True,False,False,False,False,True
2026-02-04,紫苏叶,8.75,8.5,9.0,1,,0.0,8.98,0.0692218655243174,-3.3226495451672307,0.007423923386456236,,True,True,False,False,False,False,True
2026-05-25,菜心,2.75,2.5,3.0,1,,0.6176470588235294,1.7766666666666666,0.29323796777894756,3.319260942590709,0.21410849624471898,,True,True,True,False,True,False,True
2026-05-19,蒿子秆,4.0,3.5,4.5,1,,0.26984126984126977,2.2766666666666664,0.519902731840017,3.3147225967330227,0.23621007726744614,,True,True,True,False,True,False,True
2026-03-08,板栗南瓜,2.75,2.7,2.8,1,新桂,-0.08333333333333337,3.231666666666667,0.14531970304110234,-3.3145310414681477,0.03167176084335407,新桂,False,True,False,False,False,False,True
2026-05-30,贝贝南瓜,1.55,1.3,1.8,1,桂鲁,0.0,1.4533333333333331,0.029164614049289345,3.3145189750598596,0.030749041331105773,桂鲁,False,True,False,False,False,False,True
2026-07-09,莴笋,0.8,0.6,1.0,1,冀,-0.19999999999999996,1.0016666666666667,0.06086068508081232,-3.3135786493183357,0.056825003384894344,冀,False,True,False,True,False,False,True
2026-07-04,青蒜,4.35,4.2,4.5,1,甘,0.17567567567567544,3.5949999999999998,0.2280350850198268,3.3108940228840464,0.06427325709785615,甘,False,True,True,False,False,False,True
2026-05-26,散叶生菜,1.75,1.5,2.0,1,冀,0.0,0.9233333333333333,0.24973549225521635,3.3101689279385944,0.2230827713039659,冀,False,True,False,False,False,False,True
2026-01-19,娃娃菜,1.5,1.4,1.6,1,豫鄂,0.0714285714285714,1.3342105263157895,0.05014598571212787,3.3061364998577365,0.02975008126294182,豫鄂,False,True,False,False,False,False,True
2026-05-17,茴香,1.75,1.5,2.0,1,冀,0.3999999999999999,1.2816666666666667,0.14171567779657318,3.3047390423916667,0.10924019844247282,冀,False,True,True,False,False,False,True
2026-02-24,白萝卜,0.7,0.5,0.9,1,鄂川,0.320754716981132,0.5426666666666667,0.047628833148907104,3.3033211802910483,0.08991195087664682,鄂川,False,True,True,False,False,False,True
2026-01-28,毛冬瓜,1.85,1.8,1.9,1,云,0.0,1.4517857142857142,0.12055592129269369,3.303149952688551,0.08590539918613646,云,False,True,False,False,False,False,True
2026-07-14,黄瓜,2.375,1.5,3.0,2,冀/辽冀鲁,0.021505376344086002,1.0983333333333332,0.38657053898245547,3.3025451707394815,0.16754995652576535,冀/辽冀鲁,False,True,False,False,False,True,True
2026-06-09,瓠子,1.75,1.5,2.0,1,冀,0.5217391304347827,0.9,0.2576418256899053,3.299153767925283,0.19194560671090524,冀,False,True,True,False,False,False,True
2026-05-12,蒜黄,4.75,4.5,5.0,1,冀,0.11764705882352944,3.566666666666667,0.35919770114206623,3.294378916042431,0.0456737930688114,冀,False,True,False,False,False,False,True
2026-04-06,白萝卜,0.6,0.5,0.7,1,川,0.09090909090909083,0.48166666666666663,0.03591977011420676,3.2943789160424193,0.04305157800348189,川,False,True,False,False,False,False,True
2026-03-11,南北瓜,2.0,1.5,2.5,1,冀海云,-0.09090909090909094,2.5366666666666666,0.1629117242099456,-3.2942175848256334,0.032370333854636446,冀海云,False,True,False,False,False,False,True
2026-02-27,穿心莲,4.25,4.0,4.5,1,,0.0,5.366666666666666,0.3394552769621816,-3.289584055548717,0.07390074006840017,,True,True,False,False,False,False,True
2026-05-31,荠菜,16.5,16.0,17.0,1,,1.2297297297297298,7.878333333333333,2.6224062171631766,3.2876930394076287,0.39528170299029036,,True,True,True,False,True,False,True
2026-03-06,冬瓜,1.4,1.1,1.7,2,海,-0.08196721311475408,1.8008333333333333,0.12203082802515816,-3.2846891217577956,0.04551483867813398,海,False,True,False,False,False,False,True
2026-05-05,大蒜,2.525,1.3,3.8,2,豫/豫苏鲁,-0.09009009009009006,2.865,0.10351578257143773,-3.284523302186905,0.02587982832134576,豫/豫苏鲁,False,True,False,False,False,False,True
2026-05-28,黄瓜,1.525,1.2,2.0,2,冀/辽冀鲁,0.3555555555555554,0.885,0.19493588689615315,3.2831307266729324,0.12170802904772997,冀/辽冀鲁,False,True,True,False,False,False,True
2026-02-24,尖椒,3.25,2.5,4.0,1,辽鲁粤闽,-0.32291666666666663,5.359999999999999,0.6430530626467069,-3.2812222234282906,0.08665402858064121,辽鲁粤闽,False,True,False,True,False,False,True
2026-06-27,玉米,1.2,1.0,1.5,2,冀,-0.09433962264150941,1.5191666666666668,0.09730934793430787,-3.2799178438861967,0.04015349259303531,冀,False,True,False,False,False,False,True
2026-06-04,苦菊,3.225,2.9,4.0,2,辽冀,0.1517857142857144,2.1483333333333334,0.32917957926076075,3.270757770225417,0.15085984549616166,辽冀,False,True,True,False,False,False,True
2026-07-26,番茄,1.75,1.2,2.6,3,冀京/冀京蒙/蒙冀,0.02941176470588247,1.4670666666666667,0.0865622890470085,3.2685518884520666,0.052895534137270925,冀京/冀京蒙/蒙冀,False,True,False,False,False,True,True
2026-05-27,瓠子,1.25,1.0,1.5,1,冀,0.38888888888888884,0.75,0.15309310892394862,3.2659863237109046,0.148756012419382,冀,False,True,True,False,False,True,True
2026-02-10,紫苏叶,8.25,8.0,8.5,1,,0.0,8.913793103448276,0.20349471374501976,-3.2619673073179336,0.01645928052697744,,True,True,False,False,False,False,True
2026-03-17,土豆,1.3,0.9,2.0,2,桂云/陕蒙冀,0.040000000000000036,1.125,0.05373947370865062,3.2564516904048078,0.026994672123041324,桂云/陕蒙冀,False,True,False,False,False,True,True
2026-07-13,盖菜,2.55,2.3,2.8,1,,0.4571428571428571,1.4933333333333332,0.32449784371350304,3.25631336890975,0.233399269648814,,True,True,True,False,True,False,True
2026-07-31,香芹,3.8,3.3,4.3,1,,0.2881355932203389,2.685,0.34269469673809366,3.2536249046542576,0.0837559515537829,,True,True,True,False,True,False,True
2026-07-08,葱头,0.925,0.8,1.05,2,鲁皖,0.0,0.8073333333333333,0.03628748557278698,3.2426238635533426,0.025382670197767705,鲁皖,False,True,False,False,False,True,True
2026-04-28,胡萝卜,0.85,0.6,1.1,2,豫闽/闽鲁,0.0,0.9913333333333333,0.043587670934230334,-3.2425071196529847,0.03494568890685083,豫闽/闽鲁,False,True,False,False,False,False,True
2026-06-04,香芹,3.0,2.5,3.5,1,,0.19999999999999996,2.425,0.17750667787341112,3.2393147507952427,0.09929370844291989,,True,True,True,False,True,False,True
2026-05-31,散叶生菜,3.0,2.5,3.5,1,冀,0.33333333333333326,1.14,0.5752660553889475,3.233286550763753,0.23338652358852852,冀,False,True,True,False,False,True,True
2026-02-13,韭菜,4.0,3.5,4.5,1,冀粤,0.0,3.04,0.29693840067108807,3.2329937718744914,0.09658040159139267,冀粤,False,True,False,False,False,False,True
2026-07-14,菜心,3.55,3.3,3.8,1,,0.0,2.19,0.4206726960968344,3.2329172124043493,0.23724816481890432,,True,True,False,False,False,False,True
2026-06-03,油菜,1.6,1.0,2.5,2,冀京,0.18518518518518512,0.9191666666666667,0.2106725001011073,3.231714310157156,0.24642628371566885,冀京,False,True,True,False,False,True,True
2026-02-26,大蒜,3.7,3.2,4.2,1,豫苏鲁,0.0277777777777779,3.648333333333333,0.01599209574874015,3.2307627141825654,0.008526423468644505,豫苏鲁,False,True,False,False,False,False,True
2026-06-05,冬瓜,1.09,1.0,1.2,2,桂/桂鲁,0.03809523809523818,0.7103333333333334,0.11753160494488164,3.2303367834100247,0.07764192144817919,桂/桂鲁,False,True,False,False,False,True,True
2026-04-29,红薯,1.7,1.0,2.8,2,冀/冀粤,0.0,1.6175,0.02555420202978765,3.228431860397465,0.012335134242111889,冀/冀粤,False,True,False,False,False,False,True
2026-01-29,南北瓜,2.15,1.7,2.6,1,冀新云,0.023809523809523725,1.8672413793103448,0.08790809127899021,3.216525539068707,0.030213437580268752,冀新云,False,True,False,False,False,False,True
2026-07-14,樱桃萝卜,3.75,3.5,4.0,1,,0.13636363636363646,2.315,0.44724250923740333,3.2085501050578347,0.1594721516802933,,True,True,False,False,True,False,True
2026-07-22,韭菜,2.25,2.0,2.5,1,冀,0.0,1.5100000000000002,0.2309649921226176,3.203948759503515,0.09673094467261885,冀,False,True,False,False,False,True,True
2026-03-11,苋菜,10.0,9.5,10.5,1,,0.26582278481012644,6.951666666666667,0.9514492877323715,3.2038841929227275,0.08383539217415933,,True,True,True,False,True,False,True
2026-08-10,蒿子秆,8.0,7.5,8.5,1,,0.4545454545454546,4.591666666666667,1.0645610503325118,3.2016325717240477,0.1313127252373166,,True,True,True,False,True,False,True
2026-07-20,鱼腥草根,11.25,11.0,11.5,1,,0.18421052631578938,8.973684210526315,0.7114867885578746,3.1993788585837137,0.08088041087087698,,True,True,True,False,True,False,True
2026-08-11,散叶生菜,2.5,2.0,3.0,1,冀,0.0,1.435,0.3332571752079568,3.195730142450575,0.08750687780635298,冀,False,True,False,False,False,True,True
2026-05-12,大葱,1.05,1.0,1.1,1,鲁,0.10526315789473695,0.8066666666666666,0.0762633067341138,3.1907000070387257,0.03646611431078983,鲁,False,True,False,False,False,True,True
2026-02-27,芹菜,1.35,1.2,1.5,1,鲁津,-0.03571428571428559,1.8366666666666664,0.15252661346824664,-3.1907000070383247,0.06130199728607635,鲁津,False,True,False,False,False,False,True
2026-01-26,茄子,3.1,2.5,3.7,1,云,-0.07462686567164178,3.486538461538461,0.12129113100939579,-3.1868650108351115,0.029486296200257653,云,False,True,False,False,False,False,True
2026-07-01,紫苏叶,3.45,3.3,3.6,1,,0.0,3.7383333333333337,0.09067118819011336,-3.1799884736127564,0.015599467543482175,,True,True,False,False,False,False,True
2026-03-11,空心菜,11.0,10.5,11.5,1,,0.1282051282051282,7.478333333333334,1.1080180607681922,3.1783477105283677,0.061424612208710344,,True,True,False,False,True,False,True
2026-03-31,芹菜,1.0,0.8,1.2,1,鲁津,-0.13043478260869557,1.1699999999999997,0.053498308062190886,-3.177670587308622,0.03486016198857707,鲁津,False,True,False,True,False,False,True
2026-05-20,芋头,2.875,1.5,4.5,2,闽桂/鲁,-0.04166666666666663,3.0875,0.06687288507774043,-3.1776705873085396,0.01483167665770234,闽桂/鲁,False,True,False,False,False,False,True
2026-08-11,板栗南瓜,1.4,1.3,1.5,1,蒙桂,0.0,1.1516666666666666,0.0782164694419383,3.1749494077801126,0.05810026998096184,蒙桂,False,True,False,False,False,False,True
2026-04-03,西芹,1.75,1.7,1.8,1,鲁,-0.18604651162790697,2.2366666666666664,0.15365284052792047,-3.1673131781656423,0.05508596160543457,鲁,False,True,False,True,False,False,True
2026-07-11,小黄瓜,4.2,4.0,4.5,2,辽鲁,0.24444444444444446,3.1049999999999995,0.34587470324500436,3.165886344756311,0.08586369497127785,辽鲁,False,True,True,False,False,False,True
2026-06-22,广茄,1.55,1.3,1.8,1,冀,-0.18421052631578938,2.0566666666666666,0.16013643608158334,-3.1639686698693574,0.05387362669566145,冀,False,True,False,True,False,False,True
2026-03-29,散叶生菜,1.0,0.9,1.1,1,冀,-0.33333333333333337,1.66,0.20860786509456195,-3.163830854128256,0.11793502263920988,冀辽,True,True,False,True,True,False,True
2026-07-10,莴笋,0.8,0.6,1.0,1,冀,0.0,0.9883333333333333,0.0597167644302926,-3.1537765840139382,0.056825003384894344,冀,False,True,False,False,False,False,True
2026-04-04,姜,3.175,1.0,5.5,2,云鲁/鲁,-0.015503875968992276,3.6958333333333333,0.16545175009408528,-3.1479469575701557,0.037327164116581255,云鲁/鲁,False,True,False,False,False,False,True
2026-05-26,散生菜,2.65,2.5,2.8,1,,0.06000000000000005,1.6383333333333332,0.32154887367385065,3.146229856469059,0.2605403417139417,,True,True,False,False,True,False,True
2026-01-16,圆白菜,1.45,0.9,2.0,1,冀鄂鲁,0.09022556390977443,1.2325,0.06913754406977453,3.1459028943882665,0.03497873955688815,冀鄂鲁,False,True,False,False,False,False,True
2026-05-18,小米椒,7.0,6.0,8.0,1,云琼,0.07692307692307687,5.216666666666667,0.5675618352053962,3.1420952268363127,0.08122581569978028,云琼,False,True,False,False,False,True,True
2026-03-12,葱头,0.65,0.5,0.8,2,甘/甘蒙,0.0,0.7141666666666667,0.020430003853922074,-3.1408054117595396,0.020549887113011263,甘/甘蒙,False,True,False,False,False,False,True
2026-07-09,板栗南瓜,1.3,1.2,1.4,1,新桂,0.0,1.4283333333333332,0.04086000770791724,-3.1408054117539157,0.02054988711301125,新桂,False,True,False,False,False,False,True
2026-06-08,韭菜,1.75,1.5,2.0,1,冀,0.25,1.1816666666666664,0.18122349191807452,3.136090841855422,0.0851040435469899,冀,False,True,True,False,False,False,True
2026-07-14,小黄瓜,5.0,4.0,6.1,2,辽鲁,0.12359550561797739,3.2175000000000002,0.5687687094308007,3.1339628401566766,0.08913159715250625,辽鲁,False,True,False,False,False,True,True
2026-01-18,西葫芦,3.0,2.5,3.5,2,鲁,0.19999999999999996,2.3944444444444444,0.1933747420157896,3.1315131916561794,0.06420851142456602,鲁,False,True,True,False,False,False,True
2026-06-12,芹菜,1.3,1.1,1.5,1,津冀京,0.040000000000000036,0.9183333333333333,0.12211027614508593,3.1255900708404556,0.0600806949855182,津冀京,False,True,False,False,False,True,True
2026-01-26,白萝卜,0.6,0.5,0.7,1,鄂川,0.0,0.5107692307692308,0.02855494029733937,3.124880258954118,0.028751635043855545,鄂川,False,True,False,False,False,True,True
2026-03-08,水萝卜,1.25,1.2,1.3,1,鲁,0.0,2.8833333333333333,0.5231425818259678,-3.122157113711476,0.1347487721311807,鲁,False,True,False,False,False,False,True
2026-02-01,绿菜花,1.75,1.5,2.0,1,鄂浙,-0.10256410256410253,1.9733333333333332,0.07159913953120671,-3.1192181190388837,0.027859516538835213,鄂浙,False,True,False,False,False,False,True
2026-07-09,贝贝南瓜,1.3,1.2,1.4,1,鲁冀,0.0,1.5233333333333334,0.07159913953120821,-3.1192181190388215,0.030942149566236993,鲁冀,False,True,False,False,False,False,True
2026-05-26,菜心,2.9,2.6,3.2,1,,0.05454545454545445,1.8016666666666667,0.3522056935580589,3.1184428685343772,0.21411349364077065,,True,True,False,False,True,False,True
2026-05-27,菊花菜,2.55,2.3,2.8,1,,-0.07272727272727275,1.4400000000000002,0.35632220986259644,3.115158048744796,0.21074314686901693,,True,True,False,False,True,False,True
2026-01-23,快菜,2.0,1.5,2.5,1,,0.5384615384615383,1.2294117647058822,0.2475245085904449,3.113179537987232,0.18099799774450068,,True,True,True,False,True,False,True
2026-04-12,线椒,4.75,4.0,5.5,1,鲁闽,0.0,4.25,0.160816880225704,3.1091263510289324,0.034450646614675964,鲁闽,False,True,False,False,False,False,True
2026-07-12,金丝南瓜,0.75,0.6,0.9,1,冀鲁,0.0,0.85,0.032163376045142154,-3.109126351028801,0.031442499048520534,冀鲁,False,True,False,False,False,False,True
2026-06-28,蒜米,2.8,2.6,3.0,1,鲁,0.05660377358490565,2.628333333333333,0.05521639769771996,3.108979828898825,0.015127994825231566,鲁,False,True,False,False,False,False,True
2026-06-16,山药,4.925,2.8,7.5,4,冀/豫冀/豫鲁,0.0,4.571666666666666,0.11366415543118068,3.108573076472322,0.018882587743812594,冀/豫冀/豫鲁,False,True,False,False,False,False,True
2026-08-11,芥兰,3.25,3.0,3.5,1,,-0.0714285714285714,2.1450000000000005,0.3555835417625736,3.1075678995790477,0.1270369723894303,,True,True,False,False,True,True,True
2026-01-23,油麦菜,2.825,2.5,3.3,2,鲁京冀,0.11881188118811892,2.3086956521739133,0.1662775431135351,3.105075635340317,0.049539169038011255,鲁京冀,False,True,False,False,False,False,True
2026-03-16,土豆,1.25,0.9,1.9,2,桂云/陕蒙冀,0.04166666666666674,1.1183333333333334,0.042514365388275625,3.0969924039599306,0.025936492959146348,桂云/陕蒙冀,False,True,False,False,False,True,True
2026-03-09,黄心菜,4.85,4.5,5.2,1,,0.2124999999999999,2.5683333333333334,0.7367780900807166,3.0968166635040704,0.10769154935123551,,True,True,True,False,True,True,True
2026-05-24,娃娃菜,0.55,0.5,0.6,1,冀,0.0,0.6416666666666667,0.02960467499585795,-3.0963578110380183,0.029124622516097536,冀,False,True,False,False,False,False,True
2026-04-08,柿子椒,3.5,3.0,4.0,1,鲁闽,0.0,2.8516666666666666,0.20946703029739325,3.0951569438534294,0.0493263109935486,鲁闽,False,True,False,False,False,False,True
2026-08-01,美人椒,3.5,3.0,4.0,1,鲁闽,-0.125,4.683333333333334,0.382445248128596,-3.094124816882132,0.04795939371944542,鲁闽,False,True,False,True,False,False,True
2026-02-11,白豆,6.65,5.5,7.8,1,云,0.15652173913043477,4.731666666666667,0.6202729284332235,3.0927245820302707,0.09489499267135464,云,False,True,True,False,False,False,True
2026-02-06,大葱,1.7,1.6,1.8,1,冀鲁,0.0,1.9533333333333334,0.08193072487266859,-3.092043109920578,0.030202431088031424,冀鲁,False,True,False,False,False,False,True
2026-01-22,口蘑,7.75,7.5,8.0,1,豫,0.0,8.204545454545455,0.14712247158412498,-3.0895719032666253,0.016197651024995402,豫,False,True,False,False,False,False,True
2026-01-22,白玉菇,3.75,3.5,4.0,1,豫,0.0,4.159090909090909,0.13241022442571249,-3.0895719032666227,0.028635133062045487,豫,False,True,False,False,False,False,True
2026-01-22,金针菇,3.5,3.0,4.0,1,皖鲁,0.0,3.3181818181818183,0.05884898863365003,3.0895719032666173,0.016197651024995402,皖鲁,False,True,False,False,False,False,True
2026-01-22,杏鲍菇,3.3,2.8,3.8,1,豫,0.0,3.3454545454545452,0.014712247158412586,-3.089571903266601,0.003988973759886943,豫,False,True,False,False,False,False,True
2026-02-28,菠菜,1.3,1.0,1.6,1,冀豫鲁,-0.5806451612903225,3.245833333333333,0.630000114030277,-3.088623779582076,0.23186305259107065,冀豫鲁,False,True,False,True,False,False,True
2026-07-16,花生,3.25,2.5,4.0,1,粤海,-0.1333333333333333,4.196666666666667,0.30651920492606866,-3.088441609702726,0.03809004072366344,粤海,False,True,False,True,False,False,True
2026-05-11,线茄,1.75,1.5,2.0,1,冀,-0.2222222222222222,2.7233333333333336,0.31533598210354347,-3.086654833490365,0.07342614469473427,冀,False,True,False,True,False,False,True
2026-03-22,苦菊,2.4,2.3,2.5,1,辽冀,0.0,3.1591666666666667,0.24630750101746463,-3.0821906094237765,0.05645190346777064,辽冀,False,True,False,False,False,False,True
2026-07-08,板栗南瓜,1.3,1.2,1.4,1,新桂,-0.07142857142857129,1.4383333333333332,0.044881709148581805,-3.0821761460861015,0.02054988711301125,新桂,False,True,False,False,False,False,True
2026-01-27,金丝南瓜,2.45,2.4,2.5,1,海桂粤,0.16666666666666674,1.9462962962962962,0.16345190184431702,3.081663156073072,0.04808203122057284,海桂,True,True,True,False,True,False,True
2026-04-09,平菇,4.75,4.5,5.0,1,京,0.11764705882352944,2.7616666666666663,0.6456329870932775,3.0796650311891054,0.0694130934776661,京,False,True,False,False,False,True,True
2026-07-04,柿子椒,1.6,1.0,2.2,1,鲁,0.0,1.8699999999999999,0.08769067893688347,-3.0790045563945956,0.03763091303263601,鲁,False,True,False,False,False,False,True
2026-02-15,青萝卜,2.5,1.8,3.2,1,津鲁,0.0,1.97,0.17250687142735902,3.0723413833586215,0.05429241450360857,津鲁,False,True,False,False,False,True,True
2026-03-30,大白菜,0.75,0.6,0.9,1,冀鄂鲁,-0.16666666666666674,1.0353333333333332,0.09291202117143453,-3.0710055570404267,0.05536914742495476,冀鄂鲁,False,True,False,True,False,False,True
2026-05-27,鸡毛菜,5.25,5.0,5.5,1,,0.050000000000000044,2.8666666666666667,0.7760791522613629,3.0709925996449003,0.19106461367758482,,True,True,False,False,True,True,True
2026-03-02,紫甘蓝,1.95,1.9,2.0,1,云,0.0,2.4733333333333336,0.17056363628566473,-3.0682585381613254,0.04477594991346427,云,False,True,False,False,False,False,True
2026-05-29,散叶生菜,2.25,2.0,2.5,1,冀,0.2857142857142858,1.025,0.3992989546347635,3.0678768020329548,0.22780791336418355,冀,False,True,True,False,False,True,True
2026-06-03,大蒜,2.9,1.5,4.8,2,豫苏鲁,0.0,2.455,0.14509212293548954,3.0670169475558264,0.06725681161482959,豫苏鲁,False,True,False,False,False,False,True
2026-07-29,罗马生菜,2.25,2.0,2.5,1,冀,0.0,1.335,0.29889163069003966,3.061310207607937,0.11355193770761389,冀,False,True,False,False,False,True,True
2026-03-09,南北瓜,2.2,1.8,2.6,1,冀海云,-0.06382978723404253,2.5566666666666666,0.11651056880677436,-3.0612387384201707,0.02650380885574989,冀海云,False,True,False,False,False,False,True
2026-06-11,心里美,1.4,1.3,1.5,1,冀,0.21739130434782616,1.2216666666666667,0.05825528440338793,3.0612387384201316,0.06343419790298455,冀,False,True,True,False,False,False,True
2026-03-05,线椒,4.25,2.5,6.0,1,鲁闽,-0.10526315789473684,5.791666666666667,0.5046479369123492,-3.054935042634355,0.047293702967557825,鲁闽,False,True,False,False,False,False,True
2026-05-29,菊花菜,2.95,2.6,3.3,1,,0.3111111111111111,1.51,0.47149797966435814,3.054095801269568,0.22121783334375109,,True,True,True,False,True,True,True
2026-07-12,板栗南瓜,1.15,1.1,1.2,1,新桂,0.0,1.403333333333333,0.08297624642794175,-3.053082589766614,0.0351991241069202,新桂,False,True,False,False,False,False,True
2026-02-15,韭菜,4.25,3.5,5.0,1,冀粤,0.2142857142857142,3.0983333333333336,0.37725947654588937,3.0527176605637343,0.11659572629999027,冀粤,False,True,True,False,False,False,True
2026-08-11,油麦菜,4.75,3.5,6.0,2,京冀,0.3013698630136987,2.8625,0.6184222834679052,3.0521215849718932,0.18225163320423812,京冀,False,True,True,False,False,False,True
2026-05-05,大葱,0.85,0.8,0.9,1,鲁,0.0625,0.7666666666666667,0.02733361367949893,3.0487492181041502,0.03030547567555829,鲁,False,True,False,False,False,False,True
2026-05-21,紫薯,1.45,1.3,1.6,1,冀,-0.06451612903225812,1.7,0.08200084103858113,-3.0487492181010167,0.025910846222841014,冀,False,True,False,False,False,False,True
2026-03-23,美人椒,5.5,5.0,6.0,1,鲁,-0.15384615384615385,7.166666666666667,0.5466722735905627,-3.0487492181008955,0.052297636036849095,鲁,False,True,False,True,False,False,True
2026-06-08,苦菊,4.225,3.6,5.0,2,辽冀,0.1901408450704225,2.330833333333333,0.6215138405723414,3.047666106554218,0.13212393465933003,辽冀,False,True,True,False,False,True,True
2026-02-24,苦瓜,3.25,3.0,3.5,1,鲁,-0.3157894736842105,4.911666666666667,0.545464581064069,-3.0463328405763,0.10457314406534514,鲁,False,True,False,True,False,False,True
2026-02-15,茴香,5.5,5.0,6.0,1,冀,0.22222222222222232,3.29,0.7262800827646935,3.042903216603855,0.13403969419144743,冀,False,True,True,False,False,False,True
2026-08-11,穿心莲,4.25,4.0,4.5,1,,-0.05555555555555558,2.9233333333333333,0.4360349031690229,3.042569888384377,0.23575993549537042,,True,True,False,False,True,False,True
2026-08-10,柿子椒,1.95,1.7,2.2,1,冀晋,0.0,1.5516666666666667,0.13096678529525013,3.0414836283515303,0.032574822126658166,冀晋,False,True,False,False,False,True,True
2026-04-09,尖椒,3.7,3.0,4.4,1,辽鲁粤闽,0.05714285714285716,2.8616666666666664,0.2756444903448682,3.041357120124064,0.05202523202391775,辽鲁粤闽,False,True,False,False,False,True,True
2026-01-17,圆白菜,1.58,0.95,2.2,1,冀鄂鲁,0.08965517241379328,1.2529411764705882,0.10763158840939513,3.038688068835217,0.03981989373264632,冀鄂鲁,False,True,False,False,False,True,True
2026-03-29,苦菊,1.7,1.6,1.8,1,辽冀,-0.02857142857142858,2.9650000000000003,0.4166057426723526,-3.0364439815100757,0.12465884386726662,辽冀,False,True,False,False,False,False,True
2026-07-11,贝贝南瓜,1.2,1.1,1.3,1,鲁冀,-0.07692307692307698,1.5033333333333334,0.09994251221140431,-3.035078132633937,0.035183627659776874,鲁冀,False,True,False,False,False,False,True
2026-07-26,毛豆,2.75,2.5,3.0,1,冀徽川,0.07843137254901977,2.0576666666666665,0.22812101043592367,3.0349389212783677,0.053570156750832626,冀徽川,False,True,False,False,False,False,True
2026-04-24,花生,5.3,4.3,6.3,1,苏鲁,-0.0185185185185186,4.370000000000001,0.30670664407091597,3.0322134129737552,0.062299737292471576,苏鲁海,True,True,False,False,False,False,True
2026-07-19,平菇,4.75,4.5,5.0,1,冀蒙,0.0,2.855,0.6253757491190449,3.0301782611005477,0.132905067089336,冀蒙,False,True,False,False,False,True,True
2026-07-16,樱桃萝卜,4.75,4.5,5.0,1,,0.0,2.4483333333333333,0.7599323170103925,3.0287785045404116,0.1695534159893954,,True,True,False,False,False,True,True
2026-06-06,小葱,2.65,1.8,3.5,1,冀辽,0.03921568627450989,2.1550000000000002,0.1636596552563386,3.0245694898030044,0.05335099994856339,冀辽,False,True,False,False,False,False,True
2026-06-25,玉米,1.325,1.2,1.5,2,冀,-0.07017543859649134,1.5433333333333334,0.0721986404176621,-3.024064332379342,0.03337589939001251,冀,False,True,False,False,False,False,True
2026-03-18,金丝南瓜,1.9,1.8,2.0,1,海桂粤,-0.09523809523809534,2.28,0.12567061489574982,-3.0237776771859455,0.035244009153004775,海桂粤,False,True,False,False,False,False,True
2026-04-25,大蒜,2.775,1.5,4.1,2,豫/豫苏鲁,0.0,2.9200000000000004,0.04797628724619255,-3.0223264100434912,0.012049855110024304,豫/豫苏鲁,False,True,False,False,False,False,True
2026-03-11,扁豆,7.3,6.0,8.6,1,云鲁,0.24786324786324787,5.426666666666667,0.6198906095563097,3.0220385733447106,0.09766232823497004,云鲁,False,True,True,False,False,False,True
2026-02-24,芹菜,1.65,1.5,1.8,1,鲁津,-0.13157894736842102,1.88,0.07611243951073852,-3.021845068670409,0.04784233799901208,鲁冀豫,True,True,False,True,True,False,True
2026-02-09,扁豆,5.4,3.5,7.3,1,云,0.06930693069306937,4.863333333333333,0.1775956921917241,3.021845068670396,0.03367128593612595,云,False,True,False,False,False,False,True
2026-03-03,线椒,4.75,2.5,7.0,1,鲁闽,-0.13636363636363635,5.925,0.3892410829931238,-3.018694714763079,0.041223462475449196,鲁闽,False,True,False,True,False,False,True
2026-07-17,木耳菜,1.75,1.5,2.0,1,,-0.30000000000000004,2.5366666666666666,0.2606137759786912,-3.018515286509596,0.15062132303466907,,True,True,False,True,True,False,True
2026-06-19,油豆,4.75,4.0,5.5,1,冀辽,0.11764705882352944,3.768333333333333,0.32575729629889943,3.013490957285992,0.04747130693902291,冀辽,False,True,False,False,False,False,True
2026-06-09,娃娃菜,0.95,0.9,1.0,1,冀,0.0,0.6766666666666666,0.09071871393197962,3.0129762811483096,0.0710887855087409,冀,False,True,False,False,False,True,True
2026-01-19,芹菜,1.9,1.8,2.0,1,鲁冀豫,0.08571428571428563,1.6342105263157896,0.08827455840058725,3.010940847509719,0.027934316808690202,鲁冀豫,False,True,False,False,False,False,True
2026-05-20,蒿子秆,4.15,3.8,4.5,1,,0.03750000000000009,2.315,0.6097130472607586,3.0096124861425477,0.23637268099809733,,True,True,False,False,False,True,True
2026-01-21,蒜黄,4.25,4.0,4.5,1,冀,0.0,3.7976190476190474,0.15039630187955963,3.0079260375911923,0.03563483225498991,冀,False,True,False,False,False,False,True
2026-06-05,小葱,2.55,1.8,3.3,1,冀辽,0.10869565217391308,2.1416666666666666,0.13587731112354212,3.005162009440039,0.053083880429342055,冀辽,False,True,False,False,False,False,True
2026-06-28,大蒜,3.5,2.0,6.0,2,豫苏鲁,0.18644067796610164,2.8483333333333336,0.2175424387186918,2.9955840823746063,0.05031956861473965,豫苏鲁,False,False,True,False,False,False,True
2026-07-15,黄瓜,2.55,1.5,3.2,2,冀/辽冀鲁,0.0736842105263158,1.1533333333333333,0.4664952476627655,2.9939569023784185,0.1664392437605058,冀/辽冀鲁,False,False,False,False,False,True,True
2026-06-16,绿菜花,1.25,1.0,1.5,1,冀京,-0.19354838709677424,1.7133333333333336,0.15477087254553545,-2.9936726834502747,0.057811076423511264,冀甘,True,False,False,True,True,False,True
2026-06-01,香葱,3.9,3.5,4.3,1,,0.054054054054053946,3.521666666666667,0.12641157010918597,2.9928695055884016,0.020198915117485207,,True,False,False,False,True,False,True
2026-01-27,尖椒,6.25,5.0,7.5,1,辽鲁粤闽,0.0,4.992592592592593,0.42032581311857214,2.991506512717309,0.043286662725588905,辽鲁粤闽,False,False,False,False,False,True,True
2026-03-30,圆白菜,0.7,0.4,1.0,1,冀鄂鲁苏,-0.17647058823529416,1.0386666666666666,0.11340295359935282,-2.9864007586888763,0.07088506187386069,冀鄂鲁苏,False,False,False,True,False,False,True
2026-05-23,西葫芦,1.9,1.6,2.2,2,鲁,0.0,1.0941666666666665,0.26995236914906656,2.985094503424623,0.07282722204681227,鲁,False,False,False,False,False,True,True
2026-06-03,圆白菜,0.6,0.4,0.8,1,冀,0.19999999999999996,0.46066666666666667,0.04667815950431984,2.984979159695418,0.11528283452433527,冀,False,False,True,False,False,False,True
2026-05-28,鸡毛菜,5.75,5.5,6.0,1,,0.09523809523809534,2.9833333333333334,0.9283219318724539,2.980287949339099,0.14592315154125934,,True,False,False,False,True,True,True
2026-05-08,大葱,0.9,0.8,1.0,1,鲁,0.05882352941176472,0.7783333333333332,0.04086000770782546,2.9776466890720963,0.02672739005184698,鲁,False,False,False,False,False,True,True
2026-05-18,樱桃萝卜,2.5,2.0,3.0,1,,0.3513513513513513,1.8350000000000002,0.22366461961823766,2.9732015780370458,0.13384031001610586,,True,False,True,False,True,False,True
2026-06-06,苦菊,3.55,3.3,3.8,1,辽冀,0.10077519379844957,2.2075,0.45158485283536437,2.9728632206568695,0.13545280311981317,辽冀,False,False,False,False,False,True,True
2026-07-27,紫薯,1.95,1.6,2.3,1,冀闽,0.0,1.6433333333333335,0.1031682032455739,2.972492076233023,0.038699280486002706,冀闽,False,False,False,False,False,True,True
2026-01-23,油菜,1.65,1.2,2.5,2,鲁京皖,0.2941176470588236,1.1597826086956522,0.1650996824295551,2.969220679836947,0.10402049084478245,鲁京皖,False,False,True,False,False,False,True
2026-02-16,散菜花,2.5,2.0,3.0,1,鄂云闽,0.11111111111111116,1.9149999999999998,0.19702529156745674,2.9691619555335627,0.06417261960566324,鄂云闽,False,False,False,False,False,True,True
2026-05-05,丝瓜,1.75,1.5,2.0,1,豫冀,-0.18604651162790697,2.5716666666666668,0.2772038131465342,-2.9641246898444398,0.06334820119398252,豫冀,False,False,False,True,False,False,True
2026-08-10,木耳菜,3.75,3.5,4.0,1,,0.41509433962264164,2.6683333333333334,0.3649476422847289,2.9638954779786184,0.13462608654756344,,True,False,True,False,True,False,True
2026-03-04,黄心菜,3.75,3.5,4.0,1,,0.027397260273972712,2.363333333333333,0.4681094282126876,2.9622703220509137,0.10063423689207109,,True,False,False,False,False,True,True
2026-08-11,木耳菜,4.0,3.5,4.5,1,,0.06666666666666665,2.7266666666666666,0.42986231423025406,2.9621888013455338,0.12883763067599424,,True,False,False,False,True,False,True
2026-04-08,平菇,4.25,4.0,4.5,1,京,0.1333333333333333,2.695,0.5252831748620009,2.9603080289189156,0.06860507019111745,京,False,False,False,False,False,True,True
2026-01-16,美人椒,16.5,16.0,17.0,1,鲁,0.22222222222222232,12.625,1.3102162671355704,2.9575270107671825,0.06356436745283453,鲁,False,False,True,False,False,False,True
2026-07-30,蒜苗,3.85,2.0,5.7,1,鲁豫苏,0.0,3.67,0.06102571532583749,2.949576240752241,0.014644451611639667,鲁豫苏,False,False,False,False,False,True,True
2026-03-14,土豆,1.2,0.7,1.9,2,桂云/陕蒙冀,0.0,1.1099999999999999,0.030512857662936377,2.9495762407505364,0.024296476537493106,桂云/陕蒙冀,False,False,False,False,False,True,True
2026-03-10,卞萝卜,0.85,0.8,0.9,1,冀,0.0,0.805,0.015256428831468188,2.9495762407505293,0.016703827619526525,冀,False,False,False,False,False,True,True
2026-03-04,心里美,1.35,1.2,1.5,1,冀,0.0,1.125,0.07628214415734118,2.949576240750526,0.06074119134373282,冀,False,False,False,False,False,True,True
2026-02-28,姜,4.0,2.5,6.0,2,鲁,0.0,3.8875,0.03814107207867055,2.9495762407505235,0.008621330384271746,鲁,False,False,False,False,False,True,True
2026-05-10,卞萝卜,0.95,0.7,1.2,1,冀,0.0,0.77,0.06102571532587302,2.94957624075052,0.07126966450997982,冀,False,False,False,False,False,True,True
2026-02-26,荸荠,4.425,3.0,6.0,2,皖,0.0,4.335,0.030512857662936873,2.9495762407504813,0.006179450680056052,皖,False,False,False,False,False,True,True
2026-05-26,莲藕,3.25,3.0,3.5,1,津,0.0,3.07,0.06102571532587399,2.949576240750477,0.017525327338519647,津,False,False,False,False,False,True,True
2026-05-11,心里美,1.4,1.2,1.6,1,冀,0.0,1.2650000000000001,0.0457692864944057,2.949576240750456,0.0320713490294909,冀,False,False,False,False,False,True,True
2026-05-01,红尖椒,7.5,7.0,8.0,1,鲁桂,0.0,6.6,0.30512857662937526,2.949576240750424,0.04111711414037299,鲁桂,False,False,False,False,False,True,True
2026-02-11,青萝卜,2.0,1.5,2.5,1,津鲁,0.0,1.91,0.030512857662938455,2.9495762407503356,0.014066381153285479,津鲁,False,False,False,False,False,True,True
2026-07-25,紫薯,1.8,1.6,2.0,1,冀闽,0.0,1.6200000000000003,0.06102571532587696,2.949576240750326,0.03340765523905305,冀闽,False,False,False,False,False,True,True
2026-06-25,紫薯,1.6,1.2,2.0,1,冀闽,0.0,1.4649999999999999,0.04576928649440956,2.949576240750217,0.027647714680595622,冀闽,False,False,False,False,False,True,True
2026-05-17,小米椒,6.5,6.0,7.0,1,云琼,0.0,5.15,0.45769286494416567,2.9495762407497597,0.08017837257372731,云,True,False,False,False,False,True,True
2026-07-15,美人椒,5.0,4.5,5.5,1,鲁闽,0.0,4.55,0.15256428831485372,2.949576240747213,0.029695693545824985,鲁闽,False,False,False,False,False,True,True
2026-07-30,大蒜,3.65,2.2,6.3,2,豫苏鲁,0.0,3.605,0.015256428831490195,2.9495762407462744,0.0037119616932281153,豫苏鲁,False,False,False,False,False,True,True
2026-07-20,快菜,1.75,1.6,1.9,1,,0.34615384615384603,1.2266666666666666,0.17749858344909886,2.948380337262857,0.12917286040698434,,True,False,True,False,True,False,True
2026-08-07,豌豆苗,5.35,4.7,6.0,1,,0.06999999999999984,4.928333333333334,0.14304769721378327,2.9477347407871206,0.018708286933869684,,True,False,False,False,True,False,True
2026-03-02,红薯,1.85,1.1,2.8,2,冀,0.0,1.5333333333333334,0.1075457667880189,2.944482857152726,0.06236095644623237,冀,False,False,False,False,False,True,True
2026-03-03,毛豆,3.1,3.0,3.2,1,云,-0.12676056338028163,4.148333333333333,0.3563423705616105,-2.941927258555069,0.044031277993874,云,False,False,False,True,False,False,True
2026-05-15,黄心菜,1.6,1.2,2.0,1,,-0.255813953488372,2.655,0.35872138838206963,-2.9410011060626595,0.08716317043280428,,True,False,False,True,True,False,True
2026-03-30,荆芥,3.75,3.5,4.0,1,,-0.31818181818181823,6.541666666666667,0.9515942460919942,-2.933673336226527,0.08854601045596971,,True,False,False,True,True,False,True
2026-07-16,油麦菜,3.375,3.0,4.0,2,京冀,0.588235294117647,1.6258333333333332,0.5964146950786415,2.9328027647541894,0.23243178314930457,京冀,False,False,True,False,False,False,True
2026-04-28,毛豆,5.15,4.5,5.8,1,粤,-0.01904761904761898,3.018333333333333,0.7274759544945881,2.9302228527232033,0.1226500791859011,粤,False,False,False,False,False,True,True
2026-02-24,长茄,2.0,1.5,2.5,1,辽,-0.23076923076923084,3.1516666666666664,0.39314894372746756,-2.9293393382865256,0.06479879736896883,辽,False,False,False,True,False,False,True
2026-07-22,豇豆,3.65,3.0,4.3,1,鲁冀,0.2586206896551724,1.84,0.6184519048565444,2.9266625032383815,0.39486166338399925,鲁冀,False,False,True,False,False,True,True
2026-06-03,莲藕,5.375,3.0,8.0,2,川/津,0.0,3.3358333333333334,0.6969355129388963,2.9259043753814997,0.17427780249178348,川/津,False,False,False,False,False,True,True
2026-06-05,香葱,4.0,3.5,4.5,1,,0.06666666666666665,3.58,0.14359905868483525,2.9248102588318288,0.028719887159065375,,True,False,False,False,True,False,True
2026-07-17,鸡毛菜,8.4,7.8,9.0,1,,0.0,3.538333333333333,1.6632790284365346,2.9229411202500306,0.20229888733260748,,True,False,False,False,False,True,True
2026-02-04,南北瓜,2.6,2.4,2.8,1,冀新云,0.08333333333333348,1.9833333333333334,0.2110455635284889,2.9219598666589515,0.042791998133633234,冀新云,False,False,False,False,False,True,True
2026-05-10,大葱,0.95,0.9,1.0,1,鲁,0.05555555555555558,0.7899999999999999,0.05477225575050305,2.92118697336161,0.0286364069551584,鲁,False,False,False,False,False,True,True
2026-06-10,彩椒,3.5,3.0,4.0,1,鲁,-0.2222222222222222,4.566666666666666,0.36514837167010145,-2.9211869733609594,0.05939138709164987,鲁,False,False,False,True,False,False,True
2026-06-01,樱桃萝卜,3.55,3.3,3.8,1,,0.22413793103448265,2.101666666666667,0.49610262657232324,2.9194228285791803,0.11541936351953179,,True,False,True,False,True,False,True
2026-07-11,苦菊,3.6,3.5,3.7,1,辽冀,0.2743362831858407,2.49,0.38082261233934134,2.9147428856217896,0.11746048511797152,辽冀,False,False,True,False,False,False,True
2026-07-21,油菜,2.0,1.3,3.0,2,冀京,0.3114754098360657,1.03,0.332791225845875,2.9147403076342955,0.3064833750118241,冀京,False,False,True,False,False,False,True
2026-02-26,黄心菜,2.75,2.0,3.5,1,,0.0,2.2,0.1889170589767209,2.9113305223948727,0.08645827399504881,,True,False,False,False,False,True,True
2026-06-21,南北瓜,1.15,1.1,1.2,1,桂云川,0.0,0.9283333333333333,0.0762067665261195,2.908753077598318,0.057076627173196344,桂云川,False,False,False,False,False,True,True
2026-07-13,菠菜,4.25,2.5,6.0,2,蒙,0.41666666666666674,2.5200000000000005,0.595797061029206,2.9036732692362084,0.2209665762268868,蒙,False,False,True,False,False,False,True
2026-07-16,大白菜,0.7,0.6,0.8,1,冀,0.3999999999999999,0.45466666666666666,0.08459776361817041,2.899997858579788,0.2163612313486927,冀,False,False,True,False,False,False,True
2026-02-12,扁豆,6.15,4.5,7.8,1,云,-0.015999999999999903,4.970000000000001,0.407176992778664,2.8980026399513004,0.04243451990469028,云,False,False,False,False,False,True,True
2026-07-26,长茄,1.075,0.7,1.6,2,辽晋,0.04878048780487809,0.7866666666666667,0.09951029519893016,2.897522640817501,0.08653364834326292,辽晋,False,False,False,False,False,True,True
2026-02-24,香葱,5.75,5.0,6.5,1,,0.6048004465531676,3.7011,0.7078659696824545,2.894474501887875,0.17397287661194596,,True,False,True,False,True,False,True
2026-03-26,莴笋,1.55,1.1,2.0,1,皖浙津,0.06896551724137945,1.1883333333333335,0.1250402234133657,2.8924025948917778,0.035465394567378954,皖云浙,True,False,False,False,True,False,True
2026-07-19,香菜,4.5,4.0,5.0,1,冀辽,0.19999999999999996,2.8633333333333337,0.5664367349604179,2.8894077054890075,0.09285883570137012,冀辽,False,False,True,False,False,False,True
2026-05-01,美人椒,6.5,6.0,7.0,1,鲁闽,0.0,5.515,0.3411820224071584,2.8870219862420683,0.04859429980432002,鲁闽,False,False,False,False,False,True,True
2026-03-13,芥兰,4.5,4.0,5.0,1,,0.15384615384615397,3.11,0.4818069437383431,2.88497295039997,0.11009482968341051,,True,False,True,False,True,True,True
2026-02-26,苦瓜,2.75,2.5,3.0,1,鲁,-0.15384615384615385,4.728333333333334,0.6860284669540045,-2.883748165899322,0.10961483937238012,鲁,False,False,False,True,False,False,True
2026-07-17,小白菜,2.925,1.5,4.6,2,冀,0.02631578947368407,1.4041666666666666,0.5273994156975903,2.8836462234637286,0.3518422581866764,冀,False,False,False,False,False,True,True
2026-06-01,平菇,5.0,4.5,5.5,1,京冀蒙,0.0,3.2,0.6242236557627334,2.883581843434939,0.18645573016454564,京蒙,True,False,False,False,False,True,True
2026-01-31,荠菜,15.5,15.0,16.0,1,,0.7222222222222223,9.302083333333334,2.1505549924059877,2.882007987962489,0.22779811577878809,,True,False,True,False,True,False,True
2026-08-07,芥兰,2.4,1.8,3.0,1,,0.06666666666666665,2.0533333333333332,0.12029656839585394,2.8817668807135703,0.03173101175658843,,True,False,False,False,True,False,True
2026-07-27,白萝卜,0.63,0.55,0.7,1,冀陕,0.14545454545454528,0.436,0.06734368874507154,2.880745079681986,0.05145673451146508,冀陕,False,False,False,False,False,True,True
2026-04-10,茼蒿,5.75,5.0,6.5,1,,0.09523809523809534,3.731666666666667,0.7022725835522806,2.8740027456633275,0.11720952672678045,,True,False,False,False,True,False,True
2026-07-19,罗马生菜,1.4,1.3,1.5,1,京冀,0.0,1.1783333333333332,0.07732971652262925,2.8665133746067673,0.06657862720272498,京冀,False,False,False,False,False,True,True
2026-02-02,南北瓜,2.4,2.0,2.8,1,冀新云,0.0,1.9333333333333333,0.1631232521815907,2.8608224788650474,0.04138584256189336,冀新云,False,False,False,False,False,True,True
2026-02-24,西葫芦,1.45,1.0,1.9,2,鲁云,-0.34090909090909094,2.4650000000000003,0.35480689259720255,-2.860711054878766,0.09388693964795229,鲁云,False,False,False,True,False,False,True
2026-03-12,豌豆苗,8.0,7.5,8.5,1,,0.0,5.575,0.8484011331667464,2.85831772872395,0.08258600828409916,,True,False,False,False,False,True,True
2026-07-16,圆白菜,0.8,0.6,1.0,1,冀,0.3333333333333335,0.593,0.07245212450181154,2.8570590776095792,0.10886057194113674,冀,False,False,True,False,False,False,True
2026-05-24,丝瓜,3.0,2.0,4.0,2,冀/豫冀,0.26315789473684204,2.1683333333333334,0.2914687341525562,2.853364938386043,0.1142465089635376,冀/豫冀,False,False,True,False,False,False,True
2026-08-09,胡萝卜,0.6,0.45,0.8,2,冀蒙,-0.07692307692307698,0.6785,0.02751645275853136,-2.852838652164619,0.03358865745329124,鲁,True,False,False,False,True,False,True
2026-05-27,菜心,3.0,2.7,3.3,1,,0.034482758620689724,1.8300000000000003,0.41055051350343197,2.849832021925407,0.21373681488946086,,True,False,False,False,False,True,True
2026-01-18,圆白菜,1.7,1.2,2.2,1,冀鄂鲁,0.07594936708860756,1.2777777777777777,0.14834600078098653,2.8461988863830454,0.04175162766683305,冀鄂鲁,False,False,False,False,False,True,True
2026-02-27,红尖椒,10.0,9.5,10.5,1,鲁徽,0.0,7.1,1.0204799411771068,2.841800101092529,0.09968820976910159,鲁徽,False,False,False,False,False,True,True
2026-06-30,大蒜,3.6,2.2,6.3,2,豫苏鲁,0.028571428571428692,2.9299999999999997,0.2359317551823963,2.839804245435425,0.05017906300393256,豫苏鲁,False,False,False,False,False,True,True
2026-01-28,螺丝椒,6.75,5.5,8.0,1,鲁辽闽,0.0,6.080357142857143,0.23622779563076687,2.834733547569204,0.03340765523905305,鲁辽闽,False,False,False,False,False,True,True
2026-04-30,丝瓜,2.15,1.8,2.5,1,豫冀,-0.1568627450980392,2.735,0.20642690949948478,-2.8339328502200924,0.04483307879598578,豫冀,False,False,False,True,False,False,True
2026-07-14,土豆,0.98,0.85,1.1,1,冀,0.0,0.846,0.04731406439585837,2.832138851544736,0.03113381035877296,冀,False,False,False,False,False,True,True
2026-03-29,韭菜,1.7,1.4,2.0,1,冀,-0.15000000000000002,2.2516666666666665,0.19497273608402063,-2.8294554292397778,0.06217712695191953,冀,False,False,False,True,False,False,True
2026-03-20,芥兰,5.75,5.5,6.0,1,,0.1734693877551019,3.3850000000000002,0.8368815266542647,2.825967505167594,0.10057443244730718,,True,False,True,False,True,False,True
2026-07-16,蒜黄,6.25,6.0,6.5,1,冀,0.0,4.858333333333333,0.49429213289681706,2.815474036600084,0.05623730135056031,冀,False,False,False,False,False,True,True
2026-06-06,冬瓜,1.115,1.05,1.2,2,桂/桂鲁,0.022935779816513735,0.725,0.13854539900771548,2.8149617583351234,0.0770430934901345,桂/桂鲁,False,False,False,False,False,True,True
2026-05-26,团生菜,1.4,1.0,1.8,1,冀京,0.0,0.9916666666666667,0.14508222005025623,2.8144960367430776,0.13103637828578618,冀京,False,False,False,False,False,True,True
2026-07-16,蒿子秆,5.5,5.0,6.0,1,,0.0,3.5083333333333333,0.7080915746998556,2.812724706561987,0.0829773482201121,,True,False,False,False,False,True,True
2026-03-10,散生菜,2.25,2.0,2.5,1,,-0.18181818181818177,3.145,0.31822514259453205,-2.8124741895091807,0.07007489863367726,,True,False,False,True,True,False,True
2026-05-13,卞萝卜,1.1,1.0,1.2,1,冀,0.0,0.8,0.10667385033281393,2.8123105996832765,0.07998398332524657,冀,False,False,False,False,False,True,True
2026-06-01,鸡毛菜,6.75,6.5,7.0,1,,0.125,3.225,1.2535982692591983,2.8119056052008307,0.14251011873654973,,True,False,False,False,True,True,True
2026-07-24,长茄,1.025,0.7,1.6,2,辽,0.32258064516129026,0.7816666666666666,0.08658594826405226,2.810309735146223,0.08676401034922938,辽,False,False,True,False,False,False,True
2026-02-15,莲藕,4.75,4.5,5.0,1,津,0.0,3.3383333333333334,0.5030396113376286,2.8062733726135702,0.08459427459757805,津,False,False,False,False,False,True,True
2026-07-23,快菜,2.05,1.8,2.3,1,,0.10810810810810789,1.29,0.2711406302628035,2.8029734948368623,0.09980826326497672,,True,False,False,False,True,True,True
2026-05-19,绿菜花,1.75,1.5,2.0,1,冀,-0.10256410256410253,2.2083333333333335,0.16351912960607085,-2.8029340324736984,0.03051642030023702,鲁冀,True,False,False,False,True,False,True
2026-03-27,奶白菜,5.75,5.3,6.2,1,,0.0,3.685,0.7370900380129493,2.8015573315396263,0.08640702102549203,,True,False,False,False,False,True,True
2026-07-20,兰花,34.5,34.0,35.0,1,,0.18965517241379315,17.342105263157894,6.130077558823623,2.7989686218806584,0.27013853280128264,,True,False,True,False,True,False,True
2026-06-01,散生菜,3.4,3.0,3.8,1,,0.1333333333333333,1.7983333333333331,0.572273646463633,2.7987776067693693,0.12315050510511644,,True,False,False,False,True,True,True
2026-05-23,扁豆,4.0,3.0,5.0,1,辽鲁,0.23076923076923084,3.0716666666666668,0.33184004594375854,2.7975325602825842,0.07714611255657755,辽鲁,False,False,True,False,False,False,True
2026-02-28,油麦菜,2.15,2.0,2.3,1,鲁京冀,-0.14,2.650433333333333,0.17895418086922263,-2.7964327567124188,0.06381340148926191,鲁京冀,False,False,False,True,False,False,True
2026-06-02,散生菜,3.75,3.5,4.0,1,,0.10294117647058831,1.8683333333333332,0.673063420352119,2.7956751321922333,0.12193972469735181,,True,False,False,False,True,True,True
2026-05-25,樱桃萝卜,2.75,2.5,3.0,1,,0.17021276595744683,1.8983333333333332,0.3046997768673184,2.7951010513457817,0.13171240013935978,,True,False,True,False,True,False,True
2026-06-02,水萝卜,2.25,2.0,2.5,1,,0.4285714285714286,1.1858333333333335,0.3808273283562798,2.794354783465262,0.5534399056373308,冀,True,False,True,False,True,False,True
2026-06-10,荆芥,4.75,4.0,5.5,1,,0.0,3.45,0.46609159969936603,2.7891513188362835,0.09608093221096613,,True,False,False,False,False,True,True
2026-05-21,大葱,1.7,1.6,1.8,1,鲁,0.2142857142857144,0.965,0.26364487609216675,2.787841018928256,0.06139418321940201,鲁,False,False,True,False,False,True,True
2026-07-13,小黄瓜,4.45,4.0,5.0,2,辽鲁,0.059523809523809534,3.165,0.461052020402507,2.787104151236928,0.08586958341721383,辽鲁,False,False,False,False,False,True,True
2026-05-30,苦瓜,3.65,3.5,3.8,1,鲁,0.32727272727272716,2.25,0.5025795528038796,2.785628647622914,0.2182626406923021,鲁,False,False,True,False,False,False,True
2026-07-14,苦菊,4.725,4.3,5.5,2,辽冀,0.0,2.6775,0.735882943746182,2.7823718668851436,0.11788461881809977,辽冀,False,False,False,False,False,True,True
2026-06-05,苦菊,3.225,2.9,4.0,2,辽冀,0.0,2.1725,0.3787655766684167,2.778763606919305,0.15085984549616166,辽冀,False,False,False,False,False,True,True
2026-05-14,大葱,1.15,1.1,1.2,1,鲁,0.0,0.8333333333333334,0.11396712572985689,2.7785790388123024,0.04015721464479918,鲁,False,False,False,False,False,True,True
2026-04-10,豇豆,2.9,2.8,3.0,1,海,-0.34090909090909094,4.983333333333333,0.7499808426672081,-2.777848732674601,0.10935222541698503,海,False,False,False,True,False,False,True
2026-08-11,长茄,1.15,0.7,1.6,1,辽晋,0.3529411764705881,0.8158333333333334,0.12043085964164835,2.774759456679178,0.12508381235926974,辽晋,False,False,True,False,False,False,True
2026-04-27,毛冬瓜,1.4,1.0,1.8,1,冀,-0.1515151515151515,1.8616666666666668,0.1664452552297783,-2.7736847531600364,0.06827152615831898,冀,False,False,False,True,False,False,True
2026-02-26,罗马生菜,3.05,2.8,3.3,1,云,0.0,1.935,0.402181551043804,2.7723797799928382,0.10681964651312352,云,False,False,False,False,False,True,True
2026-04-07,尖椒,3.4,2.8,4.0,1,辽鲁粤闽,0.1929824561403508,2.8299999999999996,0.2061970935278221,2.7643454631095,0.05519353295219935,辽鲁粤闽,False,False,True,False,False,False,True
2026-06-07,冬瓜,1.19,1.05,1.4,2,桂/桂鲁,0.06726457399103136,0.7421666666666666,0.16204875454805232,2.7635715842576087,0.07652768089866697,桂/桂鲁,False,False,False,False,False,True,True
2026-03-20,穿心莲,2.5,2.0,3.0,1,,-0.2857142857142857,4.623333333333333,0.7684212805276915,-2.7632411896182703,0.07995819386244346,,True,False,False,True,True,False,True
2026-05-16,长茄,1.05,0.7,1.4,1,辽,-0.12499999999999989,1.4983333333333335,0.16267342646592045,-2.7560330108818225,0.0629131772380039,辽,False,False,False,True,False,False,True
2026-01-29,毛冬瓜,1.85,1.8,1.9,1,云,0.0,1.4655172413793103,0.1395806527448903,2.754556244434563,0.08590539918613646,云,False,False,False,False,False,True,True
2026-04-07,白萝卜,0.6,0.5,0.7,1,川,0.0,0.485,0.04183300132670364,2.7490258014691142,0.04305157800348189,川,False,False,False,False,False,True,True
2026-05-01,油麦菜,2.325,1.7,3.3,2,鲁京冀,0.12048192771084332,1.2308333333333332,0.3983091056932577,2.747029005933138,0.1471980074080106,鲁京冀,False,False,False,False,False,True,True
2026-01-22,莴笋,1.5,1.3,1.7,1,鲁皖浙,0.15384615384615374,1.1181818181818182,0.13933981633253437,2.740194381388971,0.06304932250950426,鲁皖浙,False,False,True,False,False,False,True
2026-05-31,贝贝南瓜,1.55,1.3,1.8,1,桂鲁,0.0,1.4566666666666668,0.03407226937305775,2.7392755179123913,0.030749041331105773,桂鲁,False,False,False,False,False,True,True
2026-05-13,蒜黄,4.75,4.5,5.0,1,冀,0.0,3.6166666666666667,0.41384099339733144,2.7385719428843838,0.0456737930688114,冀,False,False,False,False,False,True,True
2026-05-27,散叶生菜,1.75,1.5,2.0,1,冀,0.0,0.9516666666666667,0.2916904752187402,2.7369194442659093,0.2230827713039659,冀,False,False,False,False,False,True,True
2026-02-03,菜心,2.9,2.3,3.5,1,,0.34883720930232553,2.4604166666666667,0.16082610556711255,2.7332834540962976,0.10480735898375074,,True,False,True,False,True,False,True
2026-07-20,茼蒿,11.25,10.5,12.0,1,,0.25,7.078333333333333,1.5280528139756346,2.73005398014547,0.12033194652879883,,True,False,True,False,True,False,True
2026-02-24,豆王,5.45,4.5,6.4,1,云,0.36250000000000004,4.211666666666667,0.4538500689186598,2.728507536164483,0.13750995075986822,云,False,False,True,False,False,False,True
2026-06-02,茴香,2.75,2.5,3.0,1,冀,-0.15384615384615385,1.4816666666666667,0.4654407131647082,2.7250158773379605,0.2837053745462946,冀,False,False,False,True,False,False,True
2026-03-11,冬瓜,1.025,0.9,1.2,2,海,-0.18000000000000005,1.7141666666666666,0.25314260439704633,-2.7224444036521414,0.06001718422102857,海,False,False,False,True,False,False,True
2026-08-09,香菜,5.75,5.5,6.0,1,冀蒙,0.21052631578947367,3.966666666666667,0.6556562037159708,2.71992139054917,0.13497558326769685,冀蒙,False,False,True,False,False,False,True
2026-07-10,兰花,29.0,28.0,30.0,1,,0.5890410958904109,16.38888888888889,4.637778231880495,2.7192139167891263,0.2731260308896229,,True,False,True,False,True,False,True
2026-05-25,鸡毛菜,4.0,3.5,4.5,1,,0.21212121212121215,2.675,0.48756078312491774,2.7176098772909767,0.18440789288284798,,True,False,True,False,True,False,True
2026-01-30,南北瓜,2.15,1.7,2.6,1,冀新云,0.0,1.8766666666666665,0.10063019815944516,2.716215791409314,0.030213437580268752,冀新云,False,False,False,False,False,True,True
2026-06-05,圆白菜,0.6,0.5,0.7,1,冀,0.19999999999999996,0.4623333333333333,0.050697434698962394,2.715456264880484,0.13550033028067804,冀,False,False,True,False,False,False,True
2026-05-29,鸡毛菜,6.0,5.7,6.3,1,,0.04347826086956519,3.1133333333333337,1.0635767025931195,2.7141123528078874,0.14626039159172088,,True,False,False,False,False,True,True
2026-06-03,茴香,3.0,2.5,3.5,1,冀,0.09090909090909083,1.5433333333333332,0.5370310036213759,2.712444266427611,0.2654580885319575,冀,False,False,False,False,False,True,True
2026-07-27,番茄,1.75,1.2,2.6,3,冀京/冀京蒙/蒙冀,0.0,1.4770666666666667,0.10069720173262993,2.710436125703103,0.052895534137270925,冀京/冀京蒙/蒙冀,False,False,False,False,False,True,True
2026-05-09,青蒜,4.1,4.0,4.2,1,冀,0.33333333333333304,2.646666666666667,0.5363804834149972,2.709519414428227,0.1101089552397448,冀,False,False,True,False,False,False,True
2026-03-12,空心菜,11.0,10.5,11.5,1,,0.0,7.561666666666667,1.2697191743094987,2.7079478698139487,0.061424612208710344,,True,False,False,False,False,True,True
2026-04-07,蒜苗,2.875,1.5,4.5,2,川/鲁豫苏,-0.1785714285714286,4.210833333333333,0.4938275619277866,-2.7050603010462893,0.053210968149695975,川/鲁豫苏,False,False,False,True,False,False,True
2026-06-04,油菜,1.6,1.0,2.5,2,冀京,0.0,0.9391666666666667,0.24439257330176364,2.7039828764246843,0.24568609273197878,冀京,False,False,False,False,False,True,True
2026-03-18,土豆,1.3,0.9,2.0,2,桂云/陕蒙冀,0.0,1.1316666666666668,0.062261037427986936,2.703670550431043,0.026994672123041324,桂云/陕蒙冀,False,False,False,False,False,True,True
2026-01-20,红尖椒,6.75,6.5,7.0,1,鲁徽,0.0,5.675,0.3981866793087727,2.699738730251181,0.05227945320543634,鲁徽,False,False,False,False,False,True,True
2026-07-11,青蒜,4.5,4.3,4.7,1,甘,0.19205298013245042,3.685833333333333,0.30176801815568294,2.697988579580478,0.0868750633003153,甘,False,False,True,False,False,False,True
2026-07-19,丝瓜,2.375,1.5,3.5,2,冀/豫冀,0.3571428571428572,1.6175,0.2807893737551007,2.6977516629980363,0.2018898815992346,冀/豫冀,False,False,True,False,False,False,True
2026-07-23,油菜,2.275,1.3,3.5,2,冀京,0.13749999999999996,1.0958333333333334,0.43717763164324347,2.6972255241753067,0.3054003403023078,冀京,False,False,False,False,False,True,True
2026-07-09,葱头,0.925,0.8,1.05,2,鲁皖,0.0,0.8118333333333333,0.041986930095571265,2.695283184769049,0.025382670197767705,鲁皖,False,False,False,False,False,True,True
2026-08-10,菊花菜,3.5,3.0,4.0,1,,0.5555555555555556,2.393333333333333,0.410788420524205,2.6940064796725656,0.1974939456577782,,True,False,True,False,True,False,True
2026-04-30,红薯,1.7,1.0,2.8,2,冀/冀粤,0.0,1.6208333333333333,0.029422116163527755,2.6907196690632063,0.012335134242111889,冀/冀粤,False,False,False,False,False,True,True
2026-06-13,芹菜,1.3,1.1,1.5,1,津冀京,0.0,0.9266666666666665,0.13879613761229537,2.689796270672747,0.0600806949855182,津冀京,False,False,False,False,False,True,True
2026-06-01,散叶生菜,3.0,2.5,3.5,1,冀,0.0,1.21,0.665711960079661,2.6888505950618695,0.23338652358852852,冀,False,False,False,False,False,True,True
2026-04-16,扁豆,3.25,2.5,4.0,1,云鲁,-0.1875,5.6866666666666665,0.908573468205207,-2.681859807638946,0.06388263228575711,云鲁,False,False,False,True,False,False,True
2026-05-18,大葱,1.4,1.3,1.5,1,鲁,0.07692307692307687,0.8949999999999999,0.18862021685624056,2.6773376068424977,0.04041555415120134,鲁,False,False,False,False,False,True,True
2026-03-20,白豆,6.65,6.0,7.3,1,云鲁,0.16666666666666674,5.368333333333333,0.4787705759210925,2.6769954778463707,0.0707267828060081,云鲁,False,False,True,False,False,False,True
2026-07-20,紫苏叶,2.65,2.3,3.0,1,,-0.1166666666666667,3.4916666666666667,0.31461068808523024,-2.6752640598104964,0.0449469580263726,,True,False,False,False,True,False,True
2026-04-10,尖椒,3.7,3.0,4.4,1,辽鲁粤闽,0.0,2.8766666666666665,0.3078662196399812,2.674321769683403,0.05202523202391775,辽鲁粤闽,False,False,False,False,False,True,True
2026-06-02,豌豆苗,4.75,4.5,5.0,1,,-0.050000000000000044,5.14,0.14586247656257864,-2.6737513937155724,0.0203322470764995,,True,False,False,False,True,False,True
2026-03-09,菊花菜,5.5,5.0,6.0,1,,0.22222222222222232,4.28,0.4566746370644332,2.6714862201289,0.0732172771690628,,True,False,True,False,True,False,True
2026-07-15,鸡毛菜,6.0,5.5,6.5,1,,0.08108108108108114,3.2449999999999997,1.0326856516735456,2.6678011798995303,0.18483772372495,,True,False,False,False,True,True,True
2026-01-30,快菜,2.0,1.5,2.5,1,,0.6000000000000001,1.2750000000000001,0.272444839327506,2.6610891283151714,0.2387441194240951,,True,False,True,False,True,False,True
2026-04-28,西芹,2.35,2.2,2.5,1,辽,0.17500000000000004,1.9683333333333333,0.14352900303647062,2.6591605779473406,0.04677071733467427,豫辽,True,False,True,False,True,False,True
2026-05-25,瓠子,0.9,0.8,1.0,1,冀,0.3846153846153846,0.7066666666666667,0.07286647932708024,2.653254762941217,0.11135410641337673,冀,False,False,True,False,False,False,True
2026-05-18,苦瓜,1.5,1.2,1.8,1,鲁,-0.25,2.4366666666666665,0.35329320960643884,-2.651244465496785,0.07466308026597687,鲁,False,False,False,True,False,False,True
2026-05-27,散生菜,2.65,2.5,2.8,1,,0.0,1.6683333333333334,0.37057349155556235,2.6490471904666153,0.2605403417139417,,True,False,False,False,False,True,True
2026-06-04,土豆,0.93,0.8,1.05,1,鲁冀,-0.1659192825112107,1.0401666666666667,0.04167781460063726,-2.6432927859173825,0.061504409280319694,陕蒙冀/鲁,True,False,False,True,True,False,True
2026-04-09,柿子椒,3.5,3.0,4.0,1,鲁闽,0.0,2.868333333333333,0.23942579778227335,2.6382564974935807,0.0493263109935486,鲁闽,False,False,False,False,False,True,True
2026-05-13,山药,4.538,2.8,7.0,4,冀/豫冀/豫鲁,-0.01347826086956505,4.069733333333334,0.1775435708220097,2.6374746463565923,0.03679050925756244,冀/豫冀/豫鲁,False,False,False,False,False,True,True
2026-05-21,蒿子秆,4.2,3.9,4.5,1,,0.012048192771084265,2.3633333333333337,0.6966586921393672,2.6363938143460928,0.23612802206802957,,True,False,False,False,False,True,True
2026-07-01,大蒜,3.6,2.2,6.3,2,豫苏鲁,0.0,2.9725000000000006,0.23801894303054405,2.6363447884039837,0.04982607856153571,豫苏鲁,False,False,False,False,False,True,True
2026-03-03,西芹,2.15,2.1,2.2,1,鲁,-0.12244897959183687,2.4949999999999997,0.1308789912278806,-2.6360227624256463,0.033615732986461255,鲁,False,False,False,True,False,False,True
2026-02-24,螺丝椒,4.15,2.8,5.5,1,鲁辽闽,-0.17821782178217815,6.031666666666666,0.7145632055407303,-2.633310324511819,0.056721372347313476,鲁辽闽,False,False,False,True,False,False,True
2026-07-20,鸡毛菜,8.75,8.0,9.5,1,,0.04166666666666652,3.7049999999999996,1.9164600088489303,2.6324577485079597,0.2011681791763187,,True,False,False,False,False,True,True
2026-05-19,小米椒,7.0,6.0,8.0,1,云琼,0.0,5.283333333333333,0.6523608760830047,2.631467841808837,0.08122581569978028,云琼,False,False,False,False,False,True,True
2026-05-27,扁豆,4.75,3.5,6.0,1,冀鲁晋,0.0674157303370786,3.2466666666666666,0.5715878267407054,2.630100332796808,0.07582940721750396,辽鲁,True,False,False,False,True,True,True
2026-05-11,西芹,1.7,1.6,1.8,1,辽,-0.2272727272727274,2.0883333333333334,0.1477902365617843,-2.6275980224917572,0.08104570974299649,辽,False,False,False,True,False,False,True
2026-05-15,红尖椒,4.5,4.0,5.0,1,鲁桂,-0.18181818181818177,6.541666666666667,0.7770504946683796,-2.6274568778673584,0.06850972875981515,鲁桂,False,False,False,True,False,False,True
2026-06-08,冬瓜,1.25,1.1,1.4,2,桂/桂鲁,0.050420168067226934,0.7613333333333333,0.18605678282927987,2.6264383336943573,0.07549318980991444,桂/桂鲁,False,False,False,False,False,True,True
2026-02-27,散生菜,2.75,2.5,3.0,1,,-0.11290322580645162,3.238333333333333,0.18601229720812468,-2.625274461219886,0.061166796790227886,,True,False,False,False,True,False,True
2026-03-29,油菜,0.7,0.6,0.8,1,鲁京皖,-0.17647058823529416,0.8833333333333333,0.06989318615762836,-2.6230501628565945,0.06329435400343664,鲁京皖,False,False,False,True,False,False,True
2026-06-17,山药,4.925,2.8,7.5,4,冀/豫冀/豫鲁,0.0,4.586666666666667,0.12911057365639564,2.620492836115388,0.018882587743812594,冀/豫冀/豫鲁,False,False,False,False,False,True,True
2026-04-09,茼蒿,5.25,4.5,6.0,1,,0.10526315789473695,3.6816666666666666,0.5994945188747927,2.6160928648304913,0.11644701234942403,,True,False,False,False,True,False,True
2026-02-09,菜心,3.15,2.3,4.0,1,,0.0862068965517242,2.5321428571428575,0.2361787951540596,2.6160567990623957,0.10637483674424027,,True,False,False,False,True,False,True
2026-01-27,白萝卜,0.6,0.5,0.7,1,鄂川,0.0,0.5140740740740741,0.03284687776512981,2.6159541415271033,0.028751635043855545,鄂川,False,False,False,False,False,True,True
2026-07-16,盖菜,2.75,2.5,3.0,1,,0.14583333333333348,1.5699999999999998,0.45116706898656883,2.6154391158259127,0.23494197532407515,,True,False,False,False,True,True,True
2026-04-13,线椒,4.75,4.0,5.5,1,鲁闽,0.0,4.266666666666667,0.18491998891104705,2.613743036540163,0.034450646614675964,鲁闽,False,False,False,False,False,True,True
2026-04-01,紫苏叶,6.25,6.0,6.5,1,,-0.13793103448275867,7.383333333333334,0.4341724854552968,-2.6103296991398683,0.03686361957412752,,True,False,False,True,True,False,True
2026-08-06,散生菜,2.5,2.0,3.0,1,,0.11111111111111116,2.1816666666666666,0.12211027614508757,2.606933203190039,0.03897451000937359,,True,False,False,False,True,False,True
2026-05-24,香菜,3.0,2.5,3.5,1,冀,0.5,1.5866666666666667,0.5424931802102998,2.605255485028307,0.26517228171475304,冀,False,False,True,False,False,False,True
2026-03-10,黄心菜,4.85,4.5,5.2,1,,0.0,2.658333333333333,0.8413949145905568,2.6048014180513377,0.10248505508633142,,True,False,False,False,False,True,True
2026-05-20,金丝南瓜,0.9,0.8,1.0,1,桂鲁,-0.09999999999999998,1.0766666666666669,0.06789105539243913,-2.6022082827473887,0.0347088517027367,海桂粤,True,False,False,False,True,False,True
2026-03-12,油麦菜,3.375,3.0,4.0,2,鲁京冀,0.2272727272727273,2.6370999999999998,0.283602240884099,2.601883531313707,0.10558124153442705,鲁京冀,False,False,True,False,False,False,True
2026-05-17,大葱,1.3,1.2,1.4,1,鲁,0.08333333333333348,0.875,0.16334330253413284,2.6018820080559495,0.03981267928684642,鲁,False,False,False,False,False,True,True
2026-04-08,鸡毛菜,2.25,2.0,2.5,1,,-0.18181818181818177,3.4116666666666666,0.44695971687138575,-2.5990410831608353,0.0874097247211554,,True,False,False,True,True,False,True
2026-04-30,油麦菜,2.075,1.7,2.8,2,鲁京冀,0.12162162162162171,1.1900000000000002,0.34092925750174546,2.5958464418251608,0.14630436526612378,鲁京冀,False,False,False,False,False,True,True
2026-07-23,丝瓜,3.5,3.0,4.0,2,冀/豫冀,-0.05405405405405406,1.8308333333333335,0.6430223401135036,2.5958144259374136,0.1850909094648195,冀/豫冀,False,False,False,False,False,True,True
2026-04-08,樱桃萝卜,1.85,1.5,2.2,1,,-0.1777777777777777,2.5416666666666665,0.26654990259745936,-2.594886210524014,0.07313269642132857,,True,False,False,True,True,False,True
2026-04-10,平菇,4.75,4.5,5.0,1,京,0.0,2.828333333333333,0.7406524771807779,2.594559156787412,0.0694130934776661,京,False,False,False,False,False,True,True
2026-07-20,盖菜,3.15,3.0,3.3,1,,0.1454545454545455,1.6666666666666667,0.5717989358056781,2.5941519657487326,0.23091677527071572,,True,False,False,False,True,True,True
2026-06-04,黄心菜,3.35,3.0,3.7,1,,0.1166666666666667,2.3733333333333335,0.3768593749739399,2.5915944554496058,0.07995162845072495,,True,False,False,False,True,False,True
2026-03-28,杭椒,3.5,3.0,4.0,1,鲁粤,-0.125,4.341666666666667,0.32485629006593597,-2.590889240580301,0.042956728123936826,鲁粤,False,False,False,True,False,False,True
2026-07-13,黄心菜,5.0,4.5,5.5,1,,0.13636363636363624,3.746666666666667,0.4842223294808044,2.5883427033965765,0.066262951537169,,True,False,False,False,True,False,True
2026-02-16,青萝卜,2.5,1.8,3.2,1,津鲁,0.0,1.99,0.1971346467912667,2.587064264456803,0.05429241450360857,津鲁,False,False,False,False,False,True,True
2026-03-10,空心菜,9.75,9.5,10.0,1,,0.08333333333333326,7.3950000000000005,0.9104138884462726,2.5867355824492986,0.0561174167739653,,True,False,False,False,True,False,True
2026-05-21,青萝卜,1.0,0.8,1.2,1,津鲁,-0.13043478260869557,1.4383333333333332,0.16952435148711698,-2.5856658909952794,0.05692907048362689,津鲁,False,False,False,True,False,False,True
2026-05-28,散生菜,2.8,2.6,3.0,1,,0.05660377358490565,1.7033333333333334,0.4242505223887515,2.5849506572009897,0.19823389644666103,,True,False,False,False,True,True,True
2026-07-07,香葱,3.1,2.7,3.5,1,,-0.08823529411764697,3.73,0.24374944739105897,-2.5846212442453687,0.053575340307470416,,True,False,False,False,True,False,True
2026-06-07,小葱,2.65,1.8,3.5,1,冀辽,0.0,2.1683333333333334,0.1863826862858493,2.5842886818786877,0.05335099994856339,冀辽,False,False,False,False,False,True,True
2026-05-30,散叶生菜,2.25,2.0,2.5,1,冀,0.0,1.07,0.45667463706443356,2.5838965079935243,0.22780791336418355,冀,False,False,False,False,False,True,True
2026-07-30,罗马生菜,2.25,2.0,2.5,1,冀,0.0,1.3716666666666664,0.3400515511966734,2.5829417046985848,0.11355193770761389,冀,False,False,False,False,False,True,True
2026-05-29,散生菜,3.0,2.8,3.2,1,,0.0714285714285714,1.745,0.4858959020059839,2.582857757842428,0.12166992340263096,,True,False,False,False,True,True,True
2026-07-20,奶白菜,3.5,3.0,4.0,1,,0.3207547169811322,2.2849999999999997,0.4705371105596147,2.582155525533338,0.11372895936680703,,True,False,True,False,True,False,True
2026-06-09,苦菊,4.225,3.6,5.0,2,辽冀,0.0,2.411666666666667,0.7025119134262,2.5812136401923467,0.13273007951234272,辽冀,False,False,False,False,False,True,True
2026-06-01,菊花菜,2.95,2.6,3.3,1,,0.0,1.5566666666666664,0.53991272176753,2.580664016902459,0.2174671594677815,,True,False,False,False,False,True,True
2026-04-25,花生,5.3,4.3,6.3,1,苏鲁,0.0,4.3966666666666665,0.3501067160790838,2.5801656804815023,0.062299737292471576,苏鲁,False,False,False,False,False,True,True
2026-05-30,扁豆,5.5,3.5,7.5,1,冀晋,0.11111111111111116,3.4483333333333333,0.7960552889017871,2.577291672161467,0.07479340371592526,冀鲁晋,True,False,False,False,True,True,True
2026-06-09,圆白菜,0.8,0.5,1.1,1,冀,0.06666666666666665,0.49933333333333335,0.11676481913874537,2.5749765116271934,0.13681595534774824,冀,False,False,False,False,False,True,True
2026-08-03,菊花菜,3.25,3.0,3.5,1,,0.35416666666666674,2.2666666666666666,0.3819941625599453,2.574210366837796,0.11911239751450271,,True,False,True,False,True,False,True
2026-07-30,番茄,1.867,1.2,2.6,3,冀京/冀京蒙/蒙冀,0.06685714285714295,1.5131666666666668,0.13747051930563592,2.5738851873154087,0.051401013492665903,冀京/冀京蒙/蒙冀,False,False,False,False,False,True,True
2026-01-20,娃娃菜,1.5,1.4,1.6,1,豫鄂,0.0,1.3425,0.061290936910512454,2.5697110851798057,0.02975008126294182,豫鄂,False,False,False,False,False,True,True
2026-02-16,茴香,5.5,5.0,6.0,1,冀,0.0,3.3699999999999997,0.8294784402012031,2.567878677453431,0.13403969419144743,冀,False,False,False,False,False,True,True
2026-06-11,莲藕,7.15,6.8,7.5,1,川,0.3302325581395349,4.015,1.2212133593133994,2.5671189854675243,0.18961420901780693,川/津,True,False,True,False,True,False,True
2026-08-11,柿子椒,1.95,1.7,2.2,1,鲁,0.0,1.5666666666666667,0.14932799662056037,2.5670560243795144,0.032574822126658166,冀晋,True,False,False,False,False,True,True
2026-06-08,圆白菜,0.75,0.5,1.0,1,冀,-0.0625,0.4886666666666667,0.10203898285942806,2.561112684682029,0.13822452441636596,冀,False,False,False,False,False,True,True
2026-01-30,芥兰,2.5,2.0,3.0,1,,-0.13793103448275856,3.3,0.3124404705204619,-2.5604877584115893,0.06922287267822365,,True,False,False,True,True,False,True
2026-04-14,扁豆,4.0,3.0,5.0,1,云鲁,-0.1578947368421053,5.818333333333333,0.7108134404514578,-2.558102069902418,0.047511549788653906,云鲁,False,False,False,True,False,False,True
2026-07-13,鸡毛菜,6.0,5.5,6.5,1,,0.6000000000000001,3.26,1.071930260212213,2.556136440683702,0.18854153052107947,,True,False,True,False,True,False,True
2026-07-22,快菜,1.85,1.7,2.0,1,,0.05714285714285716,1.2633333333333332,0.23004247483863716,2.5502536741451034,0.09969529370977287,,True,False,False,False,True,True,True
2026-06-10,娃娃菜,0.95,0.9,1.0,1,冀,0.0,0.6866666666666668,0.103335187228462,2.5483413771838825,0.0710887855087409,冀,False,False,False,False,False,True,True
2026-01-28,尖椒,6.25,5.0,7.5,1,辽鲁粤闽,0.0,5.0375000000000005,0.47602229172825694,2.547149621077346,0.043286662725588905,辽鲁粤闽,False,False,False,False,False,True,True
2026-06-22,油豆,5.0,4.0,6.0,1,冀辽,0.05263157894736836,3.9066666666666667,0.42986231423028504,2.5434500702650915,0.046247153142176194,冀辽,False,False,False,False,False,True,True
2026-02-02,彩椒,7.5,7.0,8.0,1,鲁闽,0.0,5.733333333333333,0.6946015148038595,2.543424724844626,0.06119237894550871,鲁闽,False,False,False,False,False,True,True
2026-03-23,菜心,1.85,1.5,2.2,1,,-0.3833333333333333,3.106666666666667,0.4942310874642464,-2.542670217517583,0.15076527591748676,,True,False,False,True,True,False,True
2026-07-16,黄瓜,2.55,1.5,3.2,2,冀/辽冀鲁,0.0,1.2108333333333332,0.5270151527843948,2.541040157178418,0.1664392437605058,冀/辽冀鲁,False,False,False,False,False,True,True
2026-05-19,茴香,1.75,1.5,2.0,1,冀,0.0,1.2983333333333333,0.17786246785444393,2.5394152690847287,0.10690449676496983,冀,False,False,False,False,False,True,True
2026-07-17,小黄瓜,5.425,4.8,6.1,2,辽鲁,0.10152284263959399,3.3991666666666664,0.7979089950412945,2.5389278049541093,0.09182086631987971,辽鲁,False,False,False,False,False,True,True
2026-05-26,扁豆,4.45,3.5,5.4,1,辽鲁,0.059523809523809534,3.1899999999999995,0.49678275276852923,2.5363199365882263,0.07634214788262121,辽鲁,False,False,False,False,False,True,True
2026-04-07,平菇,3.75,3.5,4.0,1,京,0.05633802816901423,2.645,0.43595910912330554,2.5346413846521205,0.06508080281024398,京,False,False,False,False,False,True,True
2026-06-08,水萝卜,2.75,2.5,3.0,1,,0.22222222222222232,1.3158333333333334,0.566198885693811,2.5329733118588917,0.5248226100684429,,True,False,True,False,True,False,True
2026-03-06,黄心菜,4.0,3.5,4.5,1,,0.06666666666666665,2.478333333333333,0.6008160159794939,2.5326666170606913,0.09993456247235234,,True,False,False,False,True,True,True
2026-05-09,大葱,0.9,0.8,1.0,1,鲁,0.0,0.7833333333333333,0.0461133037377252,2.53000017804454,0.02672739005184698,鲁,False,False,False,False,False,True,True
2026-06-07,苦菊,3.55,3.3,3.8,1,辽冀,0.0,2.2516666666666665,0.5138568385987538,2.5266440685576628,0.13545280311981317,辽冀,False,False,False,False,False,True,True
2026-07-19,小黄瓜,6.1,5.0,7.1,2,辽鲁,0.09909909909909898,3.6025,0.9887808149433283,2.5258378421744996,0.09185991552846147,辽鲁,False,False,False,False,False,True,True
2026-01-23,金针菇,3.5,3.0,4.0,1,皖鲁,0.0,3.3260869565217392,0.06887004431501828,2.5252349582173284,0.016197651024995402,皖鲁,False,False,False,False,False,True,True
2026-06-07,白豆,3.75,2.5,5.0,1,辽冀,0.2931034482758621,3.1016666666666666,0.25679836895675545,2.5246785482602188,0.10548413750144695,辽冀,False,False,True,False,False,False,True
2026-07-28,紫薯,1.95,1.6,2.3,1,冀闽,0.0,1.655,0.11696595437459195,2.522101423250402,0.038699280486002706,冀闽,False,False,False,False,False,True,True
2026-04-05,白萝卜,0.55,0.45,0.65,1,川,0.10000000000000009,0.47833333333333333,0.02841603885779661,2.522049854496285,0.03839296559726982,鄂川,True,False,False,False,True,False,True
2026-03-31,菊花菜,2.65,2.3,3.0,1,,-0.1166666666666667,4.5566666666666675,0.7567778033730649,-2.519453739483884,0.0628122665683391,,True,False,False,False,True,False,True
2026-03-05,黄心菜,3.75,3.5,4.0,1,,0.0,2.4166666666666665,0.5300184338585643,2.515635774451449,0.10063423689207109,,True,False,False,False,False,True,True
2026-03-26,绿菜花,2.5,2.4,2.6,1,浙,0.0,1.9533333333333331,0.2173243775039316,2.5154410791158353,0.0361683600083676,浙,False,False,False,False,False,True,True
2026-07-13,樱桃萝卜,3.3,2.8,3.8,1,,0.5714285714285712,2.2983333333333333,0.39859307166785096,2.513005714011404,0.15748022555792376,,True,False,True,False,True,False,True
2026-02-07,小白菜,1.65,1.5,1.8,1,冀鲁,-0.43103448275862066,2.738333333333333,0.4334968745330063,-2.5105909575605665,0.26708336617687445,冀鲁,False,False,False,True,False,False,True
2026-07-31,蒜苗,3.85,2.0,5.7,1,鲁豫苏,0.0,3.6766666666666667,0.06914918072832096,2.506657801403891,0.014644451611639667,鲁豫苏,False,False,False,False,False,True,True
2026-03-05,金丝南瓜,2.45,2.4,2.5,1,海桂粤,0.0,2.2766666666666664,0.0691491807283518,2.50665780140278,0.023756554836659984,海桂粤,False,False,False,False,False,True,True
2026-03-04,金丝南瓜,2.45,2.4,2.5,1,海桂粤,0.0,2.2766666666666664,0.0691491807283518,2.50665780140278,0.023756554836659984,海桂粤,False,False,False,False,False,True,True
2026-03-11,卞萝卜,0.85,0.8,0.9,1,冀,0.0,0.8066666666666666,0.01728729518208797,2.50665780140277,0.016703827619526525,冀,False,False,False,False,False,True,True
2026-03-15,土豆,1.2,0.7,1.9,2,桂云/陕蒙冀,0.0,1.1133333333333333,0.03457459036417594,2.50665780140277,0.024296476537493106,桂云/陕蒙冀,False,False,False,False,False,True,True
2026-03-01,姜,4.0,2.5,6.0,2,鲁,0.0,3.8916666666666666,0.043218237955219986,2.506657801402768,0.008621330384271746,鲁,False,False,False,False,False,True,True
2026-03-05,心里美,1.35,1.2,1.5,1,冀,0.0,1.1333333333333335,0.08643647591044012,2.506657801402761,0.06074119134373282,冀,False,False,False,False,False,True,True
2026-05-11,卞萝卜,0.95,0.7,1.2,1,冀,0.0,0.7766666666666667,0.06914918072835213,2.5066578014027594,0.07126966450997982,冀,False,False,False,False,False,True,True
2026-05-27,莲藕,3.25,3.0,3.5,1,津,0.0,3.0766666666666667,0.06914918072835305,2.506657801402728,0.017525327338519647,津,False,False,False,False,False,True,True
2026-02-27,荸荠,4.425,3.0,6.0,2,皖,0.0,4.338333333333334,0.03457459036417641,2.506657801402717,0.006179450680056052,皖,False,False,False,False,False,True,True
2026-05-02,红尖椒,7.5,7.0,8.0,1,鲁桂,0.0,6.633333333333334,0.34574590364176994,2.506657801402693,0.04111711414037299,鲁桂,False,False,False,False,False,True,True
2026-02-12,青萝卜,2.0,1.5,2.5,1,津鲁,0.0,1.9133333333333333,0.03457459036417786,2.5066578014026315,0.014066381153285479,津鲁,False,False,False,False,False,True,True
2026-06-26,紫薯,1.6,1.2,2.0,1,冀闽,0.0,1.47,0.05186188554626837,2.506657801402557,0.027647714680595622,冀闽,False,False,False,False,False,True,True
2026-07-16,美人椒,5.0,4.5,5.5,1,鲁闽,0.0,4.566666666666666,0.1728729518210311,2.5066578014005763,0.029695693545824985,鲁闽,False,False,False,False,False,True,True
2026-07-31,大蒜,3.65,2.2,6.3,2,豫苏鲁,0.0,3.606666666666667,0.01728729518210769,2.5066578013998915,0.0037119616932281153,豫苏鲁,False,False,False,False,False,True,True
2026-02-11,豇豆,6.85,6.0,7.7,1,海,0.5568181818181817,4.741666666666666,0.8413949145905569,2.5057595390379785,0.15915734555208605,海,False,False,True,False,False,False,True
2026-03-03,红薯,1.85,1.1,2.8,2,冀,0.0,1.5458333333333334,0.12142887327307196,2.5048957341690055,0.06236095644623237,冀,False,False,False,False,False,True,True
2026-07-11,架豆,3.95,3.2,4.7,1,云冀,0.16176470588235303,3.188333333333333,0.3044733534950438,2.5015872749569383,0.10228177918363496,云冀,False,False,True,False,False,False,True
2026-04-29,线茄,2.5,2.0,3.0,1,冀,-0.16666666666666663,2.875,0.15014360941540775,-2.497608799069656,0.05284611410677474,闽冀,True,False,False,True,True,False,True
2026-05-11,大葱,0.95,0.9,1.0,1,鲁,0.0,0.7966666666666666,0.061494789985825804,2.493436165383698,0.0286364069551584,鲁,False,False,False,False,False,True,True
2026-04-15,板栗南瓜,1.55,1.5,1.6,1,新桂,-0.18421052631578938,2.058333333333333,0.20387763966169933,-2.4933255759524524,0.050011794292487456,新桂,False,False,False,True,False,False,True
2026-06-16,芹菜,1.45,1.3,1.6,1,津冀京,0.07407407407407396,0.9683333333333334,0.19319604717404948,2.4931496979994376,0.05351438915235244,津冀京,False,False,False,False,False,True,True
2026-02-12,油豆,7.0,6.8,7.2,1,云,-0.1515151515151515,4.823333333333333,0.8735316086235045,2.491800691787924,0.14704639135655448,云,False,False,False,True,False,True,True
2026-02-05,南北瓜,2.6,2.4,2.8,1,冀新云,0.0,2.0083333333333333,0.23747353149544798,2.491505739358612,0.042791998133633234,冀新云,False,False,False,False,False,True,True
2026-06-04,莲藕,5.375,3.0,8.0,2,川/津,0.0,3.4133333333333336,0.7874482285481873,2.491169064261377,0.17427780249178348,川/津,False,False,False,False,False,True,True
2026-05-28,瓠子,1.25,1.0,1.5,1,冀,0.0,0.7777777777777778,0.18959881966484032,2.490639040142676,0.148756012419382,冀,False,False,False,False,False,True,True
2026-06-23,油麦菜,2.425,1.8,3.0,2,京冀,-0.1339285714285714,1.7041666666666666,0.28947658869466564,2.4901265300374753,0.19287961226621222,京冀,False,False,False,True,False,False,True
2026-08-10,架豆,5.0,4.0,6.0,1,云冀,0.0,4.008333333333334,0.39893896632264475,2.4857603552936687,0.08766694218007363,云冀,False,False,False,False,False,True,True
2026-05-23,螺丝椒,2.5,2.0,3.0,1,鲁辽冀,-0.16666666666666663,3.2,0.2816209239875401,-2.485610763889727,0.056393349012652846,鲁辽冀,False,False,False,True,False,False,True
2026-02-14,散菜花,2.25,1.8,2.7,1,鄂云闽,0.04651162790697683,1.8783333333333332,0.14952991474049204,2.485567301443937,0.05910262476882204,鄂云闽,False,False,False,False,False,True,True
2026-02-27,黄心菜,2.75,2.0,3.5,1,,0.0,2.2199999999999998,0.21359000364055541,2.481389535869489,0.08645827399504881,,True,False,False,False,False,True,True
2026-01-19,圆白菜,1.75,1.2,2.3,1,冀鄂鲁,0.02941176470588247,1.3026315789473684,0.180334322402191,2.4807724624649503,0.04153246387314887,冀鄂鲁,False,False,False,False,False,True,True
2026-06-22,南北瓜,1.15,1.1,1.2,1,桂云川,0.0,0.9366666666666668,0.08603661343040758,2.4795645112867213,0.057076627173196344,桂云川,False,False,False,False,False,True,True
2026-03-29,彩椒,6.5,6.0,7.0,1,鲁闽,-0.1333333333333333,8.133333333333333,0.6589350516544528,-2.4787470771699924,0.03817438978437031,鲁闽,False,False,False,True,False,False,True
2026-08-07,毛冬瓜,0.8,0.5,1.1,1,冀鲁豫,0.0,0.6866666666666668,0.045737883892792965,2.4778875559477185,0.0506543569296888,冀鲁豫,False,False,False,False,False,True,True
2026-06-28,广茄,1.25,1.0,1.5,1,冀,-0.19354838709677424,1.9566666666666668,0.2851899951494173,-2.47788028572471,0.06840190128704905,冀,False,False,False,True,False,False,True
2026-03-16,芥兰,4.5,4.0,5.0,1,,0.0,3.1516666666666664,0.5443254815687556,2.4770718604747537,0.10857514956525119,,True,False,False,False,False,True,True
2026-02-24,茄子,1.7,1.2,2.2,1,云冀,-0.29166666666666663,2.8549999999999995,0.46652604613690896,-2.4757460158206213,0.08073239462042914,云,True,False,False,True,True,False,True
2026-02-04,快菜,2.05,1.8,2.3,1,,0.4642857142857142,1.31,0.2989565185775351,2.475276349620987,0.2881583336263348,,True,False,True,False,True,False,True
2026-02-01,小葱,4.9,4.8,5.0,1,冀辽,0.0,3.9566666666666666,0.3814069537486389,2.4732987274139338,0.05950479122320005,冀辽,False,False,False,False,False,True,True
2026-02-13,扁豆,6.15,4.5,7.8,1,云,0.0,5.011666666666667,0.4602629183662192,2.4732240810840023,0.04243451990469028,云,False,False,False,False,False,True,True
2026-08-10,香芋头,4.75,4.5,5.0,1,,-0.09523809523809523,5.54047619047619,0.31961658577858887,-2.4732014095907546,0.04888888814167012,,True,False,False,False,True,False,True
2026-03-01,苦瓜,2.25,2.0,2.5,1,鲁,-0.18181818181818177,4.428333333333334,0.881973036312112,-2.469841189750915,0.11724498250120315,鲁,False,False,False,True,False,False,True
2026-02-03,南北瓜,2.4,2.0,2.8,1,冀新云,0.0,1.9549999999999998,0.18020582102427898,2.4693985880736093,0.03980646271748408,冀新云,False,False,False,False,False,True,True
2026-05-31,扁豆,5.75,3.5,8.0,1,冀晋,0.045454545454545414,3.53,0.8992909084000774,2.4686116353045175,0.07358965580968445,冀晋,False,False,False,False,False,True,True
2026-07-10,木耳菜,2.0,1.8,2.2,1,,-0.24528301886792447,2.568333333333334,0.23024849145234047,-2.468347695780557,0.08657428166424698,,True,False,False,True,True,False,True
2026-05-02,美人椒,6.5,6.0,7.0,1,鲁闽,0.0,5.548333333333333,0.38562160596697775,2.4678769341263567,0.04859429980432002,鲁闽,False,False,False,False,False,True,True
2026-03-13,苋菜,10.0,9.5,10.5,1,,0.0,7.068333333333333,1.1880499331586032,2.4676291667913364,0.08407910456425419,,True,False,False,False,False,True,True
2026-03-31,油麦菜,1.05,0.7,1.3,2,鲁京冀,-0.2499999999999999,2.4391666666666665,0.5633827683539504,-2.465759949892379,0.1124251642255514,鲁京冀,False,False,False,True,False,False,True
2026-06-09,白豆,4.0,3.0,5.0,1,辽冀,0.0,3.1783333333333332,0.3333951092181378,2.4645432519799106,0.08617023602267389,辽冀,False,False,False,False,False,True,True
2026-07-28,白萝卜,0.63,0.55,0.7,1,冀陕,0.0,0.4436666666666667,0.0756800585647751,2.462119306816462,0.05145673451146508,冀陕,False,False,False,False,False,True,True
2026-06-12,荆芥,5.0,4.0,6.0,1,,0.05263157894736836,3.558333333333333,0.5860568604479698,2.459943333083221,0.09580374905664728,,True,False,False,False,True,True,True
2026-07-16,香菜,3.75,3.0,4.5,1,冀辽,0.25,2.685,0.43294301607993263,2.4599080258714072,0.07963638464338534,冀辽,False,False,True,False,False,False,True
2026-01-22,蒜黄,4.25,4.0,4.5,1,冀,0.0,3.8181818181818183,0.17562504332855228,2.4587506065997293,0.03563483225498991,冀,False,False,False,False,False,True,True
2026-07-15,扁豆,3.5,3.0,4.0,1,冀晋,0.2727272727272727,2.6416666666666666,0.3491574423383093,2.4582988338586467,0.16112879156662688,冀晋,False,False,True,False,False,False,True
2026-04-20,葱头,0.65,0.5,0.9,2,甘/甘蒙云,0.08333333333333348,0.6158333333333333,0.013901335419191035,2.4577974443735098,0.025435162609024127,甘/甘蒙,True,False,False,False,True,False,True
2026-06-05,穿心莲,1.9,1.8,2.0,1,,-0.15555555555555556,2.836666666666667,0.38122609214656766,-2.4569846764490415,0.07808676989228934,,True,False,False,True,True,False,True
2026-01-29,螺丝椒,6.75,5.5,8.0,1,鲁辽闽,0.0,6.103448275862069,0.2631984023788485,2.456518422202587,0.03340765523905305,鲁辽闽,False,False,False,False,False,True,True
2026-08-11,香菜,6.0,5.0,7.0,1,冀蒙,0.04347826086956519,4.166666666666667,0.7466399831028273,2.4554448928846693,0.10736538149441069,冀蒙,False,False,False,False,False,True,True
2026-01-26,菊花菜,4.15,3.7,4.6,1,,0.03750000000000009,3.408333333333333,0.3020761493398645,2.4552308028536918,0.04791426770292527,,True,False,False,False,False,True,True
2026-01-18,香菜,11.0,10.0,12.0,1,冀豫,0.1578947368421053,8.208333333333334,1.138400580794362,2.452270943782087,0.062293163270606945,冀豫,False,False,True,False,False,False,True
2026-07-20,罗马生菜,1.4,1.3,1.5,1,冀,0.0,1.1866666666666665,0.08703282509304816,2.451182448751438,0.06657862720272498,京冀,True,False,False,False,False,True,True
2026-04-08,毛冬瓜,1.75,1.5,2.0,1,冀,-0.125,2.1599999999999997,0.16733200530681466,-2.4502186491355116,0.04231465554408984,冀,False,False,False,True,False,False,True
2026-05-27,豆王,4.75,3.5,6.0,1,辽鲁甘,0.11764705882352944,3.7550000000000003,0.4062761927895626,2.44907286633794,0.04303251175648748,辽鲁,True,False,False,False,True,False,True
2026-06-19,线茄,1.25,1.0,1.5,1,冀,-0.19354838709677424,1.855,0.24717367899155182,-2.4476716229185485,0.07720853331951849,冀,False,False,False,True,False,False,True
2026-07-14,盖菜,2.4,2.2,2.6,1,,-0.05882352941176472,1.515,0.3617843709096389,2.4462084909163813,0.23345752818018428,,True,False,False,False,True,False,True
2026-04-06,平菇,3.55,3.3,3.8,1,京,0.0,2.6116666666666664,0.38364929507193873,2.4458101328125337,0.0656612296301904,京,False,False,False,False,False,True,True
2026-02-26,团生菜,3.4,3.0,3.8,1,冀云,-0.09333333333333338,1.9633333333333334,0.5875039740633504,2.4453735295273953,0.23521418463722682,冀云,False,False,False,False,False,True,True
2026-02-26,水萝卜,2.8,2.6,3.0,1,,-0.08196721311475408,3.075,0.11276310230469487,-2.4387409922168377,0.037994447716336054,,True,False,False,False,True,False,True
2026-05-22,线椒,3.5,2.5,4.5,1,鲁冀,-0.17647058823529416,4.9,0.5746063120025012,-2.4364507850966772,0.057467085316081204,鲁冀,False,False,False,True,False,False,True
2026-02-28,红尖椒,10.0,9.5,10.5,1,鲁徽,0.0,7.208333333333333,1.1467407587663816,2.434435721696883,0.09968820976910159,鲁徽,False,False,False,False,False,True,True
2026-06-03,香菜,4.0,3.5,4.5,1,冀,0.1428571428571428,2.03,0.8095976011958299,2.433307605025235,0.20581091478612404,冀,False,False,False,False,False,True,True
2026-02-10,广茄,2.75,2.5,3.0,1,云闽,-0.17910447761194037,4.27,0.6249965517146249,-2.432013418042082,0.06588979216770562,云闽,False,False,False,True,False,False,True
2026-01-20,玉米,2.675,2.4,3.0,2,海粤,0.028846153846153744,2.4425,0.09566250984306063,2.4304191932809247,0.022338617242192316,海粤,False,False,False,False,False,True,True
2026-06-19,罗马生菜,1.15,1.0,1.3,1,京冀,-0.14814814814814825,1.54,0.16049492418657527,-2.4299833902947943,0.0726955020618402,京冀,False,False,False,True,False,False,True
2026-07-15,土豆,0.98,0.85,1.1,1,冀,0.0,0.8510000000000001,0.053132884810408273,2.4278749490133067,0.03113381035877296,冀,False,False,False,False,False,True,True
2026-03-25,木耳菜,5.5,5.0,6.0,1,,-0.08333333333333337,6.825,0.5459490313459547,-2.4269664820787633,0.049613165916667666,,True,False,False,False,True,False,True
2026-02-28,青蒜,2.0,1.8,2.2,1,鲁川,-0.3548387096774194,2.900833333333333,0.37136069308398323,-2.425763819677085,0.17936141556450913,鲁川,False,False,False,True,False,False,True
2026-07-15,奶白菜,3.15,2.8,3.5,1,,0.125,2.225,0.38141072078670313,2.425207131283782,0.11815574987048959,,True,False,False,False,True,False,True
2026-07-17,蒿子秆,5.5,5.0,6.0,1,,0.0,3.5700000000000003,0.7959596246908086,2.424746105368988,0.0829773482201121,,True,False,False,False,False,True,True
2026-07-17,蒜黄,6.25,6.0,6.5,1,冀,0.0,4.916666666666667,0.5506005081183969,2.4215984432884383,0.05623730135056031,冀,False,False,False,False,False,True,True
2026-05-27,团生菜,1.4,1.0,1.8,1,冀京,0.0,1.005,0.16313205989478455,2.4213511449237113,0.12659743037956944,冀京,False,False,False,False,False,True,True
2026-06-08,团生菜,1.75,1.5,2.0,1,冀京,0.16666666666666674,1.1849999999999998,0.2334708133571597,2.4200027055873266,0.07567464216266499,冀京,False,False,True,False,False,False,True
2026-06-30,广茄,1.05,0.8,1.3,1,冀,-0.15999999999999992,1.9,0.35135206824787607,-2.419225833047699,0.07586361409946496,冀,False,False,False,True,False,False,True
2026-06-18,毛豆,2.9,2.5,3.3,1,徽川,-0.12121212121212122,4.078333333333334,0.4871952333534246,-2.418606038533508,0.04888739334200247,徽川,False,False,False,True,False,False,True
2026-02-01,毛豆,4.05,3.8,4.3,1,云,-0.10989010989010994,5.681666666666667,0.6747264239130086,-2.4182640679817733,0.039203238494662486,粤闽,True,False,False,False,True,False,True
2026-06-01,香菜,3.5,3.0,4.0,1,冀,0.5555555555555556,1.8666666666666667,0.6756010521078013,2.4176003400786783,0.2301129710890671,冀,False,False,True,False,False,False,True
2026-01-20,芹菜,1.9,1.8,2.0,1,鲁冀豫,0.0,1.6475000000000002,0.10447235846964734,2.4169072441621897,0.027934316808690202,鲁冀豫,False,False,False,False,False,True,True
2026-05-14,卞萝卜,1.1,1.0,1.2,1,冀,0.0,0.8116666666666668,0.11939743350020877,2.4149039462630424,0.07998398332524657,冀,False,False,False,False,False,True,True
2026-01-30,毛冬瓜,1.85,1.8,1.9,1,云,0.0,1.4783333333333333,0.15407305328033977,2.412275597540149,0.08590539918613646,云,False,False,False,False,False,True,True
2026-07-15,小黄瓜,4.8,4.0,5.5,2,辽鲁,-0.040000000000000036,3.2633333333333336,0.637334607799422,2.411083044701499,0.09101080583513055,辽鲁,False,False,False,False,False,True,True
2026-05-25,扁豆,4.2,3.0,5.4,1,辽鲁,0.0,3.1483333333333334,0.43618315777484873,2.4110666538150047,0.07675697596473394,辽鲁,False,False,False,False,False,True,True
2026-02-16,莲藕,4.75,4.5,5.0,1,津,0.0,3.3916666666666666,0.5635606220386973,2.410270129271137,0.08459427459757805,津,False,False,False,False,False,True,True
2026-07-23,娃娃菜,1.1,1.0,1.2,1,冀,0.0,0.8633333333333333,0.09820223093657388,2.4099927711369746,0.08037686436173734,冀,False,False,False,False,False,True,True
2026-07-24,快菜,2.05,1.8,2.3,1,,0.0,1.3166666666666667,0.3043742403044639,2.409314706132108,0.09980826326497672,,True,False,False,False,False,True,True
2026-03-30,奶白菜,5.75,5.3,6.2,1,,0.0,3.76,0.8266467368750734,2.407316101582505,0.08640702102549203,,True,False,False,False,False,True,True
2026-04-20,西葫芦,0.975,0.7,1.4,2,鲁,-0.2777777777777778,1.4233333333333333,0.18626701881666957,-2.406938899766246,0.07926104300318372,鲁,False,False,False,True,False,False,True
2026-02-27,罗马生菜,3.05,2.8,3.3,1,云,0.0,1.9666666666666666,0.4501596140936228,2.4065538076190567,0.10681964651312352,云,False,False,False,False,False,True,True
2026-05-24,西葫芦,1.85,1.5,2.2,2,鲁,-0.02631578947368407,1.1224999999999998,0.3023863422841689,2.4058626276061403,0.07456528600585115,鲁,False,False,False,False,False,True,True
2026-05-22,大葱,1.7,1.6,1.8,1,鲁,0.0,0.9966666666666666,0.29241365755798004,2.4052684105354274,0.06291120656044943,鲁,False,False,False,False,False,True,True
2026-06-03,苦菊,2.8,2.3,3.5,2,辽冀,0.23076923076923084,2.13,0.2785739547693837,2.405106394654363,0.1475422050868649,辽冀,False,False,True,False,False,False,True
2026-03-12,紫甘蓝,1.35,1.3,1.4,1,闽云,-0.2058823529411764,2.23,0.36591877749596047,-2.4049052798601314,0.0656558860725534,闽云,False,False,False,True,False,False,True
2026-04-11,尖椒,3.7,3.0,4.4,1,辽鲁粤闽,0.0,2.8916666666666666,0.33632992149370944,2.4033940535036584,0.05202523202391775,辽鲁粤闽,False,False,False,False,False,True,True
2026-06-11,荆芥,4.75,4.0,5.5,1,,0.0,3.5,0.5211062503347094,2.3987430570965484,0.09608093221096613,,True,False,False,False,False,True,True
2026-06-19,穿心莲,1.75,1.5,2.0,1,,-0.2222222222222222,2.75,0.4172983717132061,-2.3963668870657933,0.2245530195765292,,True,False,False,True,True,False,True
2026-07-10,甜豆,8.5,8.0,9.0,1,,-0.19047619047619047,10.944444444444445,1.02022040422774,-2.395996428139248,0.07418976593714993,,True,False,False,True,True,False,True
2026-05-16,大葱,1.2,1.1,1.3,1,鲁,0.04347826086956519,0.8583333333333333,0.14268565240519965,2.394541153278673,0.03918506596171264,鲁,False,False,False,False,False,True,True
2026-07-31,小葱,3.4,3.3,3.5,1,冀辽,0.0,2.2416666666666667,0.483892858854703,2.393780590345811,0.11268642131255013,冀辽,False,False,False,False,False,True,True
2026-05-10,红尖椒,5.5,5.0,6.0,1,鲁桂,-0.15384615384615385,6.741666666666666,0.5189650399050839,-2.392582488588751,0.07126187198082883,鲁桂,False,False,False,True,False,False,True
2026-05-15,大葱,1.15,1.1,1.2,1,鲁,0.0,0.8450000000000001,0.1275430961648216,2.3913485650830832,0.04015721464479918,鲁,False,False,False,False,False,True,True
2026-06-11,小葱,2.9,2.0,3.8,1,冀辽,0.03571428571428581,2.235,0.2782798145256254,2.3896810522660585,0.053968786735833475,冀辽,False,False,False,False,False,True,True
2026-02-27,樱桃萝卜,2.1,2.0,2.2,1,,-0.06666666666666665,3.205,0.46244291353188915,-2.3894841236956297,0.06958350129917623,,True,False,False,False,True,False,True
2026-03-02,盖菜,2.4,2.0,2.8,1,,-0.20000000000000007,3.283333333333333,0.3698399778220337,-2.3884203609767454,0.057785547733636734,,True,False,False,True,True,False,True
2026-04-08,白萝卜,0.6,0.5,0.7,1,川,0.0,0.48833333333333334,0.04676303678329061,2.3879258993412384,0.04305157800348189,川,False,False,False,False,False,True,True
2026-07-13,茼蒿,9.0,8.5,9.5,1,,0.24137931034482762,6.529999999999999,1.0376199556744254,2.380447664380709,0.12472476969446716,,True,False,True,False,True,False,True
2026-04-22,葱头,0.675,0.5,0.9,2,甘/甘蒙云,-0.03571428571428559,0.62,0.02311888316119009,2.3790076543286105,0.03165827678353151,甘/甘蒙云,False,False,False,False,False,True,True
2026-02-26,白萝卜,0.7,0.5,0.9,1,鄂川,0.0,0.5559999999999999,0.06054921053615576,2.378230842729374,0.08865763960534172,鄂川,False,False,False,False,False,True,True
2026-05-23,大葱,1.8,1.7,1.9,1,鲁,0.05882352941176472,1.0316666666666667,0.3231001054795842,2.378003969366956,0.06139418321940201,鲁,False,False,False,False,False,True,True
2026-01-31,南北瓜,2.15,1.7,2.6,1,冀新云,0.0,1.8900000000000001,0.10938700673013824,2.3768819329834057,0.030213437580268752,冀新云,False,False,False,False,False,True,True
2026-06-23,茼蒿,9.0,8.0,10.0,1,,0.2857142857142858,5.558333333333334,1.4482500339787816,2.37643126940682,0.11157749088490637,,True,False,True,False,True,False,True
2026-02-24,平菇,2.0,1.5,2.5,1,京,-0.2727272727272727,3.2083333333333335,0.5089006632511607,-2.3743992110636682,0.08088515710753573,京,False,False,False,True,False,False,True
2026-05-14,蒜黄,4.75,4.5,5.0,1,冀,0.0,3.6666666666666665,0.45643546458763656,2.3734644158557296,0.0456737930688114,冀,False,False,False,False,False,True,True
2026-02-26,樱桃萝卜,2.25,2.0,2.5,1,,-0.18181818181818177,3.235,0.4150508901078403,-2.373202957700134,0.06976487314171922,,True,False,False,True,True,False,True
2026-03-31,空心菜,4.3,3.8,4.8,1,,-0.42666666666666664,8.08,1.5936620158269617,-2.3718956481738904,0.11550656755820907,,True,False,False,True,True,False,True
2026-07-20,菜心,3.5,3.2,3.8,1,,0.627906976744186,2.2583333333333333,0.5237601671029195,2.3706779259956163,0.3008565911281785,,True,False,True,False,True,False,True
2026-03-17,香芹,2.5,2.2,2.8,1,,-0.05660377358490565,3.231666666666667,0.30863529792691713,-2.370651288369229,0.0757153292404749,,True,False,False,False,True,False,True
2026-06-04,快菜,1.25,1.0,1.5,1,,0.0,0.7383333333333333,0.21603134085100953,2.3684835017505548,0.3302418558318723,,True,False,False,False,False,True,True
2026-07-19,油麦菜,3.75,3.5,4.0,1,京冀,0.15384615384615374,1.8108333333333333,0.8198423769167507,2.3652920625540874,0.2099477857401958,京冀,False,False,True,False,False,True,True
2026-06-01,贝贝南瓜,1.55,1.3,1.8,1,桂鲁,0.0,1.46,0.03805621975537357,2.3649222276548367,0.030749041331105773,桂鲁,False,False,False,False,False,True,True
2026-05-28,散叶生菜,1.75,1.5,2.0,1,冀,0.0,0.98,0.32578816896026763,2.3634989645492848,0.2230827713039659,冀,False,False,False,False,False,True,True
2026-01-17,油菜,1.35,1.2,1.5,1,鲁京皖,0.2272727272727273,1.0926470588235293,0.10888809690254868,2.3634625684274133,0.06991350425179202,鲁京皖苏川,True,False,True,False,True,False,True
2026-05-21,散菜花,0.9,0.8,1.0,1,冀,-0.21739130434782605,1.6883333333333332,0.33365358179357246,-2.3627300180492763,0.0741884304285464,冀,False,False,False,True,False,False,True
2026-07-17,油菜,1.575,1.0,2.5,2,冀京,0.18867924528301883,0.9508333333333333,0.2642069569332994,2.3624157134675348,0.39322377957173116,冀京,False,False,True,False,False,False,True
2026-06-10,小葱,2.8,1.8,3.8,1,冀辽,0.05660377358490565,2.2133333333333334,0.24842029642958657,2.3615891096601844,0.05415972186740218,冀辽,False,False,False,False,False,True,True
2026-06-19,豇豆,1.8,1.6,2.0,1,鲁冀,-0.19999999999999996,2.865,0.4518448772570588,-2.357003594829098,0.10080870220612045,鲁冀,False,False,False,True,False,False,True
2026-04-02,菊花菜,2.25,2.0,2.5,1,,-0.15094339622641506,4.433333333333334,0.9265558521354429,-2.3563968953424475,0.06662327856476538,,True,False,False,True,True,False,True
2026-07-12,豇豆,3.0,2.5,3.5,1,鲁冀,1.4,1.7850000000000001,0.5156432206812007,2.356280372298699,0.3901096896951411,鲁冀,False,False,True,False,False,False,True
2026-06-14,芹菜,1.3,1.1,1.5,1,津冀京,0.0,0.9366666666666666,0.15421286974633994,2.3560506586186314,0.0600806949855182,津冀京,False,False,False,False,False,True,True
2026-07-03,苦瓜,1.25,1.0,1.5,1,鲁,-0.2857142857142857,2.146666666666667,0.3816780854588535,-2.3492746920187835,0.08445865909275667,鲁,False,False,False,True,False,False,True
2026-05-30,平菇,4.0,3.5,4.5,1,京蒙,0.4545454545454546,3.0833333333333335,0.39025485336471005,2.3488924193083687,0.177177056908778,京蒙,False,False,True,False,False,False,True
2026-07-13,菊花菜,2.75,2.5,3.0,1,,0.44736842105263164,2.07,0.28964901471285187,2.3476689560782003,0.14071483968642656,,True,False,True,False,True,False,True
2026-03-30,菊花菜,3.0,2.5,3.5,1,,-0.15492957746478864,4.596666666666667,0.680381907629741,-2.346721229300473,0.06082912904668137,,True,False,False,True,True,False,True
2026-06-04,茴香,3.0,2.5,3.5,1,冀,0.0,1.6016666666666666,0.5958886920670173,2.3466351215405648,0.2654580885319575,冀,False,False,False,False,False,True,True
2026-06-30,蒜米,2.8,2.6,3.0,1,鲁,0.0,2.645,0.0661111916030297,2.344534960596544,0.015127994825231566,鲁,False,False,False,False,False,True,True
2026-07-28,番茄,1.75,1.2,2.6,3,冀京/冀京蒙/蒙冀,0.0,1.4870666666666668,0.11216027120501247,2.3442644218711792,0.05224638956030706,冀京/冀京蒙/蒙冀,False,False,False,False,False,True,True
2026-06-15,芹菜,1.35,1.1,1.6,1,津冀京,0.03846153846153855,0.9483333333333334,0.17144584614658612,2.342819471538797,0.054040041762677196,津冀京,False,False,False,False,False,True,True
2026-07-10,葱头,0.925,0.8,1.05,2,鲁皖,0.0,0.8168333333333333,0.04617215412011616,2.3426818334113846,0.025382670197767705,鲁皖,False,False,False,False,False,True,True
2026-03-24,盖菜,1.5,1.2,1.8,1,,-0.1428571428571429,2.74,0.5295411155929706,-2.34165008813616,0.06821961618863077,,True,False,False,True,True,False,True
2026-05-11,南北瓜,0.9,0.8,1.0,1,桂海,-0.05263157894736836,1.0433333333333334,0.061213776527677496,-2.3415208383447146,0.028118650675280174,桂冀海,True,False,False,False,True,False,True
2026-04-25,线茄,3.15,2.5,3.8,1,闽冀,0.0,2.863333333333333,0.12242755305541768,2.3415208383435173,0.0262996755929638,闽冀,False,False,False,False,False,True,True
2026-07-15,苦菊,4.65,4.0,5.5,2,辽冀,-0.015873015873015706,2.734166666666667,0.8184163464227415,2.3409030644455586,0.1185428235446209,辽冀,False,False,False,False,False,True,True
2026-03-19,土豆,1.3,0.9,2.0,2,桂云/陕蒙冀,0.0,1.1383333333333332,0.06908681861069535,2.3400508218168143,0.026994672123041324,桂云/陕蒙冀,False,False,False,False,False,True,True
2026-06-21,油豆,4.75,4.0,5.5,1,冀辽,0.0,3.868333333333333,0.3770308990660964,2.3384467131223214,0.04567379306881141,冀辽,False,False,False,False,False,True,True
2026-07-18,小黄瓜,5.55,5.0,6.1,2,辽鲁,0.02304147465437789,3.489166666666667,0.8817029792839272,2.337332845361409,0.09129948156240647,辽鲁,False,False,False,False,False,True,True
2026-02-28,大蒜,3.7,3.2,4.2,1,豫苏鲁,0.0,3.6516666666666664,0.02069204966986894,2.3358407748129055,0.008526423468644505,豫苏鲁,False,False,False,False,False,True,True
2026-06-01,油菜,1.225,0.7,1.9,2,冀京,0.53125,0.885,0.14556666916713573,2.3356995247972683,0.2516949798221564,冀京,False,False,True,False,False,False,True
2026-05-01,红薯,1.7,1.0,2.8,2,冀/冀粤,0.0,1.6241666666666668,0.0324856290065917,2.334365553394264,0.012335134242111889,冀/冀粤,False,False,False,False,False,True,True
2026-04-29,油麦菜,1.85,1.5,2.5,2,鲁京冀,0.08823529411764719,1.1558333333333333,0.29781411505574845,2.3308722843332133,0.14583377816425058,鲁京冀,False,False,False,False,False,True,True
2026-01-18,美人椒,17.5,17.0,18.0,1,鲁,0.06060606060606055,13.11111111111111,1.8830166313622752,2.3307754248106307,0.06358930260456504,鲁,False,False,False,False,False,True,True
2026-06-21,葱头,0.815,0.65,1.0,2,鲁皖,0.0,0.7863333333333333,0.01231296858609461,2.328168586334307,0.01136603155675435,鲁皖,False,False,False,False,False,True,True
2026-05-19,大葱,1.4,1.3,1.5,1,鲁,0.0,0.9149999999999999,0.2089175716021432,2.3214897448818737,0.04135928901010725,鲁,False,False,False,False,False,True,True
2026-04-10,柿子椒,3.5,3.0,4.0,1,鲁闽,0.0,2.885,0.2649495723002188,2.321196424892256,0.0493263109935486,鲁闽,False,False,False,False,False,True,True
2026-01-20,尖椒,5.15,4.5,5.8,1,辽鲁粤闽,0.0,4.8100000000000005,0.1465390194130094,2.320201140705978,0.0225062098452568,辽鲁粤闽,False,False,False,False,False,True,True
2026-05-22,蒿子秆,4.2,3.9,4.5,1,,0.0,2.411666666666667,0.7707680152505899,2.3201966064353554,0.23612802206802957,,True,False,False,False,False,True,True
2026-07-24,白豆,4.0,3.5,4.5,1,蒙冀,0.0,2.45,0.6681162401445028,2.319955580880297,0.15942188246522018,蒙冀,False,False,False,False,False,True,True
2026-07-26,茄子,1.2,0.7,1.7,1,冀津京,0.19999999999999996,0.8770000000000001,0.1392628375807253,2.3193552968699866,0.059504860568319856,冀津京,False,False,True,False,False,False,True
2026-07-27,水萝卜,3.1,2.7,3.5,1,,0.16981132075471694,2.2816666666666667,0.3529392184980564,2.3186239738835934,0.04914965299126613,,True,False,True,False,True,False,True
2026-04-02,荆芥,3.5,3.0,4.0,1,,-0.06666666666666665,6.083333333333333,1.1148166180829968,-2.3172719992060675,0.0885259507947624,,True,False,False,False,True,False,True
2026-04-16,樱桃萝卜,1.6,1.2,2.0,1,,-0.08571428571428563,2.371666666666667,0.33365358179357396,-2.312778009211016,0.1275634115216858,,True,False,False,False,True,False,True
2026-06-10,韭菜,1.75,1.5,2.0,1,冀,0.0,1.2316666666666665,0.22417793630602673,2.3121514180849334,0.0851040435469899,冀,False,False,False,False,False,True,True
2026-01-19,美人椒,18.5,18.0,19.0,1,鲁,0.05714285714285716,13.394736842105264,2.2084367734794093,2.3117089966996676,0.06209350783372289,鲁,False,False,False,False,False,True,True
2026-07-17,扁豆,4.0,3.5,4.5,1,冀晋,-0.11111111111111116,2.7583333333333333,0.5377288339400953,2.3090944511355556,0.17664252976623537,冀晋,False,False,False,False,False,True,True
2026-03-27,圆白菜,0.88,0.35,1.4,1,冀鄂鲁苏,-0.0736842105263158,1.067,0.08107680479558635,-2.3064549777395746,0.055642019131944914,冀鄂鲁,True,False,False,False,True,False,True
2026-03-25,蒿子秆,2.1,1.7,2.5,1,,-0.12499999999999989,3.2627666666666664,0.504244035290886,-2.305960180561967,0.11664416922650572,,True,False,False,True,True,False,True
2026-07-24,黄心菜,2.75,2.5,3.0,1,,-0.19117647058823528,3.9833333333333334,0.5350367910864565,-2.3051374295754536,0.09142202199314647,,True,False,False,True,True,False,True
2026-07-24,油菜,2.25,1.3,3.5,2,冀京,-0.01098901098901095,1.1325,0.48535225387838427,2.302451448551456,0.30570490322734656,冀京,False,False,False,False,False,True,True
2026-02-12,罗马生菜,2.15,2.0,2.3,1,云,0.22857142857142843,1.7816666666666665,0.16000179596693184,2.3020574932137525,0.061983171915659586,云,False,False,True,False,False,False,True
2026-03-06,毛冬瓜,2.2,1.6,2.8,1,云冀,-0.04347826086956508,1.8483333333333334,0.15283715321314562,2.3009239525433647,0.08785547781113313,云冀,False,False,False,False,False,True,True
2026-05-12,白萝卜,0.5,0.4,0.6,1,鄂冀,-0.16666666666666663,0.778,0.12087040652042898,-2.2999839911435536,0.07610081400694058,鄂冀,False,False,False,True,False,False,True
2026-02-03,彩椒,7.5,7.0,8.0,1,鲁闽,0.0,5.766666666666667,0.7541075260992562,2.298522787989243,0.06119237894550871,鲁闽,False,False,False,False,False,True,True
2026-01-19,莴笋,1.3,1.1,1.5,1,鲁皖浙,0.040000000000000036,1.0789473684210527,0.09619971915194075,2.2978511114965956,0.05255283785963713,鲁皖浙,False,False,False,False,False,True,True
2026-07-27,葱头,1.05,0.8,1.3,2,冀辽,0.0769230769230771,0.8995,0.06552638320975279,2.2967847854236525,0.021080326044627933,冀辽/冀辽蒙,True,False,False,False,True,False,True
2026-01-28,白萝卜,0.6,0.5,0.7,1,鄂川,0.0,0.5171428571428571,0.036092180630234894,2.295708971037686,0.028751635043855545,鄂川,False,False,False,False,False,True,True
2026-05-14,山药,4.538,2.8,7.0,4,冀/豫冀/豫鲁,0.0,4.086,0.19696630203649323,2.294808783668259,0.03679050925756244,冀/豫冀/豫鲁,False,False,False,False,False,True,True
2026-07-02,大蒜,3.6,2.2,6.3,2,豫苏鲁,0.0,2.995833333333333,0.2636026376474841,2.2919598683023015,0.04982607856153571,豫苏鲁,False,False,False,False,False,True,True
2026-07-14,鸡毛菜,5.55,5.3,5.8,1,,-0.07500000000000007,3.2366666666666664,1.010456821692916,2.2893935531629968,0.19187161924200224,,True,False,False,False,True,False,True
2026-07-20,平菇,4.5,4.0,5.0,1,冀蒙,-0.052631578947368474,2.9133333333333336,0.6931852184852447,2.2889505205172527,0.13549062494600253,冀蒙,False,False,False,False,False,True,True
2026-06-18,山药,4.925,2.8,7.5,4,冀/豫冀/豫鲁,0.0,4.6016666666666675,0.14125870942531016,2.288944410215593,0.018882587743812594,冀/豫冀/豫鲁,False,False,False,False,False,True,True
2026-05-20,小米椒,7.0,6.0,8.0,1,云琼,0.0,5.35,0.720990697725708,2.288517737059241,0.08122581569978028,云琼,False,False,False,False,False,True,True
2026-05-28,扁豆,4.75,3.5,6.0,1,冀鲁晋,0.0,3.3033333333333332,0.6324464449636256,2.2874137062306836,0.07582940721750396,冀鲁晋,False,False,False,False,False,True,True
2026-02-24,韭菜,2.0,1.5,2.5,1,冀粤,-0.5294117647058824,3.0933333333333333,0.4782751576621787,-2.285992311784653,0.19077387185994593,冀粤,False,False,False,True,False,False,True
2026-06-09,冬瓜,1.25,1.1,1.4,2,桂/桂鲁,0.0,0.7805,0.20546142351235755,2.2851004922184908,0.07549318980991444,桂/桂鲁,False,False,False,False,False,True,True
2026-07-24,线椒,3.25,2.5,4.0,1,鲁冀,0.18181818181818188,2.7416666666666667,0.22247949666606112,2.2848547436995292,0.05362611866463332,鲁冀,False,False,True,False,False,False,True
2026-06-13,心里美,1.4,1.3,1.5,1,冀,0.0,1.2316666666666665,0.07367605390858216,2.284776727350284,0.06343419790298455,冀,False,False,False,False,False,True,True
2026-07-16,小黄瓜,4.925,4.0,5.8,2,辽鲁,0.02604166666666674,3.3133333333333335,0.7056341404934129,2.283997576335681,0.09038455453254646,辽鲁,False,False,False,False,False,True,True
2026-07-17,盖菜,2.75,2.5,3.0,1,,0.0,1.6083333333333334,0.5000143676096641,2.2832677231345238,0.23061932024624585,,True,False,False,False,False,True,True
2026-04-27,茴香,1.15,1.0,1.3,1,冀,-0.14814814814814825,1.5033333333333334,0.15477087254555877,-2.2829446362998653,0.060910860451553125,冀,False,False,False,True,False,False,True
2026-04-14,线椒,4.75,4.0,5.5,1,鲁闽,0.0,4.283333333333333,0.2048268121816988,2.2783475546780165,0.034450646614675964,鲁闽,False,False,False,False,False,True,True
2026-05-30,黄瓜,1.475,1.2,1.8,2,冀/辽冀鲁,0.0,0.9166666666666666,0.24506625892675996,2.27829541193672,0.11569712257212858,冀/辽冀鲁,False,False,False,False,False,True,True
2026-02-12,白豆,6.35,5.5,7.2,1,云,-0.04511278195488733,4.785,0.6870915714707955,2.2777167774739895,0.09696154121983826,云,False,False,False,False,False,True,True
2026-07-04,油菜,0.45,0.4,0.5,1,冀京,-0.4375,1.0008333333333332,0.24189297766507903,-2.2771778604338317,0.2538535233308157,冀京,False,False,False,True,False,False,True
2026-04-20,散菜花,1.65,1.0,2.3,1,陕云豫苏,-0.05714285714285716,2.0483333333333333,0.1749301995444007,-2.277098719207878,0.043705437305556205,陕云豫,True,False,False,False,True,False,True
2026-07-04,白豆,1.75,1.5,2.0,1,蒙冀,-0.2222222222222222,3.0633333333333335,0.5768423757290904,-2.276762922754015,0.08730473058887517,蒙冀,False,False,False,True,False,False,True
2026-06-08,小葱,2.65,1.8,3.5,1,冀辽,0.0,2.1816666666666666,0.20572970773245414,2.276449709161051,0.05335099994856339,冀辽,False,False,False,False,False,True,True
2026-02-24,菊花菜,5.0,4.0,6.0,1,,0.11111111111111116,3.8466666666666667,0.5066681790661038,2.2763089946938635,0.04674907145176774,,True,False,False,False,True,False,True
2026-05-31,丝瓜,3.45,2.5,4.5,2,冀/豫冀,0.078125,2.3200000000000003,0.4968608353001481,2.2742786706410048,0.09147801999423935,冀/豫冀,False,False,False,False,False,True,True
2026-01-20,圆白菜,1.8,1.2,2.4,1,冀鄂鲁,0.028571428571428692,1.3275000000000001,0.20779227988293367,2.273905461098929,0.04083818521095887,冀鄂鲁,False,False,False,False,False,True,True
2026-08-06,茴香,5.0,4.5,5.5,1,冀,0.17647058823529416,2.533333333333333,1.085034031989189,2.2733541934574495,0.10515508622827888,冀,False,False,True,False,False,False,True
2026-03-11,黄心菜,4.85,4.5,5.2,1,,0.0,2.748333333333333,0.9253595138566724,2.2711893433801027,0.10407790101401777,,True,False,False,False,False,True,True
2026-03-11,芥兰,3.9,3.8,4.0,1,,0.11428571428571432,3.0466666666666664,0.3757597667378065,2.2709545003756695,0.10435952524345206,,True,False,False,False,True,False,True
2026-05-29,扁豆,4.95,3.4,6.5,1,冀鲁晋,0.04210526315789487,3.3666666666666667,0.6979444367437935,2.2685664502467477,0.07479340371592524,冀鲁晋,False,False,False,False,False,True,True
2026-04-26,花生,5.3,4.3,6.3,1,苏鲁,0.0,4.423333333333334,0.38679347900695116,2.266498051925305,0.062299737292471576,苏鲁,False,False,False,False,False,True,True
2026-03-04,豆王,5.7,3.2,8.2,1,云鲁,0.3411764705882354,4.328333333333333,0.6052476457151063,2.2662899663922342,0.1546501802763855,云,True,False,True,False,True,False,True
2026-03-07,菠菜,1.25,1.0,1.5,1,冀豫鲁,-0.5238095238095238,2.9091666666666667,0.7324228608709858,-2.2653125063486024,0.4019215455799005,冀豫鲁,False,False,False,True,False,False,True
2026-04-11,平菇,4.75,4.5,5.0,1,京,0.0,2.895,0.8192037765942038,2.2643938577920917,0.0694130934776661,京,False,False,False,False,False,True,True
2026-02-07,香菜,6.0,5.0,7.0,1,冀豫,-0.19999999999999996,9.025,1.3364098844704584,-2.2635271073280276,0.05631241033366909,冀豫,False,False,False,True,False,False,True
2026-03-19,芥兰,4.9,4.3,5.5,1,,0.08888888888888902,3.2899999999999996,0.7115306473153252,2.262727552319339,0.10937782736064271,,True,False,False,False,True,False,True
2026-03-27,绿菜花,2.5,2.4,2.6,1,浙,0.0,1.9833333333333334,0.22868941946385002,2.2592504186593487,0.0361683600083676,浙,False,False,False,False,False,True,True
2026-04-27,圆白菜,0.5,0.4,0.6,1,冀,-0.09090909090909094,0.6486666666666667,0.06584900875504139,-2.25769027472695,0.05352649064096161,冀鲁苏,True,False,False,False,True,False,True
2026-01-21,红尖椒,6.75,6.5,7.0,1,鲁徽,0.0,5.726190476190476,0.4534917440315336,2.2576144710108172,0.05227945320543634,鲁徽,False,False,False,False,False,True,True
2026-01-29,尖椒,6.25,5.0,7.5,1,辽鲁粤闽,0.0,5.0793103448275865,0.518844396123888,2.256340559748245,0.043286662725588905,辽鲁粤闽,False,False,False,False,False,True,True
2026-02-01,小白菜,1.75,1.5,2.0,1,冀鲁,-0.14634146341463405,2.7158333333333333,0.42813163326516623,-2.2559261177861574,0.19963972827081422,冀鲁,False,False,False,True,False,False,True
2026-06-04,大蒜,2.825,1.5,4.5,2,豫苏鲁,-0.025862068965517127,2.4649999999999994,0.15968719422670127,2.25440744790671,0.06806363145559709,豫苏鲁,False,False,False,False,False,True,True
2026-07-21,香菜,4.5,4.0,5.0,1,冀蒙,0.0,3.0300000000000002,0.6522639617992426,2.253688822459341,0.0903479163555003,冀蒙,False,False,False,False,False,True,True
2026-06-27,散菜花,2.25,1.7,2.8,2,冀,0.1842105263157896,1.7049999999999998,0.24197463531935084,2.2523021856432415,0.08437083375393478,冀,False,False,True,False,False,False,True
2026-03-04,大葱,1.05,0.9,1.2,1,苏闽,-0.15999999999999992,1.6366666666666667,0.2606137759787166,-2.2510961458713434,0.04666389716727914,苏闽,False,False,False,True,False,False,True
2026-05-16,水萝卜,0.65,0.6,0.7,1,冀,-0.40909090909090917,1.1625,0.22768986014705683,-2.250868789980346,0.26568234455719025,冀,False,False,False,True,False,False,True
2026-05-07,大葱,0.85,0.8,0.9,1,鲁,0.0,0.7733333333333333,0.03407226937303086,2.2501191754298127,0.0234667984355691,鲁,False,False,False,False,False,True,True
2026-04-14,樱桃萝卜,1.75,1.5,2.0,1,,-0.25531914893617025,2.463333333333333,0.3170264139254637,-2.2500753943519833,0.12662038415585275,,True,False,False,True,True,False,True
2026-06-10,圆白菜,0.8,0.5,1.1,1,冀,0.0,0.51,0.12892125369841317,2.249435152704922,0.13681595534774824,冀,False,False,False,False,False,True,True
2026-07-31,番茄,1.867,1.2,2.6,3,冀京/冀京蒙/蒙冀,0.0,1.5265,0.15151869123347034,2.2472474994872704,0.051401013492665903,冀京/冀京蒙/蒙冀,False,False,False,False,False,True,True
2026-03-27,莴笋,1.5,1.0,2.0,1,皖云浙津,-0.032258064516129115,1.195,0.13604639168186422,2.2418823184463643,0.03776797993630466,皖浙津,True,False,False,False,False,True,True
2026-05-08,蒿子秆,1.3,1.0,1.6,1,,-0.38095238095238093,2.4033333333333338,0.4928686845701245,-2.2385949196501516,0.1294902506741894,,True,False,False,True,True,False,True
2026-04-02,空心菜,3.75,3.5,4.0,1,,-0.12790697674418605,7.918333333333334,1.8623994225717002,-2.238152183046469,0.11699652308859732,,True,False,False,True,True,False,True
2026-02-25,蒜黄,3.75,3.5,4.0,1,冀,0.15384615384615374,4.2,0.20128894996822613,-2.235592167732176,0.07773629984693886,冀,False,False,True,False,False,False,True
2026-03-25,盖菜,1.4,1.0,1.8,1,,-0.06666666666666676,2.6766666666666667,0.5721606558406069,-2.231308031467165,0.06753707961549298,,True,False,False,False,True,False,True
2026-04-06,长茄,1.4,1.0,1.8,1,辽,-0.1515151515151515,2.0916666666666663,0.3101955260280485,-2.2297764107794533,0.05441643796106613,辽,False,False,False,True,False,False,True
2026-07-21,瓠子,1.25,1.0,1.5,1,冀,1.5,0.7283333333333334,0.2340362974107813,2.2289989733987094,0.41027071861495523,冀,False,False,True,False,False,False,True
2026-06-11,娃娃菜,0.95,0.9,1.0,1,冀,0.0,0.6966666666666667,0.11366415543119165,2.2287882435082405,0.06061796889679952,冀,False,False,False,False,False,True,True
2026-06-05,油菜,1.55,0.9,2.5,2,冀京,-0.03125,0.9541666666666667,0.26733707037259663,2.2287718366289435,0.24650769028013667,冀京,False,False,False,False,False,True,True
2026-07-14,蒿子秆,4.4,4.3,4.5,1,,0.17333333333333334,3.3766666666666665,0.45933485143969677,2.227859110028103,0.06005340182142142,,True,False,True,False,True,False,True
2026-05-28,菜心,2.85,2.6,3.1,1,,-0.04999999999999993,1.853333333333333,0.4475861183429776,2.2267595571472536,0.1789845540692562,,True,False,False,False,False,True,True
2026-02-05,绿豆芽,0.95,0.9,1.0,1,,-0.09523809523809534,0.9813333333333334,0.014076964145021834,-2.225858715738374,0.03297066669897756,,True,False,False,False,True,False,True
2026-02-10,螺丝椒,5.5,4.5,6.5,1,鲁辽闽,-0.12,6.283333333333333,0.35192410362554494,-2.2258587157383722,0.03342161205465391,鲁辽闽,False,False,False,True,False,False,True
2026-05-02,青蒜,3.15,3.0,3.3,1,冀,0.16666666666666652,2.364166666666667,0.3531071033507856,2.2254815206950562,0.08828677371082352,冀,False,False,True,False,False,False,True
2026-06-23,油豆,5.0,4.0,6.0,1,冀辽,0.0,3.9483333333333333,0.47260892437861624,2.2252365802219933,0.046247153142176194,冀辽,False,False,False,False,False,True,True
2026-07-22,鸡毛菜,9.0,8.5,9.5,1,,0.21621621621621623,4.051666666666667,2.2242969960049805,2.224672938110758,0.2120943524744569,,True,False,True,False,True,False,True
2026-07-20,小黄瓜,6.1,5.0,7.1,2,辽鲁,0.0,3.7158333333333333,1.073033151248438,2.221894695324901,0.07778567005233453,辽鲁,False,False,False,False,False,True,True
2026-03-06,黄瓜,3.975,2.6,5.0,2,冀/辽冀鲁云,0.019230769230769384,3.194166666666667,0.3514553077324816,2.2217144432135956,0.07821480339130153,冀/辽冀鲁云,False,False,False,False,False,True,True
2026-07-23,豇豆,3.4,3.0,3.8,1,鲁冀,-0.06849315068493156,1.8883333333333332,0.6808568806687803,2.2202414480732178,0.39837692728065055,鲁冀,False,False,False,False,False,True,True
2026-06-29,大葱,1.525,1.3,1.8,2,冀/鲁,-0.10294117647058831,1.7641666666666667,0.10781596175518442,-2.2182862608946325,0.02751218666745545,鲁冀,True,False,False,False,True,False,True
2026-05-15,美人椒,4.5,4.0,5.0,1,鲁闽,-0.18181818181818177,5.954999999999999,0.6563154729244483,-2.216921678711499,0.06791346932474181,鲁闽,False,False,False,True,False,False,True
2026-07-02,广茄,0.9,0.8,1.0,1,冀,-0.1428571428571429,1.8266666666666669,0.41806890484152653,-2.216540517448744,0.07931150887832919,冀,False,False,False,True,False,False,True
2026-03-11,菊花菜,5.5,5.0,6.0,1,,0.0,4.42,0.48735740620135326,2.2160328052012708,0.06972297597022606,,True,False,False,False,False,True,True
2026-05-26,丝瓜,2.95,2.0,4.0,2,冀/豫冀,0.0,2.195,0.3410430248921301,2.213796925589674,0.11192659773317837,冀/豫冀,False,False,False,False,False,True,True
2026-04-05,大白菜,0.6,0.5,0.7,1,冀鲁,-0.1428571428571428,0.9503333333333334,0.15825521363821918,-2.213723802706533,0.059030398731364626,冀鄂鲁,True,False,False,True,True,False,True
2026-06-22,黄心菜,4.4,4.0,4.8,1,,0.18918918918918926,2.7533333333333334,0.7445124918862772,2.21173813013495,0.06997131957656127,,True,False,True,False,True,False,True
2026-06-09,香葱,4.0,3.5,4.5,1,,0.0,3.6166666666666667,0.1733709066261296,2.2110591724595574,0.028719887159065375,,True,False,False,False,False,True,True
2026-03-26,菜心,1.65,1.3,2.0,1,,-0.10810810810810823,3.02,0.6197329792073687,-2.2106294903850596,0.13286032074873844,,True,False,False,False,True,False,True
2026-07-29,紫薯,1.95,1.6,2.3,1,冀闽,0.0,1.6666666666666667,0.12820601237537932,2.209984758778322,0.038699280486002706,冀闽,False,False,False,False,False,True,True
2026-03-11,豆王,6.85,5.5,8.2,1,云鲁,0.20175438596491224,4.840000000000001,0.9113650239594172,2.2054829263334814,0.12124141578544974,云鲁,False,False,True,False,False,False,True
2026-03-03,架豆,4.25,3.0,5.5,1,云,-0.15000000000000002,5.038333333333333,0.3578391406410326,-2.203038303526869,0.05948101723725753,云,False,False,False,True,False,False,True
2026-03-07,青蒜,1.9,1.8,2.0,1,鲁川,-0.3666666666666667,2.856666666666667,0.4346983364106208,-2.2007598983838514,0.2205626226744802,鲁川,False,False,False,True,False,False,True
2026-07-22,扁豆,4.75,3.5,6.0,1,冀晋,0.0,3.0366666666666666,0.7791389293729122,2.199008763061429,0.16388019812209656,冀晋,False,False,False,False,False,True,True
2026-05-13,玉米,1.95,1.8,2.2,2,云,0.0,1.895833333333333,0.02463818641629226,2.198484326380802,0.0076359929973979735,云,False,False,False,False,False,True,True
2026-08-01,蒜苗,3.85,2.0,5.7,1,鲁豫苏,0.0,3.683333333333333,0.07580980435786211,2.1984843263796425,0.014644451611639667,鲁豫苏,False,False,False,False,False,True,True
2026-03-06,金丝南瓜,2.45,2.4,2.5,1,海桂粤,0.0,2.283333333333333,0.0758098043578901,2.1984843263788307,0.023756554836659984,海桂粤,False,False,False,False,False,True,True
2026-03-12,卞萝卜,0.85,0.8,0.9,1,冀,0.0,0.8083333333333333,0.018952451089472532,2.198484326378824,0.016703827619526525,冀,False,False,False,False,False,True,True
2026-03-04,红薯,1.85,1.1,2.8,2,冀,0.0,1.5583333333333333,0.1326671576263079,2.1984843263788236,0.06236095644623237,冀,False,False,False,False,False,True,True
2026-01-30,螺丝椒,6.75,5.5,8.0,1,鲁辽闽,0.0,6.125,0.2842867663420886,2.1984843263788214,0.03340765523905305,鲁辽闽,False,False,False,False,False,True,True
2026-03-02,姜,4.0,2.5,6.0,2,鲁,0.0,3.8958333333333335,0.04738112772368138,2.1984843263788205,0.008621330384271746,鲁,False,False,False,False,False,True,True
2026-02-06,平菇,2.75,2.5,3.0,1,京,-0.15384615384615385,3.4166666666666665,0.30323921743156135,-2.1984843263788196,0.052297636036849074,京,False,False,False,True,False,False,True
2026-03-06,心里美,1.35,1.2,1.5,1,冀,0.0,1.1416666666666668,0.09476225544736296,2.1984843263788183,0.06074119134373282,冀,False,False,False,False,False,True,True
2026-02-28,荸荠,4.425,3.0,6.0,2,皖,0.0,4.341666666666667,0.0379049021789455,2.198484326378793,0.006179450680056052,皖,False,False,False,False,False,True,True
2026-05-28,莲藕,3.25,3.0,3.5,1,津,0.0,3.0833333333333335,0.07580980435789127,2.198484326378791,0.017525327338519647,津,False,False,False,False,False,True,True
2026-05-03,红尖椒,7.5,7.0,8.0,1,鲁桂,0.0,6.666666666666667,0.37904902178946065,2.1984843263787672,0.04111711414037299,鲁桂,False,False,False,False,False,True,True
2026-06-27,紫薯,1.6,1.2,2.0,1,冀闽,0.0,1.475,0.05685735326842169,2.1984843263786678,0.027647714680595622,冀闽,False,False,False,False,False,True,True
2026-07-17,美人椒,5.0,4.5,5.5,1,鲁闽,0.0,4.583333333333333,0.18952451089486322,2.198484326377228,0.029695693545824985,鲁闽,False,False,False,False,False,True,True
2026-08-01,大蒜,3.65,2.2,6.3,2,豫苏鲁,0.0,3.6083333333333334,0.018952451089490768,2.1984843263767027,0.0037119616932281153,豫苏鲁,False,False,False,False,False,True,True
2026-03-16,香芹,2.65,2.3,3.0,1,,-0.05357142857142849,3.256666666666667,0.2759726789742601,-2.1982852393995516,0.07527606502359564,,True,False,False,False,True,False,True
2026-03-16,盖菜,2.15,1.8,2.5,1,,-0.14,3.0249999999999995,0.39821801341337687,-2.197288848135785,0.08014086955997354,,True,False,False,True,True,False,True
2026-04-23,娃娃菜,0.7,0.6,0.8,1,冀豫,-0.17647058823529416,1.0016666666666665,0.1373915455244954,-2.1956712512043377,0.04899804773152552,冀豫,False,False,False,True,False,False,True
2026-07-18,大白菜,0.7,0.6,0.8,1,冀,0.0,0.4713333333333333,0.1041462278798883,2.1956308098876858,0.21192855747085526,冀,False,False,False,False,False,True,True
2026-04-30,西芹,2.35,2.2,2.5,1,辽,0.0,1.9816666666666665,0.16788919443845973,2.1939073242045204,0.04677071733467427,辽,False,False,False,False,False,True,True
2026-07-20,空心菜,3.75,3.5,4.0,1,,0.15384615384615374,2.5516666666666667,0.546222661011332,2.1938550317824923,0.16341868301326717,,True,False,True,False,True,False,True
2026-07-15,菜心,3.2,2.9,3.5,1,,-0.09859154929577452,2.2083333333333335,0.4522135849759291,2.192916576620431,0.24030428911555798,,True,False,False,False,True,True,True
2026-02-28,散叶生菜,1.75,1.5,2.0,1,冀辽,-0.125,2.5266666666666664,0.3542192320693727,-2.19261574852762,0.1317826336377685,冀辽,False,False,False,True,False,False,True
2026-03-06,豆王,6.1,4.0,8.2,1,云鲁,0.0,4.468333333333334,0.74503914885953,2.1900415154886055,0.14348256698350645,云鲁,False,False,False,False,False,True,True
2026-02-06,南北瓜,2.6,2.4,2.8,1,冀新云,0.0,2.033333333333333,0.25875475452347874,2.1899758623188856,0.042791998133633234,冀新云,False,False,False,False,False,True,True
2026-07-15,盖菜,2.4,2.2,2.6,1,,0.0,1.5366666666666664,0.39434217010920497,2.189300051511739,0.23375047565125717,,True,False,False,False,False,True,True
2026-01-24,金针菇,3.5,3.0,4.0,1,皖鲁,0.0,3.3333333333333335,0.07613869876268821,2.1889875894272777,0.016197651024995402,皖鲁,False,False,False,False,False,True,True
2026-03-17,芥兰,4.5,4.0,5.0,1,,0.0,3.1933333333333334,0.5973697135883639,2.1873667796407,0.10857514956525119,,True,False,False,False,False,True,True
2026-06-05,莲藕,5.375,3.0,8.0,2,川/津,0.0,3.4908333333333332,0.8613963036570468,2.1873400880262217,0.17427780249178348,川/津,False,False,False,False,False,True,True
2026-08-11,架豆,5.0,4.0,6.0,1,云冀,0.0,4.043333333333333,0.4378106450505122,2.185115134777712,0.08766694218007363,云冀,False,False,False,False,False,True,True
2026-06-21,丝瓜,1.5,1.0,2.0,2,冀/豫冀,-0.19999999999999996,2.576666666666667,0.4928337016390559,-2.1846449686494895,0.097770253466081,冀/豫冀,False,False,False,True,False,False,True
2026-02-15,散菜花,2.25,1.8,2.7,1,鄂云闽,0.0,1.8933333333333333,0.16333450621206835,2.1836577887809083,0.05920509992835418,鄂云闽,False,False,False,False,False,True,True
2026-03-26,油麦菜,1.75,1.3,2.0,2,鲁京冀,-0.1358024691358024,2.5799999999999996,0.38018824738315593,-2.1831290307180926,0.07513937095355949,鲁京冀,False,False,False,True,False,False,True
2026-07-17,香芹,3.0,2.7,3.3,1,,0.0,2.5349999999999997,0.21300396628976767,2.1830579406555306,0.055010202296973953,,True,False,False,False,False,True,True
2026-07-15,香芹,3.0,2.7,3.3,1,,0.11111111111111094,2.5349999999999997,0.21300396628976767,2.1830579406555306,0.05807800320884599,,True,False,False,False,True,False,True
2026-08-08,毛冬瓜,0.8,0.5,1.1,1,冀鲁豫,0.0,0.6916666666666667,0.049625030762338276,2.183038109379881,0.04815214131465532,冀鲁豫,False,False,False,False,False,True,True
2026-05-06,青萝卜,1.65,1.5,1.8,1,津鲁,0.1785714285714286,1.365,0.1307471895920068,2.179779166874141,0.0730559853491845,津鲁,False,False,True,False,False,False,True
2026-06-01,扁豆,5.75,3.5,8.0,1,冀晋,0.0,3.6,0.9864600591386679,2.1795104424980796,0.06736035176724058,冀晋,False,False,False,False,False,True,True
2026-06-10,白豆,4.0,3.0,5.0,1,辽冀,0.0,3.216666666666667,0.35943761948194836,2.17933040637855,0.084647844719301,辽冀,False,False,False,False,False,True,True
2026-06-22,茄子,0.85,0.5,1.2,1,冀鲁津,-0.15000000000000002,1.2866666666666666,0.20040189505149486,-2.1789547776205493,0.06914165118344005,冀鲁津,False,False,False,True,False,False,True
2026-02-02,菜心,2.15,1.8,2.5,1,,-0.12244897959183687,2.4413043478260867,0.1336992672797657,-2.1788028741887757,0.04638622745548386,,True,False,False,True,True,False,True
2026-06-23,南北瓜,1.15,1.1,1.2,1,桂云川,0.0,0.945,0.09409276420565373,2.178701005658012,0.057076627173196344,桂云川,False,False,False,False,False,True,True
2026-01-20,罗马生菜,2.1,2.0,2.2,1,云,0.0,1.7475,0.16179502952485098,2.178682503629431,0.05464710992056448,云,False,False,False,False,False,True,True
2026-04-16,豆王,3.5,2.5,4.5,1,云鲁,-0.125,5.786666666666667,1.0496250014544004,-2.1785558304138855,0.06182426021222495,云鲁,False,False,False,True,False,False,True
2026-08-03,散生菜,2.4,2.0,2.8,1,,0.06666666666666665,2.1483333333333334,0.11558198563054108,2.1773865995962502,0.023392461489660274,,True,False,False,False,True,False,True
2026-01-21,娃娃菜,1.5,1.4,1.6,1,豫鄂,0.0,1.35,0.06892024376045108,2.1764287503300346,0.02975008126294182,豫鄂,False,False,False,False,False,True,True
2026-02-02,小葱,4.9,4.8,5.0,1,冀辽,0.0,3.9899999999999998,0.41820635065017636,2.175959304743324,0.05214853500730237,冀辽,False,False,False,False,False,True,True
2026-07-22,奶白菜,3.6,3.2,4.0,1,,0.028571428571428692,2.388333333333333,0.5576557047654667,2.172786284283163,0.11111228777315361,,True,False,False,False,False,True,True
2026-03-23,盖菜,1.75,1.5,2.0,1,,-0.18604651162790697,2.7983333333333333,0.482536997569086,-2.1725449833165196,0.07770486969342158,,True,False,False,True,True,False,True
2026-05-03,美人椒,6.5,6.0,7.0,1,鲁闽,0.0,5.581666666666666,0.42273398608173296,2.1723669342161194,0.04859429980432002,鲁闽,False,False,False,False,False,True,True
2026-07-29,白萝卜,0.63,0.55,0.7,1,冀陕,0.0,0.4513333333333333,0.08245096069507134,2.1669446318209706,0.05145673451146508,冀陕,False,False,False,False,False,True,True
2026-04-19,扁豆,2.85,2.2,3.5,1,云鲁,-0.12307692307692308,5.3566666666666665,1.1568933826634917,-2.166722279019022,0.06676900195144901,云鲁,False,False,False,True,False,False,True
2026-02-24,小黄瓜,4.4,3.5,5.0,2,辽鲁,-0.2931726907630521,5.5058333333333325,0.5105643992163249,-2.1659037234689626,0.08875739381055325,辽鲁,False,False,False,True,False,False,True
2026-07-10,荠菜,13.0,11.0,15.0,2,,0.13043478260869557,8.329166666666667,2.1567064942404306,2.1657250746946684,0.15339488413409808,,True,False,False,False,True,False,True
2026-07-14,西葫芦,1.675,1.2,2.2,2,冀晋,0.0,1.2825,0.1812492568355729,2.165526120507469,0.04277358757761679,冀晋,False,False,False,False,False,True,True
2026-06-15,荆芥,5.0,4.0,6.0,1,,0.0,3.6166666666666667,0.639009650422671,2.1648082034728766,0.09580374905664728,,True,False,False,False,False,True,True
2026-02-27,团生菜,3.4,3.0,3.8,1,冀云,0.0,2.0083333333333333,0.6434126864287579,2.1629456428518203,0.23521418463722682,冀云,False,False,False,False,False,True,True
2026-07-14,娃娃菜,0.95,0.9,1.0,1,冀,0.0,0.8366666666666667,0.052413036897152855,2.16231189876902,0.035499540927323825,冀,False,False,False,False,False,True,True
2026-07-21,罗马生菜,1.4,1.3,1.5,1,冀,0.0,1.1949999999999998,0.09500453709673283,2.157791683056892,0.06657862720272498,冀,False,False,False,False,False,True,True
2026-06-10,法香,10.5,10.0,11.0,1,,0.35483870967741926,8.633333333333333,0.8653378090719971,2.157153711645296,0.11141775509186821,,True,False,True,False,True,False,True
2026-08-11,黄瓜,3.25,2.0,4.5,2,冀辽/辽冀蒙,0.08333333333333326,2.4433333333333334,0.37398905878641686,2.156925845061552,0.07199525143207255,冀辽/辽冀蒙吉,True,False,False,False,True,False,True
2026-03-28,油麦菜,1.6,1.5,1.7,1,鲁京冀,-0.19999999999999996,2.5308333333333333,0.4319005379860549,-2.1552029957494234,0.10045782701049585,鲁京冀,False,False,False,True,False,False,True
2026-06-04,香菜,4.0,3.5,4.5,1,冀,0.0,2.1216666666666666,0.871550672487043,2.1551625081916943,0.20581091478612404,冀,False,False,False,False,False,True,True
2026-04-02,木耳菜,4.75,4.5,5.0,1,,-0.09523809523809523,6.508333333333334,0.816012522441665,-2.1547871937946064,0.053046667449877204,,True,False,False,False,True,False,True
2026-01-31,毛冬瓜,1.85,1.8,1.9,1,云,0.0,1.4883333333333333,0.16799185804025166,2.1528821151559008,0.08590539918613646,云,False,False,False,False,False,True,True
2026-04-30,线椒,5.25,5.0,5.5,1,鲁闽,0.0,4.516666666666667,0.3407226937305464,2.1522879069313623,0.05189698710934324,鲁闽,False,False,False,False,False,True,True
2026-07-31,兰花,33.0,36.0,30.0,1,,-0.04347826086956519,18.125,6.917987614297886,2.150191765197267,0.23526822691158372,,True,False,False,False,False,True,True
2026-02-24,番茄,2.65,1.3,4.0,3,冀鲁川云/鲁蒙冀,-0.1166666666666667,3.6689000000000003,0.47398802181868077,-2.1496323811950044,0.04840548317128504,冀鲁川/鲁蒙冀,True,False,False,False,True,False,True
2026-07-20,法香,11.4,11.0,11.8,1,,0.08571428571428585,9.007894736842106,1.1135856946886509,2.1481106254931794,0.1116921185251791,,True,False,False,False,True,False,True
2026-02-10,白豆,5.75,4.3,7.2,1,云,0.30681818181818166,4.668333333333334,0.5036904039075053,2.1474831727493005,0.08984037938156708,云,False,False,True,False,False,False,True
2026-07-20,蒿子秆,5.5,5.0,6.0,1,,0.0,3.631666666666667,0.8705411845645159,2.1461745480404333,0.0829773482201121,,True,False,False,False,False,True,True
2026-05-14,大白菜,0.3,0.25,0.35,1,冀,-0.1428571428571428,0.40399999999999997,0.0484661275247139,-2.1458285468953173,0.05230565302269636,冀,False,False,False,True,False,False,True
2026-07-30,玉米,1.225,1.1,1.3,2,冀,0.16666666666666674,1.0958333333333334,0.060202006687416564,2.1455541729253538,0.05770583081220239,冀,False,False,True,False,False,False,True
2026-03-01,红尖椒,10.0,9.5,10.5,1,鲁徽,0.0,7.316666666666666,1.2507469032909733,2.1453847507220924,0.09968820976910159,鲁徽,False,False,False,False,False,True,True
2026-03-30,油麦菜,1.4,1.0,1.8,2,鲁京冀,-0.1250000000000001,2.4758333333333336,0.5023429302182224,-2.141631281375816,0.09987971891553063,鲁京冀,False,False,False,True,False,False,True
2026-05-26,茼蒿,5.5,5.0,6.0,1,,0.10000000000000009,3.5533333333333332,0.9093322041318367,2.140765121724904,0.16286301363774486,,True,False,False,False,True,False,True
2026-07-16,土豆,0.98,0.85,1.1,1,冀,0.0,0.856,0.05792980294257664,2.1405216952475388,0.03113381035877296,冀,False,False,False,False,False,True,True
2026-07-18,蒜黄,6.25,6.0,6.5,1,冀,0.0,4.975,0.5957825916823448,2.140042387609398,0.05623730135056031,冀,False,False,False,False,False,True,True
2026-05-28,团生菜,1.4,1.0,1.8,1,冀京,0.0,1.0183333333333333,0.1783464921560448,2.1400290078748854,0.12659743037956944,冀京,False,False,False,False,False,True,True
2026-04-12,尖椒,3.7,3.0,4.4,1,辽鲁粤闽,0.0,2.915,0.3669891476362335,2.139027829722384,0.05202523202391775,辽鲁粤闽,False,False,False,False,False,True,True
2026-06-04,水萝卜,2.25,2.0,2.5,1,,0.0,1.2508333333333332,0.4671300552370192,2.138947506085206,0.5534399056373308,,True,False,False,False,False,True,True
2026-03-04,毛豆,3.35,3.2,3.5,1,海,0.08064516129032251,4.093333333333333,0.3475860928662418,-2.138558902641086,0.05124495890714314,云,True,False,False,False,True,False,True
2026-01-27,柿子椒,3.5,3.0,4.0,1,鲁闽,0.14754098360655754,3.1333333333333333,0.17153156246905957,2.1376046564771722,0.04937396623180015,鲁,True,False,False,False,True,False,True
2026-03-06,茼蒿,3.3,2.8,3.8,1,,-0.12,4.525,0.5733672470589861,-2.1365015289650415,0.13812808110175648,,True,False,False,True,True,False,True
2026-06-01,茼蒿,6.0,5.5,6.5,1,,0.29032258064516125,3.6783333333333332,1.0868876265022425,2.136068725097292,0.14029089015847052,,True,False,True,False,True,False,True
2026-02-24,小葱,3.75,3.0,4.5,1,冀辽,-0.16666666666666663,4.381666666666666,0.29609042576531514,-2.1333572844646205,0.04454354031873738,冀辽,False,False,False,True,False,False,True
2026-01-23,蒜黄,4.25,4.0,4.5,1,冀,0.0,3.8369565217391304,0.193776693940795,2.1315436333487434,0.03563483225498991,冀,False,False,False,False,False,True,True
2026-05-15,卞萝卜,1.1,1.0,1.2,1,冀,0.0,0.8233333333333334,0.12980976354898605,2.131324016796792,0.07998398332524657,冀,False,False,False,False,False,True,True
2026-07-07,广茄,0.5,0.4,0.6,1,冀,-0.4444444444444444,1.585,0.5092506326913518,-2.1305815454088988,0.12942818884292298,冀,False,False,False,True,False,False,True
2026-05-31,小黄瓜,3.55,2.5,4.7,2,辽鲁,0.0,2.5925000000000002,0.44962388496500777,2.1295576859190155,0.05340310304029031,辽鲁,False,False,False,False,False,True,True
2026-06-02,鸡毛菜,6.25,6.0,6.5,1,,-0.07407407407407407,3.341666666666667,1.3657184122685015,2.1295263410138108,0.14740671536616706,,True,False,False,False,True,True,True
2026-07-24,娃娃菜,1.1,1.0,1.2,1,冀,0.0,0.8733333333333333,0.10645812948447834,2.129162589689451,0.08037686436173734,冀,False,False,False,False,False,True,True
2026-02-28,杭椒,4.5,4.0,5.0,1,鲁粤,-0.1428571428571429,6.55,0.9635602087374042,-2.127526626162994,0.04876028134664333,鲁粤,False,False,False,True,False,False,True
2026-04-05,莴笋,0.95,0.6,1.3,1,皖鲁津,-0.17391304347826086,1.2633333333333332,0.14735210781716349,-2.1264258650586902,0.07583779614031011,皖云浙津,True,False,False,True,True,False,True
2026-03-31,奶白菜,5.75,5.3,6.2,1,,0.0,3.835,0.9009716976686892,2.125482970170052,0.08640702102549203,,True,False,False,False,False,True,True
2026-04-09,白萝卜,0.6,0.5,0.7,1,川,0.0,0.49166666666666664,0.05099583034566322,2.124356689537583,0.04305157800348189,川,False,False,False,False,False,True,True
2026-08-02,玉米,1.275,1.1,1.5,2,冀,0.020000000000000018,1.1091666666666666,0.07809237824670402,2.123553374305545,0.04715861907584018,冀,False,False,False,False,False,True,True
2026-05-27,樱桃萝卜,2.75,2.5,3.0,1,,0.0,1.9649999999999999,0.3697972417420184,2.1227848977511834,0.1246810494148476,,True,False,False,False,False,True,True
2026-06-23,毛豆,2.6,2.2,3.0,1,冀徽川,-0.11864406779661019,3.775,0.5539435424985671,-2.1211547925988126,0.056538753639089535,徽川,True,False,False,False,True,False,True
2026-07-03,空心菜,1.75,1.5,2.0,1,,-0.14634146341463405,2.703333333333333,0.4495080324803657,-2.1208371473872925,0.169182158293443,,True,False,False,True,True,False,True
2026-05-29,豆王,4.85,3.5,6.2,1,辽鲁甘,0.021052631578947212,3.8216666666666663,0.4848894885352221,2.1207581472631483,0.04232954840866641,辽鲁甘,False,False,False,False,False,True,True
2026-08-01,小葱,3.4,3.3,3.5,1,冀辽,0.0,2.2916666666666665,0.5232661571938038,2.118106279368716,0.11268642131255013,冀辽,False,False,False,False,False,True,True
2026-07-23,木耳菜,3.2,2.7,3.7,1,,0.06666666666666665,2.5766666666666667,0.2944115502481633,2.1172176594563554,0.19429442956385717,,True,False,False,False,True,False,True
2026-04-23,葱头,0.675,0.5,0.9,2,甘/甘蒙云,0.0,0.6216666666666667,0.02520034664968788,2.1163730037020705,0.03165827678353151,甘/甘蒙云,False,False,False,False,False,True,True
2026-08-01,彩椒,3.0,2.5,3.5,1,鲁,-0.1428571428571429,4.316666666666666,0.6226103742798648,-2.114752212713407,0.04876028134664333,鲁,False,False,False,True,False,False,True
2026-04-15,螺丝椒,3.25,2.5,4.0,1,鲁辽闽,-0.1333333333333333,4.125,0.4139277798077364,-2.113895328326176,0.07064766927397657,鲁辽闽,False,False,False,True,False,False,True
2026-07-01,蒜米,2.8,2.6,3.0,1,鲁,0.0,2.6533333333333333,0.06939806880614952,2.113411355528528,0.015127994825231566,鲁,False,False,False,False,False,True,True
2026-06-12,小葱,2.9,2.0,3.8,1,冀辽,0.0,2.2616666666666663,0.30219978928463986,2.1122891410493074,0.04760013092651547,冀辽,False,False,False,False,False,True,True
2026-02-27,白萝卜,0.7,0.5,0.9,1,鄂川,0.0,0.5626666666666666,0.06501635514839016,2.112289023583226,0.08865763960534172,鄂川,False,False,False,False,False,True,True
2026-07-01,白萝卜,0.35,0.3,0.4,1,冀陕,-0.1250000000000001,0.45,0.04734320764739962,-2.112235418114781,0.06081520378152989,冀陕,False,False,False,True,False,False,True
2026-07-01,苋菜,1.95,1.6,2.3,1,,-0.09302325581395343,3.065,0.5280331102470767,-2.1116100077100666,0.1648541928829139,,True,False,False,False,True,False,True
2026-05-24,大葱,1.8,1.7,1.9,1,鲁,0.0,1.0666666666666667,0.34748687232294195,2.110391475888043,0.06294685709344484,鲁,False,False,False,False,False,True,True
2026-05-18,蒿子秆,3.15,2.8,3.5,1,,0.4651162790697674,2.243333333333333,0.4298623142302686,2.1092024972930834,0.22958883203405678,,True,False,True,False,True,False,True
2026-07-20,豇豆,2.75,2.0,3.5,1,鲁冀,0.22222222222222232,1.75,0.4743416490252556,2.1081851067789255,0.3953894792871407,鲁冀,False,False,True,False,False,False,True
2026-05-29,大葱,2.3,2.2,2.4,1,鲁,0.0,1.285,0.4817622106249162,2.106848519072088,0.06379509980091344,鲁,False,False,False,False,False,True,True
2026-05-12,黄心菜,2.1,1.5,2.7,1,,-0.08695652173913038,2.783333333333333,0.32439156132284325,-2.1065077357337954,0.059407417866652344,,True,False,False,False,True,False,True
2026-07-13,奶白菜,2.85,2.5,3.2,1,,0.11764705882352944,2.1766666666666667,0.3196801562481607,2.1062719101358276,0.1325161561000425,,True,False,False,False,True,False,True
2026-03-26,架豆,6.15,5.8,6.5,1,云,0.0,5.153333333333334,0.47323780807169824,2.1060588348335547,0.04161377731974933,云,False,False,False,False,False,True,True
2026-07-20,小白菜,2.7,1.5,4.0,2,冀,0.42105263157894757,1.4908333333333335,0.5743243156442434,2.1053725808392674,0.3678157107121851,冀,False,False,True,False,False,False,True
2026-05-18,空心菜,1.95,1.7,2.2,1,,-0.09302325581395343,3.0816666666666666,0.5377929567852456,-2.1042794487890064,0.16585598338782928,,True,False,False,False,True,False,True
2026-03-22,黄瓜,1.925,1.4,2.5,2,冀/辽冀鲁云,-0.15384615384615374,3.0275000000000003,0.5244599028097112,-2.102162613564031,0.044186198602821726,冀/辽冀鲁云,False,False,False,True,False,False,True
2026-07-23,菊花菜,2.85,2.5,3.2,1,,0.16326530612244894,2.1550000000000002,0.3307123971900068,2.1015238796769267,0.13030360305994468,,True,False,True,False,True,False,True
2026-02-26,豌豆苗,5.4,4.8,6.0,1,,0.0,5.203333333333333,0.09371024061116484,2.098667823111276,0.015512327850880117,,True,False,False,False,False,True,True
2026-07-03,香葱,3.3,2.8,3.8,1,,-0.05714285714285716,3.746666666666667,0.21291625896894695,-2.0978513751352916,0.04907885145903837,,True,False,False,False,True,False,True
2026-06-20,荠菜,12.5,12.0,13.0,1,,0.5151515151515151,7.583333333333333,2.3440435639904487,2.097515055691474,0.32503883738095457,,True,False,True,False,True,False,True
2026-03-13,空心菜,10.5,10.0,11.0,1,,-0.045454545454545414,7.628333333333334,1.3692864573561117,2.0971993487844953,0.06480519767839744,,True,False,False,False,False,True,True
2026-05-08,鸡毛菜,1.75,1.5,2.0,1,,-0.36363636363636365,2.7633333333333336,0.4833313515615374,-2.096560320491266,0.11183715972158023,,True,False,False,True,True,False,True
2026-07-20,樱桃萝卜,4.3,4.0,4.6,1,,0.22857142857142843,2.521666666666667,0.8482927411646555,2.0963675003180944,0.19107722705073293,,True,False,True,False,True,False,True
2026-06-05,快菜,1.25,1.0,1.5,1,,0.0,0.7583333333333333,0.23455141827772424,2.096199930390108,0.3156338076932771,,True,False,False,False,False,True,True
2026-07-22,板栗南瓜,1.0,0.8,1.2,1,新桂,-0.13043478260869557,1.2983333333333331,0.1423226866189771,-2.0961755319587523,0.044730487876572765,新桂,False,False,False,True,False,False,True
2026-08-09,芹菜,0.85,0.7,1.0,1,冀蒙,-0.05555555555555558,1.0233333333333334,0.0827681986794649,-2.0942020739704477,0.036174753955823126,冀,True,False,False,False,True,False,True
2026-06-02,贝贝南瓜,1.55,1.3,1.8,1,桂鲁,0.0,1.4633333333333336,0.041384099339737176,2.0942020739702016,0.030749041331105773,桂鲁,False,False,False,False,False,True,True
2026-04-03,团生菜,1.45,1.1,1.8,1,冀鲁,-0.12121212121212122,2.2583333333333333,0.3866485826131803,-2.090615017570165,0.09548661720585974,冀鲁,False,False,False,True,False,False,True
2026-01-20,大白菜,1.3,1.2,1.4,1,冀鄂,0.0,1.0630000000000002,0.11342050311260216,2.0895692885854147,0.07392653290413187,冀鄂,False,False,False,False,False,True,True
2026-06-13,蒜苗,3.65,1.8,5.5,1,鲁豫苏,0.0,3.2566666666666664,0.18833816492631103,2.0884419973361674,0.022384065724782687,鲁豫苏,False,False,False,False,False,True,True
2026-01-21,玉米,2.675,2.4,3.0,2,海粤,0.0,2.4535714285714283,0.10615016317866464,2.085993697964253,0.022338617242192316,海粤,False,False,False,False,False,True,True
2026-02-11,菜心,3.15,2.3,4.0,1,,0.0,2.5733333333333333,0.2765967229134083,2.084864421359029,0.10589999127800623,,True,False,False,False,False,True,True
2026-07-11,葱头,0.925,0.8,1.05,2,鲁皖,0.0,0.8218333333333334,0.049488475379648705,2.0846604360960406,0.025382670197767705,鲁皖,False,False,False,False,False,True,True
2026-04-26,线茄,3.15,2.5,3.8,1,闽冀,0.0,2.8766666666666665,0.1311312407432387,2.0844257385509932,0.0262996755929638,闽冀,False,False,False,False,False,True,True
2026-07-15,黄心菜,4.95,4.5,5.4,1,,0.0,3.8850000000000002,0.5109406470692919,2.0843908311244,0.05516487399404905,,True,False,False,False,False,True,True
2026-07-21,大白菜,0.75,0.7,0.8,1,冀,0.15384615384615374,0.498,0.12092745046457604,2.0838940954421243,0.21525664495243418,冀,False,False,True,False,False,False,True
2026-07-27,毛豆,2.55,2.3,2.8,1,冀徽川,-0.07272727272727275,2.061,0.23468761335459717,2.0836208311563245,0.05905797183825386,冀徽川,False,False,False,False,False,True,True
2026-04-11,柿子椒,3.5,3.0,4.0,1,鲁闽,0.0,2.9016666666666664,0.2872231300518493,2.083165562694491,0.0493263109935486,鲁闽,False,False,False,False,False,True,True
2026-07-03,油麦菜,0.9,0.7,1.2,2,京冀,-0.19999999999999996,1.6758333333333333,0.37246171599918737,-2.082988130074088,0.21911007144326397,京冀,False,False,False,True,False,False,True
2026-08-09,尖椒,1.85,1.5,2.2,1,鲁冀晋,0.08823529411764719,1.6233333333333333,0.10886034499606011,2.0821784707266024,0.04561327949653952,鲁冀,True,False,False,False,True,False,True
2026-06-05,茴香,3.0,2.5,3.5,1,冀,0.0,1.66,0.643990790253278,2.080775098465283,0.2654580885319575,冀,False,False,False,False,False,True,True
2026-02-05,菜心,2.9,2.3,3.5,1,,0.0,2.494230769230769,0.19510352281643858,2.079763732154624,0.10480735898375074,,True,False,False,False,False,True,True
2026-02-06,散生菜,3.5,3.0,4.0,1,,0.06060606060606055,3.2111111111111112,0.1389059818541729,2.079744047251844,0.02966461115250402,,True,False,False,False,True,False,True
2026-07-29,番茄,1.75,1.2,2.6,3,冀京/冀京蒙/蒙冀,0.0,1.4981666666666666,0.12110784118050583,2.079413941150078,0.0498125063667885,冀京/冀京蒙/蒙冀,False,False,False,False,False,True,True
2026-01-21,芹菜,1.9,1.8,2.0,1,鲁冀豫,0.0,1.6595238095238096,0.11577893549675548,2.0770288605989924,0.027934316808690202,鲁冀豫,False,False,False,False,False,True,True
2026-04-06,菊花菜,2.0,1.8,2.2,1,,-0.11111111111111116,4.275,1.0958188561606526,-2.076073054602077,0.06756520832227894,,True,False,False,False,True,False,True
2026-03-12,菊花菜,5.5,5.0,6.0,1,,0.0,4.489999999999999,0.48661391620901706,2.0755674393129597,0.06972297597022606,,True,False,False,False,False,True,True
2026-03-20,土豆,1.3,0.9,2.0,2,桂云/陕蒙冀,0.0,1.145,0.07468323912965041,2.0754322095071345,0.026994672123041324,桂云/陕蒙冀,False,False,False,False,False,True,True
2026-03-01,大蒜,3.7,3.2,4.2,1,豫苏鲁,0.0,3.6533333333333333,0.022488822255442277,2.075104962660886,0.008526423468644505,豫苏鲁,False,False,False,False,False,True,True
2026-06-22,葱头,0.815,0.65,1.0,2,鲁皖,0.0,0.7876666666666666,0.013178701033083351,2.0740536768166056,0.01136603155675435,鲁皖,False,False,False,False,False,True,True
2026-05-02,红薯,1.7,1.0,2.8,2,冀/冀粤,0.0,1.6275000000000002,0.034956869977453314,2.07398431400641,0.012335134242111889,冀/冀粤,False,False,False,False,False,True,True
2026-05-19,散菜花,1.15,0.8,1.5,1,冀,-0.14814814814814825,1.7300000000000002,0.2796549598196425,-2.0739843140062986,0.07618345182515959,陕鲁冀,True,False,False,True,True,False,True
2026-05-15,红薯,1.783,1.3,2.6,3,冀/冀粤,0.0,1.6783000000000001,0.0505283464315162,2.0721042225655526,0.013048637105135994,冀/冀粤,False,False,False,False,False,True,True
2026-01-27,菊花菜,4.15,3.7,4.6,1,,0.0,3.4473684210526314,0.33931044626914836,2.070763180659715,0.04791426770292527,,True,False,False,False,False,True,True
2026-07-10,彩椒,5.25,5.0,5.5,1,鲁,0.16666666666666674,4.158333333333333,0.5272052752949692,2.070667191362764,0.04454354031873742,鲁,False,False,True,False,False,False,True
2026-01-29,白萝卜,0.6,0.5,0.7,1,鄂川,0.0,0.52,0.03863750953228149,2.0705268266102985,0.028751635043855545,鄂川,False,False,False,False,False,True,True
2026-07-21,盖菜,3.0,2.8,3.2,1,,-0.04761904761904756,1.72,0.6187584900148987,2.068658484135191,0.2264524435435006,,True,False,False,False,False,True,True
2026-04-29,苋菜,2.75,2.5,3.0,1,,-0.15384615384615385,5.241666666666666,1.2048095666759977,-2.0681000015139617,0.1390716052459656,,True,False,False,True,True,False,True
2026-03-04,黄瓜,3.75,2.0,5.0,2,冀/辽冀鲁云,0.171875,3.1508333333333334,0.28980398647139505,2.067489388127541,0.07779334672957995,冀/辽冀鲁云,False,False,True,False,False,False,True
2026-05-04,芹菜,1.3,1.2,1.4,1,鲁津冀,0.0,0.9916666666666667,0.1491836020695185,2.066804454752689,0.042123313099393274,鲁津冀,False,False,False,False,False,True,True
2026-06-11,韭菜,1.75,1.5,2.0,1,冀,0.0,1.2566666666666666,0.2387948670004016,2.0659293875546485,0.0851040435469899,冀,False,False,False,False,False,True,True
2026-08-04,线茄,1.25,1.0,1.5,1,冀,0.25,0.9700000000000001,0.13557031513145104,2.065348890931674,0.0764448512042077,冀,False,False,True,False,False,False,True
2026-05-25,蒿子秆,4.2,3.9,4.5,1,,0.0,2.4716666666666662,0.8370394599248381,2.0648170320292065,0.23612802206802957,,True,False,False,False,False,True,True
2026-05-12,紫苏叶,3.8,3.5,4.1,1,,0.38181818181818183,5.8100000000000005,0.9739184983248352,-2.0638277263007656,0.1767512245170259,,True,False,True,False,True,False,True
2026-05-01,紫苏叶,5.5,5.0,6.0,1,,-0.12,6.458333333333333,0.4646250496708091,-2.062595062432214,0.03207134902949093,,True,False,False,True,True,False,True
2026-07-22,苦瓜,2.25,2.0,2.5,1,鲁,0.1842105263157896,1.5766666666666667,0.3266162288061244,2.0615427953306513,0.0994514864184285,鲁,False,False,True,False,False,False,True
2026-05-20,大葱,1.4,1.3,1.5,1,鲁,0.0,0.935,0.22558353449328142,2.061320659083161,0.04135928901010725,鲁,False,False,False,False,False,True,True
2026-08-02,油豆,3.0,2.5,3.5,1,冀辽,-0.25,4.201666666666666,0.5831666428503471,-2.060588823793612,0.13158651882294928,冀辽,False,False,False,True,False,False,True
2026-06-02,樱桃萝卜,3.25,3.0,3.5,1,,-0.08450704225352113,2.1516666666666664,0.5336089445906339,2.058311324177552,0.12050218817309055,,True,False,False,False,True,True,True
2026-01-29,彩椒,6.5,6.0,7.0,1,鲁闽,0.18181818181818188,5.603448275862069,0.4356708772691749,2.0578647114482362,0.048592953074986275,鲁闽,False,False,True,False,False,False,True
2026-07-18,油麦菜,3.25,3.0,3.5,1,京冀,-0.03703703703703709,1.7399999999999998,0.7338079707464591,2.0577590598586264,0.21286123070667956,京冀,False,False,False,False,False,True,True
2026-06-28,长茄,0.8,0.5,1.3,2,辽,-0.1794871794871794,1.18,0.18469452879151568,-2.0574513088525013,0.05472049078178009,辽,False,False,False,True,False,False,True
2026-02-24,杭椒,5.25,4.5,6.0,1,鲁粤,-0.125,6.875,0.7898875956698548,-2.0572547396720897,0.06081520378152991,鲁粤,False,False,False,True,False,False,True
2026-05-29,樱桃萝卜,2.9,2.5,3.3,1,,0.05454545454545445,2.0466666666666664,0.4147981090414614,2.057225707477943,0.10891924554965614,,True,False,False,False,True,False,True
2026-04-28,油麦菜,1.7,1.4,2.3,2,鲁京冀,-0.02857142857142858,1.1408333333333331,0.27184580864556795,2.056925833996239,0.14552068210145244,鲁京冀,False,False,False,False,False,True,True
2026-06-24,螺丝椒,3.25,2.5,4.0,1,鲁冀,0.0,2.675,0.27970119524360043,2.055765258704793,0.05630296990412156,鲁冀,False,False,False,False,False,True,True
2026-06-02,散叶生菜,2.75,2.5,3.0,1,冀,-0.08333333333333337,1.2716666666666667,0.7195165203027005,2.054620417487285,0.22259179728951742,冀,False,False,False,False,False,True,True
2026-07-22,香菜,4.5,4.0,5.0,1,冀蒙,0.0,3.1133333333333337,0.6754223880645543,2.0530362794757315,0.0903479163555003,冀蒙,False,False,False,False,False,True,True
2026-03-07,毛冬瓜,2.2,1.6,2.8,1,云冀,0.0,1.8599999999999999,0.16577924665255706,2.0509201656138423,0.08785547781113313,云冀,False,False,False,False,False,True,True
2026-04-22,金丝南瓜,1.1,1.0,1.2,1,海桂粤,-0.15384615384615385,1.4583333333333333,0.1747329653940617,-2.0507483091425356,0.04398056615820584,海桂粤,False,False,False,True,False,False,True
2026-07-15,团生菜,1.4,1.3,1.5,1,冀,0.0,1.2333333333333334,0.08129695813680561,2.0500972051894206,0.03908487594117082,冀,False,False,False,False,False,True,True
2026-02-04,彩椒,7.5,7.0,8.0,1,鲁闽,0.0,5.825,0.8177713616898066,2.0482497657277383,0.06119237894550871,鲁闽,False,False,False,False,False,True,True
2026-01-30,尖椒,6.25,5.0,7.5,1,辽鲁粤闽,0.0,5.118333333333334,0.5528115182525081,2.047111229237727,0.043286662725588905,辽鲁粤闽,False,False,False,False,False,True,True
2026-06-14,心里美,1.4,1.3,1.5,1,冀,0.0,1.2366666666666666,0.07979859705504916,2.0468196103830953,0.06343419790298455,冀,False,False,False,False,False,True,True
2026-03-31,团生菜,1.65,1.5,1.8,1,冀鲁,-0.2666666666666667,2.308333333333333,0.3216560953536568,-2.0466993874607105,0.09162615349261853,冀鲁,False,False,False,True,False,False,True
2026-05-31,黄瓜,1.475,1.2,1.8,2,冀/辽冀鲁,0.0,0.9325,0.26515691515621914,2.045958332560862,0.11694170512505969,冀/辽冀鲁,False,False,False,False,False,True,True
2026-05-27,丝瓜,2.95,2.0,4.0,2,冀/豫冀,0.0,2.2083333333333335,0.36254211011851206,2.0457393664537946,0.10981454440101833,冀/豫冀,False,False,False,False,False,True,True
2026-06-09,小葱,2.65,1.8,3.5,1,冀辽,0.0,2.195,0.2225828013308276,2.04418309626595,0.05335099994856339,冀辽,False,False,False,False,False,True,True
2026-06-19,山药,4.925,2.8,7.5,4,冀/豫冀/豫鲁,0.0,4.616666666666666,0.1509072182029261,2.0431980458265113,0.018882587743812594,冀/豫冀/豫鲁,False,False,False,False,False,True,True
2026-05-15,山药,4.538,2.8,7.0,4,冀/豫冀/豫鲁,0.0,4.102266666666667,0.21335948833920612,2.0422496169497264,0.03679050925756244,冀/豫冀/豫鲁,False,False,False,False,False,True,True
2026-04-15,豇豆,2.4,2.2,2.6,1,海,-0.20000000000000007,4.626666666666666,1.0904549298448734,-2.0419612087804753,0.13379561570729712,海,False,False,False,True,False,False,True
2026-05-12,长茄,1.3,0.8,1.8,1,辽,-0.1333333333333333,1.53,0.11264836959501923,-2.04175169890936,0.054203410289837745,辽,False,False,False,True,False,False,True
2026-05-19,樱桃萝卜,2.3,1.8,2.8,1,,-0.08000000000000007,1.8366666666666667,0.2270247340821323,2.0408936286462507,0.13345707686633115,,True,False,False,False,True,False,True
2026-05-28,菊花菜,2.25,2.0,2.5,1,,-0.11764705882352933,1.4633333333333334,0.3854986321665537,2.0406471022880033,0.21321033372498352,,True,False,False,False,True,True,True
2026-07-06,架豆,2.4,1.8,3.0,1,云冀鲁,-0.20000000000000007,3.363333333333333,0.4725085902035038,-2.03876364008205,0.08056578854976944,云冀,True,False,False,True,True,False,True
2026-07-03,大蒜,3.6,2.2,6.3,2,豫苏鲁,0.0,3.0191666666666666,0.2849442877589144,2.038410167480756,0.04982607856153571,豫苏鲁,False,False,False,False,False,True,True
2026-03-22,小白菜,0.7,0.6,0.8,1,冀鲁,-0.22222222222222232,1.7541666666666667,0.5172074941007937,-2.0381890801861235,0.33181128986303965,冀鲁,False,False,False,True,False,False,True
2026-07-20,黄瓜,2.7,1.5,3.8,2,冀/辽冀鲁,0.18681318681318704,1.4183333333333334,0.629515869446553,2.0359560876415403,0.16968515745461246,冀/辽冀鲁,False,False,True,False,False,False,True
2026-06-23,玉米,1.425,1.3,1.6,2,冀,-0.06557377049180324,1.5666666666666667,0.06958415065937441,-2.03590422997541,0.028464957747499187,冀/冀川,True,False,False,False,True,False,True
2026-05-21,小米椒,7.0,6.0,8.0,1,云琼,0.0,5.416666666666667,0.7777435679395688,2.0358038286680618,0.08122581569978028,云琼,False,False,False,False,False,True,True
2026-08-01,玉米,1.25,1.1,1.4,2,冀,0.0,1.1041666666666667,0.0716442761066574,2.0355196710513206,0.05780003421260586,冀,False,False,False,False,False,True,True
2026-04-26,广茄,2.85,2.2,3.5,1,云闽,0.0,2.5433333333333334,0.15070714541173624,2.0348515382521812,0.045808691406307354,云闽,False,False,False,False,False,True,True
2026-05-05,线椒,5.75,5.5,6.0,1,鲁闽,0.0,4.733333333333333,0.4997125610570269,2.034502924073276,0.04537160719738525,鲁闽,False,False,False,False,False,True,True
2026-06-10,冬瓜,1.25,1.1,1.4,2,桂/桂鲁,0.0,0.7996666666666667,0.22147597882254075,2.033328109565174,0.07642568651199531,桂/桂鲁,False,False,False,False,False,True,True
2026-04-26,油麦菜,1.65,1.5,1.8,1,鲁京冀,0.31999999999999984,1.1325,0.2545406613409022,2.033073997976773,0.14639872394397083,鲁京冀,False,False,True,False,False,False,True
2026-04-27,花生,5.3,4.3,6.3,1,苏鲁,0.0,4.45,0.41853603643307136,2.0308884445029722,0.062299737292471576,苏鲁,False,False,False,False,False,True,True
2026-04-15,线椒,4.75,4.0,5.5,1,鲁闽,0.0,4.3,0.221670771718993,2.030037593636634,0.03144249904852053,鲁闽,False,False,False,False,False,True,True
2026-06-05,大蒜,2.825,1.5,4.5,2,豫苏鲁,0.0,2.475,0.17245689116512883,2.029492690233366,0.06806363145559709,豫苏鲁,False,False,False,False,False,True,True
2026-03-22,白豆,6.5,6.0,7.0,1,云鲁,-0.022556390977443663,5.404999999999999,0.5400111748524429,2.0277358154656846,0.07169276115582604,云鲁,False,False,False,False,False,True,True
2026-08-11,油菜,2.25,1.8,3.0,2,冀京,0.23287671232876717,1.5883333333333334,0.326405008976665,2.02713392402005,0.149016415237689,冀京,False,False,True,False,False,False,True
2026-04-22,毛冬瓜,1.65,1.5,1.8,1,冀,-0.13157894736842102,1.9533333333333334,0.14967397519467046,-2.026627093579956,0.055549066472102726,冀,False,False,False,True,False,False,True
2026-03-17,蒿子秆,2.65,2.5,2.8,1,,-0.13114754098360648,3.522766666666667,0.43077473778373254,-2.026039575015268,0.11769606703799866,,True,False,False,True,True,False,True
2026-03-28,绿菜花,2.5,2.4,2.6,1,浙,0.0,2.0083333333333333,0.2428577465461445,2.024504771451657,0.0361683600083676,浙,False,False,False,False,False,True,True
2026-03-12,黄心菜,4.85,4.5,5.2,1,,0.0,2.8383333333333334,0.9939197335708797,2.0239729615180315,0.10407790101401777,,True,False,False,False,False,True,True
2026-01-25,油麦菜,2.75,2.5,3.0,1,鲁京冀,0.0,2.344,0.2006863224038949,2.0230576510485725,0.0491410003622151,鲁京冀,False,False,False,False,False,True,True
2026-07-15,娃娃菜,0.95,0.9,1.0,1,冀,0.0,0.8383333333333334,0.05521639769772506,2.02234610229322,0.035499540927323825,冀,False,False,False,False,False,True,True
2026-03-13,豌豆苗,7.5,7.0,8.0,1,,-0.0625,5.653333333333333,0.9137770547278612,2.020915995988361,0.08639963441636248,,True,False,False,False,True,True,True
2026-07-21,团生菜,1.95,1.7,2.2,1,冀,-0.1333333333333333,1.3433333333333335,0.3007844151012726,2.0169484727538323,0.13229954308852462,冀,False,False,False,True,False,True,True
2026-07-21,苋菜,4.5,4.0,5.0,1,,0.16883116883116878,2.96,0.7646725690980377,2.0139338878292605,0.16223049123436525,,True,False,True,False,True,False,True
2026-02-28,小白菜,1.4,1.2,1.6,1,冀鲁,-0.3978494623655915,2.565833333333333,0.5792192773590739,-2.012766803357964,0.31751351760657665,冀鲁,False,False,False,True,False,False,True
2026-01-21,尖椒,5.15,4.5,5.8,1,辽鲁粤闽,0.0,4.826190476190476,0.16094956323259135,2.0118695404073943,0.0225062098452568,辽鲁粤闽,False,False,False,False,False,True,True
2026-03-01,丝瓜,2.75,2.5,3.0,1,豫冀,-0.15384615384615385,4.133333333333334,0.6877415980927181,-2.0114143701205047,0.11560900743699574,豫冀,False,False,False,True,False,False,True
2026-06-13,莲藕,7.15,6.8,7.5,1,川,0.0,4.288333333333333,1.4239595919618755,2.009654405097251,0.18961420901780696,川,False,False,False,False,False,True,True
2026-05-09,苦菊,1.85,1.7,2.0,1,辽冀,-0.1685393258426966,2.5033333333333334,0.3251480652991959,-2.0093409835674305,0.14961991509094216,辽冀,False,False,False,True,False,False,True
2026-03-25,菊花菜,3.55,3.3,3.8,1,,-0.053333333333333344,4.675,0.5601339125602025,-2.008448292048531,0.0849774733827126,,True,False,False,False,True,False,True
2026-07-20,散叶生菜,1.35,1.2,1.5,1,冀,0.0,1.1683333333333332,0.0904808355907306,2.0077916553334516,0.06074119134373289,冀,False,False,False,False,False,True,True
2026-05-03,尖椒,2.2,1.6,2.8,1,辽鲁粤闽,-0.18518518518518512,3.033333333333333,0.41529659806917035,-2.0065980246593207,0.04954810131186572,辽鲁粤闽,False,False,False,True,False,False,True
2026-08-01,番茄,1.867,1.2,2.6,3,冀京/冀京蒙/蒙冀,0.0,1.5398333333333334,0.16324787231719806,2.004109836304432,0.051401013492665903,冀京/冀京蒙/蒙冀,False,False,False,False,False,True,True
2026-03-28,莴笋,1.5,1.0,2.0,1,皖云浙津,0.0,1.2066666666666668,0.14664837921517176,2.000249405436224,0.03776797993630466,皖云浙津,False,False,False,False,False,True,True
2026-03-09,空心菜,9.0,8.5,9.5,1,,0.17647058823529416,7.353333333333334,0.8233586947557456,1.9999383952035137,0.05463974343287541,,True,False,True,False,True,False,True
2026-03-24,蒿子秆,2.4,2.0,2.8,1,,-0.09433962264150941,3.3144333333333336,0.4583117207025509,-1.99522135705277,0.11283787670038678,,True,False,False,False,True,False,True
2026-05-18,大白菜,0.48,0.35,0.6,1,冀,0.6000000000000001,0.385,0.04761555816443616,1.9951462014143737,0.17016378786904449,冀,False,False,True,False,False,False,True
2026-05-14,油豆,3.25,3.0,3.5,1,冀辽,-0.1875,5.0200000000000005,0.8876159467728841,-1.994105678740012,0.05606814249039588,冀辽,False,False,False,True,False,False,True
2026-05-23,油菜,0.65,0.6,0.7,1,冀京,-0.23529411764705876,0.8816666666666666,0.11632544517603553,-1.9915390507733277,0.11818832007203495,冀京,False,False,False,True,False,False,True
2026-07-13,苋菜,4.0,3.5,4.5,1,,0.5384615384615383,2.788333333333333,0.6086564249871329,1.9907235296042127,0.1859861573588127,,True,False,True,False,True,False,True
2026-03-23,木耳菜,6.0,5.5,6.5,1,,-0.1724137931034483,6.913333333333333,0.45899690730934173,-1.9898463775874433,0.04777129651484975,,True,False,False,True,True,False,True
2026-01-17,苦菊,3.1,3.0,3.2,1,辽冀,-0.18421052631578938,4.252941176470588,0.5800648100199918,-1.9876075165305276,0.09994758558433231,辽冀,False,False,False,True,False,False,True
2026-02-24,散菜花,2.35,2.0,2.7,1,浙云闽,-0.05999999999999994,1.9283333333333335,0.21240954802445672,1.9851587209164259,0.06474372227201267,鄂云闽,True,False,False,False,True,False,True
2026-07-20,娃娃菜,0.95,0.9,1.0,1,冀,0.18749999999999978,0.8366666666666667,0.05713464637234269,1.983618356447811,0.07094773024281098,冀,False,False,True,False,False,False,True
2026-06-03,穿心莲,2.25,2.0,2.5,1,,-0.09999999999999998,2.881666666666667,0.31880253680181725,-1.98137277389151,0.10046699333195744,,True,False,False,False,True,False,True
2026-05-28,娃娃菜,0.7,0.6,0.8,1,冀,0.16666666666666674,0.6366666666666667,0.03198419149749324,1.980144889336877,0.060908090179432973,冀,False,False,True,False,False,False,True
2026-08-10,夹豆,8.5,8.0,9.0,1,,-0.10526315789473684,10.583333333333334,1.0527741131569177,-1.978898708941573,0.07612151574586871,,True,False,False,False,True,False,True
2026-04-27,快菜,0.45,0.3,0.6,1,,-0.3076923076923077,0.8916666666666667,0.22325311649109958,-1.9783225139626421,0.2746417524476902,,True,False,False,True,True,False,True
2026-05-08,盖菜,0.75,0.5,1.0,1,,-0.42307692307692313,1.4849999999999999,0.37188939772186513,-1.9763940690498092,0.1419866892914132,,True,False,False,True,True,False,True
2026-05-02,毛豆,5.0,4.5,5.5,1,云粤,0.17647058823529416,3.231666666666667,0.8949555309057802,1.975889608217306,0.13659762756208255,云粤,False,False,True,False,False,False,True
2026-06-30,菊苣,8.5,8.0,9.0,1,,-0.10526315789473684,11.029411764705882,1.2805100086890924,-1.9753158878432655,0.11119996390252751,,True,False,False,False,True,False,True
2026-03-12,香芹,2.8,2.3,3.3,1,,-0.11111111111111116,3.2783333333333338,0.24236028087771846,-1.9736457294117198,0.07489436351923859,,True,False,False,False,True,False,True
2026-02-24,大葱,1.45,1.3,1.6,1,苏闽,-0.09375000000000011,1.8216666666666665,0.18831527733606945,-1.9736405453891364,0.037806235167534806,冀鲁,True,False,False,False,True,False,True
2026-07-28,彩椒,3.5,3.0,4.0,1,鲁,-0.125,4.466666666666667,0.4901325178535536,-1.9722557297361294,0.055061412227534155,鲁,False,False,False,True,False,False,True
2026-06-30,苋菜,2.15,1.8,2.5,1,,-0.14,3.118333333333333,0.49103748949740555,-1.9720150783689798,0.16789596998899434,,True,False,False,True,True,False,True
2026-04-30,荠菜,11.25,6.0,16.5,2,,0.8,6.745833333333334,2.2871651190085007,1.969322909497347,0.3663712329056548,,True,False,True,False,True,False,True
2026-06-16,螺丝椒,3.0,2.5,3.5,1,鲁冀,0.19999999999999996,2.6,0.20341905108626512,1.9663841605001369,0.05345224838248486,鲁冀,False,False,True,False,False,False,True
2026-06-08,菠菜,3.45,2.5,4.3,2,蒙,0.5333333333333334,2.1816666666666666,0.6451721680580996,1.9658835209071146,0.3363498218766294,蒙,False,False,True,False,False,False,True
2026-04-18,水萝卜,0.95,0.9,1.0,1,鲁,-0.2962962962962964,1.8395,0.45270899155470584,-1.9648383765147988,0.2288306320814804,鲁,False,False,False,True,False,False,True
2026-02-07,青蒜,2.45,2.3,2.6,1,豫鲁川,-0.20967741935483863,2.918333333333334,0.23852395720539232,-1.9634645459535671,0.10828923381782028,豫鲁川,False,False,False,True,False,False,True
2026-05-15,空心菜,2.15,1.8,2.5,1,,-0.08510638297872353,3.1416666666666666,0.5066937001257538,-1.9571324183042929,0.16884015705605074,,True,False,False,False,True,False,True
2026-06-05,韭菜,1.4,1.0,1.8,1,冀,0.21739130434782616,1.13,0.13809042514683267,1.9552405585898285,0.05810026998096189,冀,False,False,True,False,False,False,True
2026-03-29,菠菜,0.8,0.6,1.0,1,冀,-0.19999999999999996,1.8775000000000002,0.5518522884575825,-1.9525152337622695,0.3011060136233307,冀,False,False,False,True,False,False,True
2026-04-13,香芹,2.25,1.8,2.7,1,,-0.0625,2.7933333333333334,0.2784604637736875,-1.9512045838396486,0.046326401351943144,,True,False,False,False,True,False,True
2026-02-27,蒿子秆,2.75,2.5,3.0,1,,-0.15384615384615385,3.9527666666666668,0.61803524524724,-1.9461133906457224,0.09642802866257326,,True,False,False,True,True,False,True
2026-04-06,圆白菜,0.6,0.4,0.8,1,冀鲁苏,-0.1428571428571428,0.9600000000000001,0.18532357536537605,-1.9425483200949445,0.0680257339409737,冀鲁苏,False,False,False,True,False,False,True
2026-06-30,黄花菜,20.5,20.0,21.0,1,,-0.12765957446808507,35.38235294117647,7.663895492348983,-1.9418783771299877,0.07047459438204458,,True,False,False,True,True,False,True
2026-04-17,架豆,2.9,2.5,3.3,1,云鲁,-0.17142857142857149,4.618333333333334,0.8867300772416937,-1.9378313394742022,0.06420265175199583,云鲁,False,False,False,True,False,False,True
2026-04-08,茼蒿,4.75,4.0,5.5,1,,0.2666666666666666,3.665,0.5600415624970504,1.9373562118538559,0.1147425271807471,,True,False,True,False,True,False,True
2026-03-09,紫甘蓝,1.75,1.6,1.9,1,闽云,-0.05405405405405406,2.326666666666667,0.2979045592749157,-1.93574300463962,0.04560842308988806,云,True,False,False,False,True,False,True
2026-06-24,圆白菜,0.85,0.7,1.0,1,冀,0.5454545454545452,0.6113333333333333,0.12350438588702739,1.9324549889667981,0.1608326947721813,冀,False,False,True,False,False,False,True
2026-05-04,小黄瓜,2.225,1.7,2.7,2,辽鲁,-0.160377358490566,2.856666666666667,0.3268800616627396,-1.9324111218456408,0.042767575412485645,辽鲁,False,False,False,True,False,False,True
2026-05-23,水萝卜,0.65,0.6,0.7,1,冀,-0.45833333333333326,1.115,0.2406528476944357,-1.9322439125691324,0.32826175572743926,冀,False,False,False,True,False,False,True
2026-05-20,鸡毛菜,3.3,3.0,3.6,1,,0.31999999999999984,2.5549999999999997,0.3858153033199517,1.9309757637637852,0.17809070093193477,,True,False,True,False,True,False,True
2026-04-10,穿心莲,2.25,2.0,2.5,1,,-0.18181818181818177,3.525,0.6609488998976161,-1.9290447418817145,0.1302864891529509,,True,False,False,True,True,False,True
2026-04-30,穿心莲,2.25,2.0,2.5,1,,-0.09999999999999998,2.9283333333333332,0.35225464274206936,-1.9256902564944411,0.12850152703134923,,True,False,False,False,True,False,True
2026-04-04,苦菊,1.8,1.7,1.9,1,辽冀,-0.20879120879120872,2.7808333333333333,0.5095080171500989,-1.9250596660275592,0.16297346390103792,辽冀,False,False,False,True,False,False,True
2026-03-27,穿心莲,2.75,2.5,3.0,1,,-0.2142857142857143,4.265,0.7875266826349897,-1.9237443421357523,0.15167120657790492,,True,False,False,True,True,False,True
2026-05-23,茴香,1.65,1.5,1.8,1,冀,0.31999999999999984,1.2933333333333334,0.18557149999179334,1.9219905356287985,0.15946085435824695,冀,False,False,True,False,False,False,True
2026-06-03,黄心菜,3.0,2.5,3.5,1,,0.09090909090909083,2.353333333333333,0.33705963181950516,1.9185526999357663,0.11346963948055658,,True,False,False,False,True,False,True
2026-06-27,菠菜,1.25,1.0,1.5,1,蒙,-0.4736842105263158,2.5433333333333334,0.6745986461099209,-1.9171893403453322,0.2662776267924442,蒙,False,False,False,True,False,False,True
2026-07-29,小白菜,3.0,2.5,3.5,2,冀,0.33333333333333326,1.735,0.6606749422449315,1.9147086095041084,0.30752216873582544,冀,False,False,True,False,False,False,True
2026-04-04,油菜,0.7,0.6,0.8,1,鲁京皖,-0.2432432432432433,0.8558333333333333,0.08138968982122977,-1.9146569261489637,0.09803698662143541,鲁京皖,False,False,False,True,False,False,True
2026-07-20,油菜,1.525,1.0,1.8,2,冀京,0.21999999999999997,0.99,0.28013235787933305,1.9098115049974023,0.3000994702209628,冀京,False,False,True,False,False,False,True
2026-06-16,豇豆,2.25,2.0,2.5,1,鲁冀,-0.1346153846153847,2.9450000000000003,0.36396996844661894,-1.9094982010910917,0.1079480659176334,鲁冀,False,False,False,True,False,False,True
2026-02-01,菠菜,2.4,2.0,2.8,1,冀豫,-0.12727272727272732,3.4683333333333333,0.5604775262856347,-1.9061127043100767,0.1755984765401878,冀豫,False,False,False,True,False,False,True
2026-03-31,荠菜,13.0,6.0,20.0,2,,1.0,7.1625,3.0666360177753766,1.9035516331783926,0.5366707497128123,,True,False,True,False,True,False,True
2026-07-27,青蒜,2.975,2.2,3.5,2,甘,-0.1376811594202899,3.7108333333333334,0.38672382405529854,-1.902735977362788,0.10046792980332578,甘,False,False,False,True,False,False,True
2026-08-06,土豆,1.055,0.85,1.4,2,冀蒙/陕,0.07653061224489788,0.9638333333333333,0.04791665417291242,1.9026091917370076,0.02045366647288963,冀,True,False,False,False,True,False,True
2026-04-04,油麦菜,0.85,0.7,1.0,1,鲁京冀,-0.19047619047619058,2.2616666666666663,0.7419897914221684,-1.90254189880555,0.10595722888334207,鲁京冀,False,False,False,True,False,False,True
2026-07-11,油菜,0.5,0.4,0.6,1,冀京,-0.4736842105263158,0.9041666666666667,0.2128504547609762,-1.8988292372714546,0.34715405910943203,冀京,False,False,False,True,False,False,True
2026-07-13,荆芥,3.0,2.5,3.5,1,,-0.19999999999999996,4.133333333333334,0.5971676443028997,-1.8978478558668799,0.06363005592749216,,True,False,False,True,True,False,True
2026-04-29,毛豆,4.55,3.8,5.3,1,云粤,-0.1165048543689321,3.0716666666666668,0.7791112679303823,1.897461112660265,0.13061935128679453,粤,True,False,False,False,True,False,True
2026-05-22,快菜,1.0,0.7,1.3,1,,0.6666666666666667,0.7,0.15811388300841903,1.897366596101027,0.27487548116254723,,True,False,True,False,True,False,True
2026-06-10,黄花菜,25.5,25.0,26.0,1,,-0.10526315789473684,37.166666666666664,6.148944934663492,-1.8973444697639232,0.0760873568311483,,True,False,False,False,True,False,True
2026-02-11,香芹,3.6,3.0,4.2,1,,0.07462686567164178,3.01,0.311115900346279,1.8963993783130886,0.025910982531028626,,True,False,False,False,True,False,True
2026-04-12,水萝卜,1.15,1.0,1.3,1,鲁,-0.1785714285714286,1.9953333333333334,0.4459568042583995,-1.895549804961658,0.22540976123781076,鲁,False,False,False,True,False,False,True
2026-03-20,荠菜,13.0,6.0,20.0,2,,1.6,7.541666666666667,2.886378034998105,1.891066681893218,0.510025183801681,,True,False,True,False,True,False,True
2026-04-17,白豆,3.5,3.0,4.0,1,云鲁,-0.125,5.088333333333334,0.8412514623990287,-1.8880601155852061,0.07809520800773641,云鲁,False,False,False,True,False,False,True
2026-04-17,娃娃菜,0.85,0.8,0.9,1,冀豫,-0.05555555555555558,1.0766666666666667,0.12015315896469615,-1.886481126420211,0.03135165609840285,云,True,False,False,False,True,False,True
2026-07-23,盖菜,3.15,3.0,3.3,1,,0.050000000000000044,1.8350000000000002,0.6976747093022652,1.8848325479866013,0.20980267958728027,,True,False,False,False,True,False,True
2026-02-14,小白菜,1.75,1.5,2.0,1,冀鲁,-0.3913043478260869,2.7191666666666667,0.5144750979753846,-1.8837970398968409,0.3255535834148877,冀鲁,False,False,False,True,False,False,True
2026-08-03,香芹,3.4,3.0,3.8,1,,-0.10526315789473684,2.7149999999999994,0.364632550044184,1.8786035418861984,0.09114695783731394,,True,False,False,False,True,False,True
2026-05-17,香菜,1.75,1.5,2.0,1,冀,0.3999999999999999,1.3983333333333334,0.1873054546277421,1.8775036069589224,0.11020933749925181,冀,False,False,True,False,False,False,True
2026-05-08,穿心莲,2.25,2.0,2.5,1,,-0.2857142857142857,2.856666666666667,0.3236998751859694,-1.8741640425969575,0.15038426190766252,,True,False,False,True,True,False,True
2026-04-09,油菜,1.025,0.8,1.3,2,鲁京皖,0.2058823529411764,0.8533333333333334,0.09161701894801062,1.8737421129591785,0.12131060076379309,鲁京皖,False,False,True,False,False,False,True
2026-05-07,香葱,3.75,3.3,4.2,1,,0.0714285714285714,3.24,0.27240942816232033,1.872181897082162,0.04211324752776308,,True,False,False,False,True,False,True
2026-06-20,黄花菜,23.5,23.0,24.0,1,,-0.07843137254901966,36.3125,6.852919086053768,-1.8696412199108627,0.06691025856228214,,True,False,False,False,True,False,True
2026-03-02,茼蒿,3.75,3.5,4.0,1,,-0.11764705882352944,4.614999999999999,0.4629645849269167,-1.8683934541916367,0.13536645085531934,,True,False,False,False,True,False,True
2026-03-13,菜心,4.0,3.5,4.5,1,,0.17647058823529416,3.0416666666666665,0.5147954621168408,1.861580771113761,0.15380137829932608,,True,False,True,False,True,False,True
2026-05-27,盖菜,2.3,2.1,2.5,1,,0.06976744186046502,1.4683333333333335,0.4476920380345632,1.857675803924972,0.21646228694828157,,True,False,False,False,True,False,True
2026-06-10,茼蒿,7.25,7.0,7.5,1,,0.10687022900763354,4.430000000000001,1.51819993231549,1.857462867686381,0.09843956689194394,,True,False,False,False,True,False,True
2026-05-20,毛冬瓜,0.7,0.6,0.8,1,冀,-0.22222222222222232,1.2333333333333332,0.2874781351006039,-1.8552135561429446,0.06892602005795335,冀,False,False,False,True,False,False,True
2026-06-03,散生菜,3.25,3.0,3.5,1,,-0.1333333333333333,1.925,0.7155598242418075,1.8516970281331022,0.1328710726007891,,True,False,False,True,True,False,True
2026-04-01,盖菜,1.25,1.0,1.5,1,,-0.1071428571428571,2.385,0.6132375924774879,-1.8508323917563256,0.12279684239518147,,True,False,False,False,True,False,True
2026-02-10,美人椒,8.5,8.0,9.0,1,鲁,-0.19047619047619047,13.766666666666667,2.848875559588904,-1.848682596521223,0.06409672582714372,鲁,False,False,False,True,False,False,True
2026-07-10,黄花菜,19.0,18.0,20.0,1,,-0.07317073170731703,34.47222222222222,8.377968696356188,-1.8467748905473378,0.06795201264978558,,True,False,False,False,True,False,True
2026-03-19,平菇,2.25,2.0,2.5,1,京,-0.18181818181818177,2.705,0.24647515087732463,-1.8460278789988944,0.048592953074986234,京,False,False,False,True,False,False,True
2026-04-01,散生菜,1.75,1.5,2.0,1,,-0.125,2.57,0.44423510395533455,-1.8458694342229345,0.05523632054212124,,True,False,False,True,True,False,True
2026-03-29,小白菜,0.7,0.6,0.8,1,冀鲁,-0.1250000000000001,1.4941666666666669,0.4311513921913102,-1.8419670701521933,0.3998821579173588,冀鲁,False,False,False,True,False,False,True
2026-03-07,小白菜,1.15,1.0,1.3,1,冀鲁,-0.41025641025641024,2.2983333333333333,0.6239796268410079,-1.8403378635083747,0.3024318279360261,冀鲁,False,False,False,True,False,False,True
2026-03-09,油豆,7.0,6.0,8.0,1,云鲁,0.37254901960784315,5.1883333333333335,0.9852081290119687,1.8388669493455403,0.11356512251999795,云鲁,False,False,True,False,False,False,True
2026-06-05,茼蒿,6.5,6.0,7.0,1,,0.08333333333333326,4.068333333333333,1.3236237702071807,1.8371282847889994,0.1160698238547766,,True,False,False,False,True,False,True
2026-07-24,毛豆,2.4,2.0,2.8,1,冀徽川,0.17073170731707332,2.0443333333333333,0.19386599234655302,1.8346006040651017,0.053323145076909356,冀徽川,False,False,True,False,False,False,True
2026-04-14,蒿子秆,1.9,1.8,2.0,1,,-0.20833333333333337,2.88,0.5345962059800604,-1.8331592873978466,0.12969703802376933,,True,False,False,True,True,False,True
2026-05-08,苋菜,2.05,1.8,2.3,1,,-0.25454545454545463,4.403333333333333,1.285458011313691,-1.8307352808267248,0.10935139485474932,,True,False,False,True,True,False,True
2026-02-25,香菜,4.5,4.0,5.0,1,冀皖苏,-0.1428571428571429,7.933333333333334,1.877651382084457,-1.8285254473180486,0.10232128927965059,冀皖苏,False,False,False,True,False,False,True
2026-07-20,荠菜,13.5,11.0,16.0,2,,0.17391304347826098,9.4875,2.1948092172214,1.8281771228752957,0.14296140120579873,,True,False,True,False,True,False,True
2026-02-24,油菜,1.525,0.9,2.5,2,鲁京皖,0.45238095238095233,1.2008333333333334,0.17732243830501768,1.8281198350603414,0.1608888255489272,鲁京皖,False,False,True,False,False,False,True
2026-05-08,菜心,1.25,1.0,1.5,1,,-0.375,1.9899999999999998,0.4052245014207862,-1.8261482151386048,0.132560479437379,,True,False,False,True,True,False,True
2026-02-07,菠菜,2.5,2.2,2.8,1,冀豫鲁,-0.3055555555555556,3.4983333333333335,0.5471687839788739,-1.824543655567674,0.20352368575868166,冀豫鲁,False,False,False,True,False,False,True
2026-03-19,穿心莲,3.5,3.0,4.0,1,,-0.10256410256410253,4.723333333333333,0.6716851342260233,-1.8212898737783867,0.033808227403225734,,True,False,False,False,True,False,True
2026-02-03,香葱,2.75,2.5,3.0,1,,-0.16666666666666663,4.075,0.7277123177405365,-1.8207744567440793,0.05709211752097215,,True,False,False,True,True,False,True
2026-05-15,散生菜,1.25,0.8,1.7,1,,-0.16666666666666663,1.6083333333333334,0.1969961199221203,-1.8189867570741776,0.23862434040400204,,True,False,False,True,True,False,True
2026-05-27,香葱,3.7,3.2,4.2,1,,0.05714285714285716,3.4716666666666667,0.12572776648125975,1.8160931329943537,0.02434254235016509,,True,False,False,False,True,False,True
2026-02-05,鸡毛菜,3.25,3.0,3.5,1,,-0.1333333333333333,4.426923076923076,0.6487265632345833,-1.8142051576474356,0.1402289542328006,,True,False,False,True,True,False,True
2026-04-07,鸡毛菜,2.75,2.5,3.0,1,,-0.19117647058823528,3.4616666666666664,0.3931927958554756,-1.8099687333240233,0.07727507936289918,,True,False,False,True,True,False,True
2026-05-28,油菜,1.125,0.8,1.8,2,冀京,0.15384615384615397,0.8849999999999999,0.13271047044418832,1.8084481141292663,0.20833434494663408,冀京,False,False,True,False,False,False,True
2026-05-21,白萝卜,0.35,0.3,0.4,1,鄂冀,-0.1250000000000001,0.7100000000000001,0.19930915164897586,-1.8062391868188454,0.1091850294705121,鄂冀,False,False,False,True,False,False,True
2026-06-15,黄心菜,3.6,3.2,4.0,1,,0.05882352941176472,2.565,0.5740284145315948,1.8030466328823749,0.06946163105862714,,True,False,False,False,True,False,True
2026-04-13,快菜,0.65,0.5,0.8,1,,-0.4347826086956521,1.0033333333333334,0.19605300714142432,-1.8022336840691953,0.2486588679976488,,True,False,False,True,True,False,True
2026-02-24,广茄,2.25,2.0,2.5,1,云闽,-0.18181818181818177,3.7816666666666667,0.8506066124804113,-1.8006757109496838,0.06926234557425061,云闽,False,False,False,True,False,False,True
2026-05-31,茄子,1.55,1.3,1.8,1,冀鲁,0.24,1.1983333333333333,0.19541438434566688,1.7995945786908223,0.08742016758114117,冀鲁,False,False,True,False,False,False,True
2026-06-08,黄心菜,3.25,2.7,3.8,1,,-0.0714285714285714,2.4316666666666666,0.454950420438835,1.7987307991582628,0.06427227156760296,,True,False,False,False,True,False,True
2026-03-23,绿菜花,2.15,2.0,2.3,1,浙,0.07499999999999996,1.8666666666666667,0.15774998406105945,1.7960910425427674,0.023585400528263183,鄂浙,True,False,False,False,True,False,True
2026-05-19,莴笋,0.75,0.5,1.0,1,津冀,-0.0625,1.1216666666666666,0.20706626181396437,-1.794916580860406,0.043864264104562026,鲁津冀,True,False,False,False,True,False,True
2026-03-21,小白菜,0.9,0.8,1.0,1,冀鲁,-0.47058823529411764,1.8266666666666669,0.5167843766543476,-1.7931398636040228,0.3249525117126983,冀鲁,False,False,False,True,False,False,True
2026-04-29,广茄,2.25,2.0,2.5,1,云,-0.16666666666666674,2.5433333333333334,0.16386144974531677,-1.7901302215331891,0.057647764786760244,云闽,True,False,False,True,True,False,True
2026-02-11,菊花菜,4.5,4.0,5.0,1,,0.09756097560975618,3.705,0.4443806228122857,1.7890068990155363,0.03843250504408329,,True,False,False,False,True,False,True
2026-03-24,菊花菜,3.75,3.5,4.0,1,,-0.12790697674418605,4.694999999999999,0.5283921610528202,-1.7884443972769941,0.08424993400780952,,True,False,False,True,True,False,True
2026-05-30,苦菊,1.65,1.6,1.7,1,辽冀,-0.2325581395348837,2.1483333333333334,0.27884717521687286,-1.7871198908353858,0.12056405081962648,辽冀,False,False,False,True,False,False,True
2026-03-31,长茄,1.75,1.5,2.0,1,辽,-0.14634146341463405,2.15,0.223991994930857,-1.7857781039160527,0.04213101726191571,辽,False,False,False,True,False,False,True
2026-06-23,西葫芦,1.0,0.5,1.5,2,鲁冀晋,-0.06976744186046513,1.4766666666666668,0.26740558544360293,-1.782560621820661,0.05139096037201967,鲁,True,False,False,False,True,False,True
2026-05-11,空心菜,2.45,2.3,2.6,1,,0.13953488372093026,3.3516666666666666,0.5062511529715836,-1.7810659025151452,0.16659140116520346,,True,False,False,False,True,False,True
2026-05-09,水萝卜,0.8,0.7,0.9,1,冀,-0.255813953488372,1.2725,0.2654168809432602,-1.7802183430111558,0.23050303244480042,冀,False,False,False,True,False,False,True
2026-07-20,鱼腥草叶,13.25,13.0,13.5,1,,0.06000000000000005,12.06578947368421,0.6658437904016036,1.7785110312458317,0.06880760943479537,,True,False,False,False,True,False,True
2026-04-18,小白菜,0.65,0.5,0.8,1,冀鲁,-0.5185185185185186,1.1600000000000001,0.28712306624932216,-1.7762418278061425,0.3192227958453397,冀鲁,False,False,False,True,False,False,True
2026-01-31,小白菜,2.05,1.8,2.3,1,冀鲁,-0.3440000000000001,2.7416666666666667,0.38948093958350577,-1.7758678188624726,0.19611279551757177,冀鲁,False,False,False,True,False,False,True
2026-04-28,苋菜,3.25,3.0,3.5,1,,-0.16666666666666663,5.421666666666667,1.2229615928029989,-1.7757439640350916,0.13446327523768672,,True,False,False,True,True,False,True
2026-01-17,黄瓜,3.575,2.7,5.0,2,冀辽/辽冀鲁云,0.18181818181818188,3.0955882352941178,0.27016130802344934,1.7745389530919455,0.061077217370135016,冀辽/辽冀鲁云,False,False,True,False,False,False,True
2026-05-11,鸡毛菜,1.85,1.6,2.1,1,,0.05714285714285716,2.703333333333333,0.4811862735833819,-1.7733950035161674,0.10536505968598266,,True,False,False,False,True,False,True
2026-06-07,毛豆,3.75,3.5,4.0,1,徽川,-0.07407407407407407,4.316666666666666,0.3195722716094238,-1.7732034879397718,0.028428326881468544,徽云川,True,False,False,False,True,False,True
2026-03-20,小黄瓜,4.0,3.5,4.3,2,辽鲁,-0.1578947368421053,5.348333333333333,0.7604993066415633,-1.7729580047714968,0.05929040936564688,辽鲁,False,False,False,True,False,False,True
2026-02-14,菠菜,2.5,2.2,2.8,1,冀豫鲁,-0.32885906040268453,3.4925,0.560870244383211,-1.7695715006087591,0.21286552672244236,冀豫鲁,False,False,False,True,False,False,True
2026-06-16,扁豆,2.5,2.0,3.0,1,冀晋,-0.16666666666666663,4.165,0.9420401558173702,-1.7674405806569327,0.06630714562247383,冀晋,False,False,False,True,False,False,True
2026-02-09,樱桃萝卜,2.75,2.5,3.0,1,,-0.08333333333333337,3.3410714285714285,0.33445743000682826,-1.7672545906944306,0.04339673927187185,,True,False,False,False,True,False,True
2026-07-19,圆白菜,0.75,0.6,0.9,1,冀,0.15384615384615374,0.6043333333333334,0.08249068216275457,1.765856007582353,0.12464347746323055,冀,False,False,True,False,False,False,True
2026-06-10,奶白菜,1.75,1.5,2.0,1,,-0.2222222222222222,2.4033333333333333,0.37021273784726294,-1.7647510918516158,0.12216022434181527,,True,False,False,True,True,False,True
2026-05-08,木耳菜,2.5,2.0,3.0,1,,-0.2647058823529411,5.035,1.4386386045434607,-1.7620825633303925,0.10410950704940743,,True,False,False,True,True,False,True
2026-04-16,蒿子秆,1.75,1.5,2.0,1,,-0.07894736842105254,2.795,0.5934048452320111,-1.7610237064906724,0.1308618025404215,,True,False,False,False,True,False,True
2026-07-03,茼蒿,4.5,4.0,5.0,1,,-0.16666666666666674,6.234999999999999,0.9859486941957019,-1.7597264545447207,0.12404354727947502,,True,False,False,True,True,False,True
2026-04-02,苋菜,4.75,4.5,5.0,1,,-0.2692307692307693,7.195000000000001,1.3898244741569052,-1.7592149551713616,0.11230881734257438,,True,False,False,True,True,False,True
2026-01-21,菜心,2.65,2.3,3.0,1,,0.06000000000000005,2.43,0.12507140817491866,1.7589951469349308,0.06738071802859485,,True,False,False,False,True,False,True
2026-03-31,盖菜,1.4,1.0,1.8,1,,-0.26315789473684215,2.4566666666666666,0.6015401688271889,-1.7566020050279088,0.12169098498419412,,True,False,False,True,True,False,True
2026-06-24,茼蒿,8.25,7.5,9.0,1,,-0.08333333333333337,5.741666666666666,1.428471774028246,1.755955825616289,0.11572150435484897,,True,False,False,False,True,False,True
2026-07-13,小白菜,1.675,0.8,2.8,2,冀,1.09375,1.2375,0.24920131039672966,1.755608745810758,0.351190884194121,冀,False,False,True,False,False,False,True
2026-02-25,茴香,1.65,1.5,1.8,1,冀,-0.13157894736842102,3.2716666666666665,0.9238864064126191,-1.7552662918415212,0.23088578493027975,冀,False,False,False,True,False,False,True
2026-07-21,鸡毛菜,7.4,7.0,7.8,1,,-0.15428571428571425,3.8433333333333333,2.028959871687841,1.752950719379169,0.21068462585850864,,True,False,False,True,True,False,True
2026-05-14,空心菜,2.35,2.2,2.5,1,,-0.07843137254901955,3.1950000000000003,0.4823344811685545,-1.7518963146752724,0.17033545281372417,,True,False,False,False,True,False,True
2026-07-17,黄瓜,2.225,1.2,3.0,2,冀/辽冀鲁,-0.12745098039215674,1.2575,0.5530148560703176,1.7495009209607548,0.16766219758265657,冀/辽冀鲁,False,False,False,True,False,False,True
2026-07-02,苋菜,2.05,1.7,2.4,1,,0.05128205128205132,3.0166666666666666,0.5526321551000576,-1.749204525552165,0.16556528978338642,,True,False,False,False,True,False,True
2026-04-12,豇豆,3.25,3.0,3.5,1,海,0.2264150943396226,4.846666666666667,0.9134939870452435,-1.747867735650007,0.12479868904091854,海,False,False,True,False,False,False,True
2026-06-08,菊花菜,2.75,2.5,3.0,1,,0.5714285714285714,1.69,0.6064879110146241,1.7477677308137483,0.2744156239554364,,True,False,True,False,True,False,True
2026-04-14,鸡毛菜,2.25,2.0,2.5,1,,-0.09999999999999998,3.27,0.5836271837870259,-1.7476910403340857,0.08010233464690011,,True,False,False,False,True,False,True
2026-02-02,美人椒,10.5,10.0,11.0,1,鲁,-0.16000000000000003,14.333333333333334,2.1945596264451304,-1.7467437599509568,0.06525814680278326,鲁,False,False,False,True,False,False,True
2026-06-11,黄心菜,3.4,3.0,3.8,1,,0.09677419354838701,2.5016666666666665,0.5143598856384743,1.7465073743420587,0.0686452277346111,,True,False,False,False,True,False,True
2026-03-10,小米椒,7.5,7.0,8.0,1,云,-0.21052631578947367,13.333333333333334,3.340796243447048,-1.746090724561662,0.11838270186229763,云,False,False,False,True,False,False,True
2026-05-25,菠菜,2.625,1.0,4.3,2,冀,0.8750000000000002,1.7208333333333334,0.5180818124271739,1.7452198571316653,0.4790059766209912,冀,False,False,True,False,False,False,True
2026-03-28,小白菜,0.8,0.6,1.0,1,冀鲁,-0.30434782608695643,1.5483333333333331,0.4300126969523449,-1.7402586915154863,0.3975854295591625,冀鲁,False,False,False,True,False,False,True
2026-05-18,菠菜,2.4,1.0,3.8,2,冀,1.2857142857142856,1.6158333333333335,0.4516484812049327,1.7362322675692907,0.40300944741296646,冀,False,False,True,False,False,False,True
2026-07-05,豇豆,1.05,0.8,1.3,1,鲁冀,-0.2222222222222222,2.161666666666667,0.640808128437259,-1.7347886478557824,0.10156682926037787,鲁冀,False,False,False,True,False,False,True
2026-06-10,沙葁,13.5,13.0,14.0,1,,0.08000000000000007,11.283333333333333,1.2777864043877192,1.734770896806367,0.06961945895621831,,True,False,False,False,True,False,True
2026-07-11,小白菜,0.8,0.6,1.0,1,冀,-0.4181818181818181,1.2191666666666667,0.24191079623144618,-1.7327323674534658,0.25045994999538695,冀,False,False,False,True,False,False,True
2026-04-25,水萝卜,0.9,0.8,1.0,1,鲁,-0.320754716981132,1.597,0.4025063717636526,-1.7316496058086523,0.2565478138344442,鲁,False,False,False,True,False,False,True
2026-05-22,茼蒿,5.0,4.5,5.5,1,,0.05263157894736836,3.523333333333333,0.8545752457067268,1.7279539444715317,0.1619907590334273,,True,False,False,False,True,False,True
2026-01-26,香芹,3.25,2.7,3.8,1,,0.06557377049180335,2.8194444444444446,0.24919806019031185,1.7277644746782592,0.08147505561192285,,True,False,False,False,True,False,True
2026-04-25,小白菜,0.65,0.5,0.8,1,冀鲁,-0.5094339622641508,1.1308333333333331,0.2786732214760056,-1.7254378830752992,0.38959608820399516,冀鲁,False,False,False,True,False,False,True
2026-06-26,香葱,3.4,3.0,3.8,1,,-0.06849315068493156,3.75,0.20299481902679803,-1.7241819356670154,0.03996171486778969,,True,False,False,False,True,False,True
2026-03-16,苋菜,9.25,8.5,10.0,1,,-0.07499999999999996,7.11,1.2425224621573319,1.7223028678969883,0.08694282413173657,,True,False,False,False,True,False,True
2026-06-26,穿心莲,1.9,1.8,2.0,1,,-0.15555555555555556,2.6716666666666664,0.4486922248531714,-1.7198128782355973,0.25019611954595405,,True,False,False,True,True,False,True
2026-05-23,黄瓜,1.075,0.9,1.4,2,冀/辽冀鲁,0.22857142857142843,0.8508333333333333,0.13039782189136703,1.7190982442438139,0.09163968332061385,冀/辽冀鲁,False,False,True,False,False,False,True
2026-07-05,线茄,0.75,0.5,1.0,1,冀,-0.21052631578947367,1.4200000000000002,0.38987177379237464,-1.7185137397425625,0.07101443709462234,冀,False,False,False,True,False,False,True
2026-03-30,茼蒿,2.9,2.5,3.3,1,,-0.1470588235294118,4.016666666666667,0.6498452512519517,-1.7183578159805981,0.04455217657723735,,True,False,False,True,True,False,True
2026-03-21,青蒜,1.7,1.6,1.8,1,鲁,-0.29166666666666663,2.5691666666666664,0.5060701929869865,-1.7174824336848797,0.244225105076361,鲁,False,False,False,True,False,False,True
2026-03-31,架豆,4.25,3.5,5.0,1,云,-0.15000000000000002,5.183333333333334,0.5438263752676781,-1.7162340331028176,0.06834281779851242,云,False,False,False,True,False,False,True
2026-07-20,荆芥,2.8,2.3,3.3,1,,-0.06666666666666676,4.01,0.7055689804738238,-1.714927999226137,0.05502802039037049,,True,False,False,False,True,False,True
2026-03-28,菠菜,1.0,0.8,1.2,1,冀,-0.3846153846153846,1.9541666666666666,0.5567409527830296,-1.7138431471530708,0.29569066368153246,冀,False,False,False,True,False,False,True
2026-07-13,豌豆苗,5.0,4.7,5.3,1,,0.05263157894736836,4.8,0.1167077103501692,1.7136828355206457,0.014066381153285505,,True,False,False,False,True,False,True
2026-05-17,丝瓜,1.75,1.0,2.5,2,冀/豫冀,-0.17647058823529416,2.301666666666667,0.32216491100839323,-1.7123735323624205,0.11683072025871147,豫冀,True,False,False,True,True,False,True
2026-06-30,香葱,3.4,3.0,3.8,1,,-0.05555555555555558,3.75,0.2046864717662999,-1.7099322538502273,0.04588997947543068,,True,False,False,False,True,False,True
2026-04-08,空心菜,3.5,3.0,4.0,1,,-0.06666666666666665,7.526666666666667,2.3553216828885724,-1.7096037012355583,0.11813275081209673,,True,False,False,False,True,False,True
2026-06-09,豌豆苗,4.75,4.5,5.0,1,,-0.07766990291262144,5.069999999999999,0.1873591424934101,-1.7079497468945484,0.03777436518972727,,True,False,False,False,True,False,True
2026-04-27,白萝卜,0.85,0.8,0.9,1,苏冀,-0.05555555555555558,0.6413333333333334,0.12218508666076565,1.7077916165498015,0.05658584543111962,川,True,False,False,False,True,False,True
2026-05-17,芹菜,0.85,0.8,0.9,1,鲁津冀京,-0.15000000000000002,1.1083333333333334,0.15147739864035928,-1.7054249389816474,0.05494689308335428,鲁津冀京,False,False,False,True,False,False,True
2026-07-31,快菜,1.9,1.5,2.3,1,,0.6521739130434783,1.35,0.32270409206343015,1.704347770997254,0.22600447327634238,,True,False,True,False,True,False,True
2026-04-09,香芹,2.4,2.0,2.8,1,,-0.05882352941176472,2.85,0.264249098781616,-1.7029386365926444,0.048369866896287195,,True,False,False,False,True,False,True
2026-06-15,大白菜,0.53,0.4,0.65,1,冀,0.1777777777777778,0.4,0.07633862853691442,1.702938636592574,0.16997436460867626,冀,False,False,True,False,False,False,True
2026-03-29,香菜,1.5,1.2,1.8,1,冀皖苏,-0.1428571428571429,3.1166666666666667,0.9508012350148292,-1.7003203268256717,0.06722300326189266,冀皖苏,False,False,False,True,False,False,True
2026-03-14,水萝卜,1.65,1.5,1.8,1,鲁,-0.2500000000000001,2.6874999999999996,0.6105660883768937,-1.6992427515226913,0.26517478704416814,鲁,False,False,False,True,False,False,True
2026-05-16,苦菊,1.8,1.7,1.9,1,辽冀,-0.18181818181818188,2.42,0.36515230643738983,-1.697921631795326,0.13639851510179374,辽冀,False,False,False,True,False,False,True
2026-07-03,盖菜,1.05,0.8,1.3,1,,-0.2222222222222222,1.596666666666667,0.3221515314186828,-1.6969240042388436,0.16813578323708497,,True,False,False,True,True,False,True
2026-03-27,香菜,1.75,1.5,2.0,1,冀皖苏,-0.125,3.308333333333333,0.9184022232541357,-1.6967874139195316,0.06722300326189266,冀皖苏,False,False,False,True,False,False,True
2026-07-06,丝瓜,1.075,0.8,1.5,2,冀/豫冀,-0.21818181818181825,1.9316666666666669,0.5051004224722031,-1.696032370105197,0.08320429347658814,冀/豫冀,False,False,False,True,False,False,True
2026-03-14,青蒜,1.9,1.8,2.0,1,鲁,-0.22448979591836749,2.7625,0.5085794109491455,-1.695900347971901,0.2710570497291225,鲁,False,False,False,True,False,False,True
2026-03-11,盖菜,2.5,2.2,2.8,1,,-0.09090909090909094,3.1666666666666665,0.39311605142127876,-1.695852062657803,0.07449493951642717,,True,False,False,False,True,False,True
2026-04-01,樱桃萝卜,2.25,2.0,2.5,1,,-0.15094339622641506,2.6550000000000002,0.23901738502634007,-1.6944374148992076,0.044543103139254074,,True,False,False,True,True,False,True
2026-06-22,小葱,1.9,1.3,2.5,1,冀辽,-0.3090909090909091,2.4833333333333334,0.3444969679395482,-1.693290181397753,0.08662152114387107,冀辽,False,False,False,True,False,False,True
2026-08-11,菊花菜,3.15,3.0,3.3,1,,-0.09999999999999998,2.435,0.4222578881891027,1.6932780180054243,0.20086515376838182,,True,False,False,False,True,False,True
2026-06-23,瓠子,0.6,0.5,0.7,1,冀,-0.20000000000000007,1.135,0.315995962436013,-1.6930596070775232,0.11772235508382503,冀,False,False,False,True,False,False,True
2026-03-25,西葫芦,1.55,1.3,1.8,2,鲁云,-0.17333333333333334,2.0766666666666667,0.3112082497502975,-1.6923287447850286,0.06308310551430718,鲁云,False,False,False,True,False,False,True
2026-05-04,圆白菜,0.5,0.4,0.6,1,冀,-0.13793103448275856,0.5990000000000001,0.05874257106367433,-1.6853194915947498,0.07778026968073966,冀,False,False,False,True,False,False,True
2026-04-01,穿心莲,2.75,2.5,3.0,1,,-0.19117647058823528,4.066666666666666,0.7849152527649036,-1.6774634739593117,0.17390616487629307,,True,False,False,True,True,False,True
2026-03-14,小白菜,1.05,0.9,1.2,1,冀鲁,-0.4473684210526315,2.0775,0.6132990916853447,-1.6753652727194364,0.3176240397815037,冀鲁,False,False,False,True,False,False,True
2026-07-15,空心菜,3.25,3.0,3.5,1,,0.2264150943396226,2.4683333333333333,0.4671046794982867,1.6734293210383773,0.16668764598291794,,True,False,True,False,True,False,True
2026-05-02,菠菜,0.8,0.6,1.0,1,冀,-0.5492957746478873,1.6708333333333334,0.521026975496866,-1.6713785932156047,0.45170605761113086,冀,False,False,False,True,False,False,True
2026-05-22,菠菜,2.55,1.0,4.3,2,冀,0.4166666666666665,1.7016666666666667,0.5077814037782379,1.6706664068852424,0.4191255151305892,冀,False,False,True,False,False,False,True
2026-06-19,紫甘蓝,0.95,0.9,1.0,1,冀,0.18749999999999978,0.8483333333333333,0.060860685080813645,1.6704817984166456,0.050111482858579505,冀,False,False,True,False,False,False,True
2026-05-18,黄心菜,2.0,1.5,2.5,1,,0.25,2.63,0.37751455783759036,-1.6688098165237661,0.1132355142811297,,True,False,True,False,True,False,True
2026-01-29,芥兰,2.9,2.5,3.3,1,,-0.10769230769230775,3.338095238095238,0.26263318616692466,-1.6680878928102896,0.061140236556305086,,True,False,False,False,True,False,True
2026-03-29,茴香,1.5,1.2,1.8,1,冀,-0.1428571428571429,2.9016666666666664,0.8406158798590865,-1.6674282514168417,0.07690583785046326,冀,False,False,False,True,False,False,True
2026-07-17,散叶生菜,1.35,1.2,1.5,1,冀,0.2272727272727273,1.1700000000000002,0.1079591238098685,1.667297710909601,0.06074119134373289,冀,False,False,True,False,False,False,True
2026-07-29,黄心菜,2.9,2.5,3.3,1,,-0.06451612903225812,3.9216666666666664,0.6130313786947358,-1.6665813564747625,0.09120131564507783,,True,False,False,False,True,False,True
2026-07-13,芥兰,2.1,2.0,2.2,1,,0.10526315789473695,1.945,0.09317206922013231,1.6635886837909588,0.03936363852079716,,True,False,False,False,True,False,True
2026-07-06,芹菜,1.0,0.8,1.2,1,冀,-0.13043478260869557,1.2833333333333334,0.1703613468652655,-1.6631315644470377,0.05546859735571873,冀,False,False,False,True,False,False,True
2026-02-11,茼蒿,5.25,5.0,5.5,1,,0.16666666666666674,4.483333333333333,0.46150677757442166,1.6612251518733883,0.07140153185016002,,True,False,True,False,True,False,True
2026-02-14,青蒜,2.45,2.3,2.6,1,豫鲁川,-0.26865671641791045,2.9408333333333334,0.2957663433946765,-1.6595307217845117,0.1421083122670837,豫鲁川,False,False,False,True,False,False,True
2026-07-22,木耳菜,3.0,2.5,3.5,1,,0.17647058823529416,2.5500000000000003,0.2713313281859631,1.6584889146732882,0.1941499504232634,,True,False,True,False,True,False,True
2026-04-10,香葱,2.75,2.5,3.0,1,,-0.15384615384615385,3.2866666666666666,0.32375313427675334,-1.6576416097578495,0.06698448087484916,,True,False,False,True,True,False,True
2026-07-14,菠菜,3.6,2.0,5.2,2,蒙,-0.15294117647058825,2.565,0.6249689647466957,1.6560822350906543,0.22776923970835997,蒙,False,False,False,True,False,False,True
2026-06-20,苤蓝,2.9,2.8,3.0,1,,-0.10769230769230775,4.159375,0.7605302426596857,-1.6559170554425042,0.06036170294023687,,True,False,False,False,True,False,True
2026-05-11,广茄,2.2,1.7,2.7,1,云,-0.19999999999999996,2.5766666666666667,0.22770721269348734,-1.6541709953372923,0.1033353610417641,云,False,False,False,True,False,False,True
2026-04-29,油豆,4.75,4.5,5.0,1,冀辽,-0.09523809523809523,5.636666666666667,0.5369025682710915,-1.65144798901199,0.08984549936321694,鲁辽,True,False,False,False,True,False,True
2026-07-18,韭菜,1.65,1.5,1.8,1,冀,0.1785714285714286,1.4649999999999999,0.11230346818113325,1.6473222331977782,0.07492683783873973,冀,False,False,True,False,False,False,True
2026-04-05,花生,4.15,4.0,4.3,1,苏鲁,-0.05681818181818177,4.586666666666667,0.26520432374555025,-1.6465292137756604,0.01587424407956754,苏,True,False,False,False,True,False,True
2026-04-01,茼蒿,2.75,2.5,3.0,1,,-0.051724137931034475,3.9133333333333336,0.7068547786928508,-1.6457883123951207,0.04407897850984925,,True,False,False,False,True,False,True
2026-06-01,土豆,1.115,0.85,1.2,2,冀鲁/鲁,0.14358974358974352,1.0461666666666667,0.041867676062215406,1.644068642144047,0.043005895663747656,陕蒙冀/鲁,True,False,False,False,True,False,True
2026-03-23,蒿子秆,2.65,2.3,3.0,1,,-0.07017543859649134,3.3611,0.43254231206222776,-1.6440010148595534,0.11086687747773855,,True,False,False,False,True,False,True
2026-03-11,白豆,6.1,5.5,6.7,1,云鲁,0.16190476190476177,5.045,0.6434484144583501,1.6396030766321656,0.07838303635323045,云鲁,False,False,True,False,False,False,True
2026-07-19,茴香,3.0,2.5,3.5,1,冀,0.33333333333333326,1.8216666666666668,0.7187972873000357,1.6393124378076305,0.23033280999956196,冀,False,False,True,False,False,False,True
2026-01-19,菠菜,4.15,3.0,5.5,2,冀豫,0.27692307692307705,3.388157894736842,0.4652036905315893,1.637652754630127,0.1449759793850608,冀豫,False,False,True,False,False,False,True
2026-04-27,苦菊,2.95,2.3,4.0,2,辽冀,0.22916666666666674,2.3991666666666664,0.33640360440617284,1.6374180481974236,0.14155299407030475,辽冀,False,False,True,False,False,False,True
2026-04-10,空心菜,3.0,2.5,3.5,1,,-0.1428571428571429,7.243333333333334,2.5942487229989357,-1.6356694312749114,0.12005133710606404,,True,False,False,True,True,False,True
2026-04-13,木耳菜,8.0,7.5,8.5,1,,0.6000000000000001,6.316666666666666,1.0295909242336818,1.6349535468042593,0.1748099697970021,,True,False,True,False,True,False,True
2026-02-24,茴香,1.9,1.8,2.0,1,冀,-0.6545454545454545,3.325,0.8717550668345578,-1.6346334586552367,0.2334137750792238,冀,False,False,False,True,False,False,True
2026-06-30,木耳菜,2.25,2.0,2.5,1,,-0.08163265306122458,2.683333333333333,0.26533431525259193,-1.633159785310129,0.08269963771355178,,True,False,False,False,True,False,True
2026-05-06,南北瓜,0.95,0.8,1.1,1,桂冀海,-0.09523809523809534,1.1,0.09191450300179975,-1.6319513798280891,0.025453451610707115,冀海,True,False,False,False,True,False,True
2026-05-18,香芹,2.65,2.3,3.0,1,,0.20454545454545436,2.3733333333333335,0.1695497756907431,1.6317725313379554,0.11013500192674634,,True,False,True,False,True,False,True
2026-02-10,黄心菜,2.0,1.7,2.3,1,,-0.06976744186046513,2.1913793103448276,0.1173128947342789,-1.6313578381840612,0.01864613315668077,,True,False,False,False,True,False,True
2026-07-03,白豆,2.25,2.0,2.5,1,蒙冀,-0.15094339622641506,3.101666666666667,0.5221776902835705,-1.6309901447611947,0.07138930461303794,蒙冀,False,False,False,True,False,False,True
2026-01-24,青蒜,2.55,2.3,2.8,1,豫鲁川,-0.15702479338842978,3.126041666666667,0.353282677699203,-1.6305403661968643,0.08247067042435272,豫鲁川,False,False,False,True,False,False,True
2026-02-11,油菜,1.45,0.9,2.3,2,鲁京皖,0.15999999999999992,1.1833333333333333,0.16365087593839003,1.6294851166397615,0.09614875602072569,鲁京皖,False,False,True,False,False,False,True
2026-04-22,木耳菜,4.25,4.0,4.5,1,,-0.05555555555555558,6.141666666666667,1.1627911821704413,-1.6268326554865353,0.19545783473697806,,True,False,False,False,True,False,True
2026-07-01,油麦菜,1.2,1.0,1.5,2,京冀,-0.1724137931034483,1.7341666666666666,0.3285602955563769,-1.625779724120714,0.21339597852702946,京冀,False,False,False,True,False,False,True
2026-06-20,油菜,0.6,0.5,0.7,1,冀京,-0.4418604651162791,1.0491666666666668,0.2767953412171896,-1.6227392581518367,0.2637970000244081,冀京,False,False,False,True,False,False,True
2026-07-02,空心菜,2.05,1.8,2.3,1,,-0.06818181818181834,2.725,0.4164194669006179,-1.6209616832372893,0.1651823003825386,,True,False,False,False,True,False,True
2026-04-15,奶白菜,2.25,2.0,2.5,1,,-0.09999999999999998,3.9016666666666664,1.0190837105927082,-1.6207369909838343,0.07268792433840815,,True,False,False,False,True,False,True
2026-06-20,菠菜,1.5,1.2,1.8,1,蒙,-0.44444444444444453,2.6008333333333336,0.6810388658377833,-1.6164030990788434,0.24419063634884458,蒙,False,False,False,True,False,False,True
2026-06-03,鸡毛菜,5.75,5.5,6.0,1,,-0.07999999999999996,3.441666666666667,1.429256096193313,1.6150592881719088,0.15241606332647548,,True,False,False,False,True,False,True
2026-07-16,菜心,3.0,2.5,3.5,1,,-0.0625,2.2333333333333334,0.47476551986277904,1.6148322373711037,0.24085983165672306,,True,False,False,False,True,False,True
2026-04-07,小黄瓜,2.875,2.0,3.5,2,辽鲁,-0.24342105263157887,4.189166666666667,0.8147266130567877,-1.6130155141686373,0.06729055836972188,辽鲁,False,False,False,True,False,False,True
2026-06-16,白豆,2.75,2.0,3.5,1,辽冀,-0.19117647058823528,3.3416666666666663,0.3669734870939375,-1.6122872291185768,0.10397891504968762,辽冀,False,False,False,True,False,False,True
2026-05-05,广茄,2.85,2.5,3.2,1,云,0.2666666666666666,2.513333333333333,0.20882814801240768,1.6121709159948283,0.09202791785980564,云,False,False,True,False,False,False,True
2026-04-20,快菜,0.65,0.5,0.8,1,,-0.35,0.9733333333333334,0.20074573613083943,-1.6106610260583338,0.27404487366914787,,True,False,False,True,True,False,True
2026-06-07,团生菜,1.5,1.2,1.8,1,冀京,0.19999999999999996,1.1566666666666665,0.2132399220779603,1.6100799980962812,0.06255071949651174,冀京,False,False,True,False,False,False,True
2026-03-07,油菜,0.75,0.7,0.8,1,鲁京皖,-0.1428571428571429,1.1091666666666666,0.22307445538133283,-1.6100752820518696,0.1773086932945396,鲁京皖,False,False,False,True,False,False,True
2026-06-13,小白菜,0.7,0.6,0.8,1,冀,-0.4285714285714286,1.3891666666666669,0.4284939208785628,-1.6083464270709689,0.3921024598643931,冀,False,False,False,True,False,False,True
2026-03-16,穿心莲,3.9,3.5,4.3,1,,-0.08235294117647063,4.8966666666666665,0.6197793452363589,-1.6080991958300546,0.053884740125322086,,True,False,False,False,True,False,True
2026-05-30,水萝卜,0.65,0.6,0.7,1,冀,-0.5873015873015872,1.1383333333333332,0.3039774643794632,-1.6064787379229324,0.4477382098093273,冀,False,False,False,True,False,False,True
2026-04-17,鸡毛菜,2.1,2.0,2.2,1,,-0.06666666666666665,3.173333333333333,0.6688556018244571,-1.6047310217714703,0.08011585394605297,,True,False,False,False,True,False,True
2026-01-27,玉米,2.275,2.0,2.5,2,海粤云,-0.05208333333333337,2.462962962962963,0.11713124837006278,-1.6047209056383946,0.0308525289737331,海粤,True,False,False,False,True,False,True
2026-06-02,菊花菜,2.5,2.0,3.0,1,,-0.15254237288135597,1.5933333333333333,0.5656447851686528,1.6028905250073768,0.2259599797986672,,True,False,False,True,True,False,True
2026-06-30,法香,10.25,10.0,10.5,1,,0.07894736842105265,8.779411764705882,0.9180582129434612,1.601846391177249,0.11192933422910863,,True,False,False,False,True,False,True
2026-05-19,散叶生菜,1.0,0.8,1.2,1,冀,0.4285714285714286,0.85,0.09377154924750425,1.599632310692492,0.1330167014457617,冀,False,False,True,False,False,False,True
2026-04-27,白豆,3.0,2.6,3.4,1,云鲁,-0.13043478260869568,4.173333333333333,0.734228815848975,-1.5980486028413765,0.05756857852867792,云鲁,False,False,False,True,False,False,True
2026-08-08,苦菊,2.575,2.2,2.9,2,冀/辽,-0.13211998651836865,3.5964666666666667,0.6392662676221367,-1.5978735597393423,0.08983044506331006,冀/辽,False,False,False,True,False,False,True
2026-08-01,圆白菜,0.8,0.6,1.0,1,冀,0.3333333333333335,0.6566666666666666,0.0897634182970231,1.5967900515892777,0.10853571297471637,冀,False,False,True,False,False,False,True
2026-05-11,黄心菜,2.3,1.8,2.8,1,,-0.08000000000000007,2.835,0.33506304090321704,-1.5967144527722916,0.056273401081008506,,True,False,False,False,True,False,True
2026-08-07,架豆,4.35,3.5,5.2,1,云冀,0.24285714285714266,3.865,0.30403890404423634,1.5951905941926237,0.08572260719907533,云冀,False,False,True,False,False,False,True
2026-03-14,菠菜,1.4,1.2,1.6,1,冀,-0.3846153846153846,2.6149999999999998,0.7629231443192267,-1.5925588429804045,0.44320862450817416,冀,False,False,False,True,False,False,True
2026-03-28,水萝卜,1.45,1.3,1.6,1,鲁,-0.39834024896265563,2.2703333333333333,0.5152651365263692,-1.5920606211853652,0.24471051077862868,鲁,False,False,False,True,False,False,True
2026-02-10,豆王,4.9,4.3,5.5,1,云,0.28947368421052655,4.256666666666667,0.4042305021279018,1.5915012101926382,0.08123973181292432,云,False,False,True,False,False,False,True
2026-05-11,白萝卜,0.6,0.5,0.7,1,鄂冀,-0.1428571428571428,0.7813333333333333,0.11413039527854422,-1.5888259467670733,0.06618697503377076,苏冀,True,False,False,True,True,False,True
2026-08-10,油麦菜,3.65,2.8,4.5,2,京冀,0.32727272727272716,2.750833333333333,0.5660846825485516,1.5883960375302113,0.17364619186932898,京冀,False,False,True,False,False,False,True
2026-06-30,豇豆,1.5,1.2,1.8,1,鲁冀,-0.16666666666666674,2.355,0.5384124172365279,-1.588002008550247,0.09978795022310469,鲁冀,False,False,False,True,False,False,True
2026-07-23,韭菜,1.9,1.8,2.0,1,冀,-0.15555555555555556,1.5183333333333333,0.24050354264123114,1.5869482107214288,0.10985913598012792,冀,False,False,False,True,False,False,True
2026-06-16,丝瓜,1.875,1.5,2.5,2,冀/豫冀,-0.25,2.599166666666667,0.4566785697752234,-1.585725091114087,0.11123358394338898,冀/豫冀,False,False,False,True,False,False,True
2026-06-20,南姜,6.25,6.0,6.5,1,,-0.07407407407407407,7.28125,0.6511208285205851,-1.5838074207257482,0.08086849009864093,,True,False,False,False,True,False,True
2026-07-20,油麦菜,3.225,2.5,3.8,2,京冀,-0.14,1.8733333333333333,0.8542473328885072,1.5822895953285707,0.2224408242902975,京冀,False,False,False,True,False,False,True
2026-04-05,圆白菜,0.7,0.5,0.9,1,冀鲁苏,-0.06666666666666676,0.9726666666666666,0.1724055630219596,-1.5815421607476585,0.06096793766298707,冀鄂鲁苏,True,False,False,False,True,False,True
2026-06-11,穿心莲,2.25,2.0,2.5,1,,-0.18181818181818177,2.845,0.376313790559856,-1.58112727974916,0.18924006919739156,,True,False,False,True,True,False,True
2026-07-09,黄心菜,4.4,4.3,4.5,1,,0.08641975308641991,3.5966666666666662,0.5081971741520143,1.5807512796067562,0.07590543683899643,,True,False,False,False,True,False,True
2026-05-02,小白菜,0.7,0.6,0.8,1,冀,-0.5625,1.1666666666666667,0.2962650646055757,-1.5751660334570683,0.3735879029158539,冀,False,False,False,True,False,False,True
2026-03-26,盖菜,1.7,1.3,2.1,1,,0.2142857142857144,2.623333333333333,0.5864465365486307,-1.5744544059674337,0.09652132795374703,,True,False,True,False,True,False,True
2026-02-24,香菜,5.25,5.0,5.5,1,冀皖苏,-0.25,8.15,1.8425057900063408,-1.5739434935452876,0.09724446554179197,冀豫,True,False,False,True,True,False,True
2026-07-22,苋菜,4.25,3.8,4.7,1,,-0.05555555555555558,2.993333333333333,0.7987849968948635,1.5732226713718185,0.16571448103609096,,True,False,False,False,True,False,True
2026-05-23,苦菊,1.75,1.7,1.8,1,辽冀,-0.1954022988505747,2.306666666666666,0.35403665632668846,-1.5723418937529459,0.11255987363405322,辽冀,False,False,False,True,False,False,True
2026-03-25,茴香,1.75,1.5,2.0,1,冀,-0.2222222222222222,2.966666666666667,0.7749675558651985,-1.569958196905858,0.09400587916282754,冀,False,False,False,True,False,False,True
2026-01-30,广茄,3.85,3.3,4.4,1,云闽,-0.18947368421052635,4.461666666666667,0.38966903138816167,-1.5697081815500147,0.050638972151827784,云闽,False,False,False,True,False,False,True
2026-05-14,苋菜,2.0,1.8,2.2,1,,-0.1836734693877552,3.9299999999999997,1.2329946723603211,-1.565294679096546,0.15735485329858656,,True,False,False,True,True,False,True
2026-03-03,快菜,0.95,0.7,1.2,1,,-0.09523809523809534,1.5599999999999998,0.3900486264999314,-1.5639075708938746,0.18106504265797352,,True,False,False,False,True,False,True
2026-04-04,水萝卜,1.4,1.3,1.5,1,鲁,-0.32530120481927716,2.0711666666666666,0.42958617483479655,-1.5623563000480016,0.26122577225782034,鲁,False,False,False,True,False,False,True
2026-07-28,西葫芦,1.1,0.6,1.8,2,冀,-0.18518518518518512,1.4224999999999999,0.2066095351139424,-1.5609153750921774,0.10387458836806049,冀,False,False,False,True,False,False,True
2026-07-20,菠菜,3.75,2.5,5.0,2,蒙,0.36363636363636354,2.694166666666667,0.6772371399134616,1.559030465263983,0.18817146112437066,蒙,False,False,True,False,False,False,True
2026-06-01,豇豆,2.35,2.0,2.7,1,鲁冀,-0.2033898305084746,3.5,0.737657055164852,-1.5589900373731223,0.0770829520679815,鲁冀,False,False,False,True,False,False,True
2026-05-30,小白菜,0.7,0.6,0.8,1,冀,-0.5692307692307692,1.37,0.4303867546994083,-1.5567393575295854,0.5227985676138113,冀,False,False,False,True,False,False,True
2026-06-08,油菜,1.4,0.8,2.3,2,冀京,0.5555555555555554,0.9650000000000001,0.27967037247692095,1.555402512419856,0.25854785878634173,冀京,False,False,True,False,False,False,True
2026-07-20,青蒜,3.3,2.2,4.2,2,甘,-0.17500000000000004,3.78,0.3091562488562956,-1.5526129644014321,0.11133475702431421,甘,False,False,False,True,False,False,True
2026-07-30,茴香,3.25,3.0,3.5,1,冀,0.18181818181818188,2.02,0.7927037973573939,1.5516514543015985,0.2414608271924923,冀,False,False,True,False,False,False,True
2026-05-25,香菜,2.5,2.0,3.0,1,冀,-0.16666666666666663,1.62,0.567146517589384,1.551627265103165,0.2732151763824921,冀,False,False,False,True,False,False,True
2026-04-21,木耳菜,4.5,4.0,5.0,1,,-0.25,6.241666666666666,1.1228107690027314,-1.5511666923301743,0.19671541366086923,,True,False,False,True,True,False,True
2026-02-13,茴香,4.0,3.5,4.5,1,冀,-0.19999999999999996,3.155,0.5449375161903652,1.5506364948175322,0.12610102553898558,冀,False,False,False,True,False,False,True
2026-06-30,鱼腥草根,9.5,9.0,10.0,1,,0.11764705882352944,8.808823529411764,0.4465966070311827,1.5476527580066803,0.07153293728298708,,True,False,False,False,True,False,True
2026-07-15,油菜,1.275,0.9,1.7,2,冀京,0.15909090909090895,0.9241666666666667,0.22690603908823795,1.5461612865971501,0.4007290112832392,冀京,False,False,True,False,False,False,True
2026-05-25,菊花菜,1.6,1.2,2.0,1,,0.14285714285714302,1.37,0.14890404223219747,1.5446189139804773,0.09005112020061137,,True,False,False,False,True,False,True
2026-07-02,线茄,0.95,0.9,1.0,1,冀,-0.17391304347826086,1.5283333333333333,0.3745533738802387,-1.5440612037264738,0.06782623304868735,冀,False,False,False,True,False,False,True
2026-08-10,黄花菜,17.5,17.0,18.0,1,,-0.10256410256410253,32.23809523809524,9.551988075289678,-1.5429348447598734,0.0471001943190102,,True,False,False,False,True,False,True
2026-01-31,青蒜,2.55,2.3,2.8,1,豫鲁川,-0.15702479338842978,3.0508333333333337,0.32466715936142393,-1.5426054619087586,0.08904932689320397,豫鲁川,False,False,False,True,False,False,True
2026-06-06,罗马生菜,1.75,1.5,2.0,1,京冀,0.16666666666666674,1.59,0.10372377109252541,1.5425586470171244,0.07026743430727621,京冀,False,False,True,False,False,False,True
2026-05-27,奶白菜,2.85,2.7,3.0,1,,0.05555555555555558,2.31,0.350713558335001,1.5397180609829544,0.22280454040829878,,True,False,False,False,True,False,True
2026-05-08,空心菜,2.15,1.8,2.5,1,,-0.3857142857142858,3.52,0.8901375329611749,-1.5390880052462133,0.1606161580626435,,True,False,False,True,True,False,True
2026-05-30,茴香,1.65,1.5,1.8,1,冀,0.31999999999999984,1.34,0.20146018687711037,1.5387655735130343,0.1921636044771837,冀,False,False,True,False,False,False,True
2026-05-26,盖菜,2.15,2.0,2.3,1,,0.16216216216216206,1.4666666666666666,0.4445713420373833,1.5370611389428537,0.2171228910062448,,True,False,True,False,True,False,True
2026-04-25,菠菜,0.85,0.7,1.0,1,冀,-0.5466666666666666,1.6416666666666666,0.5152139383778939,-1.536578511752147,0.4409827982437403,冀,False,False,False,True,False,False,True
2026-04-13,韭菜,1.15,1.0,1.3,1,冀,-0.14814814814814825,1.79,0.41655400775806406,-1.5364154181219982,0.04719933537250253,冀,False,False,False,True,False,False,True
2026-04-20,荠菜,10.25,6.5,14.0,2,,0.8636363636363635,6.516666666666667,2.4333205400387934,1.5342546417143277,0.3832793643157222,,True,False,True,False,True,False,True
2026-07-11,大白菜,0.5,0.4,0.6,1,冀,0.3157894736842106,0.43633333333333335,0.0415628591938555,1.531816335582584,0.12025438221372017,冀,False,False,True,False,False,False,True
2026-06-30,凉瓜,6.25,6.0,6.5,1,,-0.13793103448275867,9.220588235294118,1.9402850002906649,-1.5310061330418512,0.06869990601430265,,True,False,False,True,True,False,True
2026-04-20,油豆,6.85,6.7,7.0,1,鲁辽,0.09599999999999986,5.903333333333333,0.6204744198974901,1.5257142539785398,0.0804335644104183,云鲁,True,False,False,False,True,False,True
2026-03-15,香菜,3.0,2.5,3.5,1,冀皖苏,-0.1428571428571429,4.825,1.1965287436926635,-1.5252454315203345,0.04977574335744031,冀皖苏,False,False,False,True,False,False,True
2026-07-01,茄子,0.68,0.35,1.0,1,冀鲁津,-0.1282051282051282,1.128,0.29435376323572815,-1.5219781635379561,0.050884480579064195,冀鲁津,False,False,False,True,False,False,True
2026-06-04,青萝卜,0.8,0.6,1.0,1,津鲁,-0.19999999999999996,1.2133333333333334,0.27162770329147934,-1.5216906387850724,0.05345224838248487,津鲁,False,False,False,True,False,False,True
2026-07-07,白豆,1.85,1.2,2.5,1,蒙冀,0.15625,2.9133333333333336,0.6998686247818388,-1.5193327657241287,0.09480082485462679,蒙冀辽,True,False,True,False,True,False,True
2026-06-09,水萝卜,2.25,2.0,2.5,1,,-0.18181818181818177,1.355,0.58914022685312,1.5191629415302763,0.5323734193931567,,True,False,False,True,True,False,True
2026-05-20,荠菜,11.0,6.0,16.0,2,,0.6923076923076923,7.404166666666667,2.3720906257522274,1.5158920550065569,0.40472217426957596,,True,False,True,False,True,False,True
2026-05-20,韭菜,1.25,1.0,1.5,1,冀,-0.16666666666666663,1.0516666666666667,0.13096678529522635,1.5143788777150535,0.1440729702512611,冀,False,False,False,True,False,False,True
2026-08-11,豇豆,3.3,2.8,3.8,1,鲁冀,0.375,2.3316666666666666,0.6399735087908103,1.5130834636623292,0.15933891303511957,鲁冀,False,False,True,False,False,False,True
2026-04-04,菠菜,1.0,0.8,1.2,1,冀,-0.3846153846153846,1.74,0.49018821156636355,-1.5096242270604174,0.3405509055372482,冀,False,False,False,True,False,False,True
2026-04-11,水萝卜,1.4,1.3,1.5,1,鲁,-0.23287671232876717,2.0303333333333335,0.4176286366629045,-1.5093154012858487,0.21920773349285014,鲁,False,False,False,True,False,False,True
2026-06-30,沙葁,13.5,13.0,14.0,1,,0.08000000000000007,11.485294117647058,1.3360114036145934,1.5080005132457204,0.07290432538914692,,True,False,False,False,True,False,True
2026-06-20,荔浦芋头,6.25,6.0,6.5,1,,-0.07407407407407407,6.984375,0.48707246209710225,-1.507732539093117,0.06301509410816611,,True,False,False,False,True,False,True
2026-05-23,大白菜,0.3,0.25,0.35,1,冀,-0.1428571428571428,0.3733333333333333,0.048660210562167586,-1.5070492397406232,0.1909555236208701,冀,False,False,False,True,False,False,True
2026-02-28,油菜,0.9,0.8,1.0,1,鲁京皖,-0.38983050847457634,1.2100000000000002,0.20590422949550588,-1.505554309202601,0.1894580835553235,鲁京皖,False,False,False,True,False,False,True
2026-07-22,茼蒿,10.0,9.5,10.5,1,,-0.11111111111111116,7.326666666666666,1.7762190244979676,1.5050696431364523,0.12282222555568549,,True,False,False,False,True,False,True
2026-03-28,青蒜,1.7,1.6,1.8,1,鲁,-0.27659574468085113,2.3916666666666666,0.460337831967166,-1.502519711905843,0.1799589246554403,鲁,False,False,False,True,False,False,True
2026-05-04,大葱,0.8,0.75,0.85,1,鲁,0.06666666666666665,0.765,0.023304579984937332,1.5018507101446115,0.02534296194983372,苏,True,False,False,False,True,False,True
2026-04-26,圆白菜,0.55,0.4,0.7,1,冀鲁苏,-0.15384615384615385,0.662,0.07462088087169387,-1.5009203682891021,0.04923048601119531,冀鲁苏,False,False,False,True,False,False,True
2026-06-06,青蒜,3.4,3.3,3.5,1,甘,-0.1282051282051282,3.9091666666666667,0.3393378017229439,-1.5004714007146822,0.06479143513267024,甘,False,False,False,True,False,False,True
2026-03-09,快菜,0.95,0.7,1.2,1,,-0.3214285714285714,1.5533333333333332,0.40277771171884813,-1.4979312801560367,0.20106470856837746,,True,False,False,True,True,False,True
2026-06-08,苋菜,3.75,3.5,4.0,1,,0.5306122448979591,2.9916666666666667,0.5072038516478321,1.495125344315935,0.17645153380348452,,True,False,True,False,True,False,True
2026-06-09,番茄,1.467,0.9,2.3,3,冀鲁/鲁蒙冀,-0.06381620931716647,1.6695666666666669,0.1355117206620209,-1.494827647948529,0.01705559935624916,冀鲁蒙/鲁蒙冀,True,False,False,False,True,False,True
2026-04-14,芥兰,2.4,2.3,2.5,1,,-0.05882352941176472,3.6733333333333333,0.8518472152686302,-1.4947907447602415,0.09011439278473737,,True,False,False,False,True,False,True
2026-02-24,樱桃萝卜,2.75,2.5,3.0,1,,-0.08333333333333337,3.2849999999999997,0.35795154748209657,-1.4946156924402134,0.05547358787247155,,True,False,False,False,True,False,True
2026-01-28,豇豆,3.9,3.3,4.5,1,海,-0.17894736842105263,4.914285714285714,0.6788957732225702,-1.4940227267451094,0.06055286425032507,海,False,False,False,True,False,False,True
2026-03-21,香菜,2.25,2.0,2.5,1,冀皖苏,-0.18181818181818177,4.15,1.2723857580314868,-1.4932578331743496,0.06085917892764896,冀皖苏,False,False,False,True,False,False,True
2026-07-25,白豆,3.5,3.0,4.0,1,蒙冀,-0.125,2.4699999999999998,0.6906518659932798,1.4913447001532063,0.16613561911392385,蒙冀,False,False,False,True,False,False,True
2026-06-18,苋菜,3.85,3.7,4.0,1,,0.4528301886792454,3.018333333333333,0.5582428302013595,1.4897937271611406,0.21131992802077418,,True,False,True,False,True,False,True
2026-06-07,莴笋,1.05,0.8,1.3,1,冀,0.10526315789473695,0.88,0.11416865926610868,1.4890251063013495,0.0756717134176628,津冀,True,False,False,False,True,False,True
2026-05-12,芥兰,1.65,1.3,2.0,1,,-0.05714285714285716,2.45,0.5380360198171598,-1.4868892983630788,0.07567194328607904,,True,False,False,False,True,False,True
2026-05-13,空心菜,2.55,2.3,2.8,1,,-0.07272727272727275,3.2416666666666667,0.46518133900761766,-1.4868753508948054,0.1715168563765137,,True,False,False,False,True,False,True
2026-07-29,莴笋,1.1,0.9,1.3,1,冀蒙,0.10000000000000009,0.94,0.10779930266552058,1.484239656878373,0.09101919184706753,冀,True,False,False,False,True,False,True
2026-04-19,香菜,2.0,1.5,2.5,1,冀,0.33333333333333326,1.5599999999999998,0.2966479394837797,1.4832396974193671,0.08956761653421451,冀,False,False,True,False,False,False,True
2026-03-30,苦菊,2.3,1.6,3.3,2,辽冀,0.3529411764705881,2.9433333333333334,0.43395402055289134,-1.482491929706462,0.16169590810611995,辽冀,False,False,True,False,False,False,True
2026-06-20,菊苣,9.5,9.0,10.0,1,,-0.09523809523809523,11.1875,1.1383467544352783,-1.482412976033081,0.10984030571508333,,True,False,False,False,True,False,True
2026-05-18,快菜,1.0,0.8,1.2,1,,0.4285714285714286,0.7233333333333333,0.18695995022599293,1.4798178237223445,0.20313321737120682,,True,False,True,False,True,False,True
2026-03-30,散生菜,2.0,1.8,2.2,1,,-0.06976744186046513,2.6783333333333332,0.458762077419397,-1.4786168402346076,0.04557316208374594,,True,False,False,False,True,False,True
2026-06-20,香蕉西葫,7.5,7.0,8.0,1,,-0.11764705882352944,10.125,1.7771700350088435,-1.4770674433450808,0.09271229005093988,,True,False,False,False,True,False,True
2026-04-13,菊花菜,1.8,1.3,2.3,1,,-0.09999999999999998,3.81,1.361882571270751,-1.475898173896521,0.06317120079105709,,True,False,False,False,True,False,True
2026-04-07,穿心莲,2.75,2.5,3.0,1,,-0.15384615384615385,3.725,0.6609488998976154,-1.4751518614389598,0.1852268880793941,,True,False,False,True,True,False,True
2026-01-22,蒿子秆,5.0,4.5,5.5,1,,0.11111111111111116,4.00625,0.6737643010232386,1.4749223110972234,0.1419446968620395,,True,False,False,False,True,False,True
2026-04-23,奶白菜,1.9,1.8,2.0,1,,-0.15555555555555556,3.69,1.214098217920865,-1.4743452989045343,0.11219002586164072,,True,False,False,True,True,False,True
2026-02-28,丝瓜,3.25,3.0,3.5,1,豫冀,0.18181818181818188,4.2,0.6446062684921005,-1.4737678586686631,0.10990958485566693,豫冀,False,False,True,False,False,False,True
2026-03-21,菠菜,1.3,1.1,1.5,1,冀,-0.388235294117647,2.3,0.6795345770299823,-1.471595462251037,0.32930624356987276,冀,False,False,False,True,False,False,True
2026-06-20,韭黄,9.5,9.0,10.0,1,,-0.09523809523809523,10.703125,0.8176121227900999,-1.471510715734422,0.08552670314686651,,True,False,False,False,True,False,True
2026-04-30,木耳菜,3.75,3.5,4.0,1,,-0.11764705882352944,5.541666666666667,1.2178332464224946,-1.4711921126557062,0.1965942099509471,,True,False,False,False,True,False,True
2026-01-20,荠菜,12.25,8.5,16.0,2,,0.36111111111111116,9.05,2.175759309167393,1.4707509174002142,0.2503145966849945,,True,False,True,False,True,False,True
2026-03-18,黄心菜,4.75,4.5,5.0,1,,0.05555555555555558,3.1466666666666665,1.0921296289528915,1.4680796956956221,0.08687528601427771,,True,False,False,False,True,False,True
2026-02-26,菊花菜,4.75,4.0,5.5,1,,-0.050000000000000044,3.955,0.5422415163642177,1.466136354387898,0.04974596861211083,,True,False,False,False,True,False,True
2026-08-10,菊苣,8.5,8.0,9.0,1,,-0.08108108108108103,10.619047619047619,1.4461566469850509,-1.465296047606884,0.10671786253461395,,True,False,False,False,True,False,True
2026-05-05,苋菜,3.0,2.8,3.2,1,,0.05263157894736836,4.696666666666667,1.1586208607005797,-1.4643847044500382,0.13806034855483387,,True,False,False,False,True,False,True
2026-04-14,菊花菜,1.65,1.3,2.0,1,,-0.08333333333333337,3.7149999999999994,1.410621653128811,-1.4638935928849193,0.06383229511860407,,True,False,False,False,True,False,True
2026-02-26,西葫芦,1.8,1.3,2.2,2,鲁云,0.24137931034482762,2.3833333333333333,0.3994248738937743,-1.4604331664343688,0.11849918173383887,鲁云,False,False,True,False,False,False,True
2026-06-25,奶白菜,1.75,1.5,2.0,1,,-0.07894736842105254,2.325,0.3938645837655702,-1.459892622237501,0.16192732511882285,,True,False,False,False,True,False,True
2026-02-06,奶白菜,3.5,3.0,4.0,1,,0.11111111111111116,3.0444444444444447,0.31235252930639557,1.4584660369716032,0.04212999376348755,,True,False,False,False,True,False,True
2026-04-13,鸡毛菜,2.5,2.3,2.7,1,,0.11111111111111116,3.3033333333333332,0.5510074367940068,-1.45793555529389,0.07933696941106214,,True,False,False,False,True,False,True
2026-05-08,香芹,2.15,1.8,2.5,1,,-0.17307692307692313,2.4316666666666666,0.1936417476599024,-1.4545761441967802,0.05774362776266051,,True,False,False,True,True,False,True
2026-04-04,青蒜,1.7,1.6,1.8,1,鲁,-0.27659574468085113,2.2600000000000002,0.3851555888030289,-1.4539578712601466,0.18443309389350007,鲁,False,False,False,True,False,False,True
2026-01-31,菠菜,2.75,2.5,3.0,1,冀豫,-0.2666666666666667,3.5116666666666663,0.5241056969821979,-1.4532691994235993,0.1735381995256281,冀豫,False,False,False,True,False,False,True
2026-03-09,丝瓜,5.0,4.5,5.5,1,豫冀,0.17647058823529416,3.841666666666667,0.797310493464437,1.4528008132693655,0.17446329533117236,豫冀,False,False,True,False,False,False,True
2026-04-22,散生菜,1.55,1.3,1.8,1,,-0.06060606060606055,1.9916666666666667,0.30430342540406086,-1.4514022182964645,0.02839713945973891,,True,False,False,False,True,False,True
2026-04-15,苋菜,3.75,3.5,4.0,1,,-0.0625,6.49,1.8878650594676025,-1.4513749201824353,0.08903939701857706,,True,False,False,False,True,False,True
2026-03-09,芥兰,3.5,3.0,4.0,1,,0.3207547169811322,3.0166666666666666,0.33304585304411954,1.4512516187052023,0.12316696432968395,,True,False,True,False,True,False,True
2026-05-18,白萝卜,0.5,0.4,0.6,1,鄂冀,0.25,0.7449999999999999,0.16884496051009382,-1.4510353122760415,0.1092907353464287,鄂冀,False,False,True,False,False,False,True
2026-04-03,黄心菜,2.75,2.5,3.0,1,,-0.2142857142857143,3.8916666666666666,0.787190917268411,-1.4503046740278749,0.0800362524675198,,True,False,False,True,True,False,True
2026-01-19,小白菜,3.075,2.0,4.3,2,冀鲁,0.3666666666666667,2.623684210526316,0.31118876954735625,1.450295877097852,0.12379754826462347,冀鲁,False,False,True,False,False,False,True
2026-07-04,茴香,1.25,1.0,1.5,1,冀,-0.2857142857142857,2.22,0.6690961479282465,-1.449716909899207,0.17876241989430075,冀,False,False,False,True,False,False,True
2026-03-30,蒿子秆,2.25,1.8,2.7,1,,0.125,3.1327666666666665,0.6090178460288406,-1.4494922807645645,0.08447893943031828,,True,False,False,False,True,False,True
2026-03-18,香芹,2.75,2.5,3.0,1,,0.10000000000000009,3.2150000000000003,0.3208689710017537,-1.4491896756120393,0.08173387352672194,,True,False,False,False,True,False,True
2026-03-27,番茄,2.267,1.5,3.2,3,冀鲁/鲁蒙冀,-0.05541666666666667,2.4737999999999998,0.14271031666546652,-1.4490893498945054,0.018809049640566355,冀鲁云/鲁蒙冀,True,False,False,False,True,False,True
2026-05-07,苋菜,2.75,2.5,3.0,1,,-0.08333333333333337,4.52,1.221756790516177,-1.4487335071427732,0.09806912912932052,,True,False,False,False,True,False,True
2026-04-07,盖菜,1.25,1.0,1.5,1,,-0.19354838709677424,2.1333333333333333,0.6097389680801136,-1.4487073642589825,0.14788068165029242,,True,False,False,True,True,False,True
2026-04-14,奶白菜,2.5,2.0,3.0,1,,-0.13793103448275856,3.9266666666666667,0.9858248194850056,-1.4471807145329905,0.08288813447739558,,True,False,False,True,True,False,True
2026-06-17,穿心莲,2.25,2.0,2.5,1,,-0.18181818181818177,2.796666666666667,0.3780470079631569,-1.4460282852442072,0.21739348285749147,,True,False,False,True,True,False,True
2026-07-02,散菜花,1.475,1.0,1.8,2,冀,-0.20270270270270274,1.790833333333333,0.2184864997539067,-1.4455507946215136,0.10241723750535602,冀,False,False,False,True,False,False,True
2026-03-02,蒿子秆,3.0,2.5,3.5,1,,0.09090909090909083,3.9261,0.6416614398951177,-1.4432844837167944,0.1002575135635296,,True,False,False,False,True,False,True
2026-07-28,黄心菜,3.1,2.7,3.5,1,,0.08771929824561409,3.9450000000000003,0.5855074427513642,-1.4431925852714216,0.09504318279440625,,True,False,False,False,True,False,True
2026-04-18,菠菜,0.95,0.7,1.2,1,冀,-0.5957446808510638,1.65,0.4858338015809833,-1.4408219389471966,0.3790506391596211,冀,False,False,False,True,False,False,True
2026-06-29,苋菜,2.5,2.3,2.7,1,,-0.05660377358490565,3.158333333333333,0.4571431778528828,-1.440103156357716,0.16637820939729714,,True,False,False,False,True,False,True
2026-05-16,小白菜,0.7,0.6,0.8,1,冀,-0.5333333333333334,1.2308333333333332,0.3689268765350173,-1.4388578525884337,0.48969970049898437,冀,False,False,False,True,False,False,True
2026-05-02,油麦菜,1.85,1.7,2.0,1,鲁京冀,-0.20430107526881724,1.2558333333333331,0.41307735631338155,1.4383907943283674,0.1477926347491971,鲁京冀,False,False,False,True,False,False,True
2026-05-20,空心菜,2.15,1.8,2.5,1,,0.10256410256410264,2.976666666666667,0.5748663012978038,-1.4380155260456302,0.16756048469976784,,True,False,False,False,True,False,True
2026-02-14,韭菜,3.5,3.0,4.0,1,冀粤,-0.125,3.0566666666666666,0.3084257394926847,1.437407053193913,0.10505600820083218,冀粤,False,False,False,True,False,False,True
2026-06-20,扁豆,2.6,1.9,3.3,1,冀晋,0.2093023255813955,4.1,1.043617713070492,-1.437307915737418,0.09411352586853033,冀晋,False,False,True,False,False,False,True
2026-03-15,小米椒,6.5,6.0,7.0,1,云,-0.1333333333333333,11.883333333333333,3.7501340972192545,-1.4355042229890138,0.06424318690316624,云,False,False,False,True,False,False,True
2026-02-24,茼蒿,5.25,5.0,5.5,1,,0.3291139240506329,4.515,0.5121203387674724,1.4352095481482647,0.1328507042920861,,True,False,True,False,True,False,True
2026-04-21,樱桃萝卜,1.75,1.5,2.0,1,,-0.07894736842105254,2.296666666666667,0.3812260921465589,-1.4339697044044557,0.13579792650213174,,True,False,False,False,True,False,True
2026-08-10,荔浦芋头,6.25,6.0,6.5,1,,-0.07407407407407407,6.904761904761905,0.45741249488420194,-1.4314473524114464,0.059971288586081875,,True,False,False,False,True,False,True
2026-03-05,香芹,2.9,2.5,3.3,1,,-0.18309859154929575,3.265,0.2553395305511254,-1.4294692216758738,0.0709517751824001,,True,False,False,True,True,False,True
2026-05-28,大白菜,0.43,0.4,0.45,1,冀,0.22857142857142865,0.36166666666666664,0.047856346340458746,1.4278844617012256,0.19533418253042517,冀,False,False,True,False,False,False,True
2026-01-29,茼蒿,5.15,4.6,5.7,1,,0.05102040816326525,4.440476190476191,0.4973979914563006,1.4264709984984842,0.10320237057991204,,True,False,False,False,True,False,True
2026-04-14,苋菜,4.0,3.5,4.5,1,,-0.11111111111111116,6.586666666666668,1.8155902114992657,-1.424697407093128,0.08868053841706047,,True,False,False,False,True,False,True
2026-04-08,木耳菜,5.0,4.5,5.5,1,,-0.09090909090909094,6.333333333333333,0.9384812872065064,-1.4207351297351358,0.07506393341141522,,True,False,False,False,True,False,True
2026-03-31,香芹,2.55,2.3,2.8,1,,-0.07272727272727275,3.08,0.3733815650289236,-1.4194594742751812,0.059846153843217266,,True,False,False,False,True,False,True
2026-04-15,菊花菜,1.55,1.3,1.8,1,,-0.06060606060606055,3.6166666666666667,1.4561009185689942,-1.4193155435254552,0.062124181450107493,,True,False,False,False,True,False,True
2026-03-06,樱桃萝卜,2.5,2.0,3.0,1,,-0.180327868852459,3.185,0.4826560851700975,-1.4192300087930987,0.12383359265879193,,True,False,False,True,True,False,True
2026-04-13,茼蒿,4.8,4.3,5.3,1,,-0.16521739130434787,3.7666666666666666,0.7288788430295473,1.417702466212816,0.1265062126200191,,True,False,False,True,True,False,True
2026-03-31,菜心,1.85,1.7,2.0,1,,0.12121212121212133,2.893333333333333,0.7365733024520078,-1.4164691142892902,0.13947710333018934,,True,False,False,False,True,False,True
2026-03-17,快菜,0.85,0.5,1.2,1,,-0.15000000000000002,1.4783333333333333,0.44386300568541653,-1.4156019431334592,0.238070293942536,,True,False,False,True,True,False,True
2026-03-04,盖菜,2.75,2.5,3.0,1,,0.14583333333333348,3.2816666666666667,0.3758859266919388,-1.4144362129907557,0.07251405517222309,,True,False,False,False,True,False,True
2026-02-26,木耳菜,5.75,5.5,6.0,1,,-0.07999999999999996,7.206666666666667,1.0304613407171785,-1.4136063228270737,0.02832440438623607,,True,False,False,False,True,False,True
2026-05-11,香芹,2.7,2.4,3.0,1,,0.2558139534883723,2.4299999999999997,0.19100460366360117,1.413578494032147,0.08806575698800806,,True,False,True,False,True,False,True
2026-07-07,荠菜,11.5,11.0,12.0,1,,0.39393939393939403,8.172500000000001,2.3541448223989074,1.4134644429433312,0.2263208274370871,,True,False,True,False,True,False,True
2026-07-03,平菇,2.25,2.0,2.5,1,冀蒙,-0.18181818181818177,3.3333333333333335,0.7665792054060153,-1.413204696518673,0.048592953074986206,冀蒙,False,False,False,True,False,False,True
2026-07-04,小白菜,0.9,0.8,1.0,1,冀,-0.26530612244897966,1.2433333333333332,0.24299969254036427,-1.4128961635468023,0.2418235786951613,冀,False,False,False,True,False,False,True
2026-07-10,香芋头,5.25,5.0,5.5,1,,-0.08695652173913049,5.616666666666666,0.2595244519818328,-1.4128405391732937,0.04392770404904964,,True,False,False,False,True,False,True
2026-04-20,香葱,3.5,3.0,4.0,1,,0.11111111111111116,3.1716666666666664,0.23255823643408458,1.411832745069836,0.07650475661287477,,True,False,False,False,True,False,True
2026-05-02,苦菊,2.0,1.9,2.1,1,辽冀,-0.2727272727272727,2.4783333333333335,0.3390995513814791,-1.4105985436566373,0.14866764382781253,辽冀,False,False,False,True,False,False,True
2026-04-15,柿子椒,2.5,2.0,3.0,1,鲁闽,-0.20634920634920628,2.9450000000000003,0.3155045220726256,-1.4104393720783701,0.07881640487867954,鲁闽,False,False,False,True,False,False,True
2026-05-15,奶白菜,1.65,1.3,2.0,1,,-0.2325581395348837,2.408333333333333,0.5391697534065722,-1.406483447081454,0.19209499630431978,,True,False,False,True,True,False,True
2026-07-15,水萝卜,2.55,2.3,2.8,1,,0.0851063829787233,2.1516666666666664,0.28329445304564715,1.4060753009842735,0.08373630890661067,,True,False,False,False,True,False,True
2026-01-27,香葱,3.4,3.3,3.5,1,,-0.1282051282051282,4.2973684210526315,0.6391125974980473,-1.404085015012356,0.05287929581140751,,True,False,False,True,True,False,True
2026-05-12,木耳菜,2.65,2.5,2.8,1,,0.06000000000000005,4.840000000000001,1.5598629471184637,-1.4039694987598685,0.09178748494636271,,True,False,False,False,True,False,True
2026-06-09,西葫芦,1.9,1.5,2.4,2,鲁,0.18749999999999978,1.4466666666666665,0.32308676461790176,1.4031318610945502,0.09094153481803234,鲁,False,False,True,False,False,False,True
2026-03-20,小米椒,5.0,4.0,6.0,1,云,-0.23076923076923073,10.25,3.7433849701149913,-1.4024739752691606,0.08401828962382235,云,False,False,False,True,False,False,True
2026-06-22,快菜,1.4,1.2,1.6,1,,0.11999999999999988,0.9916666666666667,0.29157223430239704,1.4004534221521252,0.03207134902949075,,True,False,False,False,True,False,True
2026-02-13,散生菜,3.0,2.5,4.0,3,,-0.1428571428571429,3.24,0.17140393911700985,-1.4002011927868407,0.0474958124002287,,True,False,False,True,True,False,True
2026-02-25,线茄,2.9,2.8,3.0,1,闽,-0.13432835820895528,4.203333333333334,0.9317145238875439,-1.3988547993168816,0.043374945305064125,闽,False,False,False,True,False,False,True
2026-04-13,空心菜,3.35,3.0,3.7,1,,0.1166666666666667,7.111666666666666,2.689753332278956,-1.3985173367103916,0.12616469239516712,,True,False,False,False,True,False,True
2026-08-10,菠菜,4.625,3.0,6.0,2,蒙,0.3214285714285714,3.806666666666666,0.5865935168606881,1.3950603097573653,0.1819815748444524,蒙,False,False,True,False,False,False,True
2026-08-07,快菜,1.9,1.5,2.3,1,,0.08571428571428563,1.4016666666666666,0.3577909554699392,1.3928058429503876,0.2321634711764695,,True,False,False,False,True,False,True
2026-03-27,荆芥,5.5,5.0,6.0,1,,-0.12,6.7,0.8620344820689315,-1.3920556833410334,0.03207134902949092,,True,False,False,True,True,False,True
2026-06-18,樱桃萝卜,1.65,1.5,1.8,1,,-0.05714285714285716,2.35,0.5029224935144195,-1.3918645696445273,0.10093224753045674,,True,False,False,False,True,False,True
2026-05-04,芥兰,1.85,1.5,2.2,1,,-0.13953488372093015,2.8950000000000005,0.7510165524600416,-1.391447361016188,0.0468278805820375,,True,False,False,True,True,False,True
2026-05-12,盖菜,0.9,0.7,1.1,1,,-0.09999999999999998,1.4383333333333335,0.3870051530738935,-1.391023682908289,0.17670625649224211,,True,False,False,False,True,False,True
2026-06-30,冰草,5.25,5.0,5.5,1,,-0.16000000000000003,6.397058823529412,0.8247102878123503,-1.3908627556619095,0.09328640341343782,,True,False,False,True,True,False,True
2026-03-15,美人椒,6.5,6.0,7.0,1,鲁,-0.1333333333333333,7.833333333333333,0.9589266029707834,-1.3904435743075918,0.035634832254989944,鲁,False,False,False,True,False,False,True
2026-05-07,芥兰,1.75,1.4,2.1,1,,-0.05405405405405406,2.646666666666667,0.64539927942713,-1.3893208363395868,0.04161128869383517,,True,False,False,False,True,False,True
2026-05-13,毛冬瓜,1.0,0.9,1.1,1,冀,-0.13043478260869557,1.4833333333333334,0.34798269213136096,-1.388957969067262,0.04660790888582651,冀,False,False,False,True,False,False,True
2026-04-07,油麦菜,0.925,0.5,1.5,2,鲁京冀,0.15625,2.069166666666667,0.8267531876765484,-1.3839277352920234,0.12155648613581176,鲁京冀,False,False,True,False,False,False,True
2026-05-11,芥兰,1.75,1.5,2.0,1,,-0.14634146341463405,2.5133333333333336,0.5522576443537273,-1.3822051014370569,0.0757302934024954,,True,False,False,True,True,False,True
2026-05-02,水萝卜,0.95,0.9,1.0,1,冀,-0.17391304347826086,1.4016666666666666,0.3269459866108065,-1.381471818476018,0.24261495318390586,冀,False,False,False,True,False,False,True
2026-08-10,菜心,3.6,3.2,4.0,1,,0.3846153846153846,2.7116666666666664,0.6436270248571259,1.3801989335835119,0.12258429373960565,,True,False,True,False,True,False,True
2026-03-24,苋菜,5.5,5.0,6.0,1,,-0.06779661016949157,7.281666666666667,1.29498258098612,-1.3758228819648992,0.11969958210648977,,True,False,False,False,True,False,True
2026-03-21,水萝卜,1.65,1.5,1.8,1,鲁,-0.35922330097087385,2.506666666666667,0.6227003670517909,-1.3757285397511525,0.2664759767573237,鲁,False,False,False,True,False,False,True
2026-05-12,蒿子秆,1.65,1.3,2.0,1,,-0.13157894736842102,2.3616666666666664,0.5175678088730105,-1.3750211169746065,0.18561342962011265,,True,False,False,True,True,False,True
2026-05-08,茼蒿,2.25,2.0,2.5,1,,-0.2622950819672131,3.5416666666666665,0.9409352769464534,-1.372747624957176,0.11928278476552358,,True,False,False,True,True,False,True
2026-01-29,香葱,3.3,2.8,3.8,1,,-0.05714285714285716,4.211904761904762,0.6644367467834614,-1.3724478158670386,0.048412312884342334,,True,False,False,False,True,False,True
2026-06-23,空心菜,2.0,1.8,2.2,1,,-0.06976744186046513,2.625,0.45613632263566545,-1.3702044081659615,0.16365639589476774,,True,False,False,False,True,False,True
2026-04-07,樱桃萝卜,2.25,2.0,2.5,1,,-0.09999999999999998,2.5716666666666668,0.23477183837069632,-1.3701245809506617,0.05800062344840065,,True,False,False,False,True,False,True
2026-04-29,穿心莲,2.5,2.0,3.0,1,,-0.16666666666666663,2.9699999999999998,0.34305925898075273,-1.3700256958415717,0.13540845648843872,,True,False,False,True,True,False,True
2026-02-27,鸡毛菜,3.25,3.0,3.5,1,,-0.1333333333333333,4.22,0.708519583356734,-1.3690517845737686,0.11310519078624848,,True,False,False,True,True,False,True
2026-06-30,奶白菜,1.75,1.5,2.0,1,,-0.2222222222222222,2.2933333333333334,0.3969133783145331,-1.3688964973681743,0.16143225356765079,,True,False,False,True,True,False,True
2026-04-27,黄心菜,2.4,2.0,2.8,1,,-0.07692307692307698,3.4316666666666666,0.753781653802475,-1.3686545188018204,0.060275787233436906,,True,False,False,False,True,False,True
2026-05-06,木耳菜,3.4,3.3,3.5,1,,-0.09333333333333338,5.204999999999999,1.3194401895474843,-1.3680044114913936,0.09202434064843734,,True,False,False,False,True,False,True
2026-02-27,荠菜,6.25,6.0,6.5,1,,-0.07407407407407407,8.745833333333334,1.8249006034969895,-1.36765439638228,0.2370971299278695,,True,False,False,False,True,False,True
2026-07-13,荠菜,11.5,11.0,12.0,1,,-0.11538461538461542,8.495833333333334,2.2031725100852637,1.3635639755465194,0.15888118912955498,,True,False,False,False,True,False,True
2026-03-13,黄心菜,4.3,3.8,4.8,1,,-0.11340206185567003,2.9099999999999997,1.0197531817671064,1.3630749330845937,0.1135870938735909,,True,False,False,False,True,False,True
2026-05-04,小白菜,1.6,0.6,3.0,2,冀,1.285714285714286,1.1733333333333333,0.3130724641613995,1.3628367726607395,0.43163348142170715,冀,False,False,True,False,False,False,True
2026-06-08,瓠子,1.15,1.0,1.3,1,冀,0.2777777777777777,0.8706896551724138,0.20507718119358231,1.3619767114115515,0.13943400038193118,冀,False,False,True,False,False,False,True
2026-03-23,穿心莲,3.5,3.0,4.0,1,,0.3999999999999999,4.556666666666667,0.7764567325171865,-1.3608828701131492,0.141034014814783,,True,False,True,False,True,False,True
2026-06-29,冬瓜,0.875,0.7,1.1,2,冀,-0.14634146341463405,1.079,0.15012293812647157,-1.3588862737827545,0.03969844058451251,冀/桂,True,False,False,True,True,False,True
2026-05-25,油菜,1.05,0.7,1.7,2,冀京,0.6153846153846154,0.8791666666666667,0.12578774769930864,1.3581078957046333,0.20635830533233868,冀京,False,False,True,False,False,False,True
2026-04-13,芥兰,2.55,2.3,2.8,1,,-0.07272727272727275,3.685,0.8360570430959512,-1.3575628713048715,0.09036524333789425,,True,False,False,False,True,False,True
2026-04-03,蒿子秆,3.75,3.0,4.5,1,,0.15384615384615374,3.0177666666666667,0.5398920507256806,1.3562587786745937,0.11524556992710792,,True,False,True,False,True,False,True
2026-04-21,奶白菜,2.25,2.0,2.5,1,,-0.18181818181818177,3.7849999999999997,1.1336658572357505,-1.3540144921915824,0.10858396340395178,,True,False,False,True,True,False,True
2026-06-10,香芹,2.75,2.5,3.0,1,,0.07843137254901977,2.46,0.21431526889785174,1.353146705278482,0.08521792449275127,,True,False,False,False,True,False,True
2026-02-26,韭菜,2.3,1.8,2.8,1,冀粤,0.21052631578947367,3.033333333333333,0.54335060969642,-1.3496503367191586,0.19721744610381384,冀粤,False,False,True,False,False,False,True
2026-04-28,菜心,1.5,1.2,1.8,1,,-0.1428571428571429,2.1316666666666664,0.46802654900626417,-1.3496385365485153,0.09220141139628323,,True,False,False,True,True,False,True
2026-06-20,银芽,5.25,5.0,5.5,1,,-0.08695652173913049,6.21875,0.7180703308172539,-1.3491018336566576,0.06796719275543694,,True,False,False,False,True,False,True
2026-05-19,油菜,0.75,0.5,1.1,2,冀京,-0.1428571428571429,0.8975000000000001,0.10933773995885805,-1.349030993831607,0.1005759521991495,冀京,False,False,False,True,False,False,True
2026-05-12,菊花菜,1.1,0.8,1.4,1,,-0.08333333333333326,1.605,0.37447664629543376,-1.3485487145748285,0.06361596977600827,,True,False,False,False,True,False,True
2026-07-21,小白菜,2.325,1.5,3.5,2,冀,-0.13888888888888884,1.5266666666666666,0.5920425388568719,1.3484391423541495,0.3737009126457885,冀,False,False,False,True,False,False,True
2026-04-27,苋菜,3.9,3.5,4.3,1,,-0.2909090909090909,5.585,1.2498379205265744,-1.3481748091705248,0.12750260003318759,,True,False,False,True,True,False,True
2026-07-08,毛豆,1.8,1.6,2.0,1,冀徽川,-0.13461538461538458,2.7293333333333334,0.6914150075343194,-1.344103502536723,0.05590201281777335,冀徽川,False,False,False,True,False,False,True
2026-02-10,快菜,1.9,1.8,2.0,1,,-0.050000000000000044,1.4051724137931034,0.36847776333038823,1.3428967374707472,0.2870950989737356,,True,False,False,False,True,False,True
2026-06-01,圆白菜,0.4,0.3,0.5,1,冀,-0.19999999999999996,0.46,0.04472135954997432,-1.341640786500518,0.0784045584969913,冀,False,False,False,True,False,False,True
2026-06-02,穿心莲,2.5,2.0,3.0,1,,-0.23076923076923073,2.8983333333333334,0.29696259294598865,-1.3413586182074522,0.09750109104731178,,True,False,False,True,True,False,True
2026-07-13,油豆,5.0,4.5,5.5,1,冀辽,0.17647058823529416,4.491666666666666,0.3799009247734041,1.3380681651052428,0.06960393677632612,冀辽,False,False,True,False,False,False,True
2026-08-07,小黄瓜,5.975,5.0,7.2,2,辽冀/辽鲁,0.2578947368421052,4.8149999999999995,0.868277128809568,1.33597898817212,0.10518304921639603,辽冀/辽鲁,False,False,True,False,False,False,True
2026-03-26,散生菜,2.15,2.0,2.3,1,,-0.12244897959183687,2.766666666666667,0.46206682106210195,-1.3345833082089806,0.06363321828764121,,True,False,False,True,True,False,True
2026-07-31,冰草,7.5,7.0,8.0,1,,0.19999999999999996,6.4,0.8247806726001385,1.3336878961193723,0.11056361252911776,,True,False,True,False,True,False,True
2026-07-24,丝瓜,2.75,2.5,3.0,2,冀/豫冀,-0.2142857142857143,1.8641666666666667,0.6642562386419125,1.3335717179629962,0.20087498811387872,冀/豫冀,False,False,False,True,False,False,True
2026-03-02,快菜,1.05,0.8,1.3,1,,-0.4473684210526315,1.5633333333333332,0.38505112363956573,-1.3331563052750586,0.18248611184695568,,True,False,False,True,True,False,True
2026-05-11,青蒜,3.575,2.8,4.5,2,冀,-0.1588235294117647,2.7625,0.6096122990659013,1.3328143169765114,0.11509842985663586,冀,False,False,False,True,False,False,True
2026-06-19,香葱,4.0,3.5,4.5,1,,0.06666666666666665,3.7216666666666667,0.2091375283088255,1.3308626891790027,0.034958116662220366,,True,False,False,False,True,False,True
2026-06-02,菜心,2.65,2.3,3.0,1,,-0.07017543859649134,1.945,0.5300211446660444,1.3301356126918409,0.17869459556380926,,True,False,False,False,True,False,True
2026-06-03,油豆,3.25,3.0,3.5,1,冀辽,-0.1558441558441559,3.771666666666667,0.39231482197368595,-1.3297143963162756,0.09557042186871142,冀辽,False,False,False,True,False,False,True
2026-06-17,豌豆苗,4.75,4.5,5.0,1,,-0.050000000000000044,4.976666666666666,0.17056363628567847,-1.3289272649360018,0.03997599734687879,,True,False,False,False,True,False,True
2026-06-01,水萝卜,1.575,0.6,2.8,2,冀,1.423076923076923,1.1424999999999998,0.3255068991270438,1.3286968760413198,0.5482005497878051,冀,False,False,True,False,False,False,True
2026-07-12,油菜,0.6,0.5,0.7,1,冀京,0.19999999999999996,0.8891666666666667,0.21801250886815846,-1.326376491733959,0.35033837325925626,冀京,False,False,True,False,False,False,True
2026-05-11,散生菜,1.4,1.2,1.6,1,,0.6470588235294117,1.6583333333333334,0.1947957964096068,-1.3261750925575582,0.23370925150933664,,True,False,True,False,True,False,True
2026-04-24,毛豆,3.15,2.5,3.8,1,粤,0.050000000000000044,2.8216666666666668,0.24763826974777908,1.325858614937596,0.0466193769442448,海,True,False,False,False,True,False,True
2026-05-13,苋菜,2.45,2.2,2.7,1,,-0.07547169811320742,4.0216666666666665,1.1858856237612667,-1.3253104980578312,0.1531583856581327,,True,False,False,False,True,False,True
2026-04-29,冬瓜,0.705,0.55,0.9,2,桂海/海桂,0.19491525423728806,0.6525,0.03966997474856651,1.3234190425567915,0.059330005461382625,桂海/海桂,False,False,True,False,False,False,True
2026-05-01,茼蒿,2.5,2.0,3.0,1,,-0.23076923076923073,3.6533333333333333,0.8716743038279968,-1.3231241626240653,0.09779615384970392,,True,False,False,True,True,False,True
2026-07-10,夹豆,9.5,9.0,10.0,1,,-0.15555555555555556,10.777777777777779,0.9659226345560568,-1.3228572683412188,0.0682288007332185,,True,False,False,True,True,False,True
2026-06-20,球茎茴香,4.75,4.5,5.0,1,,-0.13636363636363635,7.171875,1.831936020534924,-1.3220303399530373,0.08739239761685617,,True,False,False,True,True,False,True
2026-06-16,线茄,1.55,1.3,1.8,1,冀,-0.18421052631578938,1.8599999999999999,0.23466777690439986,-1.3210164773763942,0.06257799607940084,冀,False,False,False,True,False,False,True
2026-03-17,空心菜,9.75,9.5,10.0,1,,-0.0714285714285714,7.761666666666668,1.506462133914935,1.3198694401737991,0.07093670664294274,,True,False,False,False,True,False,True
2026-07-20,莲藕,4.5,4.0,5.0,1,鄂川鲁,-0.1089108910891089,5.413333333333333,0.6923141270945693,-1.3192469972645422,0.02910766001026405,鄂川,True,False,False,False,True,False,True
2026-05-25,水萝卜,1.45,0.6,2.5,2,冀,1.2307692307692308,1.1108333333333333,0.2571128939393706,1.3191351918221768,0.43205870847607936,冀,False,False,True,False,False,False,True
2026-04-11,小白菜,0.8,0.7,0.9,1,冀鲁,-0.4576271186440678,1.2574999999999998,0.3473514318976939,-1.3171098719833352,0.2716909230705962,冀鲁,False,False,False,True,False,False,True
2026-04-23,茼蒿,2.75,2.5,3.0,1,,-0.15384615384615385,3.8,0.7976257872910855,-1.3164067871552063,0.1456487770119211,,True,False,False,True,True,False,True
2026-04-16,水萝卜,1.35,0.9,2.0,2,鲁,-0.1428571428571428,1.9345,0.4442648906941045,-1.3156565198901873,0.23177248639844492,鲁,False,False,False,True,False,False,True
2026-03-24,茼蒿,3.4,3.0,3.8,1,,-0.06849315068493156,4.161666666666667,0.5790425112934775,-1.3153898924713487,0.15714665333681777,,True,False,False,False,True,False,True
2026-07-17,樱桃萝卜,3.5,3.0,4.0,1,,-0.26315789473684215,2.4733333333333336,0.7822087794909014,1.3125225561069127,0.1902768477209022,,True,False,False,True,True,False,True
2026-04-29,盖菜,1.15,0.8,1.5,1,,-0.08000000000000007,1.6166666666666667,0.356064052096533,-1.3106256133380971,0.12704328359286368,,True,False,False,False,True,False,True
2026-05-25,小白菜,1.825,0.6,3.1,2,冀,1.28125,1.3091666666666666,0.39394574134826704,1.309401978982968,0.5180164914786363,冀,False,False,True,False,False,False,True
2026-02-10,荠菜,11.875,6.5,17.0,2,,0.6379310344827587,9.104166666666666,2.1162556732854005,1.3093093468388572,0.290398374162576,,True,False,True,False,True,False,True
2026-04-14,黄心菜,2.9,2.5,3.3,1,,-0.09375000000000011,3.8916666666666666,0.7580696143692097,-1.3081472306363753,0.0856128618033942,,True,False,False,False,True,False,True
2026-04-15,芥兰,2.55,2.3,2.8,1,,0.0625,3.67,0.8561743296540846,-1.308144803234766,0.09354533909771283,,True,False,False,False,True,False,True
2026-06-03,木耳菜,2.4,2.3,2.5,1,,-0.12727272727272732,3.2383333333333337,0.640942642725819,-1.3079693524026519,0.08977728622887027,,True,False,False,True,True,False,True
2026-03-06,鸡毛菜,3.0,2.5,3.5,1,,-0.07692307692307687,4.0216666666666665,0.7813210887197153,-1.307614348847009,0.10727382025954799,,True,False,False,False,True,False,True
2026-06-30,荠菜,10.875,7.5,14.0,2,,0.3181818181818181,7.8625,2.3053419037321645,1.3067476000514298,0.26559974601653163,,True,False,True,False,True,False,True
2026-04-29,快菜,0.55,0.5,0.6,1,,0.22222222222222232,0.8683333333333333,0.24476707200975759,-1.3005562011243201,0.23820979387974495,,True,False,True,False,True,False,True
2026-06-20,油麦菜,1.35,1.0,1.7,1,京冀,-0.16923076923076918,1.5991666666666666,0.19168977871647092,-1.2998432589105855,0.07074846748464256,京冀,False,False,False,True,False,False,True
2026-06-10,豆尖,11.5,11.0,12.0,1,,0.09523809523809534,9.766666666666667,1.3345232785352155,1.2988408379326695,0.15728809263003485,,True,False,False,False,True,False,True
2026-08-10,甜豆,9.5,9.0,10.0,1,,-0.07317073170731703,10.80952380952381,1.0090365513224786,-1.2977962074887204,0.08963790975245103,,True,False,False,False,True,False,True
2026-04-23,芥兰,2.25,2.0,2.5,1,,-0.0625,3.4949999999999997,0.9602756428988648,-1.2965027377364415,0.056152503850115824,,True,False,False,False,True,False,True
2026-05-18,鸡毛菜,3.0,2.5,3.5,1,,0.33333333333333326,2.5283333333333333,0.3652309928811133,1.2914201583659122,0.14913533938979084,,True,False,True,False,True,False,True
2026-08-11,大白菜,0.75,0.7,0.8,1,冀,0.4150943396226414,0.6363333333333333,0.0881019524357372,1.290171937444596,0.1254292408909932,冀,False,False,True,False,False,False,True
2026-06-01,菠菜,2.725,1.0,4.3,2,冀蒙,0.9464285714285716,1.9383333333333332,0.6100004710757623,1.2896164904255665,0.42246080952840664,冀蒙,False,False,True,False,False,False,True
2026-07-04,菠菜,1.75,1.5,2.0,1,蒙,-0.36363636363636365,2.5725,0.6378286847065502,-1.2895312169574382,0.2922055542798917,蒙,False,False,False,True,False,False,True
2026-06-21,苦瓜,1.9,1.8,2.0,1,鲁,-0.15555555555555556,2.5083333333333333,0.4723534863764109,-1.287877301383063,0.07596887466952308,鲁,False,False,False,True,False,False,True
2026-01-24,小黄瓜,5.9,5.3,6.5,2,辽鲁,0.19796954314720816,5.285416666666667,0.47747733082239147,1.2871466217564604,0.07900069756539517,辽鲁,False,False,True,False,False,False,True
2026-04-29,樱桃萝卜,1.6,1.4,1.8,1,,-0.08571428571428563,2.1316666666666664,0.4136638926616126,-1.285262446392881,0.12220809649463939,,True,False,False,False,True,False,True
2026-07-01,空心菜,2.2,2.0,2.4,1,,-0.19999999999999996,2.728333333333333,0.4111974383837222,-1.284865332357206,0.1668484100963459,,True,False,False,True,True,False,True
2026-02-02,奶白菜,3.4,2.8,4.0,1,,0.0793650793650793,3.0,0.3115211943760081,1.2840217847816713,0.08044907611840543,,True,False,False,False,True,False,True
2026-06-29,黄心菜,4.05,3.8,4.3,1,,0.07999999999999985,3.0716666666666668,0.7630116523416903,1.282199728314526,0.07118899810971357,,True,False,False,False,True,False,True
2026-06-27,油菜,0.75,0.6,0.9,1,冀京,-0.33333333333333337,1.0850000000000002,0.2620048696572987,-1.2786021894867023,0.2513262799689932,冀京,False,False,False,True,False,False,True
2026-07-18,豇豆,2.25,1.8,2.7,1,鲁冀,0.21621621621621623,1.7066666666666666,0.42522475463456,1.2777556513620107,0.4027617591526486,鲁冀,False,False,True,False,False,False,True
2026-04-11,菠菜,1.1,0.7,1.5,1,冀,-0.5217391304347825,1.6575,0.4365889528986196,-1.276944815709657,0.3403738344771693,冀,False,False,False,True,False,False,True
2026-04-06,香芹,2.55,2.3,2.8,1,,-0.07272727272727275,2.9583333333333335,0.3197745254494745,-1.2769414097617096,0.056796533606908124,,True,False,False,False,True,False,True
2026-06-25,空心菜,3.25,3.0,3.5,1,,0.30000000000000004,2.6533333333333333,0.46737220885413916,1.2766413050735728,0.1779073097138083,,True,False,True,False,True,False,True
2026-06-24,丝瓜,1.75,1.0,2.5,2,冀/豫冀,0.16666666666666674,2.461666666666667,0.5581965006458951,-1.2749393194747545,0.11056986453110243,冀/豫冀,False,False,True,False,False,False,True
2026-07-01,黄心菜,4.15,4.0,4.3,1,,0.06410256410256432,3.2066666666666666,0.740192581340333,1.2744431072588647,0.0705225272325465,,True,False,False,False,True,False,True
2026-08-10,孢子甘蓝,11.5,11.0,12.0,1,,-0.1785714285714286,15.083333333333334,2.8121759072528407,-1.2742209063421719,0.10536030845752917,,True,False,False,True,True,False,True
2026-08-01,瓠子,0.4,0.3,0.5,1,冀,-0.33333333333333326,0.7083333333333334,0.24285774654614553,-1.269604687181542,0.4409961114730126,冀,False,False,False,True,False,False,True
2026-04-07,芥兰,2.75,2.5,3.0,1,,-0.15384615384615385,3.7416666666666667,0.7813652213884379,-1.2691461553721781,0.1216694705691848,,True,False,False,True,True,False,True
2026-04-20,豆王,3.75,2.5,5.0,1,云鲁,0.15384615384615374,5.345000000000001,1.2589917969659599,-1.2668867294002915,0.07967041566325331,云鲁,False,False,True,False,False,False,True
2026-05-20,茼蒿,4.75,4.5,5.0,1,,0.1875,3.5649999999999995,0.9355203235964834,1.2666747799175817,0.17929191165668545,,True,False,True,False,True,False,True
2026-06-03,散叶生菜,2.25,2.0,2.5,1,冀,-0.18181818181818177,1.3166666666666667,0.7374622530764842,1.2656014995204574,0.23340360541525976,冀,False,False,False,True,False,False,True
2026-04-10,黄心菜,3.0,2.5,3.5,1,,0.09090909090909083,3.921666666666667,0.7317531302824458,-1.2595322500512123,0.08120779784286626,,True,False,False,False,True,False,True
2026-06-27,小白菜,0.9,0.8,1.0,1,冀,-0.3793103448275862,1.3266666666666669,0.3401909538148688,-1.2541975672253118,0.27865537219800307,冀,False,False,False,True,False,False,True
2026-07-06,茼蒿,5.0,4.5,5.5,1,,0.11111111111111116,6.234999999999999,0.9859486941957019,-1.25260067513702,0.12846572995075628,,True,False,False,False,True,False,True
2026-06-02,黄心菜,2.75,2.5,3.0,1,,0.12244897959183665,2.3449999999999998,0.32333125962127046,1.2525853530969797,0.11232720012893584,,True,False,False,False,True,False,True
2026-05-23,小白菜,0.8,0.6,1.0,1,冀,-0.5492957746478873,1.2875,0.3893379659423633,-1.252125512137104,0.472353975226072,冀,False,False,False,True,False,False,True
2026-01-24,小白菜,2.25,2.0,2.5,1,冀鲁,-0.3023255813953488,2.6999999999999997,0.3595740233399369,-1.251480837854005,0.1457701451767185,冀鲁,False,False,False,True,False,False,True
2026-04-04,小白菜,0.85,0.7,1.0,1,冀鲁,-0.32000000000000006,1.3658333333333335,0.4124403474805589,-1.2506859149071203,0.36879860658494695,冀鲁,False,False,False,True,False,False,True
2026-07-18,青蒜,4.15,4.0,4.3,1,甘,0.24812030075187974,3.7816666666666667,0.29455791928938385,1.2504614855439355,0.1062921415592312,甘,False,False,True,False,False,False,True
2026-07-16,苦菊,3.817,2.5,5.3,3,冀/辽,-0.1791397849462366,2.7655666666666665,0.8417442761532606,1.2491125429903058,0.1336657663692402,辽冀,True,False,False,True,True,False,True
2026-03-17,茼蒿,3.65,3.3,4.0,1,,-0.0641025641025641,4.366666666666666,0.5751061870965933,-1.246146681684537,0.1633864214576227,,True,False,False,False,True,False,True
2026-04-28,木耳菜,4.25,4.0,4.5,1,,-0.10526315789473684,5.758333333333334,1.2114456548738133,-1.2450689201493277,0.19392802916871332,,True,False,False,False,True,False,True
2026-04-10,奶白菜,2.75,2.5,3.0,1,,-0.15384615384615385,3.9466666666666663,0.9613149519182614,-1.2448226923744097,0.09395274958189319,,True,False,False,True,True,False,True
2026-06-21,白萝卜,0.4,0.3,0.5,1,冀陕,-0.19999999999999996,0.455,0.04423682348139508,-1.2433080784638988,0.06782169957407631,冀,True,False,False,True,True,False,True
2026-03-23,芥兰,4.5,4.0,5.0,1,,-0.21739130434782605,3.451666666666667,0.8435846474843322,1.2427126743707169,0.12424789804607834,,True,False,False,True,True,False,True
2026-04-10,荠菜,9.375,5.0,14.0,2,,0.7857142857142858,6.591666666666667,2.241106305212749,1.2419461436788517,0.3768070094892725,,True,False,True,False,True,False,True
2026-06-20,番杏,10.5,10.0,11.0,1,,-0.08695652173913049,12.296875,1.4468896237561928,-1.2418880960216088,0.10065310089412502,,True,False,False,False,True,False,True
2026-06-17,樱桃萝卜,1.75,1.7,1.8,1,,-0.05405405405405406,2.36,0.4913738656685678,-1.2414172641640766,0.10341612008846615,,True,False,False,False,True,False,True
2026-04-13,苋菜,4.5,4.0,5.0,1,,-0.052631578947368474,6.670000000000001,1.748920849532943,-1.2407651270093263,0.08461994965295117,,True,False,False,False,True,False,True
2026-07-13,瓠子,0.5,0.4,0.6,1,冀,-0.23076923076923084,0.8766666666666667,0.3036369580582228,-1.2405165335454336,0.14423458607938197,冀,False,False,False,True,False,False,True
2026-02-03,鸡毛菜,3.75,3.5,4.0,1,,-0.0625,4.504166666666666,0.6091542009866714,-1.238055430702296,0.13587458157013727,,True,False,False,False,True,False,True
2026-05-16,菠菜,1.05,0.8,1.3,1,冀,-0.43243243243243246,1.6108333333333331,0.45342011297535595,-1.2368955793626544,0.4019769697254044,冀,False,False,False,True,False,False,True
2026-06-26,架豆,3.0,2.5,3.5,1,云冀,-0.1428571428571429,3.746666666666667,0.6049983376057776,-1.2341631707973417,0.05421457805690448,云冀,False,False,False,True,False,False,True
2026-07-31,夹豆,9.5,9.0,10.0,1,,-0.07317073170731703,10.6875,0.9627093073853171,-1.2334979945558084,0.07454065998285514,,True,False,False,False,True,False,True
2026-04-21,散生菜,1.65,1.3,2.0,1,,-0.08333333333333337,2.015,0.29599335966456797,-1.233135771740398,0.024093673356531158,,True,False,False,False,True,False,True
2026-04-22,芥兰,2.4,2.3,2.5,1,,-0.05882352941176472,3.55,0.9333846455517278,-1.232075120884627,0.05606105934082343,,True,False,False,False,True,False,True
2026-06-22,豇豆,2.1,1.7,2.5,1,鲁冀,0.19999999999999996,2.728333333333333,0.5103554091788967,-1.2311681664043677,0.11720438672003103,鲁冀,False,False,True,False,False,False,True
2026-06-12,罗马生菜,1.45,1.2,1.7,1,京冀,-0.12121212121212122,1.5933333333333335,0.11651056880677223,-1.2302174369352339,0.07578749732439274,京冀,False,False,False,True,False,False,True
2026-06-29,莲藕,5.0,4.5,5.5,1,川,-0.22480620155038766,6.068333333333333,0.8689305092382589,-1.2294807490070516,0.06603533589480168,川,False,False,False,True,False,False,True
2026-05-31,大葱,2.0,1.9,2.1,1,鲁,-0.13043478260869557,1.3783333333333334,0.5064554535561652,1.2274853835643902,0.080076085159486,鲁,False,False,False,True,False,False,True
2026-01-24,菠菜,2.85,2.5,3.2,1,冀豫,-0.2962962962962963,3.4968749999999997,0.5275204766270876,-1.2262557164340857,0.15322542623590324,冀豫,False,False,False,True,False,False,True
2026-06-22,芥兰,2.1,2.0,2.2,1,,0.10526315789473695,1.9333333333333333,0.13603583030378175,1.2251674157792343,0.03920582968736354,,True,False,False,False,True,False,True
2026-03-23,紫甘蓝,1.25,1.2,1.3,1,云,-0.07407407407407418,1.7866666666666666,0.4380468667520233,-1.2251352706752074,0.05676645317918067,闽云,True,False,False,False,True,False,True
2026-02-04,芥兰,2.75,2.0,3.5,1,,0.10000000000000009,3.214,0.37901187316494456,-1.2242360539403707,0.07579614031708186,,True,False,False,False,True,False,True
2026-05-14,芥兰,1.75,1.5,2.0,1,,0.06060606060606055,2.3233333333333333,0.4695436767413845,-1.2210436679975016,0.07794208978888585,,True,False,False,False,True,False,True
2026-03-09,水萝卜,2.2,1.2,3.5,2,鲁,0.7600000000000002,2.8549999999999995,0.5366482826864761,-1.2205387050174674,0.2568667208139583,鲁,False,False,True,False,False,False,True
2026-06-19,樱桃萝卜,1.75,1.5,2.0,1,,0.06060606060606055,2.355,0.49590565009193655,-1.2199901329775902,0.07471458278490267,,True,False,False,False,True,False,True
2026-06-10,木耳菜,2.4,2.3,2.5,1,,-0.09433962264150941,2.93,0.43482061303166103,-1.218893456556092,0.06544804158849934,,True,False,False,False,True,False,True
2026-02-26,蒿子秆,3.25,3.0,3.5,1,,-0.1333333333333333,3.9694333333333334,0.5906150904417117,-1.2181086209552834,0.08882856181993454,,True,False,False,True,True,False,True
2026-05-11,盖菜,1.0,0.8,1.2,1,,0.33333333333333326,1.4549999999999998,0.3735546860210382,-1.2180278203614203,0.17616036295642204,,True,False,True,False,True,False,True
2026-07-07,架豆,2.75,1.5,4.0,1,云冀,0.14583333333333348,3.3216666666666663,0.4695344967924849,-1.2175179258859008,0.09238103591044299,云冀鲁,True,False,False,False,True,False,True
2026-03-10,荠菜,11.875,6.0,18.0,2,,0.8999999999999999,8.5,2.7813650208684115,1.2134329635547947,0.6091162440364069,,True,False,True,False,True,False,True
2026-06-22,茼蒿,7.0,6.5,7.5,1,,0.21739130434782616,5.375,1.3417532277352393,1.2111019868704591,0.08537714799528745,,True,False,True,False,True,False,True
2026-04-01,奶白菜,5.0,4.5,5.5,1,,-0.13043478260869568,3.8800000000000003,0.9248112575379722,1.21105792222043,0.0972950848333439,,True,False,False,True,True,False,True
2026-05-11,苋菜,2.75,2.5,3.0,1,,0.3414634146341464,4.284999999999999,1.2681203847998033,-1.210452902105448,0.15387466371846265,,True,False,True,False,True,False,True
2026-06-08,散生菜,3.05,2.6,3.5,1,,-0.06153846153846154,2.0883333333333334,0.7966182113865109,1.2071863948388644,0.12185082826979154,,True,False,False,False,True,False,True
2026-08-10,秋葵,7.5,7.0,8.0,1,,-0.21052631578947367,9.142857142857142,1.3637527006651275,-1.20465913068835,0.2008489572399829,,True,False,False,True,True,False,True
2026-04-24,黄心菜,2.6,2.2,3.0,1,,-0.054545454545454564,3.4949999999999997,0.7438657183232403,-1.2031741454861415,0.05692069602931825,,True,False,False,False,True,False,True
2026-03-16,蒿子秆,3.05,2.7,3.4,1,,-0.14084507042253525,3.5911,0.4497322076755116,-1.2031604380676506,0.11316071055774543,,True,False,False,True,True,False,True
2026-06-29,水萝卜,2.45,2.2,2.7,1,,0.28947368421052655,1.7766666666666666,0.5603621571148715,1.2016038641868951,0.1984388465944214,,True,False,True,False,True,False,True
2026-07-04,苦菊,2.0,1.9,2.1,1,辽冀,-0.1578947368421053,2.7950000000000004,0.662199834407749,-1.2005439426166933,0.09279279122276639,辽冀,False,False,False,True,False,False,True
2026-08-10,奶白菜,3.65,3.5,3.8,1,,0.32727272727272716,2.963333333333333,0.5735451359644702,1.1972321332862013,0.11562975016532548,,True,False,True,False,True,False,True
2026-07-01,菜心,1.85,1.7,2.0,1,,-0.07499999999999996,2.29,0.36775179035641004,-1.1964591649535408,0.04484945856838993,,True,False,False,False,True,False,True
2026-03-17,鸡毛菜,4.25,4.0,4.5,1,,0.2142857142857142,3.6116666666666664,0.5341256686258946,1.1950995258766095,0.08562434062983375,,True,False,True,False,True,False,True
2026-07-10,秋葵,7.5,7.0,8.0,1,,-0.11764705882352944,9.194444444444445,1.4182517084413235,-1.1947416910265247,0.17904834355555926,,True,False,False,False,True,False,True
2026-06-11,莴笋,1.05,0.8,1.3,1,冀,-0.12499999999999989,0.8933333333333333,0.13113124074319857,1.1947318257552033,0.0841541252236054,冀,False,False,False,True,False,False,True
2026-01-29,盖菜,3.75,3.5,4.0,1,,0.15384615384615374,3.1333333333333333,0.5163170860366074,1.194356497865237,0.10434430358250184,,True,False,True,False,True,False,True
2026-06-01,小白菜,1.9,1.0,2.9,2,冀,1.1111111111111112,1.3866666666666667,0.4300527901302927,1.1936519076595435,0.5139165525844229,冀,False,False,True,False,False,False,True
2026-04-13,架豆,3.9,2.8,5.0,1,云鲁,-0.06024096385542177,4.816666666666666,0.7680397499291727,-1.1935146152932838,0.05633718616659526,云,True,False,False,False,True,False,True
2026-06-25,茼蒿,7.5,7.0,8.0,1,,-0.09090909090909094,5.9,1.3463232178405578,1.188421902554966,0.11873904663098381,,True,False,False,False,True,False,True
2026-05-21,小白菜,1.725,0.6,3.0,2,冀,0.15000000000000013,1.2883333333333333,0.36770099671948764,1.1875591052579924,0.4706099876498016,冀,False,False,True,False,False,False,True
2026-03-25,香芹,2.75,2.5,3.0,1,,-0.09836065573770492,3.1566666666666663,0.3433439346650301,-1.1844294470016326,0.06271049093433866,,True,False,False,False,True,False,True
2026-07-10,凉瓜,6.75,6.5,7.0,1,,0.08000000000000007,9.083333333333334,1.970368732287557,-1.1842115108192885,0.06772642246583166,,True,False,False,False,True,False,True
2026-02-24,黄瓜,2.975,2.2,3.5,2,冀/辽冀鲁云,-0.18493150684931503,3.2641666666666667,0.24430437252898649,-1.183632792459976,0.06714816290478742,冀辽/辽冀鲁云,True,False,False,True,True,False,True
2026-07-05,瓠子,0.65,0.5,0.8,1,冀,-0.38095238095238093,1.0716666666666665,0.3563907515860815,-1.183158274422333,0.16918142898993216,冀,False,False,False,True,False,False,True
2026-04-29,奶白菜,1.9,1.8,2.0,1,,-0.11627906976744184,3.493333333333333,1.3466902808900336,-1.1831475699670841,0.11750447043581436,,True,False,False,False,True,False,True
2026-08-05,芥兰,2.15,1.8,2.5,1,,0.07499999999999996,2.038333333333333,0.09439766702748638,1.1829388393057647,0.02455609357834137,,True,False,False,False,True,False,True
2026-05-11,菜心,1.5,1.3,1.7,1,,0.19999999999999996,1.9849999999999999,0.4104560121755254,-1.1816126103973277,0.14153465081913758,,True,False,True,False,True,False,True
2026-01-17,青蒜,2.75,2.5,3.0,1,豫鲁川,-0.12,3.197058823529412,0.37861614311004954,-1.180770634493175,0.11339863887635178,豫鲁川,False,False,False,True,False,False,True
2026-08-04,菊花菜,2.75,2.5,3.0,1,,-0.15384615384615385,2.2916666666666665,0.38842816167419963,1.1799693702892942,0.12330915377949486,,True,False,False,True,True,False,True
2026-05-17,胡萝卜,0.65,0.55,0.8,2,豫闽/鲁,0.08333333333333348,0.8228333333333333,0.14650340312237078,-1.1797223112214652,0.0392904053846357,豫闽/闽鲁,True,False,False,False,True,False,True
2026-04-21,菊花菜,1.4,1.3,1.5,1,,-0.09677419354838723,3.1516666666666664,1.4864029326400408,-1.178460179404708,0.05488468550909146,,True,False,False,False,True,False,True
2026-05-29,苦瓜,2.75,2.5,3.0,1,鲁,0.375,2.225,0.44600719029304814,1.1771110677723597,0.20432451749317412,鲁,False,False,True,False,False,False,True
2026-08-03,韭菜,1.9,1.8,2.0,1,冀,0.1515151515151516,1.5766666666666667,0.27472033846770516,1.1769544808250256,0.13229254354309644,冀,False,False,True,False,False,False,True
2026-06-15,木耳菜,3.25,3.0,3.5,1,,0.18181818181818188,2.835,0.3528577910286848,1.1761111998977047,0.09262038547344251,,True,False,True,False,True,False,True
2026-05-04,快菜,0.55,0.4,0.7,1,,-0.15384615384615385,0.8166666666666667,0.226796784829934,-1.1757956219116132,0.2169720805463279,,True,False,False,True,True,False,True
2026-05-15,螺丝椒,3.0,2.5,3.5,1,鲁辽闽,-0.1428571428571429,3.2666666666666666,0.22679678482995533,-1.1757956219115029,0.0608563558754123,鲁辽闽,False,False,False,True,False,False,True
2026-07-20,香芹,2.8,2.5,3.1,1,,-0.06666666666666676,2.5433333333333334,0.21843224047324378,1.1750402143501615,0.05909043977257913,,True,False,False,False,True,False,True
2026-01-26,菠菜,4.125,2.5,5.5,2,冀豫,0.375,3.501923076923077,0.5307034518882969,1.174058545992026,0.16801543217782877,冀豫,False,False,True,False,False,False,True
2026-08-04,快菜,1.75,1.5,2.0,1,,0.25,1.3616666666666666,0.3307992758751752,1.1739243754568203,0.24764346110851398,,True,False,True,False,True,False,True
2026-04-11,油麦菜,0.85,0.7,1.0,1,鲁京冀,-0.2093023255813954,1.8166666666666667,0.8250478913302589,-1.1716491573696042,0.12338760788819411,鲁京冀,False,False,False,True,False,False,True
2026-07-15,菊花菜,2.45,2.3,2.6,1,,-0.10909090909090902,2.085,0.3116004293742146,1.1713719417300792,0.13941847751113168,,True,False,False,False,True,False,True
2026-06-20,凉瓜,7.25,7.0,7.5,1,,-0.06451612903225812,9.40625,1.8413649828320302,-1.171006302446175,0.06331088864311946,,True,False,False,False,True,False,True
2026-06-20,小白菜,0.9,0.8,1.0,1,冀,-0.320754716981132,1.3758333333333332,0.40670476314866916,-1.1699723643497,0.3258750156481149,冀,False,False,False,True,False,False,True
2026-07-21,黄心菜,3.4,3.0,3.8,1,,-0.06849315068493156,3.995,0.5104680070355997,-1.1655970438878167,0.07892918217967408,,True,False,False,False,True,False,True
2026-05-09,小白菜,0.8,0.7,0.9,1,冀,-0.5151515151515151,1.2041666666666666,0.3468505673801801,-1.1652472409643277,0.4333109657687521,冀,False,False,False,True,False,False,True
2026-01-26,小白菜,3.125,1.8,4.4,2,冀鲁,0.38888888888888884,2.6990384615384615,0.3664342211932974,1.1624502129587944,0.17700164241058255,冀鲁,False,False,True,False,False,False,True
2026-06-18,奶白菜,1.9,1.8,2.0,1,,-0.11627906976744184,2.373333333333333,0.4072052209316837,-1.1623950504621445,0.15457909114127388,,True,False,False,False,True,False,True
2026-03-16,快菜,1.0,0.7,1.3,1,,-0.23076923076923084,1.4966666666666666,0.42809387734011356,-1.160181663313239,0.23555648771607587,,True,False,False,True,True,False,True
2026-06-24,豆王,3.5,3.0,4.0,1,冀甘云,-0.06666666666666665,4.118333333333333,0.5331240609537422,-1.159830100759576,0.06960954984620635,冀甘,True,False,False,False,True,False,True
2026-06-16,茴香,1.25,1.0,1.5,1,冀,-0.2857142857142857,2.078333333333333,0.7142253258544946,-1.159764717587297,0.10123290828164187,冀,False,False,False,True,False,False,True
2026-02-24,青蒜,3.3,2.2,4.5,2,鲁川,0.3469387755102038,2.926666666666667,0.32350007550319826,1.1540440377104075,0.15957741867435665,豫鲁川,True,False,True,False,True,False,True
2026-06-24,奶白菜,1.9,1.8,2.0,1,,-0.17391304347826086,2.338333333333333,0.3802638225135833,-1.1527084812746693,0.1627508705977554,,True,False,False,True,True,False,True
2026-06-19,瓠子,0.75,0.5,1.0,1,冀,-0.34782608695652173,1.1266666666666665,0.3271436817451121,-1.151379921682667,0.20560680959710873,冀,False,False,False,True,False,False,True
2026-06-07,小白菜,0.9,0.8,1.0,1,冀,-0.28,1.4033333333333333,0.43789924312156076,-1.1494272740581286,0.5054869542183763,冀,False,False,False,True,False,False,True
2026-06-01,空心菜,3.5,3.2,3.8,1,,0.07692307692307687,2.85,0.5662946716793433,1.147812318403825,0.09408477141483876,,True,False,False,False,True,False,True
2026-06-23,豌豆苗,4.75,4.5,5.0,1,,-0.06862745098039214,4.931666666666667,0.15837718690941102,-1.1470507224665936,0.046837475055074754,,True,False,False,False,True,False,True
2026-07-18,彩椒,4.0,3.5,4.5,1,鲁,-0.1578947368421053,4.55,0.47976287246211097,-1.1463996727746701,0.06863772906929715,鲁,False,False,False,True,False,False,True
2026-04-20,樱桃萝卜,1.9,1.8,2.0,1,,0.18749999999999978,2.3216666666666668,0.3685206524258457,-1.1442144799510667,0.13994214602837163,,True,False,True,False,True,False,True
2026-05-20,香菜,2.0,1.5,2.5,1,冀,-0.33333333333333337,1.49,0.4457461779672214,1.1441489017938447,0.23822288571998182,冀,False,False,False,True,False,False,True
2026-04-06,快菜,0.75,0.5,1.0,1,,-0.25,1.1433333333333333,0.3448471258831732,-1.140602034382581,0.24718243330376644,,True,False,False,True,True,False,True
2026-04-02,西葫芦,1.475,1.2,1.8,2,鲁,0.07272727272727275,1.9458333333333333,0.4135674971665973,-1.1384679322216358,0.06337695680971257,鲁云,True,False,False,False,True,False,True
2026-03-18,蒿子秆,3.0,2.8,3.2,1,,0.13207547169811318,3.487766666666667,0.42911293291556957,-1.1366860079293806,0.1191197466856054,,True,False,False,False,True,False,True
2026-02-06,樱桃萝卜,3.0,2.5,3.5,1,,-0.07692307692307687,3.3629629629629627,0.31973323995065733,-1.1352055951986,0.056772127992359166,,True,False,False,False,True,False,True
2026-01-31,油菜,1.0,0.8,1.2,1,鲁京皖,-0.13043478260869557,1.1774999999999998,0.15638011823537665,-1.135054775523538,0.11010796291952621,鲁京皖,False,False,False,True,False,False,True
2026-05-12,空心菜,2.75,2.5,3.0,1,,0.12244897959183665,3.3,0.48476798574163327,-1.1345633708846716,0.17067875554900636,,True,False,False,False,True,False,True
2026-06-22,空心菜,2.15,1.8,2.5,1,,-0.21818181818181825,2.65,0.441001993896503,-1.1337817218970283,0.16323581362677128,,True,False,False,True,True,False,True
2026-07-21,平菇,3.75,3.5,4.0,1,冀蒙,-0.16666666666666663,2.9466666666666668,0.708925040214886,1.133171051610521,0.14770372953605504,冀蒙,False,False,False,True,False,False,True
2026-06-22,水萝卜,2.25,2.0,2.5,1,,0.6071428571428572,1.6166666666666667,0.5610693812486183,1.1287968199652902,0.19406541014927964,,True,False,True,False,True,False,True
2026-05-15,穿心莲,2.5,2.0,3.0,1,,-0.16666666666666663,2.8383333333333334,0.3001962959331176,-1.1270403329983543,0.1793760001244519,,True,False,False,True,True,False,True
2026-06-27,苦菊,2.0,1.9,2.1,1,辽冀,-0.1578947368421053,2.7958333333333334,0.706621494706752,-1.1262512381732803,0.10094323624619105,辽冀,False,False,False,True,False,False,True
2026-05-13,香芹,2.2,1.8,2.6,1,,-0.08333333333333326,2.4066666666666663,0.18370390969378225,-1.1249987385198317,0.09659640041943154,,True,False,False,False,True,False,True
2026-05-22,香芹,2.55,2.1,3.0,1,,0.0851063829787233,2.361666666666667,0.16747791070679238,1.1245264079216555,0.12156715287265268,,True,False,False,False,True,False,True
2026-04-27,奶白菜,2.15,2.0,2.3,1,,0.13157894736842102,3.591666666666667,1.2860044600483964,-1.1210432867491085,0.11560307739355392,,True,False,False,False,True,False,True
2026-04-26,小白菜,0.8,0.7,0.9,1,冀鲁,0.23076923076923084,1.1191666666666669,0.28509551736740313,-1.1195078393861806,0.39225157009266115,冀鲁,False,False,True,False,False,False,True
2026-06-17,鸡毛菜,1.9,1.8,2.0,1,,-0.15555555555555556,3.5233333333333334,1.4510836220428236,-1.1187041936618498,0.10617103461866947,,True,False,False,True,True,False,True
2026-07-13,大白菜,0.53,0.45,0.6,1,冀,-0.29333333333333333,0.449,0.07241403940845113,1.1185676239260705,0.18723380206563087,冀,False,False,False,True,False,False,True
2026-04-28,盖菜,1.25,1.0,1.5,1,,-0.1071428571428571,1.65,0.357674481173537,-1.1183353050169864,0.12490293113584491,,True,False,False,False,True,False,True
2026-07-20,菊苣,9.25,9.0,9.5,1,,0.08823529411764697,10.802631578947368,1.3908903707308533,-1.116286093872033,0.10980312434540307,,True,False,False,False,True,False,True
2026-05-11,小白菜,1.6,0.6,3.0,2,冀,1.0,1.2083333333333333,0.3509429006836136,1.1160410024073033,0.48886954159328655,冀,False,False,True,False,False,False,True
2026-06-08,菜心,2.65,2.5,2.8,1,,0.1777777777777778,2.0300000000000002,0.5568693278282282,1.1133671204660867,0.1798708248736314,,True,False,True,False,True,False,True
2026-06-09,绿菜花,1.65,1.3,2.0,1,冀甘,-0.10810810810810823,1.8333333333333333,0.16470105276412125,-1.1131278777913858,0.05257659591862621,冀,True,False,False,False,True,False,True
2026-04-16,苋菜,4.25,3.5,5.0,1,,0.1333333333333333,6.3950000000000005,1.9274044544502007,-1.1128956328016113,0.09838348133484243,,True,False,False,False,True,False,True
2026-05-08,荆芥,3.25,3.0,3.5,1,,-0.1875,3.7333333333333334,0.4351641254652384,-1.1106920470905013,0.09971433704066145,,True,False,False,True,True,False,True
2026-04-18,苦菊,2.0,1.9,2.1,1,辽冀,-0.23809523809523814,2.3941666666666666,0.35541884794036727,-1.1090201573462994,0.13833944758456804,辽冀,False,False,False,True,False,False,True
2026-06-29,扁豆,2.25,1.5,3.0,1,冀晋,-0.18181818181818177,3.5383333333333336,1.1621682569538996,-1.1085600777895266,0.1274909764666389,冀晋,False,False,False,True,False,False,True
2026-06-24,穿心莲,2.25,2.0,2.5,1,,-0.18181818181818177,2.716666666666667,0.42106870054033124,-1.1082910367543883,0.29553119942635364,,True,False,False,True,True,False,True
2026-03-10,蒜苗,4.5,2.0,6.0,2,川/鲁豫苏,0.2857142857142858,3.966666666666667,0.48215273966640104,1.106150166651223,0.07636035483212128,鲁豫苏,True,False,True,False,True,False,True
2026-06-11,荠菜,4.75,4.5,5.0,1,,-0.5,7.683333333333334,2.6533431525261597,-1.1055235469790647,0.4381466116897461,,True,False,False,True,True,False,True
2026-03-04,香芹,3.55,3.3,3.8,1,,0.0923076923076922,3.261666666666667,0.26086174609304597,1.1053109076042447,0.04929308240560771,,True,False,False,False,True,False,True
2026-02-09,香葱,3.0,2.5,3.5,1,,0.09090909090909083,3.894642857142857,0.8094739130280945,-1.1052151808032464,0.06371494441758867,,True,False,False,False,True,False,True
2026-06-24,黄心菜,3.75,3.5,4.0,1,,-0.11764705882352944,2.8783333333333334,0.7888974555684029,1.1049175789756203,0.07526151686257394,,True,False,False,False,True,False,True
2026-02-02,苋菜,5.9,5.3,6.5,1,,-0.15714285714285714,7.063043478260869,1.053157308385378,-1.1043397496276786,0.07603629153288081,,True,False,False,True,True,False,True
2026-02-09,散叶生菜,2.25,2.0,2.5,1,冀辽,-0.18181818181818177,2.546666666666667,0.26875618143118357,-1.1038505796847315,0.04859295307498625,冀辽,False,False,False,True,False,False,True
2026-02-09,青蒜,3.175,2.3,4.8,2,豫鲁川,0.29591836734693855,2.9091666666666667,0.24108977914709634,1.1026321160265362,0.12523265672203243,豫鲁川,False,False,True,False,False,False,True
2026-03-09,苋菜,7.9,7.5,8.3,1,,0.10489510489510478,6.9350000000000005,0.8758394987588806,1.10180004597585,0.05996519463192461,,True,False,False,False,True,False,True
2026-07-13,穿心莲,3.0,2.5,3.5,1,,0.05263157894736836,2.5866666666666664,0.37598911698607074,1.0993225991396083,0.14105588846103848,,True,False,False,False,True,False,True
2026-04-13,菠菜,2.125,0.7,3.8,2,冀,0.9318181818181817,1.6424999999999998,0.43954080662626177,1.0977365303200761,0.35406609038308,冀,False,False,True,False,False,False,True
2026-01-24,油菜,1.35,1.2,1.5,1,鲁京皖,-0.18181818181818177,1.1677083333333333,0.16607344607959953,1.0976569160809355,0.11968038438354066,鲁京皖,False,False,False,True,False,False,True
2026-05-21,散生菜,1.8,1.6,2.0,1,,0.125,1.5816666666666668,0.1989122720045842,1.0976363154119595,0.24337126141263135,,True,False,False,False,True,False,True
2026-02-13,茼蒿,3.95,2.8,5.5,3,,-0.24761904761904763,4.489999999999999,0.49295030175464977,-1.09544511501033,0.09926089098292698,,True,False,False,True,True,False,True
2026-07-12,菠菜,3.0,2.5,3.5,1,蒙,0.25,2.4533333333333336,0.4996866834419349,1.0940188817943368,0.22152175363821874,蒙,False,False,True,False,False,False,True
2026-08-10,法香,10.5,10.0,11.0,1,,-0.06666666666666665,9.185714285714287,1.2023043351355407,1.0931389631374393,0.11195562514186139,,True,False,False,False,True,False,True
2026-03-23,苋菜,5.9,5.5,6.3,1,,-0.2760736196319018,7.295,1.2779529698323995,-1.0915894660684975,0.1185843372637049,,True,False,False,True,True,False,True
2026-06-16,樱桃萝卜,1.85,1.7,2.0,1,,-0.15909090909090917,2.373333333333333,0.4795352155874565,-1.0913345179294527,0.10333133019934698,,True,False,False,True,True,False,True
2026-08-03,奶白菜,3.5,3.0,4.0,1,,0.16666666666666674,2.7733333333333334,0.6664022464120195,1.0904324986584562,0.11978864848964996,,True,False,True,False,True,False,True
2026-04-21,黄心菜,2.85,2.5,3.2,1,,-0.09523809523809523,3.691666666666667,0.7722652900143302,-1.0898672743029132,0.0794700242034692,,True,False,False,False,True,False,True
2026-06-13,油菜,0.7,0.6,0.8,1,冀京,-0.33333333333333337,1.0133333333333332,0.2875081208248389,-1.0898242889084446,0.27158148972207347,冀京,False,False,False,True,False,False,True
2026-06-02,黄瓜,1.275,1.0,1.5,2,冀/辽冀鲁,-0.13559322033898313,0.9600000000000001,0.28906806262120394,1.0897087597420863,0.12425333508976416,冀/辽冀鲁,False,False,False,True,False,False,True
2026-06-03,菊花菜,2.25,2.0,2.5,1,,-0.09999999999999998,1.6216666666666666,0.5768050129710139,1.0893340369857516,0.23018203300704237,,True,False,False,False,True,False,True
2026-05-04,茼蒿,2.65,2.3,3.0,1,,0.06000000000000005,3.6199999999999997,0.8907184237147155,-1.089008573500302,0.10097771005771622,,True,False,False,False,True,False,True
2026-02-15,苦瓜,4.5,4.0,5.0,1,鲁,-0.1428571428571429,5.028333333333334,0.4856001145637902,-1.0880008416141558,0.05978003867472431,鲁,False,False,False,True,False,False,True
2026-05-11,散菜花,2.1,1.5,2.7,1,陕豫苏冀,-0.06666666666666665,1.8300000000000003,0.24830459603840258,1.0873741537923116,0.06793458778767877,陕云豫苏冀,True,False,False,False,True,False,True
2026-08-10,盖菜,2.95,2.3,3.6,1,,0.11320754716981152,2.21,0.6805677143334844,1.0873275126263093,0.10536293768977606,,True,False,False,False,True,False,True
2026-02-28,团生菜,2.75,2.5,3.0,1,冀云,-0.19117647058823528,2.0366666666666666,0.6570484332818707,1.0856632436825502,0.24508260193993736,冀云,False,False,False,True,False,False,True
2026-07-27,木耳菜,2.9,2.5,3.3,1,,-0.09375000000000011,2.58,0.29495762407502973,1.0849016057933798,0.19701346073497789,,True,False,False,False,True,False,True
2026-03-13,荠菜,5.0,4.5,5.5,1,,-0.09090909090909094,8.158333333333333,2.91490915849857,-1.0835100380830214,0.6339430025800672,,True,False,False,False,True,False,True
2026-06-02,圆白菜,0.5,0.3,0.7,1,冀,0.25,0.45733333333333337,0.03938609358408327,1.0832926747502856,0.10400771348048085,冀,False,False,True,False,False,False,True
2026-05-08,黄心菜,2.5,2.0,3.0,1,,-0.05660377358490565,2.88,0.35100839954582924,-1.0825951757612722,0.05778082361818378,,True,False,False,False,True,False,True
2026-07-31,穿心莲,2.5,2.0,3.0,1,,-0.16666666666666663,2.7866666666666666,0.2648790658776951,-1.0822548989168954,0.08018890136872027,,True,False,False,True,True,False,True
2026-04-13,奶白菜,2.9,2.6,3.2,1,,0.05454545454545445,3.9433333333333334,0.9648774563368794,-1.0813117525766525,0.09640834355671785,,True,False,False,False,True,False,True
2026-03-06,菜心,3.4,3.0,3.8,1,,0.23636363636363633,2.881666666666667,0.479670025468898,1.080603969002733,0.14892599390082467,,True,False,True,False,True,False,True
2026-03-18,散生菜,2.45,2.3,2.6,1,,0.08888888888888902,2.9316666666666666,0.446342093430382,-1.0791423747753566,0.062437666195179715,,True,False,False,False,True,False,True
2026-02-26,荠菜,6.75,6.5,7.0,1,,-0.09999999999999998,9.054166666666667,2.14246960439282,-1.07547227831952,0.3116207096619848,,True,False,False,False,True,False,True
2026-03-09,奶白菜,3.5,3.0,4.0,1,,0.16666666666666674,3.2633333333333336,0.22008357869045023,1.0753490472796265,0.06943271128678691,,True,False,True,False,True,False,True
2026-05-17,散菜花,1.5,1.2,1.8,1,陕鲁冀,-0.0625,1.7633333333333334,0.24597915994335437,-1.0705513970938656,0.07535057332726028,陕豫苏冀,True,False,False,False,True,False,True
2026-07-07,香芹,2.3,1.8,2.8,1,,-0.08000000000000007,2.503333333333333,0.19025089303036288,-1.0687641466202336,0.053267279104230424,,True,False,False,False,True,False,True
2026-04-13,芹菜,0.9,0.8,1.0,1,鲁津冀,0.05882352941176472,1.0383333333333333,0.12977655421141446,-1.0659347073430483,0.04833950544107148,鲁津,True,False,False,False,True,False,True
2026-07-31,韭黄,11.5,11.0,12.0,1,,0.12195121951219523,10.6,0.8444867640980775,1.0657360639171316,0.06727437372785679,,True,False,False,False,True,False,True
2026-06-17,小黄瓜,2.85,2.0,3.8,2,辽鲁,-0.16788321167883202,3.209166666666667,0.33761864666322106,-1.0638235483034213,0.05001038191502106,辽鲁,False,False,False,True,False,False,True
2026-02-27,茴香,2.25,2.0,2.5,1,冀,-0.22413793103448276,3.25,0.9403777670849021,-1.0634024271968086,0.31558766634075597,冀,False,False,False,True,False,False,True
2026-02-13,豇豆,5.65,4.5,6.8,1,海,-0.17518248175182471,4.741666666666666,0.8560216051629463,1.0611102895708222,0.1684160624041089,海,False,False,False,True,False,False,True
2026-06-05,苋菜,2.45,2.2,2.7,1,,-0.05769230769230771,2.9966666666666666,0.5156069963767007,-1.0602390396333443,0.1083375083271684,,True,False,False,False,True,False,True
2026-03-02,芥兰,2.75,2.5,3.0,1,,-0.15384615384615385,3.135,0.3634485212326595,-1.059297197562524,0.09168714284444558,,True,False,False,True,True,False,True
2026-05-08,樱桃萝卜,1.6,1.4,1.8,1,,-0.1794871794871794,1.9366666666666668,0.3178411372144142,-1.0592293672783861,0.09026530414105335,,True,False,False,True,True,False,True
2026-07-31,广茄,0.4,0.3,0.5,1,冀,-0.19999999999999996,0.5633333333333332,0.15421286974630544,-1.0591420391957675,0.05345224838248483,冀,False,False,False,True,False,False,True
2026-07-27,菠菜,3.875,2.5,5.5,2,蒙,0.1923076923076923,3.1125,0.7219391391867175,1.056183213530957,0.15020392162616678,蒙,False,False,True,False,False,False,True
2026-02-02,空心菜,6.4,6.0,6.8,1,,-0.17419354838709677,7.373913043478261,0.9226776208919678,-1.0555290617504764,0.06035445122711343,,True,False,False,True,True,False,True
2026-03-30,盖菜,1.9,1.5,2.3,1,,0.11764705882352944,2.5233333333333334,0.5911317802395627,-1.0544744068416028,0.10410519554961764,,True,False,False,False,True,False,True
2026-04-06,盖菜,1.55,1.3,1.8,1,,0.24,2.1966666666666663,0.6134882363109772,-1.0540816080764603,0.14001928531507293,,True,False,True,False,True,False,True
2026-07-20,慈姑,10.25,10.0,10.5,1,,0.07894736842105265,9.342105263157896,0.8628543004816339,1.0521993531646414,0.06284916763836369,,True,False,False,False,True,False,True
2026-04-14,螺丝椒,3.75,3.0,4.5,1,鲁辽闽,-0.21052631578947367,4.15,0.3805621975537069,-1.0510765456244515,0.06214601328709337,鲁辽闽,False,False,False,True,False,False,True
2026-05-29,茼蒿,4.65,4.3,5.0,1,,-0.15454545454545443,3.605,0.9951910230773753,1.0500496646046942,0.127148711544623,,True,False,False,True,True,False,True
2026-03-04,韭菜,2.25,2.0,2.5,1,冀,-0.09999999999999998,2.898333333333333,0.6174870281107587,-1.0499545801260806,0.1994600014078821,冀粤,True,False,False,False,True,False,True
2026-06-03,樱桃萝卜,2.75,2.5,3.0,1,,-0.15384615384615385,2.185,0.5388605475029472,1.048508751695001,0.13161664276608478,,True,False,False,True,True,False,True
2026-06-19,香芹,2.25,2.0,2.5,1,,-0.0625,2.48,0.21956068990537464,-1.047546353125072,0.07828436659441225,,True,False,False,False,True,False,True
2026-02-04,蒿子秆,3.4,3.0,3.8,1,,-0.06849315068493156,4.034,0.6056539165783266,-1.0468024438474963,0.13878387876236217,,True,False,False,False,True,False,True
2026-03-02,荠菜,6.25,6.0,6.5,1,,-0.6621621621621622,8.970833333333333,2.601740824158308,-1.0457741632330164,0.6034457792227889,,True,False,False,True,True,False,True
2026-04-21,香芹,2.3,1.8,2.8,1,,0.06976744186046502,2.5983333333333336,0.28541661422937625,-1.0452556664889066,0.03665327485367357,,True,False,False,False,True,False,True
2026-07-31,苋菜,2.15,2.0,2.3,1,,-0.17307692307692313,3.003333333333333,0.8169469375978675,-1.0445394848317264,0.08426193518710637,,True,False,False,True,True,False,True
2026-02-04,荠菜,7.0,6.5,7.5,1,,-0.1515151515151515,9.166666666666666,2.078969789250287,-1.0421828531948047,0.26692497631883705,,True,False,False,True,True,False,True
2026-05-27,快菜,0.85,0.6,1.1,1,,0.41666666666666674,0.6916666666666667,0.1520454408785546,1.0413553502061343,0.2974394729977589,,True,False,True,False,True,False,True
2026-04-26,苦瓜,2.9,2.8,3.0,1,鲁,0.20833333333333326,2.5450000000000004,0.3414850933284109,1.0395768568983805,0.05714047232508308,鲁,False,False,True,False,False,False,True
2026-06-29,大白菜,0.5,0.45,0.55,1,冀,0.25,0.441,0.05677238279547814,1.0392376908425145,0.09929386887424198,冀,False,False,True,False,False,False,True
2026-06-21,扁豆,3.0,2.5,3.5,1,冀晋,0.15384615384615374,4.091666666666667,1.0516065979165452,-1.038094158813276,0.10395789529373307,冀晋,False,False,True,False,False,False,True
2026-04-09,油麦菜,1.075,0.7,1.8,2,鲁京冀,0.16216216216216206,1.9566666666666668,0.8503025154708721,-1.0368858737039326,0.1312710465715384,鲁京冀,False,False,True,False,False,False,True
2026-03-30,穿心莲,3.4,3.0,3.8,1,,0.23636363636363633,4.194999999999999,0.7670307731092377,-1.0364642826224373,0.16653754553823397,,True,False,True,False,True,False,True
2026-08-10,紫菜头,4.75,4.5,5.0,1,,-0.09523809523809523,5.061904761904762,0.30120788581342034,-1.0355132670662128,0.0652896147858617,,True,False,False,False,True,False,True
2026-03-30,油豆,5.25,5.0,5.5,1,云鲁,-0.125,6.196666666666667,0.9150968794890375,-1.034498846936575,0.043059502295741736,云鲁,False,False,False,True,False,False,True
2026-06-30,芦笋,11.5,11.0,12.0,1,,-0.061224489795918324,14.132352941176471,2.5496900042254294,-1.0324207793159363,0.042984353236354064,,True,False,False,False,True,False,True
2026-08-04,穿心莲,2.5,2.0,3.0,1,,-0.16666666666666663,2.7783333333333333,0.26995636088379116,-1.0310308392886813,0.10811065685626838,,True,False,False,True,True,False,True
2026-04-21,菜心,1.75,1.5,2.0,1,,-0.125,2.4,0.6312275943445982,-1.029739519982318,0.10172563853180913,,True,False,False,True,True,False,True
2026-04-13,蒿子秆,2.4,2.0,2.8,1,,-0.12727272727272732,2.9166666666666665,0.501778446324074,-1.0296709044632362,0.12097978912633262,,True,False,False,True,True,False,True
2026-06-09,豆王,4.65,3.5,5.8,1,辽鲁甘,0.20779220779220786,4.06,0.5730138109908006,1.0296435944184823,0.07518007374607556,辽鲁甘,False,False,True,False,False,False,True
2026-02-24,奶白菜,3.5,3.0,4.0,1,,0.07692307692307687,3.1216666666666666,0.36805250125241795,1.0279330585879232,0.06146385753466092,,True,False,False,False,True,False,True
2026-03-27,小白菜,1.15,0.6,2.0,2,冀鲁,-0.14814814814814825,1.6075000000000002,0.44533743502481593,-1.027310897352491,0.4087181156443498,冀鲁,False,False,False,True,False,False,True
2026-01-28,茼蒿,4.9,4.5,5.3,1,,0.13953488372093026,4.404999999999999,0.4822916785078246,1.026349866809842,0.103209709548589,,True,False,False,False,True,False,True
2026-03-11,茼蒿,3.9,3.5,4.3,1,,-0.06024096385542177,4.448333333333334,0.5344161063372286,-1.026041930306875,0.19914529617734672,,True,False,False,False,True,False,True
2026-07-09,盖菜,1.75,1.5,2.0,1,,0.6666666666666665,1.4733333333333334,0.26997232723237546,1.024796391181712,0.2445299275970993,,True,False,True,False,True,False,True
2026-05-31,小白菜,0.9,0.8,1.0,1,冀,0.2857142857142858,1.3466666666666667,0.43642026038918025,-1.0234783010952542,0.5241865551981069,冀,False,False,True,False,False,False,True
2026-04-30,菜心,1.6,1.2,2.0,1,,0.06666666666666665,2.0349999999999997,0.4253092181395593,-1.0227852617510407,0.09597546761186888,,True,False,False,False,True,False,True
2026-06-30,豆王,4.4,4.0,4.8,1,冀甘云,0.17333333333333334,3.896666666666667,0.49216855350323313,1.0226848703571771,0.0866853064437162,冀甘云,False,False,True,False,False,False,True
2026-07-08,丝瓜,1.325,1.0,1.8,2,冀/豫冀,0.29268292682926833,1.8300000000000003,0.49455657603204556,-1.0211167427026147,0.10757104054036586,冀/豫冀,False,False,True,False,False,False,True
2026-08-06,蒿子秆,5.25,4.5,6.0,1,,0.050000000000000044,4.375,0.8590040343528575,1.0186215256360154,0.04890840797281336,,True,False,False,False,True,False,True
2026-04-30,荆芥,3.25,3.0,3.5,1,,-0.1333333333333333,4.283333333333333,1.0165300454651152,-1.016530045465139,0.08348159047818736,,True,False,False,True,True,False,True
2026-06-22,豌豆苗,5.1,5.0,5.2,1,,0.0736842105263158,4.9416666666666655,0.1559638183800436,1.015192722119156,0.04236571743213759,,True,False,False,False,True,False,True
2026-03-04,茴香,4.25,4.0,4.5,1,冀,0.41666666666666674,3.2333333333333334,1.0014931381428065,1.0151509061280224,0.33139383236213216,冀,False,False,True,False,False,False,True
2026-07-20,苦菊,3.75,2.2,5.3,3,冀/辽,0.19999999999999996,2.858633333333333,0.8798719923878138,1.013064030197914,0.1408404955728283,冀/辽,False,False,True,False,False,False,True
2026-03-31,快菜,0.85,0.5,1.2,1,,-0.05555555555555558,1.2716666666666667,0.41640566538043117,-1.0126343172623002,0.26456004258030125,,True,False,False,False,True,False,True
2026-07-13,油菜,1.125,0.6,1.8,2,冀京,0.875,0.9033333333333334,0.2191021385711174,1.011704715035069,0.4022024132885279,冀京,False,False,True,False,False,False,True
2026-04-06,木耳菜,5.5,5.0,6.0,1,,0.1578947368421053,6.4,0.8895950260342215,-1.0116963041173508,0.072681373477805,,True,False,True,False,True,False,True
2026-06-26,瓠子,0.75,0.5,1.0,1,冀,0.25,1.0983333333333334,0.3450345643188704,-1.0095606914657234,0.14358268236617402,冀,False,False,True,False,False,False,True
2026-05-08,菊花菜,1.25,1.0,1.5,1,,-0.07407407407407418,1.7166666666666666,0.4665229663809766,-1.0003080240332103,0.06456446976069341,,True,False,False,False,True,False,True
2026-06-19,散叶生菜,1.25,1.0,1.5,1,冀,-0.21875,1.7850000000000001,0.5350072509982361,-0.9999864469159578,0.10087605674362028,冀,False,False,False,True,False,False,True
2026-05-26,穿心莲,3.15,2.8,3.5,1,,0.050000000000000044,2.878333333333333,0.2718656277285519,0.9992681639692841,0.14190913865252508,,True,False,False,False,True,False,True
2026-05-13,快菜,0.55,0.4,0.7,1,,-0.15384615384615385,0.74,0.1904622326577254,-0.9975731007072876,0.18658628319599102,,True,False,False,True,True,False,True
2026-04-24,油豆,5.25,5.0,5.5,1,鲁辽,-0.125,5.8116666666666665,0.563040289691682,-0.9975603468345621,0.09232585616704587,鲁辽,False,False,False,True,False,False,True
2026-04-20,苦菊,2.725,2.1,3.5,2,辽冀,0.36250000000000004,2.3733333333333335,0.35263376853704337,0.9972574893369147,0.15359922488803804,辽冀,False,False,True,False,False,False,True
2026-07-27,油菜,1.675,1.0,2.5,2,冀京,0.2407407407407407,1.1825,0.4943277392510999,0.9963025759916508,0.19303673647265704,冀京,False,False,True,False,False,False,True
2026-06-30,散生菜,1.9,1.5,2.3,1,,-0.050000000000000044,2.4466666666666663,0.5489697770296217,-0.9958046681997377,0.047343586625042636,,True,False,False,False,True,False,True
2026-05-24,白萝卜,0.45,0.4,0.5,1,鄂冀,0.2857142857142858,0.6683333333333333,0.21990724272360568,-0.9928428487812447,0.1373578775557678,鄂冀,False,False,True,False,False,False,True
2026-04-30,菊花菜,1.25,1.0,1.5,1,,-0.1071428571428571,2.2399999999999998,0.997531435854144,-0.9924499263046328,0.045687535307307556,,True,False,False,False,True,False,True
2026-02-10,菊花菜,4.1,3.7,4.5,1,,0.06493506493506485,3.677586206896552,0.4256478689884218,0.9924019920676209,0.05473087352503281,,True,False,False,False,True,False,True
2026-03-23,茴香,2.25,2.0,2.5,1,冀,-0.18181818181818177,3.2,0.958177148692173,-0.9914659322617598,0.10153857292075835,冀,False,False,False,True,False,False,True
2026-06-13,扁豆,3.25,2.5,4.0,1,冀晋,-0.1333333333333333,4.171666666666666,0.9304877598681076,-0.9905199255896799,0.06135317129730049,冀晋,False,False,False,True,False,False,True
2026-07-19,苦瓜,1.9,1.8,2.0,1,鲁,0.1515151515151516,1.5766666666666669,0.3266162288061244,0.9899487680548168,0.09176742095391084,鲁,False,False,True,False,False,False,True
2026-05-18,散生菜,1.4,1.2,1.6,1,,0.11999999999999988,1.5966666666666667,0.19867376366248948,-0.9898975236648136,0.24027793477167164,,True,False,False,False,True,False,True
2026-07-20,白豆,2.85,2.5,3.2,1,蒙冀,0.2666666666666666,2.37,0.4850524322884743,0.9895837399172767,0.12381116398043296,蒙冀,False,False,True,False,False,False,True
2026-03-03,菠菜,2.425,0.9,4.0,2,冀豫鲁,-0.1415929203539824,3.1341666666666668,0.7170185917530604,-0.989049202940197,0.38463864346608884,冀豫鲁,False,False,False,True,False,False,True
2026-07-07,黄心菜,4.05,3.8,4.3,1,,0.051948051948051965,3.455,0.6022014212239446,0.9880415074256911,0.07323466152439,,True,False,False,False,True,False,True
2026-07-20,芦荟,9.25,9.0,9.5,1,,0.08823529411764697,8.81578947368421,0.43971348991857634,0.9874851153558969,0.04107673605514781,,True,False,False,False,True,False,True
2026-06-22,盖菜,1.9,1.8,2.0,1,,0.52,1.5133333333333334,0.39171007340786607,0.9871246437516348,0.15417452430931247,,True,False,True,False,True,False,True
2026-04-15,荆芥,3.75,3.0,4.5,1,,0.0714285714285714,5.066666666666666,1.3341233291833428,-0.9869152557827153,0.0927229521060862,,True,False,False,False,True,False,True
2026-03-30,小白菜,1.05,0.5,2.0,2,冀鲁,0.5000000000000002,1.4824999999999997,0.43846076771768927,-0.9864052427114127,0.3814720248033751,冀鲁,False,False,True,False,False,False,True
2026-06-30,球茎茴香,5.25,5.0,5.5,1,,0.10526315789473695,7.0588235294117645,1.8339877397114095,-0.9862789648181591,0.09566009379045441,,True,False,False,False,True,False,True
2026-04-17,菜心,1.85,1.5,2.2,1,,-0.13953488372093015,2.5016666666666665,0.6607836691923189,-0.986202742363781,0.09796785764518237,,True,False,False,True,True,False,True
2026-02-10,樱桃萝卜,3.0,2.5,3.5,1,,0.09090909090909083,3.329310344827586,0.3344818064076639,-0.984538885281626,0.05260125662672307,,True,False,False,False,True,False,True
2026-04-11,青蒜,1.9,1.8,2.0,1,鲁,-0.22448979591836749,2.19,0.29460669280971374,-0.984363244548931,0.17854181110371073,鲁,False,False,False,True,False,False,True
2026-07-13,空心菜,3.0,2.5,3.5,1,,0.39534883720930236,2.5,0.5083780835776368,0.9835199749000246,0.18072217358554737,,True,False,True,False,True,False,True
2026-02-07,油菜,1.0,0.9,1.1,1,鲁京皖,-0.14893617021276595,1.1583333333333334,0.1609954664886098,-0.9834645458450552,0.07243882714704183,鲁京皖,False,False,False,True,False,False,True
2026-06-10,南姜,6.75,6.5,7.0,1,,-0.12903225806451613,7.35,0.6109126661923826,-0.9821371092853615,0.07943208952740487,,True,False,False,True,True,False,True
2026-05-11,蒿子秆,1.9,1.6,2.2,1,,0.46153846153846145,2.3916666666666666,0.5007035280368071,-0.9819516722688719,0.1838918798131039,,True,False,True,False,True,False,True
2026-04-20,奶白菜,2.75,2.5,3.0,1,,0.22222222222222232,3.8266666666666667,1.097703977850361,-0.9808351690362899,0.10457960866212708,,True,False,True,False,True,False,True
2026-07-17,黄心菜,4.5,4.0,5.0,1,,-0.09090909090909094,3.9716666666666667,0.5389458634020318,0.9803087271109048,0.05990493854101998,,True,False,False,False,True,False,True
2026-03-23,黄心菜,4.5,4.2,4.8,1,,-0.052631578947368474,3.3983333333333334,1.1246825861282943,0.9795356309900203,0.07180494015660598,,True,False,False,False,True,False,True
2026-06-05,空心菜,2.25,2.0,2.5,1,,-0.09999999999999998,2.756666666666667,0.517742668962458,-0.9786071286765157,0.11317377078079385,,True,False,False,False,True,False,True
2026-03-12,荠菜,5.5,5.0,6.0,1,,-0.12,8.291666666666666,2.8563550843366943,-0.9773528095212118,0.632808050538327,,True,False,False,True,True,False,True
2026-06-30,蚕豆仁,14.5,14.0,15.0,1,,0.26086956521739135,12.735294117647058,1.8059592937240405,0.9771570646611694,0.14460433601569764,,True,False,True,False,True,False,True
2026-05-19,芥兰,1.85,1.7,2.0,1,,-0.1777777777777777,2.1966666666666663,0.35572493570884134,-0.974535749021572,0.12235199973687551,,True,False,False,True,True,False,True
2026-04-13,黄心菜,3.2,2.8,3.6,1,,0.06666666666666665,3.9166666666666665,0.7362923582257298,-0.9733452461650476,0.08316295844745451,,True,False,False,False,True,False,True
2026-07-25,茴香,2.75,2.5,3.0,1,冀,0.22222222222222232,2.003333333333333,0.7709078093875541,0.9685550691980337,0.24044735511143003,冀,False,False,True,False,False,False,True
2026-03-14,油菜,0.85,0.7,1.0,1,鲁京皖,-0.1282051282051282,1.0816666666666668,0.23924570162727388,-0.9683211238109739,0.08632070613752352,鲁京皖,False,False,False,True,False,False,True
2026-05-04,空心菜,2.55,2.3,2.8,1,,-0.07272727272727275,4.098333333333334,1.6020183031657784,-0.9664891657440138,0.07758799641416267,,True,False,False,False,True,False,True
2026-06-15,蒿子秆,2.25,2.0,2.5,1,,-0.22413793103448276,3.1199999999999997,0.9014930144889728,-0.9650657143396442,0.0913437071516646,,True,False,False,True,True,False,True
2026-07-27,荆芥,4.4,4.0,4.8,1,,0.5714285714285716,3.7216666666666667,0.7034010154284109,0.9643621752808963,0.16741031673305906,,True,False,True,False,True,False,True
2026-06-30,油麦菜,1.45,1.0,2.0,2,京冀,-0.13432835820895528,1.7508333333333332,0.3128348780419824,-0.9616361679881534,0.2076211411519265,京冀,False,False,False,True,False,False,True
2026-07-13,蒿子秆,3.75,3.5,4.0,1,,0.10294117647058831,3.3483333333333336,0.4184296037965468,0.9599384532600349,0.03984973431804188,,True,False,False,False,True,False,True
2026-06-10,荷兰豆,11.5,11.0,12.0,1,,-0.07999999999999996,9.95,1.6152178092841132,0.9596229010668116,0.11602850462631954,,True,False,False,False,True,False,True
2026-07-11,散菜花,2.0,1.4,2.5,2,冀,0.1594202898550725,1.7775,0.23187299585526958,0.9595770269810975,0.08726923030561705,冀,False,False,True,False,False,False,True
2026-04-24,菜心,1.75,1.5,2.0,1,,-0.125,2.2233333333333336,0.4935328891205512,-0.9590715102630504,0.09904508359243955,,True,False,False,True,True,False,True
2026-03-07,西葫芦,2.5,2.2,2.8,2,鲁云,-0.13043478260869568,2.2175000000000002,0.2946469248860873,0.958774642257734,0.13457985945829215,鲁云,False,False,False,True,False,False,True
2026-04-01,香葱,2.75,2.5,3.0,1,,-0.11290322580645162,3.6261,0.9164183034491129,-0.9560044760156281,0.050311162247386874,,True,False,False,False,True,False,True
2026-03-30,快菜,0.9,0.6,1.2,1,,-0.33333333333333337,1.3099999999999998,0.42899240408032957,-0.9557278779305066,0.26374711336845935,,True,False,False,True,True,False,True
2026-03-02,樱桃萝卜,2.75,2.5,3.0,1,,0.30952380952380953,3.1966666666666668,0.468477602845447,-0.9534429478670814,0.11620284151221809,,True,False,True,False,True,False,True
2026-07-21,穿心莲,3.0,2.7,3.3,1,,0.09090909090909083,2.6649999999999996,0.3516341162688126,0.9526948168587375,0.061010849300733146,,True,False,False,False,True,False,True
2026-06-09,散菜花,1.7,1.0,2.2,2,冀/冀甘,0.0625,1.3716666666666666,0.3453342542037218,0.9507696654373615,0.12596823925141964,冀,True,False,False,False,True,False,True
2026-05-08,扁豆,2.8,2.0,3.6,1,辽鲁,-0.17647058823529416,3.525,0.763696771382917,-0.9493296648186111,0.07046218894917138,辽鲁,False,False,False,True,False,False,True
2026-04-13,油菜,0.925,0.7,1.2,2,鲁京,0.15625,0.8433333333333334,0.08608669781232466,0.9486560495641965,0.12801260314317625,鲁京皖,True,False,True,False,True,False,True
2026-04-30,奶白菜,2.15,1.8,2.5,1,,0.13157894736842102,3.4483333333333333,1.3688330880675355,-0.9484964563256351,0.11933864621644118,,True,False,False,False,True,False,True
2026-06-08,奶白菜,2.75,2.5,3.0,1,,0.22222222222222232,2.405,0.3639699684466191,0.9478804019804697,0.095602089520391,,True,False,True,False,True,False,True
2026-02-27,菊花菜,4.5,4.0,5.0,1,,-0.052631578947368474,3.996666666666667,0.5341660166402707,0.9422788377649607,0.05253610291300905,,True,False,False,False,True,False,True
2026-08-06,油菜,1.825,1.2,2.7,2,冀京,0.15873015873015883,1.43,0.4193796732613865,0.94186729873722,0.1518685749600194,冀京,False,False,True,False,False,False,True
2026-06-20,法香,9.5,9.0,10.0,1,,-0.09523809523809523,8.6875,0.8636164272021079,0.940811191644754,0.11506790995537508,,True,False,False,False,True,False,True
2026-04-27,青蒜,2.575,2.0,3.0,2,冀,-0.11206896551724133,2.2775000000000003,0.3162516185047872,0.9407066481005109,0.0995077110715713,鲁苏冀,True,False,False,False,True,False,True
2026-08-03,小白菜,2.6,2.0,3.6,2,冀,0.48571428571428577,1.9616666666666667,0.6787645131912944,0.9404341578379388,0.3062286160770865,冀,False,False,True,False,False,False,True
2026-08-02,扁豆,2.9,2.0,3.8,1,冀晋,-0.17142857142857149,3.6816666666666666,0.8318532833724172,-0.9396689083172349,0.090099569036123,冀晋,False,False,False,True,False,False,True
2026-04-18,青蒜,1.9,1.8,2.0,1,鲁,-0.13636363636363646,2.1625,0.27937352946461924,-0.9396022611843189,0.15527112077185057,鲁,False,False,False,True,False,False,True
2026-07-07,奶白菜,2.55,2.3,2.8,1,,0.10869565217391308,2.2066666666666666,0.36571454228233746,0.9388014247141271,0.14815657771519758,,True,False,False,False,True,False,True
2026-06-12,苦菊,3.325,2.3,4.5,2,辽冀,-0.15822784810126578,2.565833333333333,0.8101054458114251,0.9371208039544332,0.1460346474527908,辽冀,False,False,False,True,False,False,True
2026-05-08,芥兰,2.05,1.8,2.3,1,,0.17142857142857126,2.565,0.5508848681267583,-0.9348595864526431,0.0671386044361353,,True,False,True,False,True,False,True
2026-02-14,油菜,1.05,0.9,1.2,1,鲁京皖,-0.15999999999999992,1.2066666666666668,0.16763226035773574,-0.9345854212806779,0.10859089789597136,鲁京皖,False,False,False,True,False,False,True
2026-07-12,丝瓜,2.0,1.5,2.5,2,冀/豫冀,0.509433962264151,1.6675,0.35581075462025713,0.9344855254722816,0.17489632748066933,冀/豫冀,False,False,True,False,False,False,True
2026-04-29,空心菜,2.75,2.5,3.0,1,,-0.08333333333333337,4.743333333333333,2.133870262891016,-0.9341398903196297,0.09128956830028999,,True,False,False,False,True,False,True
2026-06-17,空心菜,2.25,2.0,2.5,1,,-0.18181818181818177,2.681666666666666,0.462467768370522,-0.9333983818756025,0.1487394571263125,,True,False,False,True,True,False,True
2026-07-09,茼蒿,7.25,7.0,7.5,1,,0.11538461538461542,6.343333333333333,0.9715552172830364,0.9332116698443237,0.14259199483201884,,True,False,False,False,True,False,True
2026-06-16,茄子,1.1,0.7,1.5,1,冀鲁津,-0.08333333333333326,1.2866666666666666,0.2004018950514949,-0.931461584326341,0.05946140016635907,冀,True,False,False,False,True,False,True
2026-03-19,香芹,2.9,2.6,3.2,1,,0.05454545454545445,3.203333333333333,0.32587636044802437,-0.9308233739823952,0.08340668963628585,,True,False,False,False,True,False,True
2026-07-02,油菜,0.825,0.4,1.5,2,冀京,-0.17500000000000004,1.0658333333333334,0.258933766439024,-0.930096281552553,0.25436747873552035,冀京,False,False,False,True,False,False,True
2026-07-20,蚕豆仁,14.5,14.0,15.0,1,,0.07407407407407418,12.868421052631579,1.7566706614688756,0.9287904575147533,0.14460433601569764,,True,False,False,False,True,False,True
2026-07-31,油菜,1.725,1.4,2.3,2,冀京,0.15000000000000013,1.2616666666666667,0.4994709845104278,0.927648147144091,0.19174115486454746,冀京,False,False,True,False,False,False,True
2026-07-17,奶白菜,2.65,2.3,3.0,1,,-0.15873015873015872,2.26,0.42108234922350307,0.9261846304391045,0.10910909961410249,,True,False,False,True,True,False,True
2026-04-20,蒿子秆,2.15,1.8,2.5,1,,0.22857142857142843,2.6883333333333335,0.5823086237841002,-0.9244811279541153,0.13624526507343715,,True,False,True,False,True,False,True
2026-05-25,盖菜,1.85,1.5,2.2,1,,0.12121212121212133,1.4533333333333334,0.4290995651146826,0.9244163800554126,0.2155201134155449,,True,False,False,False,True,False,True
2026-06-04,罗马生菜,1.5,1.2,1.8,1,京冀,-0.1428571428571429,1.5916666666666666,0.09920662287865638,-0.9239974510450554,0.05525315578883073,京冀,False,False,False,True,False,False,True
2026-06-18,鸡毛菜,2.15,1.8,2.5,1,,0.13157894736842102,3.503333333333333,1.4661663200881816,-0.923042164310484,0.11562745672642129,,True,False,False,False,True,False,True
2026-07-01,盖菜,1.35,1.2,1.5,1,,-0.12903225806451613,1.6266666666666665,0.30107088560822315,-0.918941949859232,0.15917845040255454,,True,False,False,True,True,False,True
2026-04-27,木耳菜,4.75,4.5,5.0,1,,0.11764705882352944,5.858333333333333,1.2064541471582753,-0.9186700845149738,0.19334924037917775,,True,False,False,False,True,False,True
2026-03-24,鸡毛菜,4.0,3.5,4.5,1,,0.1428571428571428,3.558333333333333,0.4810339677828597,0.9181610785249924,0.09371136895418929,,True,False,False,False,True,False,True
2026-05-25,茴香,1.5,1.2,1.8,1,冀,-0.1428571428571429,1.3116666666666668,0.20623193059129072,0.9132113188940232,0.16623937412246187,冀,False,False,False,True,False,False,True
2026-06-16,鸡毛菜,2.25,2.0,2.5,1,,-0.1964285714285714,3.5516666666666667,1.4263821689694607,-0.9125651560879375,0.11170478463304136,,True,False,False,True,True,False,True
2026-05-29,盖菜,1.85,1.7,2.0,1,,-0.19565217391304335,1.4566666666666668,0.4324615456959701,0.9095221002836983,0.16872134202186642,,True,False,False,True,True,False,True
2026-04-29,豆王,3.7,2.8,4.6,1,辽鲁,-0.05128205128205121,4.453333333333333,0.8294091512817294,-0.9082770936023161,0.07243511739507463,云鲁,True,False,False,False,True,False,True
2026-03-24,快菜,1.0,0.7,1.3,1,,-0.13043478260869557,1.4200000000000002,0.4647209025225565,-0.9037682568616855,0.27602259063657675,,True,False,False,True,True,False,True
2026-07-27,盖菜,2.6,2.2,3.0,1,,-0.17460317460317454,1.9400000000000002,0.7316019268087973,0.9021299368071369,0.22091090512921732,,True,False,False,True,True,False,True
2026-08-10,白豆,3.5,2.5,4.5,1,蒙冀,0.2068965517241379,2.9566666666666666,0.6036859958697022,0.9000263995698269,0.09453487021703676,蒙冀,False,False,True,False,False,False,True
2026-06-19,苋菜,3.55,3.3,3.8,1,,-0.07792207792207795,3.0683333333333334,0.535222050814539,0.8999380087827694,0.21277980019620335,,True,False,False,False,True,False,True
2026-06-28,菠菜,1.9,1.8,2.0,1,蒙,0.52,2.514166666666667,0.6830990276740266,-0.8990887730552387,0.3011936456079048,蒙,False,False,True,False,False,False,True
2026-03-31,蒿子秆,2.55,2.3,2.8,1,,0.1333333333333333,3.1011,0.6139429575884172,-0.8976403966986355,0.09484523475428949,,True,False,False,False,True,False,True
2026-06-20,沙葁,12.5,12.0,13.0,1,,-0.07407407407407407,11.359375,1.2713796639871193,0.8971552969652942,0.07345465124652573,,True,False,False,False,True,False,True
2026-05-12,鸡毛菜,2.25,2.0,2.5,1,,0.21621621621621623,2.6566666666666667,0.45328938258889323,-0.8971458019688263,0.12309050193568295,,True,False,True,False,True,False,True
2026-04-13,荠菜,4.5,4.0,5.0,1,,-0.52,6.533333333333333,2.272856448784564,-0.8946158189711811,0.4113637945486564,,True,False,False,True,True,False,True
2026-02-02,鸡毛菜,4.0,3.5,4.5,1,,-0.05882352941176472,4.53695652173913,0.6007982173939228,-0.8937385401512703,0.13480221822862634,,True,False,False,False,True,False,True
2026-05-08,香葱,3.5,3.0,4.0,1,,-0.06666666666666665,3.256666666666667,0.2725148946683285,0.8929175545780295,0.03683445187087901,,True,False,False,False,True,False,True
2026-07-30,丝瓜,1.3,1.0,1.5,2,冀/豫冀,-0.23529411764705876,1.9066666666666667,0.679627602559599,-0.8926457141850208,0.1786140986556673,冀/豫冀,False,False,False,True,False,False,True
2026-03-11,团生菜,2.75,2.5,3.0,1,冀云,0.22222222222222232,2.1766666666666667,0.6424271504833531,0.8924487903445011,0.11313347672823545,冀云,False,False,True,False,False,False,True
2026-04-02,奶白菜,4.75,4.5,5.0,1,,-0.050000000000000044,3.9133333333333336,0.937893212557229,0.8920702863233634,0.0993686423623221,,True,False,False,False,True,False,True
2026-07-10,扁豆,3.15,2.3,4.0,1,冀晋,0.3999999999999999,2.72,0.4829149993029043,0.8904258526256417,0.16117112267903944,冀晋,False,False,True,False,False,False,True
2026-06-21,油菜,0.8,0.7,0.9,1,冀京,0.3333333333333335,1.0475,0.27818298988627826,-0.8897021349190996,0.27818606756304565,冀京,False,False,True,False,False,False,True
2026-06-06,散叶生菜,2.1,2.0,2.2,1,冀,0.19999999999999996,1.43,0.7551661155460871,0.8872220114318816,0.24823314630644908,冀,False,False,True,False,False,False,True
2026-02-13,蒿子秆,3.433,2.7,4.7,3,,-0.14175000000000004,3.9594333333333336,0.5945041215792475,-0.8854998884362825,0.08430597511554198,,True,False,False,True,True,False,True
2026-02-27,苋菜,6.25,6.0,6.5,1,,-0.07407407407407407,7.076666666666667,0.9352054295192577,-0.8839412610036012,0.06817002753947936,,True,False,False,False,True,False,True
2026-04-13,青蒜,2.45,1.8,3.5,2,鲁,0.28947368421052655,2.19,0.29460669280971374,0.8825325640783526,0.165355288948047,鲁,False,False,True,False,False,False,True
2026-08-10,兰花,24.5,24.0,25.0,1,,-0.25757575757575757,18.428571428571427,6.884830633874944,0.8818559081984898,0.25297352198060763,,True,False,False,True,True,False,True
2026-08-03,菠菜,4.0,2.5,5.5,2,蒙,0.4545454545454546,3.4108333333333336,0.6681705379737232,0.8817609175845408,0.17016722579398832,蒙,False,False,True,False,False,False,True
2026-06-20,紫菜头,4.75,4.5,5.0,1,,-0.09523809523809523,5.034375,0.3228615544367792,-0.8807954867716664,0.0922251926778391,,True,False,False,False,True,False,True
2026-04-27,茼蒿,3.0,2.5,3.5,1,,0.09090909090909083,3.731666666666667,0.8311275404567863,-0.8803301912779165,0.12551634693869387,,True,False,False,False,True,False,True
2026-04-16,黄心菜,3.15,2.8,3.5,1,,0.0862068965517242,3.8433333333333333,0.7897766307233831,-0.8778853493022273,0.08777514658093379,,True,False,False,False,True,False,True
2026-04-15,穿心莲,2.85,2.7,3.0,1,,-0.08064516129032262,3.4016666666666664,0.6284193818941592,-0.8778638637844879,0.17035957933681758,,True,False,False,False,True,False,True
2026-02-11,芥兰,3.5,3.0,4.0,1,,0.2727272727272727,3.1616666666666666,0.3854427220145985,0.877778497321112,0.09358205404126205,,True,False,True,False,True,False,True
2026-03-22,韭菜,2.0,1.5,2.5,1,冀,-0.16666666666666663,2.478333333333333,0.5449902456155432,-0.8776915498608163,0.051322743127671606,冀,False,False,False,True,False,False,True
2026-07-16,白豆,2.0,1.5,2.5,1,蒙冀,-0.19999999999999996,2.44,0.5021333797254293,-0.8762612042254503,0.13116136270396933,蒙冀,False,False,False,True,False,False,True
2026-05-13,茼蒿,2.75,2.5,3.0,1,,-0.2142857142857143,3.5649999999999995,0.9309014911401188,-0.8754954286321217,0.1605538394975591,,True,False,False,True,True,False,True
2026-07-19,小白菜,1.9,1.8,2.0,1,冀,0.1515151515151516,1.4308333333333332,0.5364186529795236,0.8746278006193344,0.36753037121657556,冀,False,False,True,False,False,False,True
2026-07-21,荠菜,11.5,11.0,12.0,1,,-0.14814814814814814,9.554166666666667,2.2253640087105717,0.8743887857073749,0.13132692371754917,,True,False,False,True,True,False,True
2026-01-21,蒿子秆,4.5,4.2,4.8,1,,-0.12621359223300976,3.94,0.6412042242085255,0.8733566917642185,0.13979668852953664,,True,False,False,True,True,False,True
2026-04-20,空心菜,3.75,3.5,4.0,1,,0.15384615384615374,6.361666666666666,2.9908678054847315,-0.8732136745988317,0.0778137566281952,,True,False,True,False,True,False,True
2026-03-19,空心菜,9.25,9.0,9.5,1,,-0.05128205128205132,7.878333333333334,1.5710024985895827,0.8731155220301199,0.0697125241528379,,True,False,False,False,True,False,True
2026-07-06,茄子,0.75,0.4,1.1,1,冀津京,0.10294117647058809,0.9986666666666667,0.28549694525008007,-0.8709958926140102,0.04825305308275687,冀鲁津,True,False,False,False,True,False,True
2026-04-11,苦菊,2.15,2.0,2.3,1,辽冀,-0.12244897959183687,2.565,0.4769063379453122,-0.8701918321907245,0.1403752498418426,辽冀,False,False,False,True,False,False,True
2026-06-30,芥兰,1.9,1.8,2.0,1,,-0.09523809523809534,1.9833333333333332,0.09589266029708939,-0.8690272339421442,0.04731569504726364,,True,False,False,False,True,False,True
2026-06-09,菊花菜,2.25,2.0,2.5,1,,-0.18181818181818177,1.7183333333333333,0.6122996974849948,0.8683111699229541,0.28252622833455066,,True,False,False,True,True,False,True
2026-01-26,蒿子秆,4.7,4.4,5.0,1,,-0.05999999999999994,4.1,0.6911201478929183,0.8681558508014501,0.13808895677664998,,True,False,False,False,True,False,True
2026-06-25,茴香,2.75,2.5,3.0,1,冀,0.22222222222222232,2.1166666666666667,0.7301786901438816,0.8673675935523879,0.16540547644702513,冀,False,False,True,False,False,False,True
2026-03-22,油麦菜,2.4,2.0,2.8,1,鲁京冀,-0.12727272727272732,2.6683333333333334,0.3094721126462721,-0.8670678951936442,0.10243793387247167,鲁京冀,False,False,False,True,False,False,True
2026-05-24,苦瓜,2.75,2.5,3.0,1,鲁,0.22222222222222232,2.328333333333333,0.4866641080077556,0.8664429115038561,0.16631074265468027,鲁,False,False,True,False,False,False,True
2026-04-28,空心菜,3.0,2.5,3.5,1,,-0.15492957746478864,4.976666666666666,2.2857026888047343,-0.8647960543373762,0.08905229315844401,,True,False,False,True,True,False,True
2026-05-07,丝瓜,2.25,1.5,3.0,2,豫冀,0.2857142857142858,2.5133333333333336,0.30454412888245175,-0.8646803808027943,0.10558825521226775,豫冀,False,False,True,False,False,False,True
2026-05-23,油麦菜,1.1,1.0,1.2,1,鲁京冀,-0.3015873015873015,1.4908333333333335,0.4524113236283198,-0.8638893699628614,0.19579962137419277,鲁京冀,False,False,False,True,False,False,True
2026-05-23,丝瓜,2.375,1.8,3.0,2,冀/豫冀,0.1585365853658538,2.1533333333333333,0.25669763957019,0.8635321580588798,0.09363663659010693,冀/豫冀,False,False,True,False,False,False,True
2026-05-08,水萝卜,1.075,0.7,1.5,2,冀,-0.29508196721311475,1.3066666666666669,0.26845128413553304,-0.8629747010251041,0.23690574932902692,冀,False,False,False,True,False,False,True
2026-05-22,空心菜,2.4,2.0,2.8,1,,0.11627906976744184,2.911666666666667,0.5930173186593174,-0.8628190957785747,0.1691703138307488,,True,False,False,False,True,False,True
2026-07-27,小白菜,2.175,1.0,3.5,2,冀,0.7399999999999998,1.6383333333333332,0.6239727189733436,0.8600803374058943,0.30898052858838676,冀,False,False,True,False,False,False,True
2026-08-10,鱼腥草叶,11.5,11.0,12.0,1,,-0.13207547169811318,12.095238095238095,0.6958636292235648,-0.8553947501211602,0.07496757536184556,,True,False,False,True,True,False,True
2026-04-03,菜心,2.1,1.7,2.5,1,,0.1351351351351351,2.771666666666667,0.7856123609065699,-0.8549593923033318,0.12014026582449894,,True,False,False,False,True,False,True
2026-04-30,快菜,0.65,0.5,0.8,1,,0.18181818181818166,0.8616666666666667,0.24798614162243338,-0.8535423200742231,0.24447515289042107,,True,False,True,False,True,False,True
2026-06-02,木耳菜,2.75,2.5,3.0,1,,-0.051724137931034475,3.3,0.6464758576178602,-0.8507664957925027,0.08242351790645715,,True,False,False,False,True,False,True
2026-08-10,银芽,6.75,6.5,7.0,1,,0.08000000000000007,6.154761904761905,0.7003400534570265,0.8499272493410506,0.08423892236657361,,True,False,False,False,True,False,True
2026-06-30,鱼腥草叶,12.5,12.0,13.0,1,,0.08695652173913038,11.970588235294118,0.6242642728467981,0.8480571253767812,0.07077295788256571,,True,False,False,False,True,False,True
2026-07-10,白豆,2.15,1.5,2.8,1,蒙冀,0.22857142857142843,2.705,0.654605698638237,-0.8478386319498217,0.11515782282670993,蒙冀,False,False,True,False,False,False,True
2026-04-24,空心菜,3.25,3.0,3.5,1,,-0.1095890410958904,5.433333333333334,2.5770985199656593,-0.8472060017955492,0.07593267834860327,,True,False,False,False,True,False,True
2026-06-15,菊花菜,2.35,2.2,2.5,1,,0.23684210526315796,1.8316666666666666,0.6122996974849951,0.8465353412101525,0.22144224449620775,,True,False,True,False,True,False,True
2026-03-01,豇豆,4.0,3.0,5.0,1,海,-0.19999999999999996,4.731666666666667,0.8656752729291277,-0.8451976041674099,0.17414403119176597,海,False,False,False,True,False,False,True
2026-04-07,茴香,1.65,1.5,1.8,1,冀,0.31999999999999984,2.31,0.7829431652425382,-0.8429730653508508,0.12489701431221564,冀,False,False,True,False,False,False,True
2026-06-04,圆白菜,0.5,0.4,0.6,1,冀,-0.16666666666666663,0.46066666666666667,0.04667815950431984,0.842649619244161,0.12633713668951596,冀,False,False,False,True,False,False,True
2026-06-15,菠菜,3.125,2.0,4.5,2,蒙,0.38888888888888884,2.5208333333333335,0.7180278105906585,0.8414251617491969,0.22605472998046228,蒙,False,False,True,False,False,False,True
2026-07-13,油麦菜,1.925,1.5,2.5,2,京冀,0.3750000000000002,1.525,0.47583864260178094,0.8406210933456102,0.20425611980753475,京冀,False,False,True,False,False,False,True
2026-06-22,菊花菜,2.45,2.2,2.7,1,,0.4848484848484851,1.9649999999999999,0.5782181308957193,0.838783798164,0.2427352692165376,,True,False,True,False,True,False,True
2026-05-05,菊花菜,1.35,1.1,1.6,1,,-0.06896551724137923,1.94,0.7049578123840934,-0.8369295149800265,0.062197515543716914,,True,False,False,False,True,False,True
2026-05-23,菠菜,1.25,1.0,1.5,1,冀,-0.5098039215686274,1.6774999999999998,0.511562430881769,-0.8356751281815737,0.438303658072236,冀,False,False,False,True,False,False,True
2026-08-10,油菜,1.825,1.2,2.7,2,冀京,0.3035714285714286,1.5333333333333334,0.3492808704134554,0.8350490718870774,0.14248427191835364,冀京,False,False,True,False,False,False,True
2026-08-08,豆王,4.5,3.5,5.5,1,冀甘云,0.15384615384615397,4.173333333333333,0.39122560149402424,0.8349828472860225,0.08236106997086852,冀甘云,False,False,True,False,False,False,True
2026-04-03,油菜,0.925,0.6,1.5,2,鲁京皖,0.15625,0.8616666666666666,0.07592343390609074,0.8341737204835874,0.07511961972430929,鲁京皖,False,False,True,False,False,False,True
2026-01-24,苦菊,3.7,3.5,3.9,1,辽冀,-0.12426035502958566,4.157291666666667,0.549084176580435,-0.8328261606709734,0.12031724151760306,辽冀,False,False,False,True,False,False,True
2026-07-27,苦菊,4.05,2.2,6.3,3,冀/辽,0.17391304347826075,3.2592,0.9515686287243869,0.8310488346595629,0.12002469533192309,冀/辽,False,False,True,False,False,False,True
2026-03-31,蒜苗,3.825,2.0,5.5,2,川/鲁豫苏,-0.12571428571428567,4.215,0.4701247083267503,-0.829567119303456,0.045293887063114664,川/鲁豫苏,False,False,False,True,False,False,True
2026-04-22,穿心莲,2.75,2.5,3.0,1,,-0.051724137931034475,3.1766666666666667,0.5147368482909632,-0.8289025121929615,0.1408963261697655,,True,False,False,False,True,False,True
2026-03-23,荠菜,5.0,4.5,5.5,1,,-0.6153846153846154,7.408333333333333,2.908988250866294,-0.8278937986828011,0.5472222506148637,,True,False,False,True,True,False,True
2026-04-01,香芹,2.75,2.5,3.0,1,,0.07843137254901977,3.06,0.3744881564353469,-0.8277965395509636,0.05740489727278917,,True,False,False,False,True,False,True
2026-06-25,苋菜,2.75,2.5,3.0,1,,-0.15384615384615385,3.15,0.48334324207040846,-0.8275692410358186,0.22020512973679351,,True,False,False,True,True,False,True
2026-08-03,鸡毛菜,7.0,6.5,7.5,1,,0.33333333333333326,5.098333333333333,2.3003928949778047,0.8266703791419141,0.22552661223187534,,True,False,True,False,True,False,True
2026-06-05,荠菜,5.75,5.5,6.0,1,,-0.07999999999999996,7.908333333333333,2.613693493537624,-0.8257790512429356,0.4343064312113641,,True,False,False,False,True,False,True
2026-06-29,西葫芦,1.175,0.7,1.8,2,鲁冀晋/鲁冀晋蒙,-0.12962962962962965,1.3908333333333331,0.2615836496173368,-0.8251025385151918,0.08347183275088987,鲁冀晋,True,False,False,True,True,False,True
2026-04-13,盖菜,1.45,1.2,1.7,1,,0.15999999999999992,1.9166666666666665,0.5660408985670333,-0.8244398379128811,0.1427374184856501,,True,False,True,False,True,False,True
2026-08-04,散生菜,2.25,2.0,2.5,1,,-0.0625,2.1566666666666667,0.11351236704105899,0.8222305266489008,0.028189709963962917,,True,False,False,False,True,False,True
2026-01-26,鸡毛菜,5.15,4.8,5.5,1,,0.1444444444444446,4.611111111111111,0.6554198375077555,0.8222041171930703,0.16314414963565477,,True,False,False,False,True,False,True
2026-05-19,木耳菜,3.05,2.8,3.3,1,,-0.0757575757575758,4.458333333333333,1.71303739785119,-0.8221264375780276,0.110173251671986,,True,False,False,False,True,False,True
2026-06-01,蒿子秆,3.55,3.3,3.8,1,,0.07575757575757569,2.7899999999999996,0.9247926142170175,0.8218058711935755,0.16650209412985062,,True,False,False,False,True,False,True
2026-02-27,平菇,2.65,2.5,2.8,1,京,0.1777777777777778,3.0716666666666668,0.5158995046039244,-0.8173426469761709,0.0966936483532326,京,False,False,True,False,False,False,True
2026-07-02,黄心菜,3.85,3.7,4.0,1,,-0.07228915662650603,3.2683333333333335,0.7127512664429949,0.8160864723110073,0.07437015669634875,,True,False,False,False,True,False,True
2026-05-27,木耳菜,2.75,2.5,3.0,1,,-0.12698412698412698,3.7616666666666663,1.2400419440440298,-0.8158326188285332,0.10939572096998974,,True,False,False,True,True,False,True
2026-05-11,苦菊,2.2,1.7,3.0,2,辽冀,0.22222222222222232,2.4833333333333334,0.34804461994298713,-0.8140718663593932,0.1488326748649401,辽冀,False,False,True,False,False,False,True
2026-05-09,菠菜,1.25,1.0,1.5,1,冀,-0.2857142857142857,1.6708333333333334,0.517124148592464,-0.8137955546628017,0.47876388733695435,冀,False,False,False,True,False,False,True
2026-08-02,菠菜,2.75,2.5,3.0,1,蒙,-0.15384615384615385,3.3358333333333334,0.7237260904672371,-0.8094683072087671,0.15306410331157652,蒙,False,False,False,True,False,False,True
2026-08-07,白萝卜,0.45,0.4,0.5,1,冀陕,-0.18181818181818188,0.5046666666666667,0.06760602571253263,-0.8086064236213892,0.07498882965327558,冀陕,False,False,False,True,False,False,True
2026-04-06,穿心莲,3.25,3.0,3.5,1,,0.18181818181818188,3.808333333333333,0.6907121928367407,-0.8083444003504118,0.1804911693301286,,True,False,True,False,True,False,True
2026-02-08,豇豆,4.15,3.3,5.0,1,海,-0.12631578947368416,4.781666666666667,0.7829523407054174,-0.8067753729397544,0.07965094776942906,海,False,False,False,True,False,False,True
2026-03-08,罗马生菜,1.75,1.5,2.0,1,云,-0.14634146341463405,2.11,0.446325998068367,-0.8065853245341448,0.11844573113151698,云,False,False,False,True,False,False,True
2026-03-01,罗马生菜,2.4,2.3,2.5,1,云,-0.12727272727272732,2.0166666666666666,0.4753099412277056,0.8064913019559393,0.12116468045750046,云,False,False,False,True,False,False,True
2026-07-03,鸡毛菜,2.5,2.0,3.0,1,,-0.180327868852459,3.6083333333333334,1.3742761940277017,-0.8064851433430218,0.13088653049261448,,True,False,False,True,True,False,True
2026-03-19,鸡毛菜,4.0,3.5,4.5,1,,-0.05882352941176472,3.591666666666667,0.5063533135676325,0.8064197910670788,0.07784541257387531,,True,False,False,False,True,False,True
2026-08-03,穿心莲,3.0,2.5,3.5,1,,0.19999999999999996,2.7866666666666666,0.2648790658776951,0.8053989945428063,0.0979178576842485,,True,False,True,False,True,False,True
2026-08-04,空心菜,2.25,2.0,2.5,1,,-0.25,2.7883333333333336,0.6684623804096909,-0.8053307846634494,0.11662818926719005,,True,False,False,True,True,False,True
2026-04-06,苦菊,2.275,1.7,3.0,2,辽冀,0.26388888888888884,2.7025,0.5311564319222812,-0.8048476386755907,0.16706757371620196,辽冀,False,False,True,False,False,False,True
2026-03-23,菊花菜,4.3,3.8,4.8,1,,-0.14,4.708333333333333,0.5083922144153679,-0.8031856542156165,0.07708226810899882,,True,False,False,True,True,False,True
2026-07-03,茴香,1.75,1.5,2.0,1,冀,-0.36363636363636365,2.2783333333333338,0.6578024194152146,-0.8031793707949895,0.1565674943519113,冀,False,False,False,True,False,False,True
2026-06-22,彩椒,4.5,4.0,5.0,1,鲁,0.2857142857142858,4.1,0.4982728791224337,0.8027729719194969,0.10027938788298885,鲁,False,False,True,False,False,False,True
2026-05-01,架豆,4.05,3.8,4.3,1,鲁,0.17391304347826075,3.7066666666666666,0.4282549460900394,0.8017031361060998,0.1364801582102933,鲁,False,False,True,False,False,False,True
2026-03-17,苋菜,8.15,7.5,8.8,1,,-0.11891891891891893,7.1433333333333335,1.2569622201914052,0.8008726519348971,0.09459788028433569,,True,False,False,False,True,False,True
2026-05-20,盖菜,1.75,1.5,2.0,1,,0.34615384615384603,1.4133333333333333,0.4209867991487048,0.7997083693537531,0.22448965065051169,,True,False,True,False,True,False,True
2026-02-12,香葱,3.15,2.5,3.8,1,,0.050000000000000044,3.756666666666667,0.7588254687041164,-0.7994811609350717,0.06607170237283075,,True,False,False,False,True,False,True
2026-08-05,蒿子秆,5.0,4.5,5.5,1,,0.07526881720430101,4.316666666666666,0.8569526335171369,0.7973991870808209,0.04657434301438161,,True,False,False,False,True,False,True
2026-04-16,木耳菜,7.25,7.0,7.5,1,,-0.09375,6.375,1.0980978852166325,0.7968324243037588,0.17535828504994067,,True,False,False,False,True,False,True
2026-08-10,蚕豆仁,11.5,11.0,12.0,1,,-0.2068965517241379,12.880952380952381,1.7331673455321754,-0.7967795980649259,0.15292545210112526,,True,False,False,True,True,False,True
2026-05-14,美人椒,5.5,5.0,6.0,1,鲁闽,-0.15384615384615385,5.983333333333333,0.6078982068447805,-0.7950892565418387,0.050471488159041976,鲁闽,False,False,False,True,False,False,True
2026-06-30,樱桃萝卜,2.1,2.0,2.2,1,,-0.1063829787234043,2.4433333333333334,0.43186311156017837,-0.7950050007581886,0.1514422174424475,,True,False,False,False,True,False,True
2026-08-02,长茄,0.85,0.7,1.0,1,辽晋,0.3076923076923077,0.7683333333333333,0.10274955603004508,0.7948128422354103,0.15414010278595303,辽晋,False,False,True,False,False,False,True
2026-03-23,苦菊,2.95,2.3,4.0,2,辽冀,0.22916666666666674,3.1458333333333335,0.2464474600695038,-0.7946250826772726,0.08614664492064167,辽冀,False,False,True,False,False,False,True
2026-08-04,西葫芦,1.2,0.8,1.8,2,冀,0.19999999999999996,1.395,0.24551142960963115,-0.7942603743950112,0.08236842088608985,冀,False,False,True,False,False,False,True
2026-05-12,油麦菜,1.2,1.0,1.5,2,鲁京冀,-0.12727272727272732,1.5283333333333333,0.41339288595828705,-0.7942404054008406,0.1256513968633621,鲁京冀,False,False,False,True,False,False,True
2026-06-13,圆白菜,0.65,0.5,0.8,1,冀,-0.1333333333333333,0.5383333333333334,0.1406164588721583,0.7941223066084215,0.1459720050011328,冀,False,False,False,True,False,False,True
2026-06-20,朝天椒,7.5,7.0,8.0,1,,-0.09090909090909094,12.046875,5.726560013073582,-0.793997616303611,0.09919385077069913,,True,False,False,False,True,False,True
2026-03-09,大白菜,1.15,1.0,1.3,1,冀鄂鲁,0.1734693877551019,1.2486666666666666,0.12467152243294048,-0.7914130247325604,0.061088813288756594,冀鄂,True,False,True,False,True,False,True
2026-03-30,菠菜,1.45,0.6,2.2,2,冀,0.8124999999999998,1.8824999999999998,0.5470985380576668,-0.7905340078872817,0.34071569139176144,冀,False,False,True,False,False,False,True
2026-07-29,香菜,4.0,3.5,4.5,1,冀蒙,0.33333333333333326,3.46,0.6830963985084001,0.7905180018210265,0.14563471269859704,冀蒙,False,False,True,False,False,False,True
2026-03-09,茼蒿,5.0,4.5,5.5,1,,0.5151515151515151,4.541666666666667,0.5798458970863005,0.7904399007330005,0.1969204771295749,,True,False,True,False,True,False,True
2026-06-17,蒿子秆,2.4,2.0,2.8,1,,0.06666666666666665,3.115,0.9056479867266698,-0.7894899679336357,0.09507413338176512,,True,False,False,False,True,False,True
2026-02-27,茼蒿,4.25,4.0,4.5,1,,-0.10526315789473684,4.614999999999999,0.4629645849269167,-0.7883972378958921,0.13418091927202971,,True,False,False,False,True,False,True
2026-01-17,丝瓜,4.75,4.0,5.5,1,豫冀,0.1585365853658538,4.326470588235294,0.5388406672717656,0.786001201262521,0.06769437041428335,豫冀,False,False,True,False,False,False,True
2026-04-18,油麦菜,0.9,0.8,1.0,1,鲁京冀,-0.19999999999999996,1.39,0.6240026525142573,-0.785253072283702,0.113258958249234,鲁京冀,False,False,False,True,False,False,True
2026-06-25,荆芥,4.5,4.0,5.0,1,,0.05882352941176472,3.925,0.7344655575126634,0.7828821843563253,0.12564059165750138,,True,False,False,False,True,False,True
2026-05-05,茼蒿,2.9,2.5,3.3,1,,0.09433962264150941,3.603333333333333,0.8996103882096476,-0.7818199328856866,0.1065835388174097,,True,False,False,False,True,False,True
2026-04-14,平菇,3.75,3.5,4.0,1,京,-0.14772727272727282,3.038333333333333,0.9105401327417328,0.7815873689430505,0.09263986989300027,京,False,False,False,True,False,False,True
2026-06-23,香芹,2.3,1.8,2.8,1,,-0.08000000000000007,2.4699999999999998,0.21758866603342833,-0.7812906944973075,0.08621643195631087,,True,False,False,False,True,False,True
2026-05-19,奶白菜,2.65,2.3,3.0,1,,0.10416666666666674,2.33,0.4105505135034288,0.7794412367659291,0.2243278638231513,,True,False,False,False,True,False,True
2026-01-17,菠菜,3.0,2.8,3.2,1,冀豫,-0.22580645161290325,3.351470588235294,0.4522919573747498,-0.7770878577530855,0.1548928913725988,冀豫,False,False,False,True,False,False,True
2026-08-07,豇豆,1.7,1.2,2.2,1,鲁冀,-0.15000000000000002,2.243333333333333,0.69959758547982,-0.7766369475970779,0.09960072519510005,鲁冀,False,False,False,True,False,False,True
2026-04-27,盖菜,1.4,1.2,1.6,1,,-0.09677419354838723,1.68,0.3606985559658678,-0.7762714748059482,0.12060121111139323,,True,False,False,False,True,False,True
2026-05-18,小白菜,1.525,0.6,2.7,2,冀,1.1785714285714284,1.2383333333333333,0.36963013511023163,0.7755500416143735,0.4699587674583683,冀,False,False,True,False,False,False,True
2026-08-10,毛豆仁,14.5,14.0,15.0,1,,-0.06451612903225812,15.238095238095237,0.9535335287635095,-0.7740632246590836,0.05940734677815452,,True,False,False,False,True,False,True
2026-07-10,苦菊,2.825,2.5,3.0,2,辽冀,0.2417582417582418,2.5016666666666665,0.4194070801149755,0.7709296019625984,0.11019985051375375,辽冀,False,False,True,False,False,False,True
2026-06-29,香葱,3.6,3.2,4.0,1,,0.05882352941176472,3.753333333333333,0.19953970019527778,-0.7684352195742229,0.04406494868929269,,True,False,False,False,True,False,True
2026-03-11,荠菜,6.25,6.0,6.5,1,,-0.4736842105263158,8.408333333333333,2.8094923253920405,-0.7682289479228801,0.6304093388864702,,True,False,False,True,True,False,True
2026-04-20,香菜,1.75,1.5,2.0,1,冀,-0.125,1.5433333333333332,0.2693329350172935,0.7673278674715255,0.09927250178049712,冀,False,False,False,True,False,False,True
2026-08-10,凉瓜,7.5,7.0,8.0,1,,-0.09090909090909094,8.928571428571429,1.8626977363874317,-0.7669367931600327,0.0939942128329789,,True,False,False,False,True,False,True
2026-01-26,木耳菜,8.25,8.0,8.5,1,,-0.0730337078651686,6.886111111111111,1.7839814655093948,0.7645196518336286,0.08448883541295396,,True,False,False,False,True,False,True
2026-07-27,蒿子秆,4.75,4.5,5.0,1,,-0.10377358490566035,4.0,0.9819930472399427,0.7637528617010086,0.08934098493182054,,True,False,False,False,True,False,True
2026-07-11,圆白菜,0.65,0.5,0.8,1,冀,0.18181818181818166,0.5963333333333334,0.07029412754856919,0.7634587488063789,0.06647159499515726,冀,False,False,True,False,False,False,True
2026-05-12,散生菜,1.5,1.3,1.7,1,,0.0714285714285714,1.6416666666666666,0.18573402067683795,-0.7627394601722162,0.23307402742687428,,True,False,False,False,True,False,True
2026-07-01,香葱,3.6,3.2,4.0,1,,0.05882352941176472,3.753333333333333,0.20126039631888618,-0.7618654049075037,0.0494829142756473,,True,False,False,False,True,False,True
2026-04-22,茼蒿,3.25,3.0,3.5,1,,-0.14473684210526316,3.8383333333333334,0.7726670484860162,-0.761431892929987,0.13797534052857482,,True,False,False,True,True,False,True
2026-02-11,黄心菜,2.1,1.7,2.5,1,,0.050000000000000044,2.188333333333333,0.11647356761953773,-0.7583981081602549,0.023760965248324634,,True,False,False,False,True,False,True
2026-02-26,香葱,4.5,4.0,5.0,1,,-0.4,3.7744333333333335,0.9567361789396035,0.758376951387839,0.22331698559449278,,True,False,False,True,True,False,True
2026-03-05,丝瓜,3.25,3.0,3.5,1,豫冀,0.30000000000000004,3.8583333333333334,0.8032351969437058,-0.7573539302660414,0.1463923340211622,豫冀,False,False,True,False,False,False,True
2026-06-16,平菇,3.0,2.5,3.5,1,京冀蒙,-0.1428571428571429,3.658333333333333,0.8697089617572749,-0.7569582035847366,0.04908159248649003,京冀蒙,False,False,False,True,False,False,True
2026-01-27,苋菜,6.4,6.0,6.8,1,,-0.1048951048951049,7.218421052631579,1.0825908386720298,-0.7559837229322047,0.06316413519173072,,True,False,False,False,True,False,True
2026-04-08,奶白菜,3.25,3.0,3.5,1,,-0.0714285714285714,3.963333333333333,0.9440314625577109,-0.7556245333186924,0.11949350225274867,,True,False,False,False,True,False,True
2026-06-28,扁豆,2.75,2.0,3.5,1,冀晋,0.22222222222222232,3.646666666666667,1.1890979871265894,-0.7540729833656755,0.11787178596447924,冀晋,False,False,True,False,False,False,True
2026-07-17,茴香,2.25,2.0,2.5,1,冀,0.8,1.7300000000000002,0.6901524069563123,0.7534567651416111,0.23769958632861887,冀,False,False,True,False,False,False,True
2026-05-19,丝瓜,2.0,1.5,2.5,2,冀/豫冀,0.19402985074626855,2.2408333333333332,0.32059234866567954,-0.7512136029936238,0.11763632923576177,冀/豫冀,False,False,True,False,False,False,True
2026-06-05,蒿子秆,3.65,3.3,4.0,1,,0.07352941176470584,2.941666666666667,0.9444103554812553,0.7500270716243667,0.09746451973400683,,True,False,False,False,True,False,True
2026-06-21,油麦菜,1.75,1.5,2.0,1,京冀,0.2962962962962963,1.6050000000000002,0.19358238021843893,0.7490351127844453,0.10727287389386822,京冀,False,False,True,False,False,False,True
2026-08-04,荆芥,4.0,3.5,4.5,1,,0.23076923076923084,3.565,0.5817853022645088,0.7476985037381149,0.1832360426351381,,True,False,True,False,True,False,True
2026-02-24,木耳菜,6.25,6.0,6.5,1,,-0.07407407407407407,7.123333333333334,1.1688288666610829,-0.7471866568697334,0.0214496937375042,,True,False,False,False,True,False,True
2026-03-17,豌豆苗,5.0,4.5,5.5,1,,-0.19999999999999996,5.6850000000000005,0.9184084809773004,-0.7458554817253817,0.1159762140679422,,True,False,False,True,True,False,True
2026-07-17,菠菜,3.125,2.0,4.5,2,蒙,-0.13793103448275867,2.6175,0.6805851311112079,0.7456818799014787,0.23268050717920608,蒙,False,False,False,True,False,False,True
2026-07-24,菜心,2.9,2.5,3.3,1,,-0.17142857142857149,2.4183333333333334,0.6480053391294159,0.7433066328030219,0.3055410306827357,,True,False,False,True,True,False,True
2026-08-05,菊花菜,2.6,2.5,2.7,1,,-0.054545454545454564,2.3116666666666665,0.38833937640208066,0.7424777162818473,0.12466336078289814,,True,False,False,False,True,False,True
2026-06-08,木耳菜,2.65,2.3,3.0,1,,0.10416666666666674,3.045,0.5321313682761398,-0.7422979052703054,0.06137114779917684,,True,False,False,False,True,False,True
2026-06-30,兰花,18.25,18.0,18.5,1,,0.17741935483870974,15.647058823529411,3.5112084185965853,0.7413234608018435,0.25403733937213874,,True,False,True,False,True,False,True
2026-05-04,菊花菜,1.45,1.2,1.7,1,,0.15999999999999992,2.02,0.7689670635518624,-0.7412541147954601,0.06160517463399986,,True,False,True,False,True,False,True
2026-01-17,小白菜,2.4,2.3,2.5,1,冀鲁,-0.1724137931034483,2.6191176470588236,0.29574183893070927,-0.7409085161946319,0.12931465252345634,冀鲁,False,False,False,True,False,False,True
2026-06-15,茼蒿,6.0,5.5,6.5,1,,-0.1724137931034483,4.833333333333333,1.5761877477292972,0.7401825501736082,0.11026189520291102,,True,False,False,True,True,False,True
2026-08-01,苦菊,2.8,2.2,3.3,2,冀/辽,-0.15991599159916003,3.4319666666666664,0.8543348484835029,-0.7397177673232531,0.11126287843112581,冀/辽,False,False,False,True,False,False,True
2026-04-02,莴笋,1.15,0.7,1.6,1,皖云浙津,-0.14814814814814825,1.2600000000000002,0.14878820865405568,-0.7393058965832366,0.06084933646543812,皖云浙津,False,False,False,True,False,False,True
2026-07-10,毛豆仁,14.5,14.0,15.0,1,,-0.06451612903225812,15.25,1.014599312391785,-0.7392080704568715,0.06487400815219116,,True,False,False,False,True,False,True
2026-07-24,樱桃萝卜,3.5,3.0,4.0,1,,-0.15662650602409645,2.7683333333333335,0.9919054575823286,0.7376375047376305,0.20066796036348872,,True,False,False,True,True,False,True
2026-07-13,香芹,2.65,2.3,3.0,1,,0.15217391304347827,2.5083333333333333,0.19212214744851752,0.7373781136015496,0.05211642795886923,,True,False,True,False,True,False,True
2026-06-20,毛豆仁,14.5,14.0,15.0,1,,-0.06451612903225812,15.28125,1.0601690116832003,-0.7369108051551436,0.06299179152642904,,True,False,False,False,True,False,True
2026-07-13,韭菜,1.6,1.2,2.0,1,冀,0.18518518518518512,1.4983333333333335,0.13801757342710547,0.736621171798548,0.051120700331703794,冀,False,False,True,False,False,False,True
2026-02-24,鸡毛菜,3.75,3.5,4.0,1,,-0.16666666666666663,4.253333333333333,0.6844244162865578,-0.7354111299305184,0.10941177935848663,,True,False,False,True,True,False,True
2026-06-04,苋菜,2.6,2.2,3.0,1,,-0.19999999999999996,3.098333333333333,0.6789296003996373,-0.7339985368733368,0.1616730626997411,,True,False,False,True,True,False,True
2026-03-25,散叶生菜,1.6,1.2,2.0,1,冀辽,-0.1351351351351351,1.7266666666666666,0.17257348926009142,-0.7339868203960506,0.07409290768799039,冀辽,False,False,False,True,False,False,True
2026-07-27,茼蒿,9.0,8.5,9.5,1,,-0.09999999999999998,7.609999999999999,1.8974302040682163,0.7325697656861098,0.1063304028422802,,True,False,False,False,True,False,True
2026-04-09,白豆,5.0,4.5,5.5,1,云鲁,0.19047619047619047,5.478333333333334,0.6541226465897716,-0.7312593988712911,0.07094639643850238,云鲁,False,False,True,False,False,False,True
2026-06-20,甜豆,10.5,10.0,11.0,1,,-0.06666666666666665,11.125,0.8563488385776745,-0.7298427601514285,0.0656996569640856,,True,False,False,False,True,False,True
2026-05-18,木耳菜,3.3,3.0,3.6,1,,0.24528301886792447,4.54,1.7019461476953865,-0.7285776942349734,0.10894981709208927,,True,False,True,False,True,False,True
2026-07-31,空心菜,3.25,3.0,3.5,1,,0.18181818181818188,2.751666666666667,0.6851231116820693,0.7273631918646822,0.11653663013616143,,True,False,True,False,True,False,True
2026-06-02,盖菜,1.75,1.5,2.0,1,,-0.05405405405405406,1.445,0.4198419242754479,0.7264638959683716,0.16586581889626018,,True,False,False,False,True,False,True
2026-07-25,油菜,1.5,1.3,1.7,1,冀京,-0.33333333333333337,1.1441666666666668,0.48997199661946433,0.7262319801710839,0.2870270327480155,冀京,False,False,False,True,False,False,True
2026-06-09,香菜,3.25,3.0,3.5,1,冀辽,-0.1333333333333333,2.546666666666667,0.9705964512939156,0.7246403305881757,0.1619132853890311,冀辽,False,False,False,True,False,False,True
2026-06-12,水萝卜,1.9,1.8,2.0,1,,-0.09523809523809534,1.4625,0.6041790525880562,0.7241230859062868,0.4436180234119247,,True,False,False,False,True,False,True
2026-03-17,菊花菜,5.0,4.5,5.5,1,,-0.09090909090909094,4.618333333333333,0.5277609394369791,0.7231809672648999,0.06953610162121397,,True,False,False,False,True,False,True
2026-03-30,苋菜,6.3,5.8,6.8,1,,0.1351351351351351,7.258333333333334,1.3276296828229794,-0.7218378330436245,0.12039042042562079,,True,False,False,False,True,False,True
2026-08-07,盖菜,2.65,1.8,3.5,1,,0.10416666666666674,2.163333333333333,0.6760602571253302,0.7198569381019642,0.10122395038393144,,True,False,False,False,True,False,True
2026-05-07,蒿子秆,2.1,1.7,2.5,1,,-0.15999999999999992,2.426666666666667,0.4538595661073217,-0.719752740849847,0.1000122980362308,,True,False,False,True,True,False,True
2026-02-11,蒿子秆,4.4,4.0,4.8,1,,0.17333333333333334,3.978333333333333,0.586145111686537,0.7193895475019662,0.07443948939896652,,True,False,True,False,True,False,True
2026-03-02,小白菜,2.05,1.0,3.2,2,冀鲁,0.6399999999999999,2.493333333333333,0.6168584665999908,-0.7186953853075962,0.29962455818202766,冀鲁,False,False,True,False,False,False,True
2026-06-10,香椿,18.5,18.0,19.0,1,,0.19354838709677424,27.766666666666666,12.930952161752197,-0.7166267843814368,0.15773615404993188,,True,False,True,False,True,False,True
2026-06-11,空心菜,3.1,2.5,3.7,1,,0.1272727272727272,2.7416666666666667,0.5001867467348541,0.7163990962825004,0.14402971632554928,,True,False,False,False,True,False,True
2026-06-02,丝瓜,2.75,2.0,3.5,2,冀/豫冀,-0.140625,2.375,0.5242400082089169,0.715321215717968,0.09750015806664354,冀/豫冀,False,False,False,True,False,False,True
2026-06-29,菜心,2.0,1.8,2.2,1,,-0.06976744186046513,2.275,0.3865742557031106,-0.7113769112736782,0.04074687400192878,,True,False,False,False,True,False,True
2026-04-20,水萝卜,1.45,0.9,2.2,2,鲁,0.5263157894736843,1.7786666666666666,0.46231973809245996,-0.710907710803678,0.24865064022411912,鲁,False,False,True,False,False,False,True
2026-06-04,豇豆,2.8,2.3,3.3,1,鲁冀,0.16666666666666674,3.2550000000000003,0.6403595434032234,-0.7105383291109864,0.09912054016797414,鲁冀,False,False,True,False,False,False,True
2026-06-12,架豆,3.25,3.0,3.5,1,鲁,-0.1875,3.7333333333333334,0.6816983524097505,-0.7090134978686508,0.09925205287107577,鲁,False,False,False,True,False,False,True
2026-06-10,朝天椒,8.25,8.0,8.5,1,,0.06451612903225801,12.35,5.793160992559612,-0.7077310651759537,0.10071618042229388,,True,False,False,False,True,False,True
2026-04-20,菜心,2.0,1.7,2.3,1,,0.08108108108108092,2.4549999999999996,0.6443855667383381,-0.7060989933450182,0.09509373194208001,,True,False,False,False,True,False,True
2026-03-27,黄心菜,4.4,4.0,4.8,1,,0.06024096385542177,3.6733333333333333,1.0318825559119602,0.7042145082338865,0.048105440237167084,,True,False,False,False,True,False,True
2026-06-20,鱼腥草叶,11.5,11.0,12.0,1,,-0.07999999999999996,11.9375,0.6291528696058962,-0.6953794874591476,0.0705644033620976,,True,False,False,False,True,False,True
2026-03-04,白豆,5.3,3.8,6.8,1,云鲁,0.16483516483516492,4.826666666666666,0.6822545451426588,0.6937782044887074,0.07510783854872055,云,True,False,True,False,True,False,True
2026-08-11,芹菜,0.95,0.7,1.2,1,冀,0.11764705882352944,1.0066666666666668,0.08172001541568562,-0.6934245714274556,0.045425004533877385,冀蒙,True,False,False,False,True,False,True
2026-03-29,豇豆,4.4,3.8,5.0,1,海,-0.16190476190476188,4.930000000000001,0.7652585769889627,-0.6925763603792243,0.07023813256862887,海,False,False,False,True,False,False,True
2026-06-30,番杏,11.25,11.0,11.5,1,,0.0714285714285714,12.235294117647058,1.423767526876575,-0.6920330033152049,0.10216367140975108,,True,False,False,False,True,False,True
2026-05-11,奶白菜,2.1,1.5,2.7,1,,-0.3538461538461538,2.8183333333333334,1.0399339612101144,-0.6907489899622549,0.187642578717023,,True,False,False,True,True,False,True
2026-05-18,苋菜,2.9,2.5,3.3,1,,0.44999999999999996,3.7766666666666664,1.2706727333984418,-0.6899232537413489,0.1878480544236623,,True,False,True,False,True,False,True
2026-07-01,奶白菜,2.0,1.7,2.3,1,,0.1428571428571428,2.2716666666666665,0.394506093072417,-0.688624767619998,0.16513180260543506,,True,False,False,False,True,False,True
2026-04-15,盖菜,2.25,2.0,2.5,1,,0.2857142857142858,1.8783333333333332,0.5400643852633544,0.6881895507429712,0.15822038496642019,,True,False,True,False,True,False,True
2026-07-10,空心菜,2.15,1.8,2.5,1,,0.22857142857142843,2.5166666666666666,0.5329380719236981,-0.6880098945514314,0.15138766149487756,,True,False,True,False,True,False,True
2026-05-04,穿心莲,3.15,3.0,3.3,1,,0.3999999999999999,2.908333333333333,0.3516177718365128,0.6872993518058903,0.13347707927444472,,True,False,True,False,True,False,True
2026-01-30,盖菜,3.5,3.0,4.0,1,,-0.06666666666666665,3.15,0.5099019513592785,0.6864064729836442,0.10771750910933102,,True,False,False,False,True,False,True
2026-08-10,朝天椒,7.5,7.0,8.0,1,,-0.1428571428571429,11.107142857142858,5.256883242813314,-0.686175189847365,0.0896029981022768,,True,False,False,True,True,False,True
2026-07-01,散生菜,2.1,1.7,2.5,1,,0.10526315789473695,2.4633333333333334,0.5296279327286612,-0.686016183967918,0.05597042644733028,,True,False,False,False,True,False,True
2026-04-27,空心菜,3.55,3.3,3.8,1,,0.0923076923076922,5.201666666666666,2.413092283319494,-0.6844606309024384,0.08050479361344443,,True,False,False,False,True,False,True
2026-07-27,空心菜,3.15,2.8,3.5,1,,-0.16000000000000003,2.6833333333333327,0.6834664854852875,0.6827937822515407,0.1483937944419559,,True,False,False,True,True,False,True
2026-05-19,大白菜,0.35,0.3,0.4,1,冀,-0.27083333333333337,0.3816666666666667,0.04639287499794739,-0.6825760780737946,0.18793784033843086,冀,False,False,False,True,False,False,True
2026-06-05,苦瓜,2.75,2.5,3.0,1,鲁,-0.15384615384615385,2.3383333333333334,0.6042497961041856,0.681285569843513,0.21137148958937982,鲁,False,False,False,True,False,False,True
2026-06-01,木耳菜,2.9,2.8,3.0,1,,0.05454545454545445,3.3583333333333334,0.673524355514523,-0.6805000139649005,0.08080047933216725,,True,False,False,False,True,False,True
2026-04-20,青蒜,2.35,2.0,3.0,2,鲁苏冀,0.23684210526315796,2.1675,0.26886976080597697,0.6787672940717815,0.13217280188987898,鲁,True,False,True,False,True,False,True
2026-04-13,香葱,3.05,2.8,3.3,1,,0.10909090909090913,3.2633333333333336,0.31429541707667447,-0.6787669235447036,0.07415946598820751,,True,False,False,False,True,False,True
2026-05-05,盖菜,1.3,1.1,1.5,1,,-0.10344827586206895,1.5333333333333334,0.3439961240091722,-0.6783022163561119,0.09686167985721067,,True,False,False,False,True,False,True
2026-05-29,空心菜,3.25,3.0,3.5,1,,0.1607142857142858,2.8583333333333334,0.577909928152712,0.6777296038478321,0.09689710742025168,,True,False,True,False,True,False,True
2026-07-28,瓠子,0.6,0.5,0.7,1,冀,-0.2941176470588235,0.7799999999999999,0.26574553553196884,-0.677339695057064,0.42813090532452336,冀,False,False,False,True,False,False,True
2026-05-19,香芹,2.25,2.0,2.5,1,,-0.15094339622641506,2.3633333333333337,0.16760654528683594,-0.6761867989068031,0.1185183315849681,,True,False,False,True,True,False,True
2026-01-22,苋菜,8.0,7.5,8.5,1,,-0.05882352941176472,7.225,1.1492026221109433,0.6743806401837311,0.045390669184655584,,True,False,False,False,True,False,True
2026-05-12,豇豆,3.4,2.8,4.0,1,鲁冀,-0.15000000000000002,3.943333333333334,0.8070522494444415,-0.6732319173973601,0.0528037840318966,鲁冀,False,False,False,True,False,False,True
2026-03-27,香葱,3.0,2.5,3.5,1,,-0.07692307692307687,3.6194333333333333,0.9207185980426419,-0.6727716097515444,0.0442325352282559,,True,False,False,False,True,False,True
2026-04-14,菜心,2.15,1.8,2.5,1,,-0.17307692307692313,2.5933333333333337,0.6609467260775583,-0.6707550182816264,0.09451021382406755,,True,False,False,True,True,False,True
2026-03-06,苦瓜,3.25,3.0,3.5,1,鲁,0.4444444444444444,3.9716666666666662,1.0786872076529044,-0.6690231065564664,0.16899883074230002,鲁,False,False,True,False,False,False,True
2026-02-26,香芹,3.4,3.0,3.8,1,,-0.05555555555555558,3.158333333333333,0.3612915847281836,0.6688964727713869,0.031315940948082585,,True,False,False,False,True,False,True
2026-08-04,奶白菜,3.25,3.0,3.5,1,,-0.0714285714285714,2.805,0.6657054852586431,0.668463772424988,0.11832382147062466,,True,False,False,False,True,False,True
2026-05-07,黄心菜,2.65,2.3,3.0,1,,-0.08620689655172409,2.9433333333333334,0.44016715738089973,-0.6664134940887848,0.056600893703227136,,True,False,False,False,True,False,True
2026-05-02,茄子,1.5,1.2,1.8,1,冀鲁,0.11111111111111094,1.7116666666666667,0.318044491935601,-0.6655253338250732,0.06745155616106883,云冀鲁,True,False,False,False,True,False,True
2026-07-16,小葱,2.25,1.5,3.0,1,冀辽,0.25,2.0233333333333334,0.34082388346510184,0.6650551139849206,0.0693306645207633,冀辽,False,False,True,False,False,False,True
2026-06-02,瓠子,1.0,0.9,1.1,1,冀,-0.13043478260869557,0.8521739130434783,0.22232156321498753,0.664920149079611,0.1518933234575461,冀,False,False,False,True,False,False,True
2026-04-06,芥兰,3.25,3.0,3.5,1,,-0.1095890410958904,3.7583333333333333,0.7646368682125426,-0.6648035877757783,0.11616251763519857,,True,False,False,False,True,False,True
2026-07-31,油麦菜,2.875,2.5,3.5,2,京冀,0.3855421686746987,2.2216666666666667,0.9828646847383157,0.6647235814635878,0.1413576723697397,京冀,False,False,True,False,False,False,True
2026-06-10,荠菜,9.5,4.5,14.5,2,,0.6521739130434783,7.775,2.5953788508251225,0.6646428514479062,0.4091012639449781,,True,False,True,False,True,False,True
2026-07-10,芦荟,8.5,8.0,9.0,1,,-0.08108108108108103,8.791666666666666,0.43933438959675425,-0.6638830776128728,0.03773950018328996,,True,False,False,False,True,False,True
2026-07-18,莴笋,1.0,0.8,1.2,1,冀,0.33333333333333326,0.9316666666666668,0.10295909242336873,0.6636940140492493,0.11964732810214283,冀,False,False,True,False,False,False,True
2026-06-22,茴香,1.55,1.3,1.8,1,冀,0.24,2.0416666666666665,0.742907073287255,-0.66181449113294,0.12311304265737845,冀,False,False,True,False,False,False,True
2026-01-26,快菜,1.4,1.0,1.8,1,,-0.30000000000000004,1.238888888888889,0.24347699224286887,0.6617097969996372,0.2048095886817044,,True,False,False,True,True,False,True
2026-05-09,白萝卜,0.7,0.6,0.8,1,苏冀,-0.17647058823529416,0.778,0.11798304963002086,-0.6611119160302915,0.068797454122678,苏冀,False,False,False,True,False,False,True
2026-06-22,鸡毛菜,2.6,2.2,3.0,1,,0.2093023255813955,3.5416666666666665,1.4279889001146246,-0.6594355646539541,0.12860336108646367,,True,False,True,False,True,False,True
2026-07-18,圆白菜,0.65,0.4,0.9,1,冀,-0.1333333333333333,0.5986666666666667,0.07784747834744485,0.6594090704418846,0.11945939037313605,冀,False,False,False,True,False,False,True
2026-01-30,平菇,3.25,3.0,3.5,1,京,-0.1333333333333333,3.433333333333333,0.27802670838376775,-0.659409070441798,0.09847429688644803,京,False,False,False,True,False,False,True
2026-03-03,平菇,3.25,3.0,3.5,1,京,0.18181818181818188,2.955,0.4476663628348606,0.6589728969849412,0.10800348140271157,京,False,False,True,False,False,False,True
2026-04-27,蒿子秆,2.2,1.8,2.6,1,,-0.15384615384615385,2.51,0.471132165364857,-0.6579894619589973,0.11268959587128093,,True,False,False,True,True,False,True
2026-03-04,扁豆,5.5,3.5,7.5,1,云鲁,0.22222222222222232,5.171666666666667,0.4990824915115078,0.6578738763985722,0.07703929225095248,云,True,False,True,False,True,False,True
2026-03-13,西葫芦,2.0,1.5,2.5,2,鲁云,-0.13043478260869557,2.183333333333333,0.2797268782880571,-0.6554012058309969,0.0861016690342394,鲁云,False,False,False,True,False,False,True
2026-07-20,芦笋,12.25,12.0,12.5,1,,0.0652173913043479,13.894736842105264,2.510140253764172,-0.6552370289424421,0.047761634732084286,,True,False,False,False,True,False,True
2026-07-20,甜豆,10.25,10.0,10.5,1,,0.2058823529411764,10.907894736842104,1.004194419795558,-0.6551467762348689,0.09433863828624588,,True,False,True,False,True,False,True
2026-06-30,孢子甘蓝,13.5,13.0,14.0,1,,-0.06896551724137934,15.426470588235293,2.9524416615245563,-0.652500814271981,0.0868638394984022,,True,False,False,False,True,False,True
2026-08-03,木耳菜,2.8,2.3,3.3,1,,0.11999999999999988,2.5983333333333336,0.3097505485044978,0.6510615320629137,0.16889475392416806,,True,False,False,False,True,False,True
2026-06-23,苋菜,2.75,2.0,3.5,1,,-0.22535211267605626,3.0983333333333336,0.5361875851199299,-0.6496482630335825,0.21957706997969775,,True,False,False,True,True,False,True
2026-04-28,荆芥,3.75,3.5,4.0,1,,-0.16666666666666663,4.466666666666667,1.103937571115105,-0.6491912997786191,0.07447037922940955,,True,False,False,True,True,False,True
2026-02-11,荠菜,7.75,7.0,8.5,1,,-0.34736842105263155,9.1125,2.110204578250404,-0.6456719950487767,0.309485441232564,,True,False,False,True,True,False,True
2026-06-29,苦菊,2.375,1.9,3.0,2,辽冀,0.1875,2.815,0.6835379564669614,-0.6437096811335118,0.09376171428184796,辽冀,False,False,True,False,False,False,True
2026-08-10,球茎茴香,5.75,5.5,6.0,1,,-0.07999999999999996,6.845238095238095,1.707476556347463,-0.6414366810288548,0.09734133869161214,,True,False,False,False,True,False,True
2026-06-30,紫菜头,5.25,5.0,5.5,1,,0.10526315789473695,5.047058823529412,0.3169535594113583,0.6402867879051048,0.08860961589987759,,True,False,False,False,True,False,True
2026-05-24,金丝南瓜,1.0,0.8,1.2,1,冀鲁,0.11111111111111116,1.0466666666666666,0.07302967433402503,-0.6390096504226681,0.048162629026978494,桂鲁,True,False,False,False,True,False,True
2026-07-20,黄心菜,3.65,3.3,4.0,1,,-0.18888888888888888,3.985,0.5252503508180488,-0.6377911018588673,0.07947023109119239,,True,False,False,True,True,False,True
2026-03-10,茴香,2.75,2.5,3.0,1,冀,-0.2666666666666667,3.4233333333333333,1.0557505365389586,-0.6377769274365758,0.2754789168342606,冀,False,False,False,True,False,False,True
2026-04-21,鸡毛菜,2.75,2.5,3.0,1,,-0.19117647058823528,3.1783333333333332,0.6732171004719196,-0.6362484450158428,0.19926109316110516,,True,False,False,True,True,False,True
2026-02-12,豆王,4.55,3.5,5.6,1,云,-0.15740740740740744,4.2716666666666665,0.4409400876757988,0.6312271011702114,0.0971429972319004,云,False,False,False,True,False,False,True
2026-07-29,空心菜,3.15,2.8,3.5,1,,0.0862068965517242,2.7183333333333337,0.6843677340453015,0.6307525109564739,0.1517296810182629,,True,False,False,False,True,False,True
2026-03-10,茼蒿,4.15,3.5,4.8,1,,-0.16999999999999993,4.488333333333333,0.5368624259228956,-0.6302049035220143,0.20350047541277883,,True,False,False,True,True,False,True
2026-06-20,鱼腥草根,8.5,8.0,9.0,1,,-0.10526315789473684,8.765625,0.42297310789221565,-0.6279950073508882,0.06452194115086458,,True,False,False,False,True,False,True
2026-07-30,荆芥,3.25,3.0,3.5,1,,-0.26136363636363646,3.6233333333333335,0.5959248583349926,-0.6264771944174684,0.18379576412593712,,True,False,False,True,True,False,True
2026-05-06,水萝卜,1.525,0.7,2.3,2,冀,0.196078431372549,1.3416666666666666,0.29297326385410527,0.6257681363874542,0.22032294435518332,冀,False,False,True,False,False,False,True
2026-05-30,菠菜,1.5,1.0,2.0,1,冀蒙,-0.45945945945945943,1.8866666666666667,0.6193619260192762,-0.6242984116763945,0.4799914455478128,冀蒙,False,False,False,True,False,False,True
2026-07-16,快菜,1.3,1.1,1.5,1,,0.1304347826086958,1.2083333333333333,0.1468539817438496,0.6242028004835211,0.09114190456137963,,True,False,False,False,True,False,True
2026-06-20,蚕豆仁,11.5,11.0,12.0,1,,-0.0980392156862745,12.625,1.8050854088749742,-0.6232392076678301,0.12707268703900187,,True,False,False,False,True,False,True
2026-05-08,快菜,0.65,0.5,0.8,1,,-0.1333333333333333,0.7699999999999999,0.19280148804691172,-0.6224018352534807,0.18106255291962,,True,False,False,True,True,False,True
2026-03-02,奶白菜,3.0,2.5,3.5,1,,-0.07692307692307687,3.191666666666667,0.30796420899674165,-0.6223666941397555,0.0632612275338309,,True,False,False,False,True,False,True
2026-07-02,菊花菜,1.9,1.8,2.0,1,,-0.09523809523809534,2.1466666666666665,0.3967395856863328,-0.6217344463874203,0.18207539905822503,,True,False,False,False,True,False,True
2026-06-05,丝瓜,2.125,1.5,3.0,2,冀/豫冀,-0.19047619047619047,2.436666666666667,0.5013659502717981,-0.62163508809824,0.1136790298456504,冀/豫冀,False,False,False,True,False,False,True
2026-05-25,快菜,0.6,0.4,0.8,1,,-0.4,0.6983333333333334,0.15892056860720324,-0.6187577492022409,0.2785025726957438,,True,False,False,True,True,False,True
2026-06-08,茄子,1.35,1.0,1.7,1,冀,-0.06896551724137923,1.2166666666666666,0.2154919525392909,0.6187392696672638,0.07286377420180692,冀鲁,True,False,False,False,True,False,True
2026-03-24,黄心菜,4.15,3.8,4.5,1,,-0.07777777777777772,3.4650000000000003,1.107276092412179,0.6186352299070607,0.07604705829915401,,True,False,False,False,True,False,True
2026-08-03,油菜,1.625,1.2,2.5,2,冀京,0.1607142857142858,1.3399999999999999,0.4608182377856392,0.6184651053949276,0.17206963347789753,冀京,False,False,True,False,False,False,True
2026-05-21,快菜,0.6,0.4,0.8,1,,-0.20000000000000007,0.705,0.1698630279839085,-0.6181451093050505,0.220709126489785,,True,False,False,True,True,False,True
2026-03-02,水萝卜,3.15,2.8,3.5,1,,0.1454545454545455,3.0716666666666663,0.1270916946561595,0.6163528902912239,0.05578834028220458,,True,False,False,False,True,False,True
2026-08-10,白萝卜,0.55,0.5,0.6,1,冀陕,0.22222222222222232,0.5113333333333334,0.06279322022119163,0.615777730947095,0.08369677065333105,冀陕,False,False,True,False,False,False,True
2026-03-17,樱桃萝卜,2.65,2.3,3.0,1,,0.06000000000000005,2.9383333333333335,0.46935086010900057,-0.6143236496176271,0.1180446757425617,,True,False,False,False,True,False,True
2026-08-08,油麦菜,2.25,2.0,2.5,1,京冀,-0.1428571428571429,2.6358333333333333,0.6282050007668738,-0.6141837980632624,0.15067865402910713,京冀,False,False,False,True,False,False,True
2026-08-08,小白菜,1.75,1.5,2.0,1,冀蒙,-0.26315789473684215,2.1199999999999997,0.6034884223098796,-0.613102068443679,0.2880182090824407,冀蒙,False,False,False,True,False,False,True
2026-03-20,香葱,3.0,2.5,3.5,1,,-0.07692307692307687,3.5810999999999997,0.9483574311626276,-0.6127436564583113,0.030858566539908015,,True,False,False,False,True,False,True
2026-06-20,香椿,19.5,19.0,20.0,1,,0.054054054054053946,27.25,12.662279942148386,-0.612054072047713,0.15968497023680298,,True,False,False,False,True,False,True
2026-03-16,豌豆苗,6.25,6.0,6.5,1,,-0.16666666666666663,5.6899999999999995,0.9149524200932422,0.612053684652729,0.10067605184311879,,True,False,False,True,True,False,True
2026-06-11,美人椒,4.5,4.0,5.0,1,鲁闽,-0.18181818181818177,4.833333333333333,0.5466722735905803,-0.6097498436201588,0.07957771291774135,鲁闽,False,False,False,True,False,False,True
2026-08-07,苦瓜,2.4,2.0,2.8,1,鲁冀,-0.12727272727272732,2.0483333333333333,0.5797566869747596,0.6065763010025907,0.04954373223168646,鲁冀,False,False,False,True,False,False,True
2026-08-11,绿菜花,1.45,1.2,1.7,1,冀,0.20833333333333326,1.375,0.12370013798671131,0.60630490168133,0.06081906466596836,冀,False,False,True,False,False,False,True
2026-03-23,快菜,1.15,0.8,1.5,1,,-0.1785714285714286,1.4283333333333335,0.4591377475925585,-0.6062087789399712,0.2722153510213603,,True,False,False,True,True,False,True
2026-06-10,紫菜头,5.25,5.0,5.5,1,,0.0714285714285714,5.053333333333333,0.32484428504101703,0.6054182749185036,0.0981332888611163,,True,False,False,False,True,False,True
2026-04-18,茴香,1.5,1.2,1.8,1,冀,-0.1428571428571429,1.7716666666666667,0.44888431297695,-0.6052041891707111,0.10295540542744828,冀,False,False,False,True,False,False,True
2026-05-29,蒿子秆,3.3,3.0,3.6,1,,-0.18518518518518523,2.743333333333333,0.9204321823463428,0.6047883563215117,0.1747117998000398,,True,False,False,True,True,False,True
2026-07-29,苋菜,2.6,2.3,2.9,1,,-0.054545454545454564,3.091666666666667,0.8146379916694438,-0.6035400652737671,0.16940912932392188,,True,False,False,False,True,False,True
2026-07-27,菊花菜,2.4,2.0,2.8,1,,-0.1578947368421053,2.1883333333333335,0.3512743630851931,0.6025679323922988,0.14010719871846883,,True,False,False,True,True,False,True
2026-05-24,茄子,1.3,1.2,1.4,1,冀鲁,0.18181818181818166,1.1883333333333332,0.18554827113056283,0.6018200330634796,0.08551576524410068,冀鲁,False,False,True,False,False,False,True
2026-04-01,快菜,1.0,0.5,1.5,1,,0.17647058823529416,1.2416666666666667,0.4017383205034336,-0.6015524393187709,0.24969783783556299,,True,False,True,False,True,False,True
2026-08-10,西洋菜,7.75,7.5,8.0,1,,-0.06060606060606055,8.054761904761905,0.5066815474005251,-0.6014860938304414,0.054800791262890364,,True,False,False,False,True,False,True
2026-04-21,穿心莲,2.9,2.8,3.0,1,,-0.07936507936507942,3.2266666666666666,0.5438897792329169,-0.6006118870764328,0.1398731986136066,,True,False,False,False,True,False,True
2026-06-10,春竹笋,8.25,8.0,8.5,1,,-0.13157894736842102,10.933333333333334,4.475595198512974,-0.5995478175114847,0.16234708515209723,,True,False,False,True,True,False,True
2026-06-22,穿心莲,3.0,2.5,3.5,1,,0.7142857142857142,2.75,0.4172983717132061,0.5990917217664483,0.28992796341683863,,True,False,True,False,True,False,True
2026-06-20,西洋菜,7.75,7.5,8.0,1,,-0.06060606060606055,8.0875,0.5634713834792323,-0.5989656438558774,0.05881104235661734,,True,False,False,False,True,False,True
2026-05-06,茼蒿,3.05,2.6,3.5,1,,0.051724137931034475,3.591666666666667,0.9045939585720533,-0.5987953617573512,0.1087710076581013,,True,False,False,False,True,False,True
2026-02-24,莲藕,3.75,3.5,4.0,1,津,-0.21052631578947367,3.411666666666667,0.5653322693006683,0.5984681075288001,0.10667731063919722,津,False,False,False,True,False,False,True
2026-05-04,菜心,1.75,1.5,2.0,1,,0.09375,1.9849999999999999,0.39285647111451827,-0.5981828410088655,0.09189400343359402,,True,False,False,False,True,False,True
2026-06-15,芥兰,2.0,1.8,2.2,1,,0.08108108108108092,1.915,0.1421206384100196,0.5980834377817389,0.031128049809847128,,True,False,False,False,True,False,True
2026-04-01,平菇,2.75,2.5,3.0,1,京,0.22222222222222232,2.566666666666667,0.30747394992918936,0.5962564743307667,0.07957771291774134,京,False,False,True,False,False,False,True
2026-05-28,绿菜花,1.85,1.5,2.2,1,冀,0.15625,2.021666666666667,0.2881819747567728,-0.5956884250361407,0.05830523034409371,冀,False,False,True,False,False,False,True
2026-05-18,苦菊,2.175,1.7,3.0,2,辽冀,0.20833333333333326,2.3983333333333334,0.3750249033876459,-0.5955160079129046,0.1144524298065711,辽冀,False,False,True,False,False,False,True
2026-04-20,菠菜,1.925,0.7,3.3,2,冀,1.0263157894736845,1.6316666666666666,0.4931397181420344,0.5948280427269244,0.4378910278103223,冀,False,False,True,False,False,False,True
2026-04-13,穿心莲,3.1,2.7,3.5,1,,0.37777777777777777,3.4866666666666664,0.6507202022445611,-0.5942134043678343,0.16884681448335195,,True,False,True,False,True,False,True
2026-03-16,青蒜,2.4,1.6,3.5,2,鲁,0.33333333333333326,2.7175,0.5345458110750955,-0.5939621888747643,0.2521581284004404,鲁,False,False,True,False,False,False,True
2026-08-08,广茄,0.5,0.4,0.6,1,冀,0.25,0.4733333333333334,0.04497764451075283,0.5928871321905574,0.08871797518473422,冀,False,False,True,False,False,False,True
2026-07-02,水萝卜,2.2,2.0,2.4,1,,-0.06382978723404253,1.9149999999999998,0.4814937246699557,0.5919080257906917,0.19678532668452353,,True,False,False,False,True,False,True
2026-06-22,蒿子秆,3.75,3.3,4.2,1,,0.0714285714285714,3.2883333333333336,0.7802169606892227,0.5917157533448677,0.13198299979041914,,True,False,False,False,True,False,True
2026-08-07,油豆,3.6,3.0,4.2,1,冀辽,0.19999999999999996,4.0216666666666665,0.7126545002886189,-0.5916845631310755,0.106883577275875,冀辽,False,False,True,False,False,False,True
2026-06-25,菊花菜,1.75,1.5,2.0,1,,-0.125,2.0466666666666664,0.5017097205338449,-0.5913113789204599,0.24104718893603647,,True,False,False,True,True,False,True
2026-05-07,红尖椒,6.5,6.0,7.0,1,鲁桂,-0.1333333333333333,6.775,0.4658603461006022,-0.5903056619904161,0.057889032903794414,鲁桂,False,False,False,True,False,False,True
2026-07-01,茼蒿,5.65,5.3,6.0,1,,-0.05833333333333324,6.2299999999999995,0.9863377053350034,-0.5880338923097397,0.1243355028567844,,True,False,False,False,True,False,True
2026-07-06,青蒜,3.775,2.8,4.7,2,甘青,-0.1321839080459769,3.6225,0.25975369633293044,0.5870946290771477,0.07528441017442442,甘,True,False,False,True,True,False,True
2026-07-27,穿心莲,2.9,2.5,3.3,1,,0.05454545454545445,2.703333333333333,0.33526452071548735,0.5866014878250786,0.06712033523140416,,True,False,False,False,True,False,True
2026-06-16,苦瓜,2.05,1.8,2.3,1,鲁,-0.14583333333333337,2.4016666666666664,0.5997820485369019,-0.5863240947682851,0.07752298055043445,鲁,False,False,False,True,False,False,True
2026-07-06,小黄瓜,2.95,2.5,3.3,2,辽鲁,-0.13235294117647056,3.1233333333333335,0.2958719822576137,-0.5858389564660205,0.04947769958535977,辽鲁,False,False,False,True,False,False,True
2026-07-30,快菜,1.15,1.0,1.3,1,,-0.1785714285714286,1.3283333333333334,0.3058857498381103,-0.5830063460874401,0.15202353149367795,,True,False,False,True,True,False,True
2026-05-18,穿心莲,3.0,2.5,3.5,1,,0.19999999999999996,2.83,0.29172495312515173,0.5827406883739181,0.18708686512830316,,True,False,True,False,True,False,True
2026-07-11,油麦菜,1.25,1.0,1.5,1,京冀,-0.2647058823529411,1.5241666666666664,0.470760725761551,-0.5823906958745257,0.17618859172562745,京冀,False,False,False,True,False,False,True
2026-06-22,荆芥,4.25,4.0,4.5,1,,0.1333333333333333,3.816666666666667,0.745484491077282,0.5812774625359857,0.12610613329361214,,True,False,False,False,True,False,True
2026-06-13,香菜,2.25,2.0,2.5,1,冀辽,-0.18181818181818177,2.73,0.8262503586518972,-0.5809377205997995,0.17660704138234926,冀辽,False,False,False,True,False,False,True
2026-05-11,茼蒿,3.0,2.5,3.5,1,,0.33333333333333326,3.545,0.9387583508972426,-0.5805540898561404,0.15385588945963885,,True,False,True,False,True,False,True
2026-06-16,奶白菜,2.15,1.8,2.5,1,,-0.06521739130434778,2.381666666666667,0.3996729985214473,-0.5796405249383771,0.1519796100499866,,True,False,False,False,True,False,True
2026-04-20,架豆,3.85,3.4,4.3,1,云鲁,0.4528301886792454,4.421666666666667,0.9887019819922512,-0.5781991713162633,0.14435222066501868,云鲁,False,False,True,False,False,False,True
2026-07-27,韭菜,1.4,1.2,1.6,1,冀,-0.26315789473684215,1.555,0.2682478267418366,-0.5778238798153358,0.12539013302717097,冀,False,False,False,True,False,False,True
2026-06-10,鸡毛菜,2.75,2.5,3.0,1,,-0.15384615384615385,3.566666666666667,1.4144776867935325,-0.5773627073029067,0.1445604334321983,,True,False,False,True,True,False,True
2026-04-20,小白菜,1.3,0.5,2.4,2,冀鲁,1.0,1.1383333333333332,0.281447408369947,0.5744116373392395,0.3849416752268145,冀鲁,False,False,True,False,False,False,True
2026-05-13,奶白菜,2.15,1.7,2.6,1,,0.07499999999999996,2.5983333333333336,0.7806367133058232,-0.5743175099141079,0.1829532385864858,,True,False,False,False,True,False,True
2026-04-06,香葱,3.05,2.7,3.4,1,,0.10909090909090913,3.5866666666666664,0.9387200872991104,-0.5717004183971032,0.0584530163059019,,True,False,False,False,True,False,True
2026-06-08,西葫芦,1.6,1.3,2.0,2,鲁,0.1636363636363638,1.4158333333333333,0.32246914670199334,0.5711140695170525,0.07925242707431471,鲁,False,False,True,False,False,False,True
2026-07-27,长茄,0.725,0.3,1.5,2,辽晋,-0.32558139534883723,0.7783333333333332,0.09347997511301535,-0.5705321730012693,0.12897728893552912,辽晋,False,False,False,True,False,False,True
2026-07-03,扁豆,2.6,2.0,3.2,1,冀晋,0.15555555555555567,3.1116666666666664,0.897091404766397,-0.5703617980822193,0.12149184746589524,冀晋,False,False,True,False,False,False,True
2026-07-30,平菇,2.75,2.5,3.0,1,冀蒙,-0.15384615384615385,3.18,0.7585830711676004,-0.5668462905956367,0.1584519292116414,冀蒙,False,False,False,True,False,False,True
2026-03-09,菠菜,2.375,1.2,4.0,2,冀,0.8999999999999999,2.8133333333333335,0.7787515797663007,-0.5628667019396288,0.46602453579034153,冀豫鲁,True,False,True,False,True,False,True
2026-07-25,小白菜,1.25,1.0,1.5,1,冀,-0.425287356321839,1.6024999999999998,0.6268197645586632,-0.5623626119195382,0.37590123776092765,冀,False,False,False,True,False,False,True
2026-04-23,青萝卜,1.5,1.0,2.0,1,津鲁,0.19999999999999996,1.3733333333333335,0.22542424881548184,0.5619034657196434,0.053452248382484864,津鲁,False,False,True,False,False,False,True
2026-06-04,空心菜,2.5,2.0,3.0,1,,-0.25373134328358216,2.79,0.5161862801955032,-0.561812684928712,0.1126350843736205,,True,False,False,True,True,False,True
2026-08-04,鸡毛菜,6.5,6.0,7.0,1,,-0.0714285714285714,5.228333333333334,2.2642530675750416,0.5616274456585318,0.2272584982153866,,True,False,False,False,True,False,True
2026-05-10,油麦菜,1.25,1.0,1.5,1,鲁京冀,-0.2857142857142857,1.4991666666666668,0.44409358157420387,-0.5610679302849446,0.11937153243626979,鲁京冀,False,False,False,True,False,False,True
2026-04-28,茼蒿,3.25,2.5,4.0,1,,0.08333333333333326,3.7183333333333333,0.8356788829462538,-0.5604226011816716,0.10194354549979223,,True,False,False,False,True,False,True
2026-06-08,散菜花,1.6,1.0,2.0,2,冀,-0.1351351351351351,1.39,0.37655425033888507,0.5576885662849586,0.12704075678535823,冀,False,False,False,True,False,False,True
2026-07-06,鸡毛菜,2.8,2.3,3.3,1,,0.11999999999999988,3.5683333333333334,1.3799352391934256,-0.5567894141049877,0.1213718996536342,,True,False,False,False,True,False,True
2026-07-08,西葫芦,1.45,1.0,2.2,2,冀晋,0.13725490196078427,1.3108333333333333,0.2507474458677387,0.5550073149701099,0.07497233814036289,鲁冀晋/鲁冀晋蒙,True,False,False,False,True,False,True
2026-07-21,螺丝椒,2.75,2.0,3.5,1,鲁冀,0.22222222222222232,2.558333333333333,0.34543409305349,0.5548574113586048,0.07223865690720509,鲁冀,False,False,True,False,False,False,True
2026-07-16,丝瓜,1.75,1.5,2.0,2,冀/豫冀,-0.125,1.6091666666666666,0.2542300184849128,0.5539602843622933,0.1869316178893973,冀/豫冀,False,False,False,True,False,False,True
2026-03-09,香芹,3.15,2.8,3.5,1,,0.0862068965517242,3.28,0.23474123684572812,-0.5538012909314092,0.07459328914278558,,True,False,False,False,True,False,True
2026-06-23,盖菜,1.75,1.5,2.0,1,,-0.07894736842105254,1.5416666666666667,0.3762526969392025,0.553705887102245,0.15618319870883568,,True,False,False,False,True,False,True
2026-07-18,油菜,1.1,1.0,1.2,1,冀京,-0.3015873015873015,0.9533333333333334,0.2652855759019127,0.5528633291426881,0.380089950758845,冀京,False,False,False,True,False,False,True
2026-07-27,香菜,3.0,2.5,3.5,1,冀蒙,-0.25,3.393333333333333,0.7159191503829411,-0.5494102694737826,0.11872807055359912,冀蒙,False,False,False,True,False,False,True
2026-06-02,荠菜,6.5,6.0,7.0,1,,-0.12162162162162171,7.925,2.6010193625073077,-0.5478621268802631,0.4353421627304822,,True,False,False,True,True,False,True
2026-01-28,鸡毛菜,4.25,4.0,4.5,1,,-0.07608695652173902,4.592499999999999,0.6251894449726922,-0.547833944981204,0.16463360433895896,,True,False,False,False,True,False,True
2026-06-12,盖菜,1.25,1.0,1.5,1,,-0.07407407407407418,1.475,0.41267629461592725,-0.545221528194162,0.0850005964309973,,True,False,False,False,True,False,True
2026-06-23,香菜,2.35,2.0,2.7,1,冀蒙,0.17500000000000004,2.746666666666667,0.7288315321792996,-0.5442501444477612,0.08898251567066827,冀辽,True,False,True,False,True,False,True
2026-05-28,散菜花,1.275,0.8,1.6,2,冀,0.4166666666666665,1.5341666666666667,0.4782548796249343,-0.541900726386556,0.14817650324555162,冀,False,False,True,False,False,False,True
2026-06-02,芥兰,1.9,1.8,2.0,1,,-0.07317073170731703,2.01,0.203164618152295,-0.5414328587349907,0.10038179810319131,,True,False,False,False,True,False,True
2026-05-04,苦菊,2.675,1.7,4.0,2,辽冀,0.3374999999999999,2.4983333333333335,0.3263521826592107,0.5413374754448887,0.14418894878043145,辽冀,False,False,True,False,False,False,True
2026-03-12,快菜,1.3,0.9,1.7,1,,0.368421052631579,1.53,0.4270185330711153,-0.5386183085446925,0.2274611678719058,,True,False,True,False,True,False,True
2026-05-04,散生菜,1.65,1.5,1.8,1,,0.06451612903225801,1.7816666666666665,0.24476707200976164,-0.5379263868524584,0.034431077932092026,,True,False,False,False,True,False,True
2026-07-25,苦菊,3.675,2.4,5.0,2,冀/辽,-0.1741573033707866,3.1550333333333334,0.9762544002579371,0.5326139032298196,0.12404454831752275,冀/辽,False,False,False,True,False,False,True
2026-08-10,番杏,11.5,11.0,12.0,1,,-0.07999999999999996,12.19047619047619,1.2964006949646258,-0.5326101668705372,0.10580554948898216,,True,False,False,False,True,False,True
2026-08-10,苤蓝,3.75,3.5,4.0,1,,-0.11764705882352944,4.109523809523809,0.6761322074156519,-0.531735961666432,0.11155097172010774,,True,False,False,False,True,False,True
2026-04-11,油菜,0.8,0.7,0.9,1,鲁京皖,-0.1794871794871794,0.8466666666666666,0.08777256398503097,-0.5316771499876113,0.13358779444417496,鲁京皖,False,False,False,True,False,False,True
2026-06-16,盖菜,1.25,1.0,1.5,1,,-0.07407407407407418,1.4699999999999998,0.41410476768650006,-0.5312665227910435,0.06798136267930172,,True,False,False,False,True,False,True
2026-06-04,鸡毛菜,4.25,4.0,4.5,1,,-0.26086956521739135,3.4916666666666667,1.4304619059478016,0.5301317918220783,0.1768307525169758,,True,False,False,True,True,False,True
2026-06-23,散生菜,2.0,1.5,2.5,1,,-0.13043478260869557,2.3516666666666666,0.6640371994842228,-0.5295888045727203,0.06402038987325044,,True,False,False,True,True,False,True
2026-05-21,盖菜,1.65,1.3,2.0,1,,-0.05714285714285716,1.4266666666666665,0.421968566678098,0.5292653315186506,0.2260641366266265,,True,False,False,False,True,False,True
2026-07-20,夹豆,10.25,10.0,10.5,1,,0.07894736842105265,10.75,0.9464847243000462,-0.528270543795374,0.07237145362164682,,True,False,False,False,True,False,True
2026-06-15,水萝卜,1.8,1.6,2.0,1,,-0.05263157894736836,1.48,0.606160898180304,0.5279126399618328,0.4436987974034464,,True,False,False,False,True,False,True
2026-07-15,香葱,3.45,3.3,3.6,1,,0.06153846153846154,3.621666666666667,0.3252806038858852,-0.5277494711209122,0.05073051605181048,,True,False,False,False,True,False,True
2026-06-04,蒿子秆,3.4,3.3,3.5,1,,-0.06849315068493156,2.9066666666666667,0.9366791425520027,0.5266833763258951,0.15488455011948773,,True,False,False,False,True,False,True
2026-07-24,苋菜,3.5,3.0,4.0,1,,-0.14634146341463405,3.066666666666667,0.8230864258191702,0.5264736724361133,0.17549743008635044,,True,False,False,True,True,False,True
2026-05-23,油豆,3.85,3.2,4.5,1,冀辽,0.24193548387096775,4.223333333333334,0.7095084910348759,-0.5261858569004529,0.10053841175927211,冀辽,False,False,True,False,False,False,True
2026-06-08,空心菜,3.0,2.7,3.3,1,,0.33333333333333326,2.738333333333333,0.498045028661781,0.5253875686095106,0.14105036662391232,,True,False,True,False,True,False,True
2026-02-13,散叶生菜,2.7,2.5,2.9,1,冀辽,0.20000000000000018,2.566666666666667,0.25438679933943287,0.5241362117828459,0.07495344118378473,冀辽,False,False,True,False,False,False,True
2026-02-24,青萝卜,2.1,1.8,2.4,1,津鲁,-0.15999999999999992,1.9966666666666666,0.19736773542934008,0.523557374302083,0.07275771550852156,津鲁,False,False,False,True,False,False,True
2026-06-11,苋菜,2.75,2.5,3.0,1,,-0.15384615384615385,3.021666666666667,0.518898590407024,-0.523544815285722,0.18461419803717832,,True,False,False,True,True,False,True
2026-05-27,苋菜,2.9,2.5,3.3,1,,-0.17142857142857149,3.5283333333333333,1.2022739470179526,-0.5226207678306706,0.19147943786951355,,True,False,False,True,True,False,True
2026-03-23,小白菜,1.475,0.6,2.5,2,冀鲁,1.1071428571428572,1.745,0.5197147758875647,-0.5195157277160269,0.40398392632337166,冀鲁,False,False,True,False,False,False,True
2026-07-29,鸡毛菜,6.0,5.5,6.5,1,,0.26315789473684204,4.745000000000001,2.4189036416497047,0.5188300924397644,0.2579895945847854,,True,False,True,False,True,False,True
2026-06-30,苤蓝,3.75,3.5,4.0,1,,0.2931034482758621,4.135294117647058,0.7430437205092549,-0.5185349219868137,0.10613132161107554,,True,False,True,False,True,False,True
2026-03-06,丝瓜,4.25,4.0,4.5,1,豫冀,0.3076923076923077,3.841666666666667,0.7891596723767285,0.5174280283526745,0.16907097687502212,豫冀,False,False,True,False,False,False,True
2026-04-25,油菜,0.8,0.7,0.9,1,鲁京,-0.1794871794871794,0.8491666666666666,0.09502343933466686,-0.5174161976341913,0.0850959857605534,鲁京,False,False,False,True,False,False,True
2026-07-01,快菜,1.0,0.8,1.2,1,,-0.2592592592592593,1.1383333333333332,0.26738946582986683,-0.517347730599646,0.078790879519734,,True,False,False,True,True,False,True
2026-04-28,鸡毛菜,2.75,2.5,3.0,1,,-0.08333333333333337,3.0866666666666664,0.6515145925977552,-0.5167446293478867,0.1863534771559755,,True,False,False,False,True,False,True
2026-06-08,香芹,2.55,2.3,2.8,1,,-0.15000000000000002,2.443333333333334,0.20667037445691325,0.516119772594228,0.08503894849672779,,True,False,False,True,True,False,True
2026-04-15,荠菜,5.25,5.0,5.5,1,,0.16666666666666674,6.441666666666666,2.3132241022275393,-0.515154007568545,0.4118464038682887,,True,False,True,False,True,False,True
2026-04-13,樱桃萝卜,2.35,2.2,2.5,1,,0.2702702702702702,2.5066666666666664,0.3047704996735525,-0.5140480027905455,0.10728125139599105,,True,False,True,False,True,False,True
2026-04-23,菜心,2.0,1.5,2.5,1,,0.1428571428571428,2.2983333333333333,0.5821309447036888,-0.5124849246507388,0.1025271846755799,,True,False,False,False,True,False,True
2026-05-11,穿心莲,3.0,2.5,3.5,1,,0.33333333333333326,2.8433333333333337,0.3084257394927004,0.5079558759406789,0.1749725101026681,,True,False,True,False,True,False,True
2026-04-20,豇豆,3.55,2.6,4.5,1,桂冀,0.392156862745098,4.15,1.2005745750867902,-0.4997607082897172,0.17170792766307916,海,True,False,True,False,True,False,True
2026-07-27,樱桃萝卜,3.3,2.8,3.8,1,,-0.05714285714285716,2.805,0.9905023107424868,0.49974643636009747,0.20241243940109782,,True,False,False,False,True,False,True
2026-04-07,奶白菜,3.5,3.0,4.0,1,,-0.10256410256410253,3.9683333333333333,0.940513738312218,-0.4979548030566491,0.11767335510928378,,True,False,False,False,True,False,True
2026-03-30,芥兰,3.3,3.0,3.6,1,,-0.2666666666666667,3.7,0.8047274115478806,-0.49706272491775394,0.12312077987617312,,True,False,False,True,True,False,True
2026-06-11,樱桃萝卜,2.1,2.0,2.2,1,,-0.06666666666666665,2.3483333333333336,0.5023193333365549,-0.49437343309848225,0.10651257348332048,,True,False,False,False,True,False,True
2026-06-28,瓠子,0.9,0.5,1.3,1,冀,0.19999999999999996,1.0733333333333335,0.3507954835290328,-0.4941150655350097,0.1571460057456361,冀,False,False,True,False,False,False,True
2026-05-02,圆白菜,0.58,0.45,0.7,1,冀,0.15999999999999992,0.613,0.0668580586017755,-0.49358298296629977,0.06852302565457816,冀,False,False,True,False,False,False,True
2026-06-15,茴香,1.75,1.5,2.0,1,冀,-0.2222222222222222,2.0949999999999998,0.6999199461613361,-0.4929135137412915,0.08180943959466545,冀,False,False,False,True,False,False,True
2026-07-20,朝天椒,8.75,8.5,9.0,1,,0.12903225806451624,11.421052631578947,5.437812974121164,-0.49119979747200315,0.10784491286467902,,True,False,False,False,True,False,True
2026-07-13,豇豆,2.0,1.5,2.5,1,鲁冀,-0.33333333333333337,1.7616666666666667,0.48790250109495376,0.4884855740613425,0.4051257345779427,鲁冀,False,False,False,True,False,False,True
2026-06-04,菜心,2.25,2.0,2.5,1,,-0.15094339622641506,1.9833333333333334,0.5461989869391318,0.4882225581578822,0.18650619936115356,,True,False,False,True,True,False,True
2026-07-20,西葫芦,1.25,0.8,1.9,2,冀晋,-0.2647058823529411,1.3625,0.23088566359817952,-0.4872541596856734,0.08841478415106384,冀晋,False,False,False,True,False,False,True
2026-04-20,盖菜,2.05,1.8,2.3,1,,-0.08888888888888902,1.8216666666666665,0.46935086010899923,0.48648751443708127,0.137674745717542,,True,False,False,False,True,False,True
2026-05-23,茄子,1.1,0.9,1.3,1,冀鲁,0.1578947368421053,1.1916666666666667,0.18849830024539457,-0.48629969897516984,0.06872236796626453,冀鲁,False,False,True,False,False,False,True
2026-07-17,穿心莲,2.5,2.0,3.0,1,,-0.16666666666666663,2.673333333333333,0.3566446442873654,-0.48601131717449836,0.04917727489681028,,True,False,False,True,True,False,True
2026-07-28,豇豆,2.5,2.0,3.0,1,鲁冀,-0.16666666666666663,2.098333333333333,0.8272808943526486,0.4855263422721408,0.13229291569139923,鲁冀,False,False,False,True,False,False,True
2026-08-10,沙葁,12.5,12.0,13.0,1,,-0.07407407407407407,11.821428571428571,1.4034396521200543,0.48350595449285616,0.06709591529709966,,True,False,False,False,True,False,True
2026-02-03,荠菜,8.25,8.0,8.5,1,,-0.08333333333333337,9.25,2.073644135332772,-0.48224282217041214,0.2628385979856341,,True,False,False,False,True,False,True
2026-06-05,散叶生菜,1.75,1.5,2.0,1,冀,-0.2222222222222222,1.39,0.750218359017491,0.4798602909044603,0.24637430235912133,冀,False,False,False,True,False,False,True
2026-04-27,蒜黄,3.75,3.5,4.0,1,冀,0.15384615384615374,3.55,0.4172983717131912,0.4792733774131762,0.041117114140372946,冀,False,False,True,False,False,False,True
2026-06-09,散生菜,2.5,2.0,3.0,1,,-0.180327868852459,2.12,0.7933560317432825,0.47897789239089306,0.13547149351770016,,True,False,False,True,True,False,True
2026-05-01,荠菜,7.5,6.0,9.0,1,,-0.33333333333333337,6.5625,1.966516590319027,0.4767312946227979,0.3461940774523821,,True,False,False,True,True,False,True
2026-04-23,盖菜,1.55,1.3,1.8,1,,-0.11428571428571421,1.7366666666666666,0.39280892374628246,-0.47520984219603835,0.14390372219865052,,True,False,False,False,True,False,True
2026-01-20,散叶生菜,2.5,2.3,2.7,1,冀京辽,0.16279069767441867,2.395,0.22118104039808412,0.4747242340980936,0.05692972417170628,冀京辽,False,False,True,False,False,False,True
2026-05-28,快菜,0.75,0.5,1.0,1,,-0.11764705882352944,0.6833333333333333,0.1410143874619338,0.47276499842729186,0.2967396844453995,,True,False,False,False,True,False,True
2026-06-30,菊花菜,1.9,1.8,2.0,1,,-0.07317073170731703,2.106666666666667,0.43820427714221966,-0.4716217468584706,0.1834524407557383,,True,False,False,False,True,False,True
2026-04-17,油豆,6.25,5.5,7.0,1,云鲁,0.25,5.9399999999999995,0.6576342133897004,0.47138666706852267,0.07692886023203323,云鲁,False,False,True,False,False,False,True
2026-08-02,架豆,3.5,2.5,4.5,1,云冀,-0.17647058823529416,3.73,0.4900035186362132,-0.4693843845042995,0.05687668095960945,云冀,False,False,False,True,False,False,True
2026-07-27,油麦菜,2.575,1.5,3.5,2,京冀,-0.20769230769230762,2.1041666666666665,1.0050107936745258,0.46848584741251414,0.18106493875877944,京冀,False,False,False,True,False,False,True
2026-08-10,鱼腥草根,9.5,9.0,10.0,1,,-0.15555555555555556,9.107142857142858,0.8425090080061037,0.4662942937392264,0.09168850039405595,,True,False,False,True,True,False,True
2026-03-02,菠菜,2.825,0.9,4.8,2,冀豫鲁,1.1730769230769234,3.1533333333333338,0.7049924594037112,-0.46572602153935205,0.38163896761590554,冀豫鲁,False,False,True,False,False,False,True
2026-06-19,菊花菜,1.65,1.5,1.8,1,,-0.13157894736842102,1.9233333333333333,0.587034236993283,-0.46561736285316685,0.20615621755838964,,True,False,False,True,True,False,True
2026-05-29,青蒜,3.55,3.0,4.0,2,甘,-0.14970059880239517,3.7808333333333333,0.49639577392219536,-0.46501873194737164,0.05265215606167768,甘,False,False,False,True,False,False,True
2026-05-19,茼蒿,4.0,3.5,4.5,1,,0.23076923076923084,3.5649999999999995,0.9355203235964834,0.46498188123556833,0.17459063555637638,,True,False,True,False,True,False,True
2026-03-02,香芹,3.05,2.8,3.3,1,,-0.0757575757575758,3.1999999999999997,0.322971120733087,-0.4644378099798106,0.03856764310341327,,True,False,False,False,True,False,True
2026-04-08,荠菜,5.5,5.0,6.0,1,,-0.15384615384615385,6.929166666666666,3.07725305273627,-0.46442936026852333,0.5624403646563654,,True,False,False,True,True,False,True
2026-06-30,荔浦芋头,6.75,6.5,7.0,1,,0.08000000000000007,6.970588235294118,0.4750193494510944,-0.46437736809883023,0.06460516052727627,,True,False,False,False,True,False,True
2026-04-22,蒿子秆,2.35,2.0,2.7,1,,0.09302325581395365,2.6016666666666666,0.5422627136127951,-0.4641046864350148,0.12210042441870635,,True,False,False,False,True,False,True
2026-06-25,盖菜,1.75,1.5,2.0,1,,0.06060606060606055,1.595,0.33485714916188947,0.4628839503291118,0.15554461388918453,,True,False,False,False,True,False,True
2026-02-03,快菜,1.4,1.0,1.8,1,,0.11999999999999988,1.2791666666666666,0.2616488962857216,0.4618148023883995,0.2669886961918201,,True,False,False,False,True,False,True
2026-03-16,水萝卜,2.325,1.5,3.5,2,鲁,0.40909090909090917,2.6166666666666667,0.632603178627166,-0.4610578582605646,0.28540998668741524,鲁,False,False,True,False,False,False,True
2026-06-17,香葱,3.8,3.6,4.0,1,,-0.050000000000000044,3.705,0.20609254700505994,0.46095795981242993,0.033036773924791055,,True,False,False,False,True,False,True
2026-04-13,西芹,2.0,1.9,2.1,1,豫辽,0.05263157894736836,2.115,0.25056831954303466,-0.4589566638341491,0.05855162169729944,鲁,True,False,False,False,True,False,True
2026-05-26,毛冬瓜,0.95,0.9,1.0,1,冀鲁,0.18749999999999978,1.05,0.21853745832158156,-0.45758745785744614,0.10034248520528144,冀鲁,False,False,True,False,False,False,True
2026-07-31,孢子甘蓝,14.0,13.0,15.0,1,,-0.09677419354838712,15.2625,2.759522985094192,-0.4575066077794985,0.09535848297263802,,True,False,False,False,True,False,True
2026-02-02,蒿子秆,3.8,3.3,4.3,1,,-0.06172839506172845,4.078260869565217,0.6108537406696618,-0.4555278146617683,0.1367100369506511,,True,False,False,False,True,False,True
2026-04-13,水萝卜,1.8,1.0,2.7,2,鲁,0.5652173913043479,2.0003333333333333,0.4427810491329332,-0.45244333226463024,0.2279431993031025,鲁,False,False,True,False,False,False,True
2026-06-23,香葱,3.65,3.3,4.0,1,,-0.08750000000000002,3.743333333333333,0.2066703744569097,-0.4516048010199597,0.04125391034491175,,True,False,False,False,True,False,True
2026-07-18,小白菜,1.65,1.5,1.8,1,冀,-0.4358974358974359,1.4116666666666666,0.5293022950453065,0.45027829194077607,0.36837217959479035,冀,False,False,False,True,False,False,True
2026-06-30,香芋头,5.75,5.5,6.0,1,,0.09523809523809534,5.638235294117647,0.250330663676008,0.446468300132043,0.039039787069464746,,True,False,False,False,True,False,True
2026-07-21,西葫芦,1.475,1.1,2.0,2,冀晋,0.18000000000000016,1.3733333333333335,0.2281799551976955,0.4455547665375883,0.09977845686596742,冀晋,False,False,True,False,False,False,True
2026-06-22,樱桃萝卜,2.6,2.2,3.0,1,,0.48571428571428577,2.388333333333333,0.4766411455269027,0.44407972046282346,0.15960554678587266,,True,False,True,False,True,False,True
2026-04-09,快菜,1.15,1.0,1.3,1,,0.5333333333333332,1.0416666666666667,0.24427349473466217,0.44349196973256705,0.225796077110291,,True,False,True,False,True,False,True
2026-04-06,菜心,2.4,2.0,2.8,1,,0.1428571428571428,2.746666666666667,0.7850909603937326,-0.44156242289786346,0.1275165639228178,,True,False,False,False,True,False,True
2026-02-09,菊花菜,3.85,3.7,4.0,1,,-0.07228915662650603,3.6625,0.42548991370732525,0.44066849520896645,0.052871404298160445,,True,False,False,False,True,False,True
2026-06-10,苋菜,3.25,3.0,3.5,1,,-0.1095890410958904,3.021666666666667,0.518898590407024,0.4400345993505752,0.1794853423789915,,True,False,False,False,True,False,True
2026-04-07,菠菜,1.925,0.7,3.0,2,冀,0.203125,1.72,0.4658788506127803,0.44002856049455613,0.32540153225279594,冀,False,False,True,False,False,False,True
2026-08-04,蒿子秆,4.65,4.5,4.8,1,,0.05681818181818188,4.275,0.8529613727762109,0.4396447623172588,0.04044213004289132,,True,False,False,False,True,False,True
2026-06-09,奶白菜,2.25,2.0,2.5,1,,-0.18181818181818177,2.408333333333333,0.3620066996268316,-0.4373768040661911,0.10814481650888116,,True,False,False,True,True,False,True
2026-08-05,苋菜,2.6,2.5,2.7,1,,-0.054545454545454564,2.955,0.8126531685865451,-0.436840725813516,0.12003737425317733,,True,False,False,False,True,False,True
2026-02-02,小白菜,2.925,1.5,4.4,2,冀鲁,0.6714285714285713,2.7533333333333334,0.3929734862806143,0.4368403280624453,0.2522788662319105,冀鲁,False,False,True,False,False,False,True
2026-05-19,菜心,1.7,1.4,2.0,1,,-0.08108108108108114,1.8766666666666667,0.4046568008038197,-0.43658395538078676,0.14129956971134675,,True,False,False,False,True,False,True
2026-04-17,苋菜,5.5,5.0,6.0,1,,0.2941176470588236,6.340000000000001,1.9286586369627536,-0.43553586098721464,0.123008442243325,,True,False,True,False,True,False,True
2026-07-13,快菜,1.15,0.9,1.4,1,,0.1499999999999999,1.2133333333333334,0.14558640835892095,-0.4350222939575159,0.0829687781631146,,True,False,False,False,True,False,True
2026-06-20,苦菊,2.4,2.3,2.5,1,辽冀,-0.16521739130434787,2.7308333333333334,0.7605772346613147,-0.4349766443912218,0.12948474770554055,辽冀,False,False,False,True,False,False,True
2026-03-16,小白菜,1.75,0.8,3.0,2,冀鲁,0.6666666666666665,2.0191666666666666,0.6189424842831315,-0.434881549581169,0.3195721421234994,冀鲁,False,False,True,False,False,False,True
2026-01-26,线茄,4.5,4.0,5.0,1,闽,-0.23728813559322037,4.926923076923076,0.9834867329283885,-0.4340913432069268,0.07806242416107634,闽,False,False,False,True,False,False,True
2026-04-23,香葱,3.25,3.0,3.5,1,,-0.0714285714285714,3.158333333333333,0.2113516979583634,0.43371625377112066,0.0719868559070539,,True,False,False,False,True,False,True
2026-05-06,樱桃萝卜,2.15,2.0,2.3,1,,0.13157894736842102,1.9949999999999999,0.35872138838207474,0.4320902098954559,0.08451427464583702,,True,False,False,False,True,False,True
2026-03-16,菠菜,2.2,1.0,3.3,2,冀,0.5714285714285716,2.5316666666666667,0.7731745278879263,-0.4289673996021019,0.3474626043847818,冀,False,False,True,False,False,False,True
2026-06-15,穿心莲,3.0,2.5,3.5,1,,0.33333333333333326,2.8400000000000003,0.3731044043585308,0.42883439093967207,0.20978101758375658,,True,False,True,False,True,False,True
2026-06-08,穿心莲,3.0,2.5,3.5,1,,0.5789473684210527,2.836666666666667,0.38122609214656766,0.42844216777936944,0.1805905038065515,,True,False,True,False,True,False,True
2026-06-29,鸡毛菜,3.05,2.8,3.3,1,,-0.06153846153846154,3.6333333333333333,1.365860429415714,-0.42708121618463685,0.12832177837541406,,True,False,False,False,True,False,True
2026-08-05,盖菜,2.4,1.8,3.0,1,,0.19999999999999996,2.1116666666666664,0.6752628266515721,0.426994233879411,0.10524925702028541,,True,False,True,False,True,False,True
2026-06-17,菊花菜,2.15,2.0,2.3,1,,-0.08510638297872353,1.8916666666666666,0.6065850330323339,0.42588148283500904,0.21892054308856568,,True,False,False,False,True,False,True
2026-03-08,油麦菜,2.5,2.0,3.0,1,鲁京冀,-0.1228070175438597,2.6054333333333335,0.24794906086051013,-0.42522174904565424,0.08414033137377742,鲁京冀,False,False,False,True,False,False,True
2026-03-06,快菜,1.4,1.0,1.8,1,,0.4736842105263157,1.5650000000000002,0.38955102361564947,-0.42356453968093666,0.18296981244525287,,True,False,True,False,True,False,True
2026-04-01,鸡毛菜,3.4,3.3,3.5,1,,-0.06849315068493156,3.5966666666666667,0.4653388334161023,-0.42263110779497093,0.09731747415365079,,True,False,False,False,True,False,True
2026-08-03,樱桃萝卜,3.4,3.2,3.6,1,,0.0625,3.0200000000000005,0.8992909084000749,0.4225551447818549,0.13613802279402834,,True,False,False,False,True,False,True
2026-03-18,罗马生菜,1.9,1.8,2.0,1,云,0.1515151515151516,2.0949999999999998,0.46150989080446003,-0.42252615574520935,0.06452309782877275,云,False,False,True,False,False,False,True
2026-06-30,夹豆,11.25,11.0,11.5,1,,0.0714285714285714,10.852941176470589,0.9398255470157909,0.42248141135361145,0.05414178013399731,,True,False,False,False,True,False,True
2026-07-28,苋菜,2.75,2.5,3.0,1,,-0.12698412698412698,3.0933333333333333,0.8136479512084496,-0.4219679196923022,0.1847008041088096,,True,False,False,True,True,False,True
2026-07-20,豆尖,10.25,10.0,10.5,1,,0.07894736842105265,9.75,1.187317237397917,0.4211174438061579,0.16717933837352617,,True,False,False,False,True,False,True
2026-06-15,苦菊,2.95,2.3,3.8,2,辽冀,0.22916666666666674,2.6174999999999997,0.7943808584525792,0.4185649697648765,0.14414186017687758,辽冀,False,False,True,False,False,False,True
2026-02-03,樱桃萝卜,3.25,3.0,3.5,1,,-0.1333333333333333,3.3874999999999997,0.32878233846567306,-0.4182098121257678,0.0592352464155027,,True,False,False,True,True,False,True
2026-06-20,秋葵,8.75,8.5,9.0,1,,-0.05405405405405406,9.34375,1.4255846753759198,-0.4164957790693359,0.17777024958585705,,True,False,False,False,True,False,True
2026-06-06,小白菜,1.25,1.0,1.5,1,冀,-0.2647058823529411,1.4283333333333332,0.42950118086894135,-0.4152103446433833,0.4948809264963516,冀,False,False,False,True,False,False,True
2026-06-04,美人椒,5.5,5.0,6.0,1,鲁闽,0.22222222222222232,5.116666666666666,0.925531844618189,0.414176276659039,0.059391387091649914,鲁闽,False,False,True,False,False,False,True
2026-02-04,奶白菜,3.15,2.8,3.5,1,,-0.07352941176470584,3.022,0.3099327884128,0.4129927674174205,0.08273505776791713,,True,False,False,False,True,False,True
2026-08-03,大白菜,0.55,0.5,0.6,1,冀,-0.15384615384615385,0.6046666666666666,0.13242391005412651,-0.4128156814303569,0.07160094468691312,冀,False,False,False,True,False,False,True
2026-08-07,团生菜,1.6,1.2,2.0,1,冀,-0.19999999999999996,1.725,0.3044922285402,-0.41051950849214236,0.06720242540916664,冀,False,False,False,True,False,False,True
2026-07-20,凉瓜,8.25,8.0,8.5,1,,0.22222222222222232,9.039473684210526,1.9243742812324762,-0.4102495506772741,0.09524461090669283,,True,False,True,False,True,False,True
2026-07-10,蚕豆仁,13.5,13.0,14.0,1,,-0.06896551724137934,12.777777777777779,1.7612848103036987,0.4100541933917482,0.1450758241755345,,True,False,False,False,True,False,True
2026-06-05,扁豆,4.25,3.5,5.0,1,冀晋,-0.13265306122448983,3.8016666666666667,1.098626362808336,0.4080853586903672,0.08713123350635267,冀晋,False,False,False,True,False,False,True
2026-07-13,木耳菜,2.65,2.3,3.0,1,,0.32499999999999996,2.56,0.22221455925482037,0.40501396623969205,0.12460660617397808,,True,False,True,False,True,False,True
2026-05-25,空心菜,2.65,2.4,2.9,1,,0.10416666666666674,2.888333333333333,0.588932894329218,-0.4046867404219115,0.1370738177398798,,True,False,False,False,True,False,True
2026-04-02,蒿子秆,3.25,2.5,4.0,1,,0.2264150943396226,3.0261,0.5533457078660612,0.4046295052390568,0.11599132391322775,,True,False,True,False,True,False,True
2026-07-31,奶白菜,3.0,2.5,3.5,1,,-0.1428571428571429,2.7350000000000003,0.6561578342504746,0.40386624401537125,0.11260826596302097,,True,False,False,True,True,False,True
2026-03-29,架豆,5.0,4.5,5.5,1,云,-0.13043478260869568,5.208333333333333,0.5159663403438404,-0.4037731089095842,0.05565493335569874,云,False,False,False,True,False,False,True
2026-05-06,散生菜,1.8,1.6,2.0,1,,0.09090909090909105,1.7333333333333334,0.1652236380628231,0.40349351611128387,0.04273896272727214,,True,False,False,False,True,False,True
2026-01-26,空心菜,7.75,7.5,8.0,1,,-0.08823529411764708,7.344444444444444,1.005848908208281,0.4031972916071183,0.04537832615526163,,True,False,False,False,True,False,True
2026-02-26,茴香,2.9,2.8,3.0,1,冀,0.7575757575757576,3.271666666666667,0.9238864064126191,-0.40228610799656694,0.3078813496599064,冀,False,False,True,False,False,False,True
2026-06-10,夹豆,11.25,11.0,11.5,1,,0.0714285714285714,10.85,0.9946284302621334,0.4021602317305375,0.051452265010281543,,True,False,False,False,True,False,True
2026-03-16,香葱,3.25,3.0,3.5,1,,-0.05797101449275366,3.6261,0.9390907689961562,-0.40049376739378806,0.1464242715709922,,True,False,False,False,True,False,True
2026-04-22,豌豆苗,5.25,5.0,5.5,1,,-0.08695652173913049,5.516666666666667,0.6660917060882382,-0.4003452741255734,0.04201098226798533,,True,False,False,False,True,False,True
2026-08-10,快菜,1.55,1.3,1.8,1,,-0.18421052631578938,1.4066666666666667,0.3588134981251147,0.3994647193661438,0.23900199252672896,,True,False,False,True,True,False,True
2026-03-09,小白菜,1.975,0.9,3.3,2,冀鲁,0.7173913043478264,2.23,0.6386745434208201,-0.39926438688817667,0.3567567919118985,冀鲁,False,False,True,False,False,False,True
2026-08-04,茼蒿,7.25,7.0,7.5,1,,-0.09375,7.951666666666666,1.7722712552820066,-0.3959138109222541,0.08688431491122074,,True,False,False,False,True,False,True
2026-06-28,胡萝卜,0.615,0.55,0.7,2,鲁,0.10810810810810789,0.5998333333333332,0.03851742403148837,0.39376118855372766,0.035441992973675264,豫闽/鲁,True,False,False,False,True,False,True
2026-04-15,尖椒,3.15,2.5,3.8,1,辽鲁粤闽,-0.14864864864864868,2.986666666666667,0.4152135581247136,0.3933718688547118,0.06973239160277296,辽鲁粤闽,False,False,False,True,False,False,True
2026-06-26,茼蒿,6.5,6.0,7.0,1,,-0.1333333333333333,6.025,1.211066073541308,0.39221642020822245,0.12533187399476367,,True,False,False,True,True,False,True
2026-03-05,平菇,2.75,2.5,3.0,1,京,-0.15384615384615385,2.9050000000000002,0.3983478812329225,-0.38910712797131325,0.11737697713277973,京,False,False,False,True,False,False,True
2026-02-09,小白菜,2.9,1.5,4.5,2,冀鲁,0.7575757575757576,2.7158333333333338,0.47563402935981924,0.3872024609226251,0.3202668934357844,冀鲁,False,False,True,False,False,False,True
2026-04-06,樱桃萝卜,2.5,2.0,3.0,1,,0.11111111111111116,2.5883333333333334,0.2288213176308124,-0.38603629350589264,0.051899502386847596,,True,False,False,False,True,False,True
2026-07-20,球茎茴香,6.25,6.0,6.5,1,,0.13636363636363646,6.934210526315789,1.7733405882980469,-0.38583142506903106,0.10490451603938217,,True,False,False,False,True,False,True
2026-02-09,水萝卜,3.3,2.6,4.0,1,,0.08196721311475419,3.164285714285714,0.3519409522383462,0.38561663498135734,0.021906659173149587,,True,False,False,False,True,False,True
2026-02-11,苋菜,7.25,7.0,7.5,1,,0.11538461538461542,6.8566666666666665,1.0211330195807797,0.3851930412502127,0.08230496381329361,,True,False,False,False,True,False,True
2026-07-28,盖菜,2.25,2.0,2.5,1,,-0.1346153846153847,1.9733333333333334,0.7217953350826856,0.38330348399241587,0.22770059815452035,,True,False,False,True,True,False,True
2026-03-16,红薯,1.625,1.1,2.5,2,冀/冀粤,-0.12162162162162171,1.6925,0.17618441553060796,-0.3831212868443142,0.032932076258320085,冀/冀粤,False,False,False,True,False,False,True
2026-05-25,香芹,2.3,1.9,2.7,1,,-0.0980392156862745,2.3633333333333337,0.16657468726304514,-0.38020982883984983,0.12484664328221762,,True,False,False,False,True,False,True
2026-04-09,蒿子秆,2.75,2.5,3.0,1,,-0.08333333333333337,2.9366666666666665,0.49234367960863884,-0.37913895191067915,0.12035197903372188,,True,False,False,False,True,False,True
2026-07-29,茼蒿,8.5,8.0,9.0,1,,-0.05555555555555558,7.793333333333333,1.8656483264969654,0.37877806692193683,0.10473014016049824,,True,False,False,False,True,False,True
2026-08-10,扁豆,3.4,3.0,3.8,1,冀晋,0.17241379310344818,3.701666666666667,0.7968129765134535,-0.37859155856954574,0.08703611369959946,冀晋,False,False,True,False,False,False,True
2026-03-10,蒿子秆,3.55,3.3,3.8,1,,-0.11250000000000004,3.789433333333333,0.6328326947465892,-0.37835171178886673,0.12846131873633448,,True,False,False,False,True,False,True
2026-07-14,空心菜,2.65,2.3,3.0,1,,-0.1166666666666667,2.4716666666666662,0.4731922648778524,0.37687288353998727,0.17493159499280006,,True,False,False,False,True,False,True
2026-06-29,小白菜,1.45,0.8,2.5,2,冀,0.6111111111111109,1.3275,0.3254539270322123,0.37639736326756756,0.24436179588303428,冀,False,False,True,False,False,False,True
2026-03-23,菠菜,1.95,0.8,3.0,2,冀,0.6956521739130437,2.1958333333333333,0.6549573338740543,-0.37534251564027243,0.2932716704506965,冀,False,False,True,False,False,False,True
2026-08-04,小白菜,2.25,1.5,3.5,2,冀,-0.1346153846153847,2.006666666666667,0.6500972517874599,0.3743029718465685,0.3060419331194508,冀,False,False,False,True,False,False,True
2026-06-05,奶白菜,2.25,2.0,2.5,1,,-0.09999999999999998,2.385,0.36082998193341326,-0.37413742415926066,0.07890068931449688,,True,False,False,False,True,False,True
2026-07-29,樱桃萝卜,3.25,3.0,3.5,1,,0.08333333333333326,2.8933333333333335,0.9546378021707143,0.37361464825262086,0.20542137252974743,,True,False,False,False,True,False,True
2026-08-11,苋菜,3.3,2.8,3.8,1,,0.09999999999999987,3.0033333333333334,0.7979427571437191,0.3717894097173103,0.12230505038594439,,True,False,False,False,True,False,True
2026-01-19,苦菊,3.95,3.3,5.0,2,辽冀,0.27419354838709675,4.1763157894736835,0.6097855773076282,-0.37113995131359145,0.1205544710641119,辽冀,False,False,True,False,False,False,True
2026-04-25,油麦菜,1.25,1.0,1.5,1,鲁京冀,-0.19354838709677424,1.1441666666666668,0.2852466667983029,0.3710239089600569,0.12593514268912356,鲁京冀,False,False,False,True,False,False,True
2026-03-03,菜心,2.65,2.3,3.0,1,,-0.08620689655172409,2.8299999999999996,0.48647217023566014,-0.3700108886245289,0.13520265253247005,,True,False,False,False,True,False,True
2026-07-07,鸡毛菜,3.0,2.5,3.5,1,,0.0714285714285714,3.5016666666666665,1.356496713351468,-0.36982519878519216,0.11044136864940507,,True,False,False,False,True,False,True
2026-07-18,苦菊,3.125,2.2,4.0,2,冀/辽,-0.181294210112654,2.8053000000000003,0.8652458351083864,0.3694903656600114,0.13647998527200791,冀/辽,False,False,False,True,False,False,True
2026-07-06,油菜,0.875,0.4,1.6,2,冀京,0.9444444444444444,0.9633333333333333,0.23940779426330983,-0.3689659879501705,0.33356496393659707,冀京,False,False,True,False,False,False,True
2026-03-24,香芹,3.05,2.8,3.3,1,,0.051724137931034475,3.173333333333333,0.3349558214135868,-0.3682077618858494,0.0755148203490493,,True,False,False,False,True,False,True
2026-07-13,线茄,1.0,0.7,1.3,1,冀,0.33333333333333326,1.1183333333333332,0.3231001054796061,-0.3662435614426078,0.11945119004815212,冀,False,False,True,False,False,False,True
2026-06-30,荆芥,3.75,3.5,4.0,1,,-0.0625,4.008333333333334,0.705530288864852,-0.36615484467573134,0.0879142444912491,,True,False,False,False,True,False,True
2026-06-10,韭黄,10.5,10.0,11.0,1,,-0.06666666666666665,10.783333333333333,0.778429432223873,-0.36398075612825465,0.08611996408216542,,True,False,False,False,True,False,True
2026-05-20,芥兰,2.05,1.8,2.3,1,,0.10810810810810789,2.173333333333333,0.34082388346509956,-0.36186822378591443,0.12553667232229418,,True,False,False,False,True,False,True
2026-02-10,蒿子秆,3.75,3.0,4.5,1,,0.0714285714285714,3.963793103448276,0.5909883597663412,-0.3617551850476435,0.0639975281848407,,True,False,False,False,True,False,True
2026-07-20,韭黄,10.25,10.0,10.5,1,,0.07894736842105265,10.552631578947368,0.8398865141941176,-0.36032436982006694,0.06324712612025463,,True,False,False,False,True,False,True
2026-05-07,荆芥,4.0,3.5,4.5,1,,0.23076923076923084,3.808333333333333,0.5320881657130954,0.36021599241884755,0.10287726914537258,,True,False,True,False,True,False,True
2026-07-20,西洋菜,8.25,8.0,8.5,1,,0.06451612903225801,8.060526315789474,0.527198820646659,0.3593970183357366,0.056204061626198315,,True,False,False,False,True,False,True
2026-02-24,蒿子秆,3.75,3.5,4.0,1,,0.09233906204485876,3.9627666666666665,0.5929877409521551,-0.35880449454997,0.08167236734138479,,True,False,False,False,True,False,True
2026-04-13,小白菜,1.35,0.7,2.3,2,冀鲁,0.6875,1.2308333333333334,0.33423119020484315,0.35653963531539934,0.29594764846790916,冀鲁,False,False,True,False,False,False,True
2026-02-13,奶白菜,3.25,2.5,4.5,3,,-0.1333333333333333,3.1199999999999997,0.3663896550263736,0.35481351128934746,0.05831540505287502,,True,False,False,True,True,False,True
2026-06-21,豆王,4.0,3.0,5.0,1,鲁甘,0.17647058823529416,4.181666666666667,0.5150298507139467,-0.35273036390965684,0.09106759128144144,辽鲁甘,True,False,True,False,True,False,True
2026-03-26,豇豆,5.25,4.5,6.0,1,海,-0.16000000000000003,4.9783333333333335,0.770991673703121,0.3523600525565141,0.05420021562409323,海,False,False,False,True,False,False,True
2026-07-09,苋菜,2.6,2.5,2.7,1,,0.30000000000000004,2.816666666666667,0.6150880695748294,-0.3522530794922334,0.1332311462564463,,True,False,True,False,True,False,True
2026-06-08,豌豆苗,5.15,4.8,5.5,1,,0.08421052631578951,5.086666666666667,0.18000638558278553,0.3518393701883773,0.03120841868437445,,True,False,False,False,True,False,True
2026-02-26,苋菜,6.75,6.5,7.0,1,,-0.06896551724137934,7.078333333333334,0.9337247742364926,-0.3516382368689022,0.07390568387906654,,True,False,False,False,True,False,True
2026-07-10,油麦菜,1.7,1.0,2.5,2,京冀,0.41666666666666674,1.5366666666666666,0.46820149901315233,0.3488526492922337,0.16433620534094792,京冀,False,False,True,False,False,False,True
2026-05-25,苦瓜,2.15,1.8,2.5,1,鲁,-0.21818181818181825,2.32,0.4875342605114124,-0.3486934432498626,0.17865571832332133,鲁,False,False,False,True,False,False,True
2026-04-06,茼蒿,3.5,3.0,4.0,1,,0.2727272727272727,3.731666666666667,0.6644265525083721,-0.3486715962690967,0.08917184726985279,,True,False,True,False,True,False,True
2026-06-20,孢子甘蓝,14.5,14.0,15.0,1,,-0.06451612903225812,15.546875,3.0058536641027622,-0.34827876436642463,0.08845693770962176,,True,False,False,False,True,False,True
2026-05-11,水萝卜,1.325,0.6,2.2,2,冀,0.6562499999999998,1.2358333333333331,0.25644144096395893,0.34770771187172744,0.24475073939466932,冀,False,False,True,False,False,False,True
2026-03-23,香葱,3.25,2.7,3.8,1,,0.08333333333333326,3.5794333333333332,0.9489122514329441,-0.3471694383077664,0.04055949131748551,,True,False,False,False,True,False,True
2026-05-04,樱桃萝卜,1.9,1.8,2.0,1,,0.18749999999999978,2.0366666666666666,0.3941235001028711,-0.34676101940380366,0.08326495994927352,,True,False,True,False,True,False,True
2026-02-24,小白菜,2.875,1.5,4.5,2,冀鲁,0.6428571428571428,2.6799999999999997,0.5625680035521836,0.3466247613954677,0.3171462310793873,冀鲁,False,False,True,False,False,False,True
2026-05-10,线椒,4.75,4.0,5.5,1,鲁闽,-0.13636363636363635,4.933333333333334,0.5290416405834959,-0.3465385694992359,0.05588830986127779,鲁闽,False,False,False,True,False,False,True
2026-06-05,盖菜,1.6,1.5,1.7,1,,-0.08571428571428563,1.4533333333333331,0.42364048952834604,0.34620549803904754,0.12733132235905295,,True,False,False,False,True,False,True
2026-06-10,蒿子秆,3.4,3.3,3.5,1,,-0.06849315068493156,3.0816666666666666,0.9226539057984088,0.345019222628085,0.0647869967237726,,True,False,False,False,True,False,True
2026-05-21,荠菜,6.5,6.0,7.0,1,,-0.40909090909090906,7.308333333333334,2.347672483962362,-0.3443126495945645,0.42568694748409713,,True,False,False,True,True,False,True
2026-06-10,豇豆,2.9,2.3,3.5,1,鲁冀,-0.17142857142857149,3.0133333333333336,0.32982057121319863,-0.34362117837724004,0.1119931574459975,鲁冀,False,False,False,True,False,False,True
2026-06-22,菠菜,2.375,1.0,3.8,2,蒙,0.5833333333333333,2.603333333333333,0.6665897944185716,-0.3425394976718707,0.2505593894685034,蒙,False,False,True,False,False,False,True
2026-06-04,奶白菜,2.5,2.0,3.0,1,,0.11111111111111116,2.373333333333333,0.3708641663534721,0.3415446359030018,0.14066455737485078,,True,False,False,False,True,False,True
2026-02-02,茼蒿,4.65,4.3,5.0,1,,-0.09708737864077666,4.480434782608696,0.49811899145110805,0.3404110670370773,0.10340364441774108,,True,False,False,False,True,False,True
2026-03-17,散叶生菜,1.75,1.2,2.3,1,冀辽,0.16666666666666674,1.8866666666666667,0.4017061315090356,-0.3402155355539866,0.05477692229754534,冀辽,False,False,True,False,False,False,True
2026-06-20,夹豆,10.5,10.0,11.0,1,,-0.06666666666666665,10.828125,0.9648780147424515,-0.34006889470643004,0.05385857181468584,,True,False,False,False,True,False,True
2026-03-15,彩椒,8.0,7.0,9.0,1,鲁闽,-0.1351351351351351,8.216666666666667,0.6390096504226989,-0.3390663451222432,0.051240284572249405,鲁闽,False,False,False,True,False,False,True
2026-07-10,香椿,22.5,20.0,25.0,1,,0.15384615384615374,26.555555555555557,12.075606048472618,-0.335846957848424,0.1658995729146659,,True,False,True,False,True,False,True
2026-06-19,蒿子秆,3.5,3.0,4.0,1,,0.07692307692307687,3.2266666666666666,0.8148125798181363,0.3354554655922723,0.1308691050113099,,True,False,False,False,True,False,True
2026-06-25,水萝卜,1.9,1.8,2.0,1,,-0.15555555555555556,1.7116666666666667,0.5625041506871081,0.3348123442347598,0.19930869800128856,,True,False,False,True,True,False,True
2026-08-08,油豆,4.25,3.5,5.0,1,冀辽,0.18055555555555558,4.013333333333334,0.7083167678928496,0.3341254610853262,0.11400309066992242,冀辽,False,False,True,False,False,False,True
2026-05-18,卞萝卜,0.9,0.8,1.0,1,冀,-0.18181818181818188,0.8516666666666667,0.1447252648947327,0.3339661072203879,0.0980152396803997,冀,False,False,False,True,False,False,True
2026-08-02,韭菜,1.65,1.5,1.8,1,冀,0.2222222222222221,1.5599999999999998,0.26954623427862495,0.33389448100012686,0.12831099961368322,冀,False,False,True,False,False,False,True
2026-02-10,苋菜,6.5,6.0,7.0,1,,0.10169491525423724,6.843103448275862,1.0364537872968436,-0.3310359347238277,0.0758097979136964,,True,False,False,False,True,False,True
2026-05-18,茼蒿,3.25,3.0,3.5,1,,0.18181818181818188,3.556666666666666,0.9326208282015808,-0.32882245108982483,0.1647295271432119,,True,False,True,False,True,False,True
2026-07-02,蒿子秆,3.3,2.8,3.8,1,,-0.05714285714285716,3.466666666666667,0.5069063256544623,-0.3287918462084392,0.12353124388194194,,True,False,False,False,True,False,True
2026-06-14,茄子,1.2,0.9,1.5,1,冀,-0.1428571428571428,1.2716666666666667,0.2180174515845069,-0.3287198623128923,0.057026167872443544,冀,False,False,False,True,False,False,True
2026-08-03,空心菜,3.0,2.8,3.2,1,,-0.07692307692307687,2.7800000000000002,0.6769098141936826,0.3250063677419983,0.11361234588276121,,True,False,False,False,True,False,True
2026-04-07,小白菜,1.475,0.7,2.5,2,冀鲁,0.15686274509803932,1.3425000000000002,0.4077984415928,0.32491541527837764,0.258015165955527,冀鲁,False,False,True,False,False,False,True
2026-01-26,盖菜,3.25,2.8,3.7,1,,-0.14473684210526316,3.0777777777777775,0.5319835861638145,0.32373596987105135,0.10312578224416107,,True,False,False,True,True,False,True
2026-04-06,青蒜,2.35,1.6,3.5,2,鲁,0.3823529411764708,2.231666666666667,0.3677713245026559,0.32175791164076634,0.18443309389350007,鲁,False,False,True,False,False,False,True
2026-07-25,菠菜,3.25,3.0,3.5,1,蒙,-0.23076923076923073,2.995833333333333,0.7904353703577842,0.3215527495329825,0.19077957781417548,蒙,False,False,False,True,False,False,True
2026-06-12,茴香,2.25,2.0,2.5,1,冀,-0.15094339622641506,2.0116666666666663,0.7421640460601504,0.32113295517150053,0.2545615483044186,冀,False,False,False,True,False,False,True
2026-03-02,木耳菜,7.0,6.5,7.5,1,,0.21739130434782616,7.290000000000001,0.9059572951798868,-0.32010338847419795,0.06842089376978408,,True,False,True,False,True,False,True
2026-07-24,茴香,2.25,2.0,2.5,1,冀,-0.18181818181818177,2.003333333333333,0.7709078093875541,0.319969085360065,0.23820305659775734,冀,False,False,False,True,False,False,True
2026-08-10,鸡毛菜,6.25,6.0,6.5,1,,0.13636363636363646,5.581666666666666,2.0903507102766317,0.31972306371732634,0.2040904834940754,,True,False,False,False,True,False,True
2026-03-24,空心菜,7.5,7.0,8.0,1,,-0.1573033707865169,8.003333333333334,1.5751810696865456,-0.31953998370072784,0.08341432191210113,,True,False,False,True,True,False,True
2026-08-10,空心菜,2.5,2.0,3.0,1,,0.16279069767441867,2.7183333333333333,0.6843677340453014,-0.31902926229844847,0.11772606088488508,,True,False,True,False,True,False,True
2026-04-20,鸡毛菜,3.4,3.0,3.8,1,,0.6190476190476188,3.1866666666666665,0.6692679136413816,0.3187562543864089,0.1928021039685653,,True,False,True,False,True,False,True
2026-05-25,苦菊,2.15,1.6,3.0,2,辽冀,0.22857142857142843,2.2625,0.3539646144402786,-0.3178283800427215,0.11321631492804798,辽冀,False,False,True,False,False,False,True
2026-03-03,樱桃萝卜,3.05,2.8,3.3,1,,0.10909090909090913,3.1983333333333333,0.46784232042602714,-0.317058390951588,0.11544458345118144,,True,False,False,False,True,False,True
2026-05-05,空心菜,3.5,3.0,4.0,1,,0.37254901960784315,3.9650000000000003,1.4701718173104095,-0.3162895618899087,0.12944854747736456,,True,False,True,False,True,False,True
2026-03-23,青蒜,2.35,1.6,3.5,2,鲁,0.3823529411764708,2.5108333333333333,0.5087036996356418,-0.3161630895323344,0.17873348208343887,鲁,False,False,True,False,False,False,True
2026-04-30,蒿子秆,2.3,1.8,2.8,1,,0.06976744186046502,2.4466666666666668,0.46404022814119594,-0.3160645516751188,0.11316399606775206,,True,False,False,False,True,False,True
2026-07-27,丝瓜,1.7,1.2,2.0,2,冀/豫冀,-0.24444444444444446,1.9125,0.6741134024111475,-0.31522886096009495,0.17413372607045227,冀/豫冀,False,False,False,True,False,False,True
2026-05-25,平菇,3.0,2.5,3.5,1,京蒙,0.33333333333333326,3.1083333333333334,0.34543409305347494,-0.3136150585940075,0.12580164660127763,京蒙,False,False,True,False,False,False,True
2026-07-09,鸡毛菜,3.75,3.5,4.0,1,,0.25,3.36,1.2451561320185713,0.3132137327772348,0.12203634521359882,,True,False,True,False,True,False,True
2026-07-13,丝瓜,1.75,1.0,2.5,2,冀/豫冀,-0.125,1.6466666666666667,0.3303429078724072,0.31280627151603657,0.17950733516556447,冀/豫冀,False,False,False,True,False,False,True
2026-02-26,茼蒿,4.75,4.5,5.0,1,,-0.09523809523809523,4.598333333333333,0.4850316970327169,0.31269434058540896,0.1310803575367885,,True,False,False,False,True,False,True
2026-07-05,绿菜花,1.5,1.2,1.8,1,冀,0.11111111111111094,1.4416666666666667,0.1866599957757123,0.3125111681853125,0.0352320447125952,冀京,True,False,False,False,True,False,True
2026-06-27,油麦菜,1.65,1.5,1.8,1,京冀,-0.13157894736842102,1.7474999999999998,0.31213599489701055,-0.31236384650917975,0.20399746643401503,京冀,False,False,False,True,False,False,True
2026-07-30,盖菜,2.25,2.0,2.5,1,,0.09756097560975618,2.033333333333333,0.6957176068677198,0.31142904035755226,0.15559166262825058,,True,False,False,False,True,False,True
2026-02-12,鸡毛菜,4.5,4.0,5.0,1,,0.05882352941176472,4.286666666666666,0.6896942517663464,0.30931580593425995,0.11126987052137853,,True,False,False,False,True,False,True
2026-07-28,空心菜,2.9,2.5,3.3,1,,-0.07936507936507942,2.6883333333333335,0.6845188762583722,0.3092196198060325,0.1520058167947924,,True,False,False,False,True,False,True
2026-04-27,水萝卜,1.425,1.0,2.0,2,冀,0.5833333333333333,1.5458333333333334,0.39183934809132986,-0.3083746793728575,0.25472679613245225,鲁,True,False,True,False,True,False,True
2026-04-20,木耳菜,6.0,5.5,6.5,1,,-0.1724137931034483,6.333333333333333,1.0874149458085518,-0.30653738448066087,0.18355754240159297,,True,False,False,True,True,False,True
2026-04-08,罗马生菜,1.85,1.8,1.9,1,京云,0.3214285714285716,1.7566666666666666,0.30842573949268376,0.30261201119871994,0.10325408615774948,京云,False,False,True,False,False,False,True
2026-05-19,苋菜,3.35,3.2,3.5,1,,0.15517241379310343,3.7299999999999995,1.25935122870522,-0.3017426682393361,0.1856802624020383,,True,False,True,False,True,False,True
2026-08-07,白豆,2.65,1.8,3.5,1,蒙冀,-0.15873015873015872,2.8483333333333336,0.6610445409028577,-0.30003021137191316,0.07430327049523028,蒙冀,False,False,False,True,False,False,True
2026-06-09,广茄,2.15,1.5,2.8,1,冀,-0.08510638297872353,2.1133333333333333,0.12242755305533992,0.2994968514162208,0.03566924060996656,云冀,True,False,False,False,True,False,True
2026-04-07,香葱,3.25,3.0,3.5,1,,0.06557377049180335,3.503333333333333,0.8464869933348393,-0.29927610858531356,0.06126524735775825,,True,False,False,False,True,False,True
2026-06-17,水萝卜,1.7,1.6,1.8,1,,-0.05555555555555558,1.5199999999999998,0.6027380056444677,0.2986372160281118,0.4039262297996488,,True,False,False,False,True,False,True
2026-02-26,空心菜,7.5,7.0,8.0,1,,0.11111111111111116,7.253333333333333,0.8270151286333919,0.2982613716804352,0.0584457154021692,,True,False,False,False,True,False,True
2026-03-02,青蒜,3.0,1.8,4.2,2,鲁川,0.5,2.8816666666666664,0.40134114247567304,0.2948447612507265,0.21071245569374186,鲁川,False,False,True,False,False,False,True
2026-06-15,盖菜,1.35,1.1,1.6,1,,0.08000000000000007,1.4716666666666667,0.41328860529219574,-0.29438669517793276,0.07315790481217466,,True,False,False,False,True,False,True
2026-02-24,水萝卜,3.05,2.6,3.5,1,,-0.0757575757575758,3.0799999999999996,0.1022168081191579,-0.2934938054906557,0.03095291716536777,,True,False,False,False,True,False,True
2026-04-20,油麦菜,1.125,0.7,2.0,2,鲁京冀,0.25,1.2650000000000001,0.47744831819970396,-0.2932254542814032,0.12788434000326132,鲁京冀,False,False,True,False,False,False,True
2026-06-10,长茄,1.15,0.6,2.0,2,辽,-0.1785714285714286,1.2016666666666669,0.17640242654781366,-0.29289090676234425,0.09263642864454295,辽,False,False,False,True,False,False,True
2026-07-31,木耳菜,2.5,2.0,3.0,1,,-0.13793103448275856,2.5900000000000003,0.30749264078660105,-0.2926899316021681,0.1674900685656444,,True,False,False,True,True,False,True
2026-05-15,荠菜,6.5,6.0,7.0,1,,-0.1333333333333333,7.179166666666666,2.320653922160037,-0.2926617623512368,0.432941822863161,,True,False,False,True,True,False,True
2026-08-10,丝瓜,2.125,1.5,2.5,2,冀/豫冀,0.2142857142857142,1.9291666666666667,0.6704052857238118,0.2921118575637412,0.10953613171944786,冀/豫冀,False,False,True,False,False,False,True
2026-07-12,扁豆,2.75,2.0,3.5,1,冀晋,-0.12698412698412698,2.65,0.34240528516707325,0.29205156676015115,0.15699501346440878,冀晋,False,False,False,True,False,False,True
2026-08-07,奶白菜,2.75,2.5,3.0,1,,-0.08333333333333337,2.9166666666666665,0.5727028075250928,-0.2910177224150661,0.07053338273939444,,True,False,False,False,True,False,True
2026-07-12,玉米,1.25,1.2,1.3,2,冀,0.16279069767441867,1.315,0.2237609561948614,-0.29048856916483207,0.04973746318809005,冀,False,False,True,False,False,False,True
2026-05-04,菠菜,1.825,0.6,3.5,2,冀,1.28125,1.6708333333333334,0.5318349551695897,0.28987689727446825,0.4962163934736775,冀,False,False,True,False,False,False,True
2026-02-03,莴笋,1.3,1.0,1.6,1,闽皖浙,-0.07142857142857129,1.2466666666666666,0.18519948859193064,0.28797775705983913,0.05091470316334076,鲁皖浙,True,False,False,False,True,False,True
2026-05-26,空心菜,3.05,2.8,3.3,1,,0.15094339622641506,2.8816666666666664,0.5858214588159065,0.2873457958907441,0.14363948518199396,,True,False,True,False,True,False,True
2026-08-10,荷兰豆,9.5,9.0,10.0,1,,-0.07317073170731703,9.892857142857142,1.3683279682047822,-0.287107442064904,0.1176535528794837,,True,False,False,False,True,False,True
2026-07-20,春竹笋,9.25,9.0,9.5,1,,0.1212121212121211,10.421052631578947,4.081677071902952,-0.28690477246231066,0.16704608266835788,,True,False,False,False,True,False,True
2026-07-06,扁豆,2.75,2.5,3.0,1,冀晋,-0.15384615384615385,2.97,0.7678451711748613,-0.2865160949874615,0.12153623613894664,冀晋,False,False,False,True,False,False,True
2026-06-26,西葫芦,1.35,1.0,2.0,2,鲁冀晋,0.20000000000000018,1.4266666666666665,0.2689325429242014,-0.28507768466040545,0.0886359462803257,鲁冀晋,False,False,True,False,False,False,True
2026-07-29,蒿子秆,4.4,4.0,4.8,1,,-0.07368421052631569,4.15,0.8786745503980661,0.28451945021822067,0.09351619039510548,,True,False,False,False,True,False,True
2026-06-19,水萝卜,1.4,1.3,1.5,1,,-0.1515151515151515,1.5633333333333332,0.5746713203534488,-0.28422043618407117,0.1537626573768055,,True,False,False,True,True,False,True
2026-02-24,莴笋,1.3,1.0,1.6,1,闽云浙,0.08333333333333348,1.3283333333333331,0.09972663785995499,-0.2841099824614692,0.05032169730981171,闽皖浙,True,False,False,False,True,False,True
2026-05-26,茴香,1.25,1.0,1.5,1,冀,-0.16666666666666663,1.3083333333333333,0.20639906664675678,-0.2826240170609316,0.17396668809308963,冀,False,False,False,True,False,False,True
2026-05-14,蒿子秆,2.15,1.8,2.5,1,,0.303030303030303,2.2916666666666665,0.5017354938083675,-0.2823532885651791,0.20174712482859514,,True,False,True,False,True,False,True
2026-05-11,菠菜,1.8,1.0,2.7,2,冀,0.43999999999999995,1.6591666666666667,0.49907169572244225,0.2821905841193157,0.41271546631091166,冀,False,False,True,False,False,False,True
2026-07-24,瓠子,0.85,0.7,1.0,1,冀,-0.32000000000000006,0.775,0.2657941905387295,0.2821732102119498,0.4243814055136384,冀,False,False,False,True,False,False,True
2026-04-21,油麦菜,1.35,1.0,2.2,2,鲁京冀,0.20000000000000018,1.23,0.42722036629743204,0.28088548549311376,0.13162377784668075,鲁京冀,False,False,True,False,False,False,True
2026-04-06,水萝卜,1.95,1.3,3.0,2,鲁,0.392857142857143,2.0678333333333336,0.420413760342183,-0.28027944003884847,0.23713742501516655,鲁,False,False,True,False,False,False,True
2026-08-03,苋菜,2.75,2.5,3.0,1,,0.2790697674418605,2.9766666666666666,0.8115261626365703,-0.2793091302568095,0.12003121017620536,,True,False,True,False,True,False,True
2026-06-10,兰花,16.5,16.0,17.0,1,,-0.10810810810810811,15.483333333333333,3.6845074620762057,0.27593014185233317,0.24994981746512623,,True,False,False,False,True,False,True
2026-03-11,苦瓜,4.0,3.5,4.5,1,鲁,0.23076923076923084,3.7216666666666662,1.01103253241881,0.27529611996504677,0.15172762139344134,鲁,False,False,True,False,False,False,True
2026-05-29,苋菜,3.75,3.5,4.0,1,,0.13636363636363646,3.438333333333333,1.1351502508276108,0.274559835968356,0.1576535584619952,,True,False,False,False,True,False,True
2026-06-22,荠菜,8.25,7.5,9.0,1,,-0.33999999999999997,7.608333333333333,2.3471216170146487,0.2733844987047648,0.34378699680364255,,True,False,False,True,True,False,True
2026-05-04,水萝卜,1.275,0.7,2.0,2,冀,0.3421052631578947,1.36,0.31153125708012824,-0.27284581584742085,0.21684581641445452,冀,False,False,True,False,False,False,True
2026-06-02,奶白菜,2.25,2.0,2.5,1,,-0.21052631578947367,2.353333333333333,0.37986688533578566,-0.2720251154348211,0.15608906260950037,,True,False,False,True,True,False,True
2026-03-16,油麦菜,2.6,1.8,3.5,2,鲁京冀,-0.1333333333333333,2.6854333333333336,0.31423433857589406,-0.271877776695304,0.10648962073080227,鲁京冀,False,False,False,True,False,False,True
2026-06-21,小白菜,1.25,1.0,1.5,1,冀,0.38888888888888884,1.3583333333333334,0.4001795574000732,-0.2707118125602524,0.3276140473542747,冀,False,False,True,False,False,False,True
2026-06-24,空心菜,2.5,2.0,3.0,1,,0.25,2.6233333333333335,0.45651100627539787,-0.270165081756935,0.1646498682701462,,True,False,True,False,True,False,True
2026-06-20,荷兰豆,9.5,9.0,10.0,1,,-0.17391304347826086,9.921875,1.5644987216357826,-0.2696550621395861,0.123476638227079,,True,False,False,True,True,False,True
2026-06-29,盖菜,1.55,1.3,1.8,1,,-0.11428571428571421,1.6316666666666666,0.3032818574485977,-0.2692764656405732,0.15482535890330978,,True,False,False,False,True,False,True
2026-05-08,奶白菜,3.25,1.5,5.0,1,,0.5116279069767442,2.94,1.1596224117923184,0.267328396594942,0.16636363940415436,,True,False,True,False,True,False,True
2026-08-06,平菇,3.5,3.0,4.0,1,冀蒙,0.16666666666666674,3.33,0.6370189192231854,0.26686805504506356,0.07717415808501185,冀蒙,False,False,True,False,False,False,True
2026-06-12,木耳菜,2.75,2.5,3.0,1,,0.14583333333333348,2.8516666666666666,0.38360435197031145,-0.2650300137224067,0.0783402411497937,,True,False,False,False,True,False,True
2026-06-18,菜心,2.0,1.8,2.2,1,,-0.06976744186046513,2.1366666666666663,0.5161083375532257,-0.26480228417656976,0.08470554224808238,,True,False,False,False,True,False,True
2026-04-13,苦菊,2.625,1.9,3.5,2,辽冀,0.3125,2.5050000000000003,0.4535017013236472,0.2646076070933197,0.13491411689159977,辽冀,False,False,True,False,False,False,True
2026-05-04,盖菜,1.45,1.3,1.6,1,,0.26086956521739135,1.5399999999999998,0.3412451843793102,-0.26373998555818623,0.12675436449561056,,True,False,True,False,True,False,True
2026-06-06,油麦菜,1.5,1.0,2.0,1,京冀,-0.19999999999999996,1.4033333333333333,0.3686375973241488,0.26222682485006044,0.12865669373913666,京冀,False,False,False,True,False,False,True
2026-04-20,荆芥,4.5,4.0,5.0,1,,0.19999999999999996,4.841666666666667,1.308927129325784,-0.26102802746754594,0.059840601271121896,,True,False,True,False,True,False,True
2026-04-14,盖菜,1.75,1.5,2.0,1,,0.2068965517241379,1.8949999999999998,0.5593022130451847,-0.25925161141510733,0.15036224133371912,,True,False,True,False,True,False,True
2026-02-13,油菜,1.25,0.7,2.5,4,鲁京皖,-0.16666666666666663,1.2066666666666666,0.16763226035773574,0.25850235056699655,0.10528694422091854,鲁京皖,False,False,False,True,False,False,True
2026-07-07,茼蒿,6.0,5.5,6.5,1,,0.19999999999999996,6.251666666666666,0.9772836503970258,-0.25751650154428074,0.13978211855459619,,True,False,True,False,True,False,True
2026-07-27,快菜,1.4,1.3,1.5,1,,-0.31707317073170727,1.3216666666666665,0.30447335349502386,0.2572748400940564,0.1410737823877599,,True,False,False,True,True,False,True
2026-02-04,茴香,3.25,3.0,3.5,1,冀,0.18181818181818188,3.1533333333333333,0.3769051223641941,0.25647480209425244,0.06818208271143333,冀,False,False,True,False,False,False,True
2026-05-05,黄心菜,2.9,2.5,3.3,1,,0.11538461538461542,3.0349999999999997,0.5314505199662652,-0.2540217667085341,0.05767431899613127,,True,False,False,False,True,False,True
2026-05-20,香芹,2.4,2.3,2.5,1,,0.06666666666666665,2.3583333333333334,0.1640454800969218,0.2539946034602654,0.11977810403191302,,True,False,False,False,True,False,True
2026-06-10,穿心莲,2.75,2.5,3.0,1,,-0.08333333333333337,2.845,0.376313790559856,-0.2524488934053285,0.1823969298780551,,True,False,False,False,True,False,True
2026-06-25,鸡毛菜,3.25,3.0,3.5,1,,0.25,3.5983333333333336,1.388281208056811,-0.250909780606264,0.1324660988608613,,True,False,True,False,True,False,True
2026-06-24,茴香,2.25,2.0,2.5,1,冀,0.2857142857142858,2.066666666666667,0.7366435217667529,0.2488765975890614,0.1546426215922577,冀,False,False,True,False,False,False,True
2026-08-04,黄心菜,4.0,3.5,4.5,1,,0.06666666666666665,3.8383333333333334,0.6533314273957662,0.24744970146481932,0.1201556083846621,,True,False,False,False,True,False,True
2026-07-20,荷兰豆,10.25,10.0,10.5,1,,0.07894736842105265,9.894736842105264,1.4369039572832063,0.2472421041740619,0.12315729167665838,,True,False,False,False,True,False,True
2026-06-13,菠菜,2.25,2.0,2.5,1,蒙,-0.32330827067669177,2.438333333333333,0.7638867641907097,-0.2465461402945768,0.3239674406856112,蒙,False,False,False,True,False,False,True
2026-08-05,奶白菜,3.0,2.5,3.5,1,,-0.07692307692307687,2.841666666666667,0.6440822571869107,0.2458278140200117,0.12050128559853476,,True,False,False,False,True,False,True
2026-04-21,盖菜,1.9,1.8,2.0,1,,-0.07317073170731703,1.7933333333333332,0.4358371519139984,0.24473972950271733,0.13523682989312705,,True,False,False,False,True,False,True
2026-07-06,小白菜,1.275,0.6,2.0,2,冀,0.4166666666666665,1.2175000000000002,0.23508527433017895,0.24459209605464483,0.24503367945424837,冀,False,False,True,False,False,False,True
2026-07-29,豇豆,1.9,1.5,2.3,1,鲁冀,-0.24,2.101666666666667,0.8262381861363487,-0.24407812426305284,0.1468316968880734,鲁冀,False,False,False,True,False,False,True
2026-06-10,西洋菜,8.25,8.0,8.5,1,,0.06451612903225801,8.110000000000001,0.5757603668193914,0.24315671600215408,0.05658733904140534,,True,False,False,False,True,False,True
2026-03-11,香葱,3.45,3.2,3.7,1,,-0.07999999999999996,3.6777666666666664,0.9380162370233999,-0.24281740302218707,0.22523897455935946,,True,False,False,False,True,False,True
2026-05-21,菠菜,1.8,1.0,2.6,2,冀,-0.25773195876288657,1.6825,0.4849968894319119,0.24226959504344536,0.4124141352075331,冀,False,False,False,True,False,False,True
2026-05-02,螺丝椒,3.5,3.0,4.0,1,鲁辽闽,0.16666666666666674,3.675,0.7226328776509402,-0.24216999449135448,0.050474409448793674,鲁辽闽,False,False,True,False,False,False,True
2026-07-20,穿心莲,2.75,2.5,3.0,1,,0.10000000000000009,2.6649999999999996,0.3516341162688126,0.24172853562087457,0.056727800272971474,,True,False,False,False,True,False,True
2026-08-01,油菜,1.4,1.3,1.5,1,冀京,-0.18840579710144933,1.2808333333333335,0.49312879225119916,0.24165424639403954,0.17888073542208116,冀京,False,False,False,True,False,False,True
2026-06-30,瓠子,1.15,1.0,1.3,1,冀,0.2777777777777777,1.065,0.3518791916513983,0.2415601775174255,0.17689739432473414,冀,False,False,True,False,False,False,True
2026-05-12,青萝卜,1.4,1.3,1.5,1,津鲁,-0.1515151515151515,1.4366666666666668,0.1519603699093604,-0.24129098059275167,0.06746906440581757,津鲁,False,False,False,True,False,False,True
2026-07-20,毛豆仁,15.5,15.0,16.0,1,,0.06896551724137923,15.263157894736842,0.9876799562137693,0.23979640750338,0.06549739599331175,,True,False,False,False,True,False,True
2026-06-24,苋菜,3.25,3.0,3.5,1,,0.18181818181818188,3.125,0.5225517628212032,0.23921075172560488,0.2155690398693198,,True,False,True,False,True,False,True
2026-03-16,鸡毛菜,3.5,3.0,4.0,1,,0.16666666666666674,3.6416666666666666,0.5932208016752543,-0.23880933754615524,0.0628410671315382,,True,False,True,False,True,False,True
2026-08-04,韭菜,1.65,1.5,1.8,1,冀,-0.13157894736842102,1.585,0.2729626727038875,0.23812779731429637,0.11804798505420544,冀,False,False,False,True,False,False,True
2026-07-06,奶白菜,2.3,2.0,2.6,1,,0.1499999999999999,2.2116666666666664,0.37154925726572335,0.23774326446886002,0.14611183258196145,,True,False,False,False,True,False,True
2026-07-14,木耳菜,2.5,2.2,2.8,1,,-0.05660377358490565,2.5516666666666667,0.2195148778766074,-0.23536749384116623,0.12595654880556847,,True,False,False,False,True,False,True
2026-06-04,西葫芦,1.275,1.0,1.6,2,鲁,-0.2031250000000001,1.3583333333333334,0.3541218700540446,-0.23532388248321262,0.07342676391842433,鲁,False,False,False,True,False,False,True
2026-06-15,荠菜,8.25,7.5,9.0,1,,0.736842105263158,7.616666666666666,2.7094449531265576,0.23375021241989075,0.4748711392914694,,True,False,True,False,True,False,True
2026-05-30,油菜,0.85,0.8,0.9,1,冀京,-0.1707317073170731,0.8808333333333332,0.13190960419227052,-0.23374593170934557,0.21812475819976054,冀京,False,False,False,True,False,False,True
2026-06-24,盖菜,1.65,1.5,1.8,1,,-0.05714285714285716,1.5666666666666667,0.3565479445763354,0.23372265806314851,0.15718093852464843,,True,False,False,False,True,False,True
2026-01-21,茼蒿,4.5,4.0,5.0,1,,-0.11764705882352933,4.373333333333333,0.5424371809141546,0.2335139830444496,0.10828014468949648,,True,False,False,False,True,False,True
2026-02-11,穿心莲,5.5,5.0,6.0,1,,0.1578947368421053,5.466666666666667,0.14283661593084152,0.23336686546447247,0.05265710692779901,,True,False,True,False,True,False,True
2026-05-06,快菜,0.75,0.6,0.9,1,,-0.0625,0.8016666666666666,0.22146975092484442,-0.2332899479541099,0.20263353182894075,,True,False,False,False,True,False,True
2026-03-21,苦瓜,3.25,3.0,3.5,1,鲁,-0.1333333333333333,3.441666666666667,0.8218024065444778,-0.23322719079466878,0.0758801108363161,鲁,False,False,False,True,False,False,True
2026-08-10,豆尖,9.5,9.0,10.0,1,,-0.07317073170731703,9.761904761904763,1.1332370407272214,-0.23111207319581886,0.07696715140931078,,True,False,False,False,True,False,True
2026-05-20,茴香,1.25,1.0,1.5,1,冀,-0.2857142857142857,1.29,0.17390048680309553,-0.23001660740197544,0.13607116589796528,冀,False,False,False,True,False,False,True
2026-06-22,油菜,1.125,0.7,1.5,2,冀京,0.40625,1.0633333333333335,0.2681138889935853,0.2300017611849341,0.2585097486243265,冀京,False,False,True,False,False,False,True
2026-06-07,菠菜,2.25,2.0,2.5,1,蒙,0.125,2.1083333333333334,0.6205994506611547,0.22827391567256825,0.3822876990603198,冀蒙,True,False,False,False,True,False,True
2026-05-28,长茄,1.25,0.9,1.6,1,辽,0.25,1.3150000000000002,0.28531591686023355,-0.22781764408832975,0.07842922966397718,辽,False,False,True,False,False,False,True
2026-05-18,盖菜,1.3,1.1,1.5,1,,0.4444444444444444,1.395,0.4175771661084608,-0.22750286105281156,0.21029495713320476,,True,False,True,False,True,False,True
2026-03-23,水萝卜,2.575,1.5,4.0,2,鲁,0.5606060606060608,2.4358333333333335,0.6133108051209917,0.2269105085132364,0.2280482507859855,鲁,False,False,True,False,False,False,True
2026-05-18,油菜,0.875,0.6,1.3,2,冀京,0.25,0.8991666666666667,0.10737529521723803,-0.22506728961977238,0.09382794304471746,冀京,False,False,True,False,False,False,True
2026-03-31,芥兰,3.55,3.3,3.8,1,,0.07575757575757569,3.7266666666666666,0.7851787994631777,-0.22500182988569323,0.12086303153171754,,True,False,False,False,True,False,True
2026-08-09,丝瓜,1.75,1.5,2.0,2,冀/豫冀,0.22807017543859653,1.9024999999999999,0.6782123434136313,-0.2248558308927628,0.11590795138903663,冀/豫冀,False,False,True,False,False,False,True
2026-06-09,鸡毛菜,3.25,3.0,3.5,1,,-0.1333333333333333,3.566666666666667,1.4144776867935325,-0.22387533548480065,0.1379176570885403,,True,False,False,True,True,False,True
2026-08-02,小白菜,1.75,1.5,2.0,1,冀,-0.36363636363636365,1.905,0.6944173941091756,-0.22320869453283176,0.29934979039202453,冀,False,False,False,True,False,False,True
2026-06-29,菠菜,2.7,1.5,4.0,2,蒙,0.42105263157894757,2.554166666666667,0.6562722355291605,0.2222146929859768,0.3042415785112421,蒙,False,False,True,False,False,False,True
2026-07-08,茼蒿,6.5,6.0,7.0,1,,0.08333333333333326,6.284999999999999,0.9677693868928172,0.22216036476447515,0.14032333570848113,,True,False,False,False,True,False,True
2026-05-21,黄瓜,0.825,0.7,1.0,2,冀/辽冀鲁,0.1785714285714286,0.8541666666666666,0.1316479326116033,-0.22155051042629104,0.0741473693001095,冀/辽冀鲁,False,False,True,False,False,False,True
2026-06-11,蒿子秆,2.9,2.8,3.0,1,,-0.1470588235294118,3.1016666666666666,0.9115620671675913,-0.22123196426249506,0.07382757193645686,,True,False,False,True,True,False,True
2026-05-05,菜心,1.9,1.6,2.2,1,,0.08571428571428563,1.9866666666666668,0.39236975289706816,-0.22088009084992463,0.09543965444608997,,True,False,False,False,True,False,True
2026-06-11,散生菜,2.35,2.0,2.7,1,,-0.05999999999999994,2.1783333333333332,0.7812107461402827,0.21974437437633573,0.13558771543049158,,True,False,False,False,True,False,True
2026-08-02,豆王,4.15,3.0,5.3,1,冀甘云,-0.16999999999999993,4.031666666666667,0.5397130996048279,0.21925229055951312,0.07792528166749085,冀甘云,False,False,False,True,False,False,True
2026-05-29,黄心菜,2.45,2.3,2.6,1,,0.16666666666666674,2.371666666666667,0.35904166825068,0.21817337724333835,0.11215417097489377,,True,False,True,False,True,False,True
2026-03-27,荠菜,6.5,6.0,7.0,1,,0.30000000000000004,7.15,2.996657620842211,-0.21690832996040363,0.5494767021802034,,True,False,True,False,True,False,True
2026-07-20,番杏,12.5,12.0,13.0,1,,0.08695652173913038,12.210526315789474,1.3546810763841997,0.21368400965868983,0.10547465066175166,,True,False,False,False,True,False,True
2026-06-13,苦菊,2.4,2.3,2.5,1,辽冀,-0.27819548872180455,2.5725,0.8078107387594985,-0.2135401174102943,0.15296393379583906,辽冀,False,False,False,True,False,False,True
2026-04-20,穿心莲,3.15,2.8,3.5,1,,0.10526315789473673,3.271666666666667,0.5710974512730578,-0.21304011494965466,0.14842705755569263,,True,False,False,False,True,False,True
2026-01-26,青蒜,3.025,2.3,4.0,2,豫鲁川,0.18627450980392157,3.0999999999999996,0.35749125863438974,-0.2097953395741714,0.08462681613542411,豫鲁川,False,False,True,False,False,False,True
2026-07-20,秋葵,9.5,9.0,10.0,1,,0.2666666666666666,9.210526315789474,1.380074368705504,0.20975223565817624,0.1939806251647564,,True,False,True,False,True,False,True
2026-08-06,菊花菜,2.25,2.0,2.5,1,,-0.1346153846153847,2.328333333333333,0.3738622587340641,-0.20952458158942772,0.13060980218327714,,True,False,False,True,True,False,True
2026-05-18,菊花菜,1.4,1.0,1.8,1,,0.2727272727272725,1.4566666666666668,0.27124659010513513,-0.20891199644096126,0.09999883998182964,,True,False,True,False,True,False,True
2026-06-19,空心菜,2.75,2.5,3.0,1,,0.22222222222222232,2.6600000000000006,0.4325944186353823,0.20804706700540457,0.15318560785336074,,True,False,True,False,True,False,True
2026-04-23,平菇,3.25,3.0,3.5,1,京,-0.1333333333333333,3.4216666666666664,0.8253195131890274,-0.20800025193073154,0.05265390543263123,京,False,False,False,True,False,False,True
2026-06-16,穿心莲,2.75,2.5,3.0,1,,-0.08333333333333337,2.826666666666667,0.3687661938778234,-0.20790047444551732,0.21137747117174635,,True,False,False,False,True,False,True
2026-06-24,西芹,1.55,1.4,1.7,1,辽,0.24,1.5983333333333334,0.23322452306933578,-0.20723949907687977,0.13924431481348884,辽,False,False,True,False,False,False,True
2026-03-09,蒿子秆,4.0,3.5,4.5,1,,0.29032258064516125,3.854433333333333,0.703581952844028,0.2068936903203037,0.1250540964933437,,True,False,True,False,True,False,True
2026-04-06,菠菜,1.6,0.7,2.5,2,冀,0.6000000000000001,1.6975,0.47189776435156955,-0.2066125490845963,0.3245546815299717,冀,False,False,True,False,False,False,True
2026-05-20,油菜,0.875,0.6,1.4,2,冀京,0.16666666666666674,0.8975000000000001,0.10933773995885805,-0.20578438888956774,0.10780290238739981,冀京,False,False,True,False,False,False,True
2026-06-15,奶白菜,2.3,2.0,2.6,1,,0.3142857142857143,2.381666666666667,0.3996729985214473,-0.204333710230076,0.15199771049005611,,True,False,True,False,True,False,True
2026-06-04,菊花菜,1.75,1.5,2.0,1,,-0.2222222222222222,1.6333333333333333,0.5757054642863668,0.20264992066956392,0.24281532697107552,,True,False,False,True,True,False,True
2026-04-01,荠菜,6.5,6.0,7.0,1,,-0.5,7.120833333333334,3.066870269040804,-0.20243221227857994,0.5603611307021569,,True,False,False,True,True,False,True
2026-02-03,黄瓜,3.2,2.5,3.8,2,冀辽/辽冀鲁云,0.15315315315315314,3.145,0.274285906711755,0.2005206926573856,0.05639287355382655,冀辽/辽冀鲁云,False,False,True,False,False,False,True
2026-04-27,鸡毛菜,3.0,2.5,3.5,1,,0.09090909090909083,3.1366666666666663,0.6816477669301957,-0.20049455642192643,0.19259851299015965,,True,False,False,False,True,False,True
2026-06-30,毛豆仁,15.5,15.0,16.0,1,,0.06896551724137923,15.294117647058824,1.027874377195053,0.20029913918372422,0.06407169479216207,,True,False,False,False,True,False,True
2026-05-25,线茄,2.0,1.5,2.5,1,冀,0.33333333333333326,2.1066666666666665,0.5346177063603811,-0.1995195172132279,0.09615244103456767,冀,False,False,True,False,False,False,True
2026-06-01,荠菜,7.4,7.0,7.8,1,,-0.5515151515151515,7.916666666666667,2.6061377597871713,-0.1982499446648054,0.4326366050270686,,True,False,False,True,True,False,True
2026-03-25,鸡毛菜,3.65,3.3,4.0,1,,-0.08750000000000002,3.555,0.4800053879007973,0.19791444511792314,0.09788585589463177,,True,False,False,False,True,False,True
2026-06-30,茼蒿,6.0,5.5,6.5,1,,-0.07692307692307687,6.2,1.017773093064225,-0.19650745471945727,0.12360203399432457,,True,False,False,False,True,False,True
2026-08-05,樱桃萝卜,2.9,2.8,3.0,1,,-0.1470588235294118,3.0733333333333333,0.8833452612510635,-0.1962237654253615,0.11785994275251584,,True,False,False,True,True,False,True
2026-05-29,大白菜,0.35,0.3,0.4,1,冀,-0.18604651162790697,0.359,0.046114550026411405,-0.1951661676161948,0.20446120917274888,冀,False,False,False,True,False,False,True
2026-06-29,穿心莲,2.75,2.5,3.0,1,,0.44736842105263164,2.663333333333333,0.44468767290851724,0.1948933418815418,0.2784084008862063,,True,False,True,False,True,False,True
2026-07-18,菠菜,2.75,2.5,3.0,1,蒙,-0.12,2.6175,0.6805851311112079,0.1946854169200903,0.20859381194283622,蒙,False,False,False,True,False,False,True
2026-06-20,豆尖,9.5,9.0,10.0,1,,-0.17391304347826086,9.75,1.2909944487358054,-0.19364916731037088,0.16652138736707572,,True,False,False,True,True,False,True
2026-06-06,油菜,0.9,0.8,1.0,1,冀京,-0.4193548387096774,0.9516666666666667,0.2674861689409624,-0.19315640457682928,0.26787404376591756,冀京,False,False,False,True,False,False,True
2026-08-03,圆白菜,0.65,0.5,0.8,1,冀,-0.1333333333333333,0.6666666666666666,0.08643647591043167,-0.19281983087715374,0.10962353743527847,冀,False,False,False,True,False,False,True
2026-02-02,盖菜,3.25,2.8,3.7,1,,-0.0714285714285714,3.154347826086956,0.4986146816836764,0.19183585527416544,0.11071641499083414,,True,False,False,False,True,False,True
2026-03-14,团生菜,2.4,2.0,2.8,1,冀云,-0.12727272727272732,2.28,0.6258235952836814,0.19174732449262313,0.1040063623479794,冀云,False,False,False,True,False,False,True
2026-03-03,茴香,3.0,2.5,3.5,1,冀,0.33333333333333326,3.1883333333333335,0.9844203031903261,-0.19131394661708986,0.3208781811143263,冀,False,False,True,False,False,False,True
2026-05-25,油麦菜,1.575,1.0,2.5,2,鲁京冀,0.36956521739130443,1.4883333333333333,0.45475141624267046,0.19058031172885553,0.20353742473972353,鲁京冀,False,False,True,False,False,False,True
2026-06-29,奶白菜,2.25,2.0,2.5,1,,0.2857142857142858,2.3233333333333333,0.38835047567116643,-0.1888328659997003,0.16143225356765079,,True,False,True,False,True,False,True
2026-06-13,西葫芦,1.5,1.2,2.0,2,鲁,-0.13043478260869568,1.5533333333333335,0.28517488080768516,-0.1870197444539308,0.10336030513654998,鲁,False,False,False,True,False,False,True
2026-08-10,樱桃萝卜,3.3,3.2,3.4,1,,0.13793103448275867,3.1416666666666666,0.8515789931704468,0.18592912061376107,0.0811527834089622,,True,False,False,False,True,False,True
2026-08-08,油菜,1.4,1.2,1.6,1,冀京,-0.23287671232876717,1.4741666666666666,0.4042065094711491,-0.1834870664594294,0.1366819538164528,冀京,False,False,False,True,False,False,True
2026-02-05,黄豆芽,0.88,0.85,0.9,1,,-0.0736842105263158,0.8823333333333333,0.01278019300845387,-0.18257418583505272,0.030069647806417306,,True,False,False,False,True,False,True
2026-04-21,荠菜,6.75,6.5,7.0,1,,-0.3414634146341463,6.345833333333333,2.214198727699728,0.18253405243645168,0.3679411475764162,,True,False,False,True,True,False,True
2026-07-20,苤蓝,4.25,4.0,4.5,1,,0.1333333333333333,4.121052631578947,0.7067758935777949,0.18244449137661436,0.10752834260791665,,True,False,False,False,True,False,True
2026-07-20,银芽,6.25,6.0,6.5,1,,0.19047619047619047,6.118421052631579,0.723458231597027,0.18187497442383369,0.08090582344972388,,True,False,True,False,True,False,True
2026-05-11,荠菜,7.5,7.0,8.0,1,,-0.5454545454545454,7.079166666666667,2.3264046862847825,0.1808942940213016,0.4295648717847327,,True,False,False,True,True,False,True
2026-08-03,油麦菜,2.225,1.8,2.6,2,京冀,-0.19090909090909092,2.385,0.8867219756321411,-0.1804398722451152,0.1384082187796976,京冀,False,False,False,True,False,False,True
2026-06-09,菜心,2.15,1.8,2.5,1,,-0.18867924528301883,2.0516666666666667,0.5481132738034545,0.17940330590970885,0.19017898603860844,,True,False,False,True,True,False,True
2026-08-10,小白菜,2.275,1.5,3.3,2,冀蒙,0.30000000000000004,2.1816666666666666,0.5353428378366402,0.17434310639234504,0.22489541879732367,冀蒙,False,False,True,False,False,False,True
2026-07-23,穿心莲,2.75,2.5,3.0,1,,-0.08333333333333337,2.6899999999999995,0.3477513975281327,0.17253704924405533,0.06548857089024777,,True,False,False,False,True,False,True
2026-07-30,鸡毛菜,5.25,4.5,6.0,1,,-0.125,4.848333333333333,2.3699441042926015,0.16948360340614857,0.2625832547340535,,True,False,False,True,True,False,True
2026-07-17,菜心,2.15,1.8,2.5,1,,-0.2833333333333333,2.23,0.47499546277324856,-0.1684226614143263,0.2548476731228022,,True,False,False,True,True,False,True
2026-06-09,樱桃萝卜,2.4,2.0,2.8,1,,-0.1578947368421053,2.31,0.535691625136498,0.16800710665780377,0.10334594936243466,,True,False,False,True,True,False,True
2026-06-16,木耳菜,2.75,2.5,3.0,1,,-0.15384615384615385,2.8016666666666667,0.3077962081428459,-0.16785998430067936,0.09581363307874921,,True,False,False,True,True,False,True
2026-01-23,美人椒,14.5,14.0,15.0,1,鲁,-0.17142857142857137,14.065217391304348,2.590649040413018,0.16782767635184445,0.08427467501028948,鲁,False,False,False,True,False,False,True
2026-06-07,苦瓜,2.25,2.0,2.5,1,鲁,-0.15094339622641506,2.351666666666667,0.6066418777302536,-0.16758926542798555,0.16638535486177425,鲁,False,False,False,True,False,False,True
2026-06-26,空心菜,2.75,2.5,3.0,1,,-0.15384615384615385,2.6733333333333333,0.4578309681556071,0.16745627098036164,0.1632640253466179,,True,False,False,True,True,False,True
2026-03-24,豌豆苗,5.5,5.0,6.0,1,,0.10000000000000009,5.656666666666666,0.9371392026041112,-0.1671754486754186,0.11897778021447161,,True,False,False,False,True,False,True
2026-03-26,团生菜,2.4,2.0,2.8,1,冀鲁,-0.12727272727272732,2.478333333333333,0.46916715154830907,-0.1669625272673578,0.0676191173085541,冀鲁,False,False,False,True,False,False,True
2026-05-26,油菜,0.9,0.7,1.3,2,冀京,-0.1428571428571429,0.8791666666666667,0.12578774769930864,0.16562291411032137,0.20816419176088582,冀京,False,False,False,True,False,False,True
2026-05-28,苋菜,3.3,3.0,3.6,1,,0.13793103448275867,3.4966666666666666,1.1951001497012947,-0.16456082506208533,0.17643569508588058,,True,False,False,False,True,False,True
2026-06-10,香菜,2.75,2.5,3.0,1,冀辽,-0.15384615384615385,2.5966666666666667,0.9396379836031851,0.16318341319638152,0.16772597391121447,冀辽,False,False,False,True,False,False,True
2026-04-27,菠菜,1.725,0.7,3.0,2,冀,1.0294117647058827,1.6400000000000001,0.5225765081751775,0.16265560864344547,0.4562642647950447,冀,False,False,True,False,False,False,True
2026-03-02,菜心,2.9,2.5,3.3,1,,-0.3176470588235294,2.8200000000000003,0.4933348866083034,0.16216165159128063,0.1608660259822866,,True,False,False,True,True,False,True
2026-06-12,菊花菜,1.9,1.8,2.0,1,,-0.15555555555555556,1.8016666666666665,0.6080612680866238,0.16171616002242215,0.28734194223330073,,True,False,False,True,True,False,True
2026-05-06,蒿子秆,2.5,2.0,3.0,1,,0.0869565217391306,2.4266666666666667,0.4538595661073217,0.16157714590506728,0.08634987137062278,,True,False,False,False,True,False,True
2026-07-28,樱桃萝卜,3.0,2.5,3.5,1,,-0.09090909090909083,2.8433333333333337,0.9743904667068506,0.1607842769605012,0.2055520449711968,,True,False,False,False,True,False,True
2026-08-07,黄心菜,3.75,3.5,4.0,1,,-0.0625,3.855,0.6540787150773538,-0.16053113727692894,0.10670051869069382,,True,False,False,False,True,False,True
2026-02-13,香葱,3.583,2.5,4.0,3,,0.1374603174603175,3.6927666666666665,0.6839822382919379,-0.16048175014131819,0.07739247389254567,,True,False,False,False,True,False,True
2026-05-22,油麦菜,1.575,1.0,2.5,2,鲁京冀,0.5,1.5041666666666667,0.446349336153936,0.15869483293888995,0.17840748364187817,鲁京冀,False,False,True,False,False,False,True
2026-06-09,散叶生菜,1.65,1.5,1.8,1,冀,-0.17500000000000004,1.5316666666666665,0.747580388173479,0.1582884398859774,0.16505753138864987,冀,False,False,False,True,False,False,True
2026-03-09,青蒜,2.9,1.6,4.2,2,鲁川,0.7058823529411764,2.8241666666666663,0.47942509273110673,0.1581755616948193,0.29227484024307177,鲁川,False,False,True,False,False,False,True
2026-02-03,茼蒿,4.4,4.3,4.5,1,,-0.053763440860215006,4.477083333333334,0.4874465782695237,-0.15813698725096337,0.10483470200739492,,True,False,False,False,True,False,True
2026-06-05,鸡毛菜,3.75,3.5,4.0,1,,-0.11764705882352944,3.525,1.4242209001463904,0.15798111091957237,0.16391967532873128,,True,False,False,False,True,False,True
2026-06-10,樱桃萝卜,2.25,2.0,2.5,1,,-0.0625,2.331666666666666,0.5188653624668147,-0.15739471657618945,0.10491923268978706,,True,False,False,False,True,False,True
2026-04-27,小白菜,1.175,0.7,1.9,2,冀,0.46875,1.1316666666666668,0.2787698758441444,0.15544482057867748,0.3692352893701589,冀鲁,True,False,True,False,True,False,True
2026-08-03,快菜,1.4,1.2,1.6,1,,-0.26315789473684215,1.35,0.32270409206343015,0.1549407064542953,0.24152299692035387,,True,False,False,True,True,False,True
2026-03-14,茴香,3.25,3.0,3.5,1,冀,0.18181818181818188,3.4133333333333336,1.060817294982191,-0.15396933487596995,0.1752099463996693,冀,False,False,True,False,False,False,True
2026-06-17,芥兰,1.9,1.8,2.0,1,,-0.050000000000000044,1.9216666666666666,0.14183728738225562,-0.15275719852336447,0.03372556944456198,,True,False,False,False,True,False,True
2026-03-12,长茄,2.45,2.3,2.6,1,辽,0.19512195121951237,2.3733333333333335,0.5098568651969955,0.15036899941916962,0.05473009134887488,辽,False,False,True,False,False,False,True
2026-06-17,香芹,2.45,2.2,2.7,1,,-0.05769230769230771,2.4833333333333334,0.22450456309521785,-0.14847508163651774,0.07603684049476074,,True,False,False,False,True,False,True
2026-08-03,黄心菜,3.75,3.5,4.0,1,,0.2931034482758621,3.8466666666666662,0.6570484332818713,-0.1471225890971672,0.11824999803555165,,True,False,True,False,True,False,True
2026-06-06,菠菜,2.0,1.8,2.2,1,冀蒙,-0.30434782608695654,2.091666666666667,0.6233714414560521,-0.14704983348700507,0.38225313263912575,冀蒙,False,False,False,True,False,False,True
2026-08-04,木耳菜,2.65,2.3,3.0,1,,-0.05357142857142849,2.6049999999999995,0.308598053494633,0.14582075126660834,0.17000096479321156,,True,False,False,False,True,False,True
2026-06-03,荆芥,3.5,3.0,4.0,1,,0.07692307692307687,3.441666666666667,0.40302377215185387,0.14473918752205495,0.020558557070186487,,True,False,False,False,True,False,True
2026-01-27,木耳菜,7.15,6.5,7.8,1,,-0.1333333333333333,6.8999999999999995,1.7347750414519014,0.14411090431112386,0.09640988820685062,,True,False,False,True,True,False,True
2026-07-01,荠菜,8.25,7.5,9.0,1,,-0.24137931034482762,7.920833333333333,2.2917776880108507,0.14362940541251493,0.2792275096677154,,True,False,False,True,True,False,True
2026-05-19,快菜,0.75,0.5,1.0,1,,-0.25,0.7233333333333333,0.18695995022599293,0.14263304325034676,0.21570489339549911,,True,False,False,True,True,False,True
2026-05-18,菜心,1.85,1.5,2.2,1,,0.2333333333333334,1.9116666666666666,0.43324822329526796,-0.1423356481363788,0.13848398505373408,,True,False,True,False,True,False,True
2026-02-12,盖菜,3.15,2.8,3.5,1,,-0.07352941176470584,3.2116666666666664,0.43444045132460496,-0.14194503867824793,0.06966430434773874,,True,False,False,False,True,False,True
2026-06-26,螺丝椒,2.75,2.0,3.5,1,鲁冀,-0.15384615384615385,2.7083333333333335,0.2942211616353115,0.14161682468752043,0.07307290651515609,鲁冀,False,False,False,True,False,False,True
2026-05-28,香芹,2.4,2.0,2.8,1,,0.09090909090909083,2.3783333333333334,0.15463156062146427,0.14011801070614668,0.11718401593437627,,True,False,False,False,True,False,True
2026-05-23,苦瓜,2.25,2.0,2.5,1,鲁,0.5,2.316666666666667,0.48036145394564866,-0.13878438021842193,0.15640818765946818,鲁,False,False,True,False,False,False,True
2026-04-06,小白菜,1.275,0.7,2.0,2,冀鲁,0.5937499999999998,1.3316666666666668,0.4084734687989451,-0.13872790032921034,0.25866641090920606,冀鲁,False,False,True,False,False,False,True
2026-02-02,荠菜,9.0,8.5,9.5,1,,-0.4193548387096774,9.29,2.1061418122560815,-0.13769253253148875,0.2611953526675359,,True,False,False,True,True,False,True
2026-08-02,黄瓜,1.925,1.2,3.0,2,冀辽/辽冀蒙,0.10000000000000009,2.0125,0.6357777615401154,-0.13762670746463215,0.08456491833560499,冀/辽冀蒙,True,False,False,False,True,False,True
2026-06-25,圆白菜,0.6,0.5,0.7,1,冀,-0.2941176470588235,0.6163333333333334,0.11972622025308575,-0.1364223584341581,0.18004885578707427,冀,False,False,False,True,False,False,True
2026-03-28,苦瓜,3.25,3.0,3.5,1,鲁,0.18181818181818188,3.175,0.5653424351360098,0.13266295848100756,0.06950643827922601,鲁,False,False,True,False,False,False,True
2026-05-12,香芹,2.4,2.0,2.8,1,,-0.11111111111111116,2.425,0.18971394073800832,-0.13177734805753932,0.09430414039453244,,True,False,False,False,True,False,True
2026-08-09,油麦菜,2.75,2.5,3.0,1,京冀,0.22222222222222232,2.6708333333333334,0.6030126711846092,0.13128524565021973,0.16365518532303003,京冀,False,False,True,False,False,False,True
2026-08-04,盖菜,2.0,1.8,2.2,1,,-0.11111111111111116,2.0866666666666664,0.6780974059484544,-0.12780858016326702,0.09788934320233242,,True,False,False,False,True,False,True
2026-01-21,鸡毛菜,4.5,4.0,5.0,1,,-0.25,4.59,0.7061464841963435,-0.12745230913728578,0.16556011616710023,,True,False,False,True,True,False,True
2026-08-10,慈姑,9.5,9.0,10.0,1,,-0.07317073170731703,9.392857142857142,0.8425090080061037,0.12717117101978978,0.055889418801035526,,True,False,False,False,True,False,True
2026-06-17,瓠子,1.15,1.0,1.3,1,冀,-0.25806451612903236,1.1066666666666667,0.3425898657169445,0.12648749326734668,0.1788848068748869,冀,False,False,False,True,False,False,True
2026-06-08,盖菜,1.4,1.2,1.6,1,,-0.1250000000000001,1.4533333333333334,0.42364048952834604,-0.1258929083778355,0.13323164985322422,,True,False,False,True,True,False,True
2026-08-10,豇豆,2.4,2.0,2.8,1,鲁冀,0.29729729729729715,2.3216666666666668,0.6265234306834827,0.12502857753919638,0.13297442212866986,鲁冀,False,False,True,False,False,False,True
2026-06-12,油菜,1.05,0.6,1.5,2,冀京,-0.1428571428571429,1.0141666666666667,0.28660342459312316,0.12502758257059982,0.25852565194784694,冀京,False,False,False,True,False,False,True
2026-07-11,菠菜,2.4,2.3,2.5,1,蒙,-0.2195121951219513,2.464166666666667,0.5152285788907213,-0.12454019302426259,0.24976219467990013,蒙,False,False,False,True,False,False,True
2026-06-01,苦菊,2.15,1.6,2.8,2,辽冀,0.303030303030303,2.1166666666666667,0.26840311079614926,0.12419130774773213,0.13491304157712486,辽冀,False,False,True,False,False,False,True
2026-06-22,香芹,2.5,2.2,2.8,1,,0.11111111111111116,2.4733333333333336,0.21565191194709288,0.123656064191115,0.0839148229139707,,True,False,False,False,True,False,True
2026-05-20,架豆,3.3,2.9,3.7,1,鲁,0.19999999999999996,3.3533333333333335,0.4317033890207082,-0.12354161373232896,0.07097404755630324,鲁,False,False,True,False,False,False,True
2026-05-25,架豆,3.45,2.9,4.0,1,鲁,-0.13749999999999996,3.3933333333333335,0.46139468730282845,0.12281603630488803,0.07925175464279804,鲁,False,False,False,True,False,False,True
2026-03-23,鸡毛菜,3.5,3.0,4.0,1,,-0.125,3.558333333333333,0.4810339677828597,-0.12126655754103624,0.08667641436024237,,True,False,False,True,True,False,True
2026-03-20,快菜,1.4,1.0,1.8,1,,0.6470588235294117,1.4566666666666668,0.4675197457259729,-0.12120700181053073,0.26786323682411467,,True,False,True,False,True,False,True
2026-03-05,苋菜,7.1,6.7,7.5,1,,0.06766917293233066,6.988333333333332,0.9304877598681072,0.12000874324504338,0.05538763088706286,,True,False,False,False,True,False,True
2026-08-03,小黄瓜,4.45,3.8,5.2,2,辽冀/辽鲁,0.1633986928104576,4.5725,1.0311809015512903,-0.11879583865034038,0.07174092224238539,辽冀/辽鲁,False,False,True,False,False,False,True
2026-08-01,菠菜,3.25,3.0,3.5,1,蒙,-0.21212121212121215,3.3358333333333334,0.7237260904672371,-0.11859919721550936,0.14569713202670273,蒙,False,False,False,True,False,False,True
2026-06-18,大白菜,0.4,0.35,0.45,1,冀,-0.19999999999999996,0.409,0.07603764947663416,-0.11836241732808415,0.18291667469083137,冀,False,False,False,True,False,False,True
2026-06-23,樱桃萝卜,2.35,2.2,2.5,1,,-0.09615384615384615,2.4050000000000002,0.4657863207005189,-0.11807989534188759,0.15619686113356754,,True,False,False,False,True,False,True
2026-07-04,扁豆,3.15,2.5,3.8,1,冀晋,0.21153846153846145,3.0533333333333337,0.8312779249479367,0.11628682028663338,0.12176063050178745,冀晋,False,False,True,False,False,False,True
2026-04-27,穿心莲,3.0,2.5,3.5,1,,0.09090909090909083,3.0466666666666664,0.40448633524793864,-0.11537266552666377,0.12657379197429844,,True,False,False,False,True,False,True
2026-07-20,冰草,6.25,6.0,6.5,1,,0.13636363636363646,6.342105263157895,0.8045466559730562,-0.1144809470949802,0.10352785636691385,,True,False,False,False,True,False,True
2026-07-17,苦瓜,1.65,1.5,1.8,1,鲁,0.31999999999999984,1.6083333333333334,0.36485314318496487,0.11420119970172028,0.08552359741197578,鲁,False,False,True,False,False,False,True
2026-04-07,茼蒿,3.75,3.0,4.5,1,,0.0714285714285714,3.6816666666666666,0.5994945188747927,0.1139849175962276,0.09116891496793998,,True,False,False,False,True,False,True
2026-07-28,平菇,3.25,3.0,3.5,1,冀蒙,-0.1333333333333333,3.1633333333333336,0.7624747970208285,0.11366495916362593,0.1516020681736339,冀蒙,False,False,False,True,False,False,True
2026-05-20,苋菜,3.55,3.3,3.8,1,,0.05970149253731338,3.6899999999999995,1.2448099148616623,-0.11246697052180703,0.1856552031300599,,True,False,False,False,True,False,True
2026-02-24,菠菜,3.375,1.5,5.5,2,冀豫鲁,0.29807692307692313,3.4408333333333334,0.5931172520780725,-0.11099547872309691,0.18671718432827863,冀豫鲁,False,False,True,False,False,False,True
2026-01-30,苋菜,7.0,6.5,7.5,1,,0.12903225806451601,7.115909090909091,1.046238883269878,-0.11078644921591235,0.06474068056008192,,True,False,False,False,True,False,True
2026-06-18,蒿子秆,3.25,3.0,3.5,1,,0.35416666666666674,3.1533333333333333,0.8853144126215294,0.10918908049901084,0.13082123582727276,,True,False,True,False,True,False,True
2026-04-13,散菜花,2.1,1.6,2.6,1,陕云豫,0.0769230769230771,2.1166666666666667,0.154436312804481,-0.10791935111638473,0.04056053202280207,陕云闽,True,False,False,False,True,False,True
2026-02-02,青蒜,2.975,2.3,4.0,2,豫鲁川,0.2142857142857142,3.0091666666666663,0.3166012485362507,-0.10791703072754676,0.1007557017677043,豫鲁川,False,False,True,False,False,False,True
2026-07-06,菠菜,2.625,1.5,4.0,2,蒙,0.5,2.555833333333333,0.6445956809923783,0.1073024047573236,0.28115464190390144,蒙,False,False,True,False,False,False,True
2026-03-16,菜心,3.0,2.5,3.5,1,,-0.25,3.0533333333333332,0.509552429256224,-0.10466701809504088,0.17090011342172906,,True,False,False,True,True,False,True
2026-01-26,苋菜,7.15,6.5,7.8,1,,-0.10624999999999996,7.263888888888889,1.0951504806022774,-0.1039938263335791,0.05474511147431293,,True,False,False,False,True,False,True
2026-03-30,水萝卜,2.25,1.3,3.7,2,鲁,0.5517241379310345,2.198666666666667,0.5027612262045572,0.10210280876442755,0.26441314132714977,鲁,False,False,True,False,False,False,True
2026-05-08,菠菜,1.75,1.0,2.5,2,冀,-0.15662650602409645,1.6975,0.5152982899119852,0.10188273671346197,0.49982174932728896,冀,False,False,False,True,False,False,True
2026-05-20,散生菜,1.6,1.5,1.7,1,,0.14285714285714302,1.5799999999999998,0.19722208731311167,0.1014085200723388,0.24232434704150527,,True,False,False,False,True,False,True
2026-05-12,散菜花,1.8,1.3,2.3,1,陕豫苏冀,-0.1428571428571429,1.825,0.24731314785803338,-0.10108641702442285,0.08156610873943414,陕豫苏冀,False,False,False,True,False,False,True
2026-05-28,空心菜,2.8,2.6,3.0,1,,-0.06666666666666676,2.8583333333333334,0.577909928152712,-0.10093845163691158,0.09475054069849989,,True,False,False,False,True,False,True
2026-07-20,南姜,7.25,7.0,7.5,1,,0.11538461538461542,7.184210526315789,0.6606084383142026,0.09958921180616138,0.07874676702964947,,True,False,False,False,True,False,True
2026-05-12,樱桃萝卜,1.85,1.5,2.2,1,,0.15625,1.875,0.2572232359322414,-0.09719184159002453,0.09771218167868805,,True,False,True,False,True,False,True
2026-02-10,茼蒿,4.5,4.0,5.0,1,,0.05882352941176472,4.456896551724138,0.4459588662027338,0.09665341703570299,0.05613081451686306,,True,False,False,False,True,False,True
2026-03-16,玉米,1.75,1.5,2.0,2,海,0.18644067796610164,1.7375,0.1319204959109006,0.09475404040659825,0.06054529580902027,海,False,False,True,False,False,False,True
2026-04-20,茼蒿,3.8,3.3,4.3,1,,-0.18279569892473124,3.871666666666667,0.7663936295418292,-0.09351156364584017,0.13149272702926293,,True,False,False,True,True,False,True
2026-04-25,苦菊,2.4,2.3,2.5,1,辽冀,-0.15044247787610632,2.368333333333333,0.344784623760403,0.09184477637457657,0.15442516530375094,辽冀,False,False,False,True,False,False,True
2026-06-15,油菜,1.05,0.6,1.5,2,冀京,0.5000000000000002,1.0241666666666667,0.2823457263629158,0.09149539348836556,0.2663218473892308,冀京,False,False,True,False,False,False,True
2026-06-10,秋葵,9.25,9.0,9.5,1,,-0.05128205128205132,9.383333333333333,1.4664907903206341,-0.09091999364290641,0.17924929760337108,,True,False,False,False,True,False,True
2026-05-18,奶白菜,2.4,2.0,2.8,1,,0.4545454545454546,2.3583333333333334,0.459775682437553,0.09062390260782378,0.22763737472837725,,True,False,True,False,True,False,True
2026-02-02,快菜,1.25,1.0,1.5,1,,-0.375,1.2739130434782608,0.26623194143512585,-0.08982033992374225,0.2665299889256964,,True,False,False,True,True,False,True
2026-03-03,香芹,3.25,3.0,3.5,1,,0.06557377049180335,3.223333333333333,0.29877143072270484,0.08925440629367488,0.042816686428245695,,True,False,False,False,True,False,True
2026-03-09,西葫芦,2.175,1.8,2.5,2,鲁云,-0.13000000000000012,2.2,0.2814678275239187,-0.08882009791288098,0.13997171222693433,鲁云,False,False,False,True,False,False,True
2026-06-29,菊花菜,2.05,1.8,2.3,1,,0.17142857142857126,2.0900000000000003,0.45550275369165194,-0.08781505638729482,0.18219561247180582,,True,False,True,False,True,False,True
2026-05-15,快菜,0.7,0.7,0.7,1,,0.2727272727272725,0.715,0.17963084751598304,-0.08350458847924411,0.1763524410263909,,True,False,True,False,True,False,True
2026-06-15,小白菜,1.425,1.0,2.0,2,冀,0.78125,1.3900000000000001,0.42286991559726783,0.08276777020319687,0.32212136930170976,冀,False,False,True,False,False,False,True
2026-08-05,鸡毛菜,5.5,5.0,6.0,1,,-0.15384615384615385,5.325,2.209413637300551,0.0792065356371267,0.20559394100937925,,True,False,False,True,True,False,True
2026-05-11,芹菜,1.1,1.0,1.2,1,鲁津冀京,-0.15384615384615385,1.0866666666666667,0.16965143440419836,0.07859251753549253,0.05021371949539167,鲁津冀,True,False,False,True,True,False,True
2026-07-27,苋菜,3.15,2.8,3.5,1,,-0.09999999999999998,3.0866666666666664,0.8173689216155389,0.07748439126869959,0.17910847753106796,,True,False,False,False,True,False,True
2026-02-11,鸡毛菜,4.25,4.0,4.5,1,,0.3076923076923077,4.303333333333333,0.700976330621765,-0.07608435692261706,0.11019646982776479,,True,False,True,False,True,False,True
2026-07-21,尖椒,1.75,1.3,2.2,1,鲁冀,0.16666666666666674,1.7650000000000001,0.2022076433632013,-0.07418117213827287,0.05422159727493856,鲁冀,False,False,True,False,False,False,True
2026-03-30,黄心菜,3.65,3.3,4.0,1,,-0.17045454545454553,3.7233333333333336,0.9910577189542736,-0.07399501757648609,0.06509075853034298,,True,False,False,True,True,False,True
2026-04-20,豌豆苗,5.75,5.5,6.0,1,,0.09523809523809534,5.683333333333334,0.9142863557058496,0.07291661551177614,0.034280901540517814,,True,False,False,False,True,False,True
2026-04-06,奶白菜,3.9,3.5,4.3,1,,-0.17894736842105263,3.9683333333333333,0.940513738312218,-0.07265532713637944,0.11350539838056396,,True,False,False,True,True,False,True
2026-07-01,菊花菜,2.1,2.0,2.2,1,,0.10526315789473695,2.1300000000000003,0.41742230332162783,-0.0718696623569847,0.18552608645564805,,True,False,False,False,True,False,True
2026-07-29,盖菜,2.05,1.8,2.3,1,,-0.08888888888888902,2.0,0.708811535673234,0.07054061267853025,0.15441491884497072,,True,False,False,False,True,False,True
2026-01-27,蒿子秆,4.05,3.5,4.6,1,,-0.13829787234042556,4.097368421052631,0.6717460011481121,-0.07051537481677889,0.14523709980282232,,True,False,False,True,True,False,True
2026-07-15,白豆,2.5,2.0,3.0,1,蒙冀,0.16279069767441867,2.4650000000000003,0.49812579771060533,0.07026337555866469,0.11985344404959826,蒙冀,False,False,True,False,False,False,True
2026-05-12,茼蒿,3.5,3.0,4.0,1,,0.16666666666666674,3.5649999999999995,0.9309014911401188,-0.06982478878661044,0.1546967170035643,,True,False,True,False,True,False,True
2026-07-30,扁豆,3.65,3.0,4.3,1,冀晋,-0.18888888888888888,3.588333333333333,0.9172375442837466,0.06723085753627901,0.08399106400711762,冀晋,False,False,False,True,False,False,True
2026-06-29,芹菜,1.2,1.1,1.3,1,冀京,-0.1724137931034483,1.2166666666666666,0.24890565077656587,-0.0669597761829349,0.05335258904584755,津冀京,True,False,False,True,True,False,True
2026-03-01,豆王,4.25,2.5,6.0,1,云,-0.13265306122448983,4.286666666666666,0.5483412814293129,-0.06686833165485992,0.14862729337126804,云,False,False,False,True,False,False,True
2026-06-26,香芹,2.5,2.0,3.0,1,,0.0869565217391306,2.4866666666666664,0.2038142043260416,0.06541905838910181,0.056696236634224004,,True,False,False,False,True,False,True
2026-05-07,樱桃萝卜,1.95,1.8,2.1,1,,-0.09302325581395343,1.9716666666666667,0.33673977810903827,-0.06434246286059775,0.09005707457374688,,True,False,False,False,True,False,True
2026-05-18,芥兰,2.25,2.0,2.5,1,,0.2857142857142858,2.2266666666666666,0.3633496780041905,0.06421729464987809,0.11208742479996905,,True,False,True,False,True,False,True
2026-07-20,木耳菜,2.55,2.3,2.8,1,,0.4571428571428571,2.533333333333333,0.2597523134984604,0.06416368902433431,0.19422844882458898,,True,False,True,False,True,False,True
2026-06-24,菜心,2.25,2.0,2.5,1,,0.09756097560975618,2.2233333333333336,0.4372195324321983,0.06099148068322341,0.07946459421957879,,True,False,False,False,True,False,True
2026-07-20,孢子甘蓝,15.5,15.0,16.0,1,,0.14814814814814814,15.328947368421053,2.818653923687772,0.060685928890181394,0.09678645296433255,,True,False,False,False,True,False,True
2026-06-29,油菜,1.1,0.6,1.7,2,冀京,0.4666666666666668,1.0841666666666667,0.2655088911211223,0.059633910060324,0.2466980700944606,冀京,False,False,True,False,False,False,True
2026-06-08,小白菜,1.45,0.7,2.5,2,冀,0.6111111111111109,1.425,0.4228393352660971,0.05912411148850935,0.40672905182765035,冀,False,False,True,False,False,False,True
2026-04-23,蒿子秆,2.6,2.2,3.0,1,,0.1063829787234043,2.57,0.5118593556827886,0.0586098498873428,0.11760107969092085,,True,False,False,False,True,False,True
2026-02-24,散生菜,3.25,3.0,3.5,1,,0.08333333333333326,3.24,0.17140393911700985,0.05834171636611707,0.051997593301089384,,True,False,False,False,True,False,True
2026-07-28,鸡毛菜,4.75,4.3,5.2,1,,0.05555555555555558,4.608333333333333,2.461009161290144,0.05756446131732405,0.25724021324852886,,True,False,False,False,True,False,True
2026-05-19,鸡毛菜,2.5,2.0,3.0,1,,-0.16666666666666663,2.52,0.3628431788166858,-0.0551202314598405,0.1570688830642461,,True,False,False,True,True,False,True
2026-03-04,红尖椒,7.5,7.0,8.0,1,鲁徽,-0.25,7.575,1.3913990726281054,-0.05390258012630303,0.1250690853948543,鲁徽,False,False,False,True,False,False,True
2026-05-26,荠菜,7.4,7.0,7.8,1,,0.1384615384615384,7.513333333333334,2.196232406101226,-0.05160352475379587,0.4258577156419648,,True,False,False,False,True,False,True
2026-08-08,菠菜,3.75,3.5,4.0,1,蒙,-0.21052631578947367,3.7183333333333337,0.6295843365122827,0.05029773587140139,0.16705596720024282,蒙,False,False,False,True,False,False,True
2026-08-11,空心菜,2.75,2.5,3.0,1,,0.10000000000000009,2.7183333333333333,0.6843677340453014,0.04627141972267584,0.12211457829522902,,True,False,False,False,True,False,True
2026-03-25,白豆,5.5,5.0,6.0,1,云鲁,-0.15384615384615385,5.526666666666666,0.5808337249953311,-0.04591101638748808,0.07217254335694295,云鲁,False,False,False,True,False,False,True
2026-05-05,快菜,0.8,0.6,1.0,1,,0.4545454545454546,0.81,0.22414588845291097,-0.04461380072158151,0.20186385905265486,,True,False,True,False,True,False,True
2026-06-19,荆芥,3.75,3.5,4.0,1,,-0.25,3.783333333333333,0.7477936896623445,-0.044575574512248695,0.12239168732925301,,True,False,False,True,True,False,True
2026-01-27,快菜,1.25,1.0,1.5,1,,-0.1071428571428571,1.2394736842105263,0.23663083494503348,0.04448412562935365,0.20733338079793684,,True,False,False,False,True,False,True
2026-04-22,盖菜,1.75,1.5,2.0,1,,-0.07894736842105254,1.7683333333333333,0.41491239900800114,-0.0441860339126182,0.138564319977109,,True,False,False,False,True,False,True
2026-06-15,豌豆苗,5.0,4.5,5.5,1,,0.05263157894736836,5.008333333333334,0.18941076205330462,-0.04399609210689175,0.03771563777931043,,True,False,False,False,True,False,True
2026-04-22,荠菜,6.25,6.0,6.5,1,,-0.07407407407407407,6.345833333333333,2.214198727699728,-0.043281270165344145,0.3693591112487927,,True,False,False,False,True,False,True
2026-08-10,苋菜,3.0,2.8,3.2,1,,0.15384615384615374,2.9649999999999994,0.8107201991928344,0.043171491267698925,0.11842251476478997,,True,False,True,False,True,False,True
2026-01-26,菜心,2.45,2.2,2.7,1,,-0.07547169811320742,2.4555555555555557,0.13382263161373753,-0.0415143200261594,0.031868941835726326,,True,False,False,False,True,False,True
2026-07-31,芦笋,14.0,13.0,15.0,1,,0.1428571428571428,13.9,2.443304492302438,0.04092817752148651,0.06158035996494588,,True,False,False,False,True,False,True
2026-06-11,丝瓜,2.575,1.8,3.5,2,冀/豫冀,-0.1271186440677966,2.555,0.48921118773683625,0.04088213945499283,0.0989792440764996,冀/豫冀,False,False,False,True,False,False,True
2026-06-09,空心菜,2.75,2.5,3.0,1,,-0.08333333333333337,2.7299999999999995,0.4956013414582068,0.04035501587052712,0.14347505781157444,,True,False,False,False,True,False,True
2026-06-02,苋菜,3.25,3.0,3.5,1,,-0.12162162162162171,3.2866666666666666,0.9485863650474773,-0.03865400981684091,0.15993668753877607,,True,False,False,True,True,False,True
2026-06-10,孢子甘蓝,15.5,15.0,16.0,1,,0.06896551724137923,15.616666666666667,3.0979063590631353,-0.03765984285656372,0.08961581589876026,,True,False,False,False,True,False,True
2026-02-12,蒿子秆,4.0,3.5,4.5,1,,-0.09090909090909094,3.978333333333333,0.586145111686537,0.03696468030642556,0.07771581374777889,,True,False,False,False,True,False,True
2026-03-24,罗马生菜,2.15,1.8,2.5,1,京云,-0.08510638297872353,2.1333333333333333,0.4560575684572357,0.036545093907874554,0.05858970463896659,云,True,False,False,False,True,False,True
2026-06-25,蒿子秆,3.5,3.0,4.0,1,,-0.06666666666666665,3.478333333333333,0.6028214314047914,0.03594209750667921,0.1314653780950391,,True,False,False,False,True,False,True
2026-06-22,奶白菜,2.35,2.1,2.6,1,,0.23684210526315796,2.3366666666666664,0.3782749714466803,0.03524772808082292,0.15786710445542365,,True,False,True,False,True,False,True
2026-06-29,香菜,2.75,2.5,3.0,1,冀蒙,0.22222222222222232,2.775,0.719524507741991,-0.0347451681367391,0.104789138677952,冀蒙,False,False,True,False,False,False,True
2026-06-30,慈姑,9.25,9.0,9.5,1,,0.1212121212121211,9.279411764705882,0.8833633920153936,-0.033295204410474045,0.07076461082342583,,True,False,False,False,True,False,True
2026-03-01,绿菜花,1.75,1.5,2.0,1,鄂浙,-0.125,1.745,0.15992994155847345,0.031263689283421624,0.05813280581534462,鄂浙,False,False,False,True,False,False,True
2026-08-04,菜心,2.6,2.2,3.0,1,,-0.1333333333333333,2.62,0.6481538770044201,-0.030856870119228847,0.2013026531796752,,True,False,False,True,True,False,True
2026-05-05,苦瓜,2.5,2.4,2.6,1,鲁,-0.13793103448275856,2.5083333333333333,0.27262559058840097,-0.030566951970090846,0.06910065874251532,鲁,False,False,False,True,False,False,True
2026-08-11,荆芥,3.5,3.0,4.0,1,,-0.125,3.515,0.5272161762993385,-0.0284513273194477,0.18633503964509646,,True,False,False,True,True,False,True
2026-08-10,茼蒿,7.9,7.5,8.3,1,,0.1703703703703705,7.948333333333333,1.7600687355961406,-0.027461048739646096,0.06900407584632366,,True,False,True,False,True,False,True
2026-06-10,蚕豆仁,12.75,12.5,13.0,1,,-0.05555555555555558,12.7,1.8424556594780934,0.02713769514223428,0.12558697620353174,,True,False,False,False,True,False,True
2026-06-03,架豆,3.55,2.6,4.5,1,鲁,-0.25263157894736843,3.5683333333333334,0.6768949561115108,-0.027084458478832753,0.1015885507955217,鲁,False,False,False,True,False,False,True
2026-07-02,木耳菜,2.65,2.3,3.0,1,,0.1777777777777778,2.6433333333333335,0.25688227993988483,0.02595222476313469,0.08738560105325009,,True,False,True,False,True,False,True
2026-04-15,快菜,1.0,0.8,1.2,1,,0.5384615384615383,0.9949999999999999,0.20609254700506383,0.024260945253285954,0.287442774249564,,True,False,True,False,True,False,True
2026-01-21,荠菜,9.0,8.5,9.5,1,,-0.26530612244897955,9.046875,2.1020203574973606,-0.022299974323659166,0.2649602839983623,,True,False,False,True,True,False,True
2026-07-30,空心菜,2.75,2.0,3.5,1,,-0.12698412698412698,2.7350000000000003,0.678633261377806,0.022103249064959904,0.149736307451222,,True,False,False,True,True,False,True
2026-04-07,菜心,2.75,2.5,3.0,1,,0.14583333333333348,2.7333333333333334,0.7813928030406202,0.02132943457095061,0.1338931927684155,,True,False,False,False,True,False,True
2026-05-06,菜心,2.0,1.7,2.3,1,,0.05263157894736836,1.9916666666666667,0.3915229621427817,0.021284405102897336,0.09665731386751812,,True,False,False,False,True,False,True
2026-06-23,穿心莲,2.75,2.5,3.0,1,,-0.08333333333333337,2.7416666666666667,0.41462141712680534,0.020098656241832984,0.2893240038989044,,True,False,False,False,True,False,True
2026-05-18,水萝卜,1.15,0.6,1.9,2,冀,0.7692307692307689,1.1458333333333333,0.24051698389141465,0.017323793934434843,0.32533443544513424,冀,False,False,True,False,False,False,True
2026-06-18,菊花菜,1.9,1.8,2.0,1,,-0.11627906976744184,1.91,0.5978986190155291,-0.016725243514469936,0.20386397887641133,,True,False,False,False,True,False,True
2026-07-28,小黄瓜,4.4,3.8,4.8,2,辽冀/辽鲁,-0.16587677725118477,4.419166666666667,1.1495067032947366,-0.016673818962282826,0.0646487304209217,辽冀/辽鲁,False,False,False,True,False,False,True
2026-06-12,空心菜,2.75,2.5,3.0,1,,-0.11290322580645162,2.7416666666666667,0.5001867467348541,0.016660444099592973,0.14684252746440343,,True,False,False,False,True,False,True
2026-01-27,鸡毛菜,4.6,4.2,5.0,1,,-0.10679611650485454,4.610526315789474,0.6369586911794246,-0.016525900243205893,0.16243719721868452,,True,False,False,False,True,False,True
2026-04-13,菜心,2.6,2.3,2.9,1,,-0.054545454545454564,2.61,0.655664969114667,-0.015251691749679127,0.07787952184921285,,True,False,False,False,True,False,True
2026-03-30,青蒜,2.35,1.6,3.5,2,鲁,0.3823529411764708,2.356666666666667,0.4523374795463003,-0.014738258420137026,0.18630119584174454,鲁,False,False,True,False,False,False,True
2026-07-14,大白菜,0.45,0.4,0.5,1,冀,-0.15094339622641506,0.449,0.07241403940845113,0.013809476838593472,0.19265880869849814,冀,False,False,False,True,False,False,True
2026-07-13,青蒜,3.725,2.8,4.5,2,甘,-0.15340909090909094,3.7291666666666665,0.3158925049959923,-0.01319014095228151,0.0923080037061362,甘,False,False,False,True,False,False,True
2026-06-29,荆芥,4.0,3.5,4.5,1,,-0.11111111111111116,3.9916666666666667,0.7176450151823437,0.011612054925534345,0.08677435376081058,,True,False,False,False,True,False,True
2026-06-04,莴笋,0.9,0.6,1.2,1,津冀,-0.1428571428571429,0.9016666666666667,0.14531970304110226,-0.011468965541412543,0.07184819039618048,津冀,False,False,False,True,False,False,True
2026-05-11,团生菜,1.05,0.6,1.5,1,冀京,0.16666666666666674,1.0516666666666667,0.1459117194918073,-0.011422431813369766,0.053680190774278116,冀京,False,False,True,False,False,False,True
2026-07-27,鸡毛菜,4.5,4.0,5.0,1,,-0.5,4.525,2.49809410109608,-0.010007629411970987,0.2578311518312312,,True,False,False,True,True,False,True
2026-04-07,油菜,0.85,0.6,1.3,2,鲁京皖,0.17241379310344818,0.8508333333333333,0.08672273827165478,-0.009609167675529067,0.10973928044252694,鲁京皖,False,False,True,False,False,False,True
2026-06-23,菊花菜,2.0,1.5,2.5,1,,-0.1836734693877552,1.995,0.5546589508194432,0.009014548476343856,0.2469496805604541,,True,False,False,True,True,False,True
2026-02-09,菠菜,3.5,2.0,5.0,2,冀豫鲁,0.3999999999999999,3.495,0.555745848635743,0.00899691830766528,0.20671738773780912,冀豫鲁,False,False,True,False,False,False,True
2026-06-24,香菜,2.75,2.5,3.0,1,冀蒙,0.17021276595744683,2.7550000000000003,0.727341640543796,-0.0068743486159572745,0.09328368428554928,冀蒙,False,False,True,False,False,False,True
2026-04-06,蒿子秆,3.0,2.5,3.5,1,,-0.19999999999999996,3.003333333333333,0.5341660166402694,-0.006240257203740794,0.12340987955469354,,True,False,False,True,True,False,True
2026-02-02,菠菜,3.5,2.0,4.8,2,冀豫,0.4583333333333335,3.496666666666667,0.538745882988243,0.00618720892091849,0.20277504372056404,冀豫,False,False,True,False,False,False,True
2026-08-03,茼蒿,8.0,7.5,8.5,1,,-0.05882352941176472,8.01,1.7771732688700377,-0.0056269133545757116,0.08365922239797247,,True,False,False,False,True,False,True
2026-06-20,兰花,15.5,15.0,16.0,1,,-0.06060606060606055,15.484375,3.559574822456563,0.004389569198384415,0.25114426370599513,,True,False,False,False,True,False,True
2026-08-08,番茄,1.633,1.0,2.5,3,冀/冀蒙/蒙冀,-0.12533476164970536,1.6321666666666668,0.19424532716757145,0.004290107491823173,0.04017594704212349,冀/冀蒙/蒙冀,False,False,False,True,False,False,True
2026-03-27,快菜,1.35,1.0,1.7,1,,0.3500000000000001,1.3483333333333334,0.4422675374845454,0.003768458060806566,0.24320962985881536,,True,False,True,False,True,False,True
2026-02-27,香葱,3.75,3.5,4.0,1,,-0.16666666666666663,3.7527666666666666,0.9494128742265535,-0.0029140816832934464,0.23019924589145946,,True,False,False,True,True,False,True
2026-01-06,丝瓜,4.25,3.5,5.0,1,豫冀,-0.15841584158415833,,,,,豫冀,False,False,False,True,False,False,True
2026-02-28,仙人掌,37.5,37.0,38.0,1,,-0.05063291139240511,,,,,,True,False,False,False,True,False,True
2026-03-20,仙人掌,35.5,35.0,36.0,1,,-0.053333333333333344,,,,,,True,False,False,False,True,False,True
2026-04-10,仙人掌,30.5,30.0,31.0,1,,-0.14084507042253525,,,,0.05036140460960454,,True,False,False,True,True,False,True
2026-01-31,兰花,15.5,15.0,16.0,1,,0.06896551724137923,,,,,,True,False,False,False,True,False,True
2026-02-10,兰花,22.5,22.0,23.0,1,,0.4516129032258065,,,,,,True,False,True,False,True,False,True
2026-02-28,兰花,19.5,19.0,20.0,1,,-0.1333333333333333,,,,,,True,False,False,True,True,False,True
2026-03-10,兰花,11.5,11.0,12.0,1,,-0.41025641025641024,,,,,,True,False,False,True,True,False,True
2026-04-10,兰花,10.5,10.0,11.0,1,,-0.08695652173913049,,,,0.23929908891017942,,True,False,False,False,True,False,True
2026-04-20,兰花,11.5,11.0,12.0,1,,0.09523809523809534,,,,0.22677251295069173,,True,False,False,False,True,False,True
2026-04-30,兰花,18.5,18.0,19.0,1,,0.6086956521739131,,,,0.2880318531683602,,True,False,True,False,True,False,True
2026-05-20,兰花,16.5,16.0,17.0,1,,-0.1428571428571429,,,,0.2669438366398286,,True,False,False,True,True,False,True
2026-05-31,兰花,18.5,18.0,19.0,1,,0.1212121212121211,,,,0.25654637692678395,,True,False,False,False,True,False,True
2026-02-28,冬笋,16.5,16.0,17.0,1,,-0.10810810810810811,,,,,,True,False,False,False,True,False,True
2026-03-10,冬笋,10.5,10.0,11.0,1,,-0.36363636363636365,,,,,,True,False,False,True,True,False,True
2026-03-20,冬笋,9.5,9.0,10.0,1,,-0.09523809523809523,,,,,,True,False,False,False,True,False,True
2026-04-10,冬笋,7.5,7.0,8.0,1,,-0.21052631578947367,,,,0.1318794820894026,,True,False,False,True,True,False,True
2026-04-20,冬笋,5.5,5.0,6.0,1,,-0.2666666666666667,,,,0.13568196851415742,,True,False,False,True,True,False,True
2026-05-10,冬笋,6.25,6.0,6.5,1,,0.13636363636363646,,,,0.14563527057460224,,True,False,False,False,True,False,True
2026-03-10,冰草,6.5,6.0,7.0,1,,-0.1333333333333333,,,,,,True,False,False,True,True,False,True
2026-03-20,冰草,5.5,5.0,6.0,1,,-0.15384615384615385,,,,,,True,False,False,True,True,False,True
2026-04-20,冰草,6.25,6.0,6.5,1,,0.19047619047619047,,,,0.09845575380733836,,True,False,True,False,True,False,True
2026-05-20,冰草,5.75,5.5,6.0,1,,-0.07999999999999996,,,,0.08638227376862499,,True,False,False,False,True,False,True
2026-05-31,冰草,6.25,6.0,6.5,1,,0.08695652173913038,,,,0.08772544332554365,,True,False,False,False,True,False,True
2026-02-10,凉瓜,12.5,12.0,13.0,1,,0.08695652173913038,,,,,,True,False,False,False,True,False,True
2026-02-28,凉瓜,11.25,11.0,11.5,1,,-0.09999999999999998,,,,,,True,False,False,False,True,False,True
2026-03-10,凉瓜,10.5,10.0,11.0,1,,-0.06666666666666665,,,,,,True,False,False,False,True,False,True
2026-03-20,凉瓜,9.5,9.0,10.0,1,,-0.09523809523809523,,,,,,True,False,False,False,True,False,True
2026-04-20,凉瓜,8.25,8.0,8.5,1,,-0.13157894736842102,,,,0.06887426556733194,,True,False,False,True,True,False,True
2026-04-30,凉瓜,7.75,7.5,8.0,1,,-0.06060606060606055,,,,0.06547570175752987,,True,False,False,False,True,False,True
2026-05-10,凉瓜,7.25,7.0,7.5,1,,-0.06451612903225812,,,,0.06267880921937295,,True,False,False,False,True,False,True
2026-05-31,凉瓜,7.75,7.5,8.0,1,,0.06896551724137923,,,,0.06510404105753216,,True,False,False,False,True,False,True
2026-02-10,南姜,8.25,8.0,8.5,1,,0.13793103448275867,,,,,,True,False,False,False,True,False,True
2026-03-20,南姜,7.5,7.0,8.0,1,,-0.09090909090909094,,,,,,True,False,False,False,True,False,True
2026-04-10,南姜,6.5,6.0,7.0,1,,-0.1333333333333333,,,,0.08146937425480387,,True,False,False,True,True,False,True
2026-05-10,南姜,7.25,7.0,7.5,1,,0.11538461538461542,,,,0.07784468827981995,,True,False,False,False,True,False,True
2026-05-31,南姜,7.75,7.5,8.0,1,,0.06896551724137923,,,,0.07341687073595903,,True,False,False,False,True,False,True
2026-01-31,夹豆,11.5,11.0,12.0,1,,-0.07999999999999996,,,,,,True,False,False,False,True,False,True
2026-03-20,夹豆,10.5,10.0,11.0,1,,-0.08695652173913049,,,,,,True,False,False,False,True,False,True
2026-04-10,夹豆,9.5,9.0,10.0,1,,-0.09523809523809523,,,,0.045416295551060755,,True,False,False,False,True,False,True
2026-05-10,夹豆,10.25,10.0,10.5,1,,0.07894736842105265,,,,0.05119739417341897,,True,False,False,False,True,False,True
2026-01-05,奶白菜,3.45,3.3,3.6,1,,0.06153846153846154,,,,,,True,False,False,False,True,False,True
2026-01-06,奶白菜,3.05,2.5,3.6,1,,-0.11594202898550732,,,,,,True,False,False,False,True,False,True
2026-01-07,奶白菜,2.8,2.3,3.3,1,,-0.08196721311475408,,,,,,True,False,False,False,True,False,True
2026-01-09,奶白菜,2.15,1.8,2.5,1,,-0.2321428571428571,,,,,,True,False,False,True,True,False,True
2026-01-12,奶白菜,2.75,2.5,3.0,1,,0.2790697674418605,,,,0.16050727658531846,,True,False,True,False,True,False,True
2026-01-13,奶白菜,2.55,2.3,2.8,1,,-0.07272727272727275,,,,0.15010483138132327,,True,False,False,False,True,False,True
2026-01-14,奶白菜,2.75,2.5,3.0,1,,0.07843137254901977,,,,0.14421337839917242,,True,False,False,False,True,False,True
2026-01-16,奶白菜,2.5,2.0,3.0,1,,-0.1071428571428571,,,,0.1327621530837068,,True,False,False,False,True,False,True
2026-01-19,奶白菜,3.15,2.5,3.8,1,,0.26,,,,0.14952476614754157,,True,False,True,False,True,False,True
2026-01-20,孢子甘蓝,20.5,20.0,21.0,1,,-0.0888888888888889,,,,,,True,False,False,False,True,False,True
2026-01-31,孢子甘蓝,18.5,18.0,19.0,1,,-0.09756097560975607,,,,,,True,False,False,False,True,False,True
2026-02-10,孢子甘蓝,17.5,17.0,18.0,1,,-0.05405405405405406,,,,,,True,False,False,False,True,False,True
2026-03-10,孢子甘蓝,15.5,15.0,16.0,1,,-0.11428571428571432,,,,,,True,False,False,False,True,False,True
2026-03-20,孢子甘蓝,14.5,14.0,15.0,1,,-0.06451612903225812,,,,,,True,False,False,False,True,False,True
2026-03-31,孢子甘蓝,12.5,12.0,13.0,1,,-0.13793103448275867,,,,0.045149320381011875,,True,False,False,True,True,False,True
2026-04-30,孢子甘蓝,13.5,13.0,14.0,1,,0.08000000000000007,,,,0.06684496904423748,,True,False,False,False,True,False,True
2026-05-10,孢子甘蓝,14.25,14.0,14.5,1,,0.05555555555555558,,,,0.07064782972811184,,True,False,False,False,True,False,True
2026-05-20,孢子甘蓝,12.5,12.0,13.0,1,,-0.1228070175438597,,,,0.07163804621034905,,True,False,False,True,True,False,True
2026-05-31,孢子甘蓝,14.5,14.0,15.0,1,,0.15999999999999992,,,,0.08915627473700463,,True,False,True,False,True,False,True
2026-01-03,小白菜,1.8,1.6,2.0,1,冀鲁,-0.28712871287128705,,,,,冀鲁,False,False,False,True,False,False,True
2026-01-04,小白菜,2.25,2.0,2.5,1,冀鲁,0.25,,,,,冀鲁,False,False,True,False,False,False,True
2026-01-05,小白菜,2.975,2.5,3.8,2,冀鲁,0.3222222222222222,,,,,冀鲁,False,False,True,False,False,False,True
2026-01-04,小米椒,21.0,20.0,22.0,1,云,0.16666666666666674,,,,,云,False,False,True,False,False,False,True
2026-01-07,小黄瓜,5.025,4.8,5.3,2,辽鲁,-0.1298701298701299,,,,,辽鲁,False,False,False,True,False,False,True
2026-01-05,快菜,1.05,0.8,1.3,1,,-0.2499999999999999,,,,,,True,False,False,True,True,False,True
2026-01-09,快菜,1.3,0.9,1.7,1,,0.30000000000000004,,,,,,True,False,True,False,True,False,True
2026-01-12,快菜,1.05,0.7,1.4,1,,-0.1923076923076923,,,,0.17635034050075724,,True,False,False,True,True,False,True
2026-01-16,快菜,1.3,0.9,1.7,1,,0.23809523809523814,,,,0.15755260612395489,,True,False,True,False,True,False,True
2026-02-10,慈姑,10.5,10.0,11.0,1,,0.10526315789473695,,,,,,True,False,False,False,True,False,True
2026-02-28,慈姑,11.5,11.0,12.0,1,,0.09523809523809534,,,,,,True,False,False,False,True,False,True
2026-03-10,慈姑,10.5,10.0,11.0,1,,-0.08695652173913049,,,,,,True,False,False,False,True,False,True
2026-03-20,慈姑,9.5,9.0,10.0,1,,-0.09523809523809523,,,,,,True,False,False,False,True,False,True
2026-04-10,慈姑,8.5,8.0,9.0,1,,-0.10526315789473684,,,,0.0818688074892233,,True,False,False,False,True,False,True
2026-01-07,扁豆,5.75,4.5,7.0,1,云,0.21052631578947367,,,,,云,False,False,True,False,False,False,True
2026-01-06,散生菜,3.05,2.8,3.3,1,,-0.06153846153846154,,,,,,True,False,False,False,True,False,True
2026-01-19,散生菜,3.25,3.0,3.5,1,,0.06557377049180335,,,,0.027111796574559626,,True,False,False,False,True,False,True
2026-01-08,散菜花,1.5,1.0,2.0,1,鄂云闽,-0.21052631578947367,,,,0.07694598574913732,鄂云闽,False,False,False,True,False,False,True
2026-01-31,春竹笋,16.5,16.0,17.0,1,,-0.05714285714285716,,,,,,True,False,False,False,True,False,True
2026-02-10,春竹笋,15.5,15.0,16.0,1,,-0.06060606060606055,,,,,,True,False,False,False,True,False,True
2026-02-28,春竹笋,14.5,14.0,15.0,1,,-0.06451612903225812,,,,,,True,False,False,False,True,False,True
2026-03-10,春竹笋,13.5,13.0,14.0,1,,-0.06896551724137934,,,,,,True,False,False,False,True,False,True
2026-03-20,春竹笋,11.5,11.0,12.0,1,,-0.14814814814814814,,,,,,True,False,False,True,True,False,True
2026-03-31,春竹笋,6.5,6.0,7.0,1,,-0.4347826086956522,,,,0.14573787986738876,,True,False,False,True,True,False,True
2026-04-20,春竹笋,5.75,5.5,6.0,1,,-0.11538461538461542,,,,0.13227454001350542,,True,False,False,False,True,False,True
2026-04-30,春竹笋,6.25,6.0,6.5,1,,0.08695652173913038,,,,0.13876829654734632,,True,False,False,False,True,False,True
2026-05-10,春竹笋,7.25,7.0,7.5,1,,0.15999999999999992,,,,0.15114237823941037,,True,False,True,False,True,False,True
2026-05-31,春竹笋,9.5,9.0,10.0,1,,0.2666666666666666,,,,0.16663820994431766,,True,False,True,False,True,False,True
2026-01-31,朝天椒,18.5,18.0,19.0,1,,-0.1777777777777778,,,,,,True,False,False,True,True,False,True
2026-02-28,朝天椒,16.5,16.0,17.0,1,,-0.10810810810810811,,,,,,True,False,False,False,True,False,True
2026-03-10,朝天椒,13.5,13.0,14.0,1,,-0.18181818181818177,,,,,,True,False,False,True,True,False,True
2026-03-20,朝天椒,10.5,10.0,11.0,1,,-0.2222222222222222,,,,,,True,False,False,True,True,False,True
2026-03-31,朝天椒,9.5,9.0,10.0,1,,-0.09523809523809523,,,,0.08825545065550945,,True,False,False,False,True,False,True
2026-04-10,朝天椒,7.5,7.0,8.0,1,,-0.21052631578947367,,,,0.08880113941361403,,True,False,False,True,True,False,True
2026-05-31,朝天椒,7.75,7.5,8.0,1,,0.06896551724137923,,,,0.0975067930240746,,True,False,False,False,True,False,True
2026-01-09,木耳菜,5.5,5.0,6.0,1,,0.1578947368421053,,,,,,True,False,True,False,True,False,True
2026-01-12,木耳菜,6.9,6.5,7.3,1,,0.25454545454545463,,,,0.1044215407208322,,True,False,True,False,True,False,True
2026-01-15,木耳菜,8.0,7.5,8.5,1,,0.09589041095890405,,,,0.08753820701856363,,True,False,False,False,True,False,True
2026-01-19,木耳菜,8.9,8.5,9.3,1,,0.11250000000000004,,,,0.08273436835884299,,True,False,False,False,True,False,True
2026-01-08,樱桃萝卜,3.0,2.5,3.5,1,,-0.07692307692307687,,,,,,True,False,False,False,True,False,True
2026-01-19,樱桃萝卜,3.3,3.0,3.6,1,,0.09999999999999987,,,,0.037986577850949506,,True,False,False,False,True,False,True
2026-01-20,樱桃萝卜,3.75,3.5,4.0,1,,0.13636363636363646,,,,0.052087040203581285,,True,False,False,False,True,False,True
2026-01-31,毛豆仁,15.5,15.0,16.0,1,,-0.06060606060606055,,,,,,True,False,False,False,True,False,True
2026-02-28,毛豆仁,17.25,17.0,17.5,1,,0.06153846153846154,,,,,,True,False,False,False,True,False,True
2026-03-10,毛豆仁,15.5,15.0,16.0,1,,-0.10144927536231885,,,,,,True,False,False,False,True,False,True
2026-03-20,毛豆仁,14.5,14.0,15.0,1,,-0.06451612903225812,,,,,,True,False,False,False,True,False,True
2026-03-31,毛豆仁,13.5,13.0,14.0,1,,-0.06896551724137934,,,,0.0633643691521368,,True,False,False,False,True,False,True
2026-04-20,毛豆仁,14.5,14.0,15.0,1,,0.07407407407407418,,,,0.0643395277488532,,True,False,False,False,True,False,True
2026-04-30,毛豆仁,15.5,15.0,16.0,1,,0.06896551724137923,,,,0.06589039032552527,,True,False,False,False,True,False,True
2026-05-20,毛豆仁,14.5,14.0,15.0,1,,-0.06451612903225812,,,,0.06213021970485377,,True,False,False,False,True,False,True
2026-05-31,毛豆仁,15.5,15.0,16.0,1,,0.06896551724137923,,,,0.06328632520599992,,True,False,False,False,True,False,True
2026-01-06,水萝卜,3.0,2.5,3.5,1,,-0.2771084337349399,,,,,,True,False,False,True,True,False,True
2026-01-31,沙葁,12.5,12.0,13.0,1,,0.08695652173913038,,,,,,True,False,False,False,True,False,True
2026-03-10,沙葁,11.5,11.0,12.0,1,,-0.07999999999999996,,,,,,True,False,False,False,True,False,True
2026-03-20,沙葁,10.5,10.0,11.0,1,,-0.08695652173913049,,,,,,True,False,False,False,True,False,True
2026-04-10,沙葁,9.5,9.0,10.0,1,,-0.09523809523809523,,,,0.06182304167966798,,True,False,False,False,True,False,True
2026-05-10,沙葁,10.25,10.0,10.5,1,,0.07894736842105265,,,,0.05998579393576356,,True,False,False,False,True,False,True
2026-05-20,沙葁,11.5,11.0,12.0,1,,0.12195121951219523,,,,0.06851879855603714,,True,False,False,False,True,False,True
2026-05-31,沙葁,12.5,12.0,13.0,1,,0.08695652173913038,,,,0.06969206538361777,,True,False,False,False,True,False,True
2026-01-02,油菜,1.375,0.8,2.0,2,鲁京皖苏川,0.25,,,,,鲁京皖苏川,False,False,True,False,False,False,True
2026-01-03,油菜,1.1,0.9,1.3,1,鲁京皖苏川,-0.19999999999999996,,,,,鲁京皖苏川,False,False,False,True,False,False,True
2026-01-31,法香,8.5,8.0,9.0,1,,-0.10526315789473684,,,,,,True,False,False,False,True,False,True
2026-02-10,法香,9.25,9.0,9.5,1,,0.08823529411764697,,,,,,True,False,False,False,True,False,True
2026-03-10,法香,8.75,8.5,9.0,1,,-0.05405405405405406,,,,,,True,False,False,False,True,False,True
2026-04-30,法香,7.5,7.0,8.0,1,,-0.11764705882352944,,,,0.05936969921786233,,True,False,False,False,True,False,True
2026-03-15,海带,1.05,1.0,1.1,1,辽,-0.15999999999999992,,,,0.048241815132442155,辽,False,False,False,True,False,False,True
2026-01-20,球茎茴香,9.5,9.0,10.0,1,,-0.09523809523809523,,,,,,True,False,False,False,True,False,True
2026-02-28,球茎茴香,8.75,8.5,9.0,1,,-0.10256410256410253,,,,,,True,False,False,False,True,False,True
2026-03-10,球茎茴香,7.5,7.0,8.0,1,,-0.1428571428571429,,,,,,True,False,False,True,True,False,True
2026-03-20,球茎茴香,6.75,6.5,7.0,1,,-0.09999999999999998,,,,,,True,False,False,False,True,False,True
2026-04-10,球茎茴香,5.75,5.5,6.0,1,,-0.11538461538461542,,,,0.06002722720057225,,True,False,False,False,True,False,True
2026-04-30,球茎茴香,6.25,6.0,6.5,1,,0.08695652173913038,,,,0.07447260875545533,,True,False,False,False,True,False,True
2026-05-10,球茎茴香,6.75,6.5,7.0,1,,0.08000000000000007,,,,0.08050193686252556,,True,False,False,False,True,False,True
2026-05-20,球茎茴香,5.5,5.0,6.0,1,,-0.18518518518518523,,,,0.08796309297573197,,True,False,False,True,True,False,True
2026-05-17,瓠子,0.65,0.6,0.7,1,冀,-0.1333333333333333,,,,,冀,False,False,False,True,False,False,True
2026-01-31,甜豆,11.5,11.0,12.0,1,,-0.07999999999999996,,,,,,True,False,False,False,True,False,True
2026-02-10,甜豆,12.5,12.0,13.0,1,,0.08695652173913038,,,,,,True,False,False,False,True,False,True
2026-02-28,甜豆,11.5,11.0,12.0,1,,-0.07999999999999996,,,,,,True,False,False,False,True,False,True
2026-03-10,甜豆,10.5,10.0,11.0,1,,-0.08695652173913049,,,,,,True,False,False,False,True,False,True
2026-03-20,甜豆,9.5,9.0,10.0,1,,-0.09523809523809523,,,,,,True,False,False,False,True,False,True
2026-03-31,甜豆,10.5,10.0,11.0,1,,0.10526315789473695,,,,0.0864679987532238,,True,False,False,False,True,False,True
2026-05-10,甜豆,11.25,11.0,11.5,1,,0.0714285714285714,,,,0.07253597372881115,,True,False,False,False,True,False,True
2026-01-31,番杏,13.5,13.0,14.0,1,,-0.06896551724137934,,,,,,True,False,False,False,True,False,True
2026-03-10,番杏,12.5,12.0,13.0,1,,-0.07407407407407407,,,,,,True,False,False,False,True,False,True
2026-04-10,番杏,9.5,9.0,10.0,1,,-0.24,,,,0.08409458531398159,,True,False,False,True,True,False,True
2026-04-20,番杏,10.25,10.0,10.5,1,,0.07894736842105265,,,,0.0893037110375279,,True,False,False,False,True,False,True
2026-04-30,番杏,12.5,12.0,13.0,1,,0.2195121951219512,,,,0.11621155215877758,,True,False,True,False,True,False,True
2026-05-20,番杏,11.5,11.0,12.0,1,,-0.07999999999999996,,,,0.10719747552334981,,True,False,False,False,True,False,True
2026-01-07,盖菜,2.5,2.2,2.8,1,,-0.1071428571428571,,,,,,True,False,False,False,True,False,True
2026-01-14,盖菜,2.95,2.7,3.2,1,,0.13461538461538458,,,,0.06196398844277747,,True,False,False,False,True,False,True
2026-01-15,盖菜,3.1,3.0,3.2,1,,0.05084745762711851,,,,0.0598643483603757,,True,False,False,False,True,False,True
2026-01-19,盖菜,4.0,3.5,4.5,1,,0.29032258064516125,,,,0.096870367460392,,True,False,True,False,True,False,True
2026-01-20,盖菜,3.8,3.3,4.3,1,,-0.050000000000000044,,,,0.09573458111873585,,True,False,False,False,True,False,True
2026-01-20,秋葵,11.5,11.0,12.0,1,,0.09523809523809534,,,,,,True,False,False,False,True,False,True
2026-01-31,秋葵,10.5,10.0,11.0,1,,-0.08695652173913049,,,,,,True,False,False,False,True,False,True
2026-03-10,秋葵,9.5,9.0,10.0,1,,-0.09523809523809523,,,,,,True,False,False,False,True,False,True
2026-03-31,秋葵,7.5,7.0,8.0,1,,-0.18918918918918914,,,,0.09047845245209246,,True,False,False,True,True,False,True
2026-04-30,秋葵,6.5,6.0,7.0,1,,-0.1333333333333333,,,,0.08230914650845428,,True,False,False,True,True,False,True
2026-05-10,秋葵,10.25,10.0,10.5,1,,0.5769230769230769,,,,0.20272998248100976,,True,False,True,False,True,False,True
2026-01-05,空心菜,6.3,6.0,6.6,1,,0.050000000000000044,,,,,,True,False,False,False,True,False,True
2026-01-12,空心菜,7.0,6.5,7.5,1,,0.07692307692307687,,,,0.031167331041563925,,True,False,False,False,True,False,True
2026-01-13,空心菜,7.5,7.0,8.0,1,,0.0714285714285714,,,,0.0336131209775681,,True,False,False,False,True,False,True
2026-01-16,空心菜,8.5,8.0,9.0,1,,0.09677419354838701,,,,0.036342967710081005,,True,False,False,False,True,False,True
2026-01-20,紫菜头,5.5,5.0,6.0,1,,0.1578947368421053,,,,,,True,False,True,False,True,False,True
2026-01-31,紫菜头,4.75,4.5,5.0,1,,-0.13636363636363635,,,,,,True,False,False,True,True,False,True
2026-02-10,紫菜头,5.75,5.5,6.0,1,,0.21052631578947367,,,,,,True,False,True,False,True,False,True
2026-02-28,紫菜头,5.25,5.0,5.5,1,,-0.08695652173913049,,,,,,True,False,False,False,True,False,True
2026-03-10,紫菜头,4.9,4.8,5.0,1,,-0.06666666666666665,,,,,,True,False,False,False,True,False,True
2026-04-20,紫菜头,5.25,5.0,5.5,1,,0.10526315789473695,,,,0.11686880804724702,,True,False,False,False,True,False,True
2026-05-20,紫菜头,4.75,4.5,5.0,1,,-0.09523809523809523,,,,0.10473424377501944,,True,False,False,False,True,False,True
2026-02-10,紫贝天葵,12.5,12.0,13.0,1,,0.08695652173913038,,,,,,True,False,False,False,True,False,True
2026-02-28,紫贝天葵,11.5,11.0,12.0,1,,-0.07999999999999996,,,,,,True,False,False,False,True,False,True
2026-03-10,紫贝天葵,10.5,10.0,11.0,1,,-0.08695652173913049,,,,,,True,False,False,False,True,False,True
2026-03-20,紫贝天葵,9.5,9.0,10.0,1,,-0.09523809523809523,,,,,,True,False,False,False,True,False,True
2026-04-10,紫贝天葵,8.5,8.0,9.0,1,,-0.10526315789473684,,,,0.06744138345296855,,True,False,False,False,True,False,True
2026-04-30,紫贝天葵,9.5,9.0,10.0,1,,0.11764705882352944,,,,0.07663925751343999,,True,False,False,False,True,False,True
2026-05-20,紫贝天葵,8.25,8.0,8.5,1,,-0.13157894736842102,,,,0.0772264149370828,,True,False,False,True,True,False,True
2026-01-05,线茄,4.25,3.3,5.2,1,闽,0.28787878787878785,,,,,闽,False,False,True,False,False,False,True
2026-01-06,芥兰,3.4,3.0,3.8,1,,0.09677419354838701,,,,,,True,False,False,False,True,False,True
2026-01-07,芥兰,3.65,3.3,4.0,1,,0.07352941176470584,,,,,,True,False,False,False,True,False,True
2026-01-16,芥兰,3.05,2.6,3.5,1,,-0.18666666666666676,,,,0.0716233424376814,,True,False,False,True,True,False,True
2026-01-19,芥兰,3.25,2.8,3.7,1,,0.06557377049180335,,,,0.07056308990726988,,True,False,False,False,True,False,True
2026-01-20,芦笋,18.5,18.0,19.0,1,,-0.09756097560975607,,,,,,True,False,False,False,True,False,True
2026-01-31,芦笋,16.5,16.0,17.0,1,,-0.10810810810810811,,,,,,True,False,False,False,True,False,True
2026-02-10,芦笋,15.5,15.0,16.0,1,,-0.06060606060606055,,,,,,True,False,False,False,True,False,True
2026-03-10,芦笋,14.5,14.0,15.0,1,,-0.06451612903225812,,,,,,True,False,False,False,True,False,True
2026-04-10,芦笋,13.5,13.0,14.0,1,,-0.06896551724137934,,,,0.04443532797046153,,True,False,False,False,True,False,True
2026-04-20,芦笋,12.5,12.0,13.0,1,,-0.07407407407407407,,,,0.04233490863907239,,True,False,False,False,True,False,True
2026-04-30,芦笋,11.5,11.0,12.0,1,,-0.07999999999999996,,,,0.040840177440227554,,True,False,False,False,True,False,True
2026-05-10,芦笋,12.25,12.0,12.5,1,,0.0652173913043479,,,,0.05313523412685669,,True,False,False,False,True,False,True
2026-02-28,芦荟,8.25,8.0,8.5,1,,-0.05714285714285716,,,,,,True,False,False,False,True,False,True
2026-04-20,芦荟,9.25,9.0,9.5,1,,0.08823529411764697,,,,0.03859708822705212,,True,False,False,False,True,False,True
2026-01-05,苋菜,6.1,5.7,6.5,1,,0.07964601769911495,,,,,,True,False,False,False,True,False,True
2026-01-12,苋菜,7.25,6.8,7.7,1,,0.11538461538461542,,,,0.04493539789356805,,True,False,False,False,True,False,True
2026-01-14,苋菜,7.9,7.5,8.3,1,,0.053333333333333455,,,,0.039314953666396216,,True,False,False,False,True,False,True
2026-02-10,苤蓝,5.25,5.0,5.5,1,,0.10526315789473695,,,,,,True,False,False,False,True,False,True
2026-02-28,苤蓝,4.9,4.8,5.0,1,,-0.06666666666666665,,,,,,True,False,False,False,True,False,True
2026-04-10,苤蓝,4.25,4.0,4.5,1,,-0.10526315789473684,,,,0.06136462507327108,,True,False,False,False,True,False,True
2026-04-20,苤蓝,3.75,3.5,4.0,1,,-0.11764705882352944,,,,0.06731500065198115,,True,False,False,False,True,False,True
2026-05-10,苤蓝,3.5,3.0,4.0,1,,-0.06666666666666665,,,,0.062144115308062596,,True,False,False,False,True,False,True
2026-05-20,苤蓝,3.25,3.0,3.5,1,,-0.0714285714285714,,,,0.060711091824753406,,True,False,False,False,True,False,True
2026-01-03,苦菊,4.4,4.3,4.5,1,辽冀,-0.12437810945273631,,,,,辽冀,False,False,False,True,False,False,True
2026-01-11,苦菊,3.4,3.3,3.5,1,辽冀,-0.139240506329114,,,,0.08361428550806377,辽冀,False,False,False,True,False,False,True
2026-01-12,苦菊,4.075,3.3,5.0,2,辽冀,0.19852941176470607,,,,0.10609500108539388,辽冀,False,False,True,False,False,False,True
2026-01-03,茴香,4.75,4.5,5.0,1,冀,0.532258064516129,,,,,冀,False,False,True,False,False,False,True
2026-01-06,茴香,3.65,3.5,3.8,1,冀,-0.14117647058823535,,,,,冀,False,False,False,True,False,False,True
2026-01-08,茴香,4.25,4.0,4.5,1,冀,0.1643835616438356,,,,0.22817288125871155,冀,False,False,True,False,False,False,True
2026-01-06,茼蒿,3.75,3.5,4.0,1,,-0.16666666666666663,,,,,,True,False,False,True,True,False,True
2026-01-12,茼蒿,4.25,4.0,4.5,1,,0.1333333333333333,,,,0.08698354767504923,,True,False,False,False,True,False,True
2026-01-15,茼蒿,4.5,4.0,5.0,1,,0.05882352941176472,,,,0.0737494166895204,,True,False,False,False,True,False,True
2026-01-19,茼蒿,5.75,5.5,6.0,1,,0.2777777777777777,,,,0.10379699081785845,,True,False,True,False,True,False,True
2026-01-20,茼蒿,5.1,5.0,5.2,1,,-0.11304347826086958,,,,0.1065252692399924,,True,False,False,False,True,False,True
2026-01-31,荔浦芋头,6.75,6.5,7.0,1,,-0.06896551724137934,,,,,,True,False,False,False,True,False,True
2026-02-10,荔浦芋头,7.25,7.0,7.5,1,,0.07407407407407418,,,,,,True,False,False,False,True,False,True
2026-02-28,荔浦芋头,7.75,7.5,8.0,1,,0.06896551724137923,,,,,,True,False,False,False,True,False,True
2026-04-10,荔浦芋头,6.5,6.0,7.0,1,,-0.1333333333333333,,,,0.06842189136098574,,True,False,False,True,True,False,True
2026-05-20,荔浦芋头,6.25,6.0,6.5,1,,-0.07407407407407407,,,,0.05987656929242651,,True,False,False,False,True,False,True
2026-05-31,荔浦芋头,6.75,6.5,7.0,1,,0.08000000000000007,,,,0.06259207159867165,,True,False,False,False,True,False,True
2026-01-09,荠菜,9.0,8.5,9.5,1,,0.19999999999999996,,,,,,True,False,True,False,True,False,True
2026-01-10,荠菜,15.5,15.0,16.0,1,,0.7222222222222223,,,,0.27083384208336425,,True,False,True,False,True,False,True
2026-01-12,荠菜,9.0,8.5,9.5,1,,-0.4193548387096774,,,,0.3175472896943811,,True,False,False,True,True,False,True
2026-01-20,荷兰豆,11.5,11.0,12.0,1,,-0.07999999999999996,,,,,,True,False,False,False,True,False,True
2026-01-31,荷兰豆,10.5,10.0,11.0,1,,-0.08695652173913049,,,,,,True,False,False,False,True,False,True
2026-03-10,荷兰豆,9.5,9.0,10.0,1,,-0.09523809523809523,,,,,,True,False,False,False,True,False,True
2026-03-20,荷兰豆,8.5,8.0,9.0,1,,-0.10526315789473684,,,,,,True,False,False,False,True,False,True
2026-04-30,荷兰豆,7.5,7.0,8.0,1,,-0.11764705882352944,,,,0.05208990555853576,,True,False,False,False,True,False,True
2026-05-10,荷兰豆,8.25,8.0,8.5,1,,0.10000000000000009,,,,0.06668624667767928,,True,False,False,False,True,False,True
2026-05-20,荷兰豆,10.5,10.0,11.0,1,,0.2727272727272727,,,,0.10924562258306378,,True,False,True,False,True,False,True
2026-05-31,荷兰豆,12.5,12.0,13.0,1,,0.19047619047619047,,,,0.11837266521546104,,True,False,True,False,True,False,True
2026-01-13,莴笋,1.15,1.0,1.3,1,鲁皖,0.09523809523809512,,,,0.034435374617981705,鲁皖浙,True,False,False,False,True,False,True
2026-01-31,菊苣,11.5,11.0,12.0,1,,-0.07999999999999996,,,,,,True,False,False,False,True,False,True
2026-02-10,菊苣,12.5,12.0,13.0,1,,0.08695652173913038,,,,,,True,False,False,False,True,False,True
2026-02-28,菊苣,11.5,11.0,12.0,1,,-0.07999999999999996,,,,,,True,False,False,False,True,False,True
2026-03-10,菊苣,10.5,10.0,11.0,1,,-0.08695652173913049,,,,,,True,False,False,False,True,False,True
2026-03-20,菊苣,9.5,9.0,10.0,1,,-0.09523809523809523,,,,,,True,False,False,False,True,False,True
2026-04-10,菊苣,12.5,12.0,13.0,1,,0.3157894736842106,,,,0.13951848374283674,,True,False,True,False,True,False,True
2026-04-30,菊苣,11.5,11.0,12.0,1,,-0.07999999999999996,,,,0.12608565648101308,,True,False,False,False,True,False,True
2026-05-20,菊苣,10.5,10.0,11.0,1,,-0.08695652173913049,,,,0.1166712911442647,,True,False,False,False,True,False,True
2026-01-02,菜心,2.65,2.3,3.0,1,,0.20454545454545436,,,,,,True,False,True,False,True,False,True
2026-01-05,菜心,2.35,2.0,2.7,1,,-0.1132075471698113,,,,,,True,False,False,False,True,False,True
2026-01-14,菜心,2.5,2.2,2.8,1,,0.06382978723404253,,,,0.08370618983461903,,True,False,False,False,True,False,True
2026-01-03,菠菜,2.65,2.5,2.8,1,冀豫,-0.2837837837837839,,,,,冀豫,False,False,False,True,False,False,True
2026-01-05,菠菜,3.575,2.5,4.8,2,冀豫,0.34905660377358494,,,,,冀豫,False,False,True,False,False,False,True
2026-01-10,菠菜,2.65,2.5,2.8,1,冀豫,-0.23188405797101452,,,,0.17941652835507144,冀豫,False,False,False,True,False,False,True
2026-01-12,菠菜,3.375,2.2,4.5,2,冀豫,0.2735849056603774,,,,0.18337878045796066,冀豫,False,False,True,False,False,False,True
2026-01-05,蒿子秆,3.65,3.0,4.3,1,,-0.08750000000000002,,,,,,True,False,False,False,True,False,True
2026-01-06,蒿子秆,3.4,2.8,4.0,1,,-0.06849315068493156,,,,,,True,False,False,False,True,False,True
2026-01-09,蒿子秆,3.8,3.3,4.3,1,,0.16923076923076907,,,,,,True,False,True,False,True,False,True
2026-01-12,蒿子秆,3.5,3.0,4.0,1,,-0.07894736842105254,,,,0.08892179868761536,,True,False,False,False,True,False,True
2026-01-13,蒿子秆,3.7,3.3,4.1,1,,0.05714285714285716,,,,0.08625876124332099,,True,False,False,False,True,False,True
2026-01-19,蒿子秆,5.5,5.0,6.0,1,,0.4285714285714286,,,,0.14247711011941092,,True,False,True,False,True,False,True
2026-01-20,蒿子秆,5.15,4.7,5.6,1,,-0.0636363636363636,,,,0.13911134692289828,,True,False,False,False,True,False,True
2026-01-20,蚕豆仁,14.5,14.0,15.0,1,,-0.06451612903225812,,,,,,True,False,False,False,True,False,True
2026-01-31,蚕豆仁,13.5,13.0,14.0,1,,-0.06896551724137934,,,,,,True,False,False,False,True,False,True
2026-02-10,蚕豆仁,14.5,14.0,15.0,1,,0.07407407407407418,,,,,,True,False,False,False,True,False,True
2026-02-28,蚕豆仁,13.5,13.0,14.0,1,,-0.06896551724137934,,,,,,True,False,False,False,True,False,True
2026-03-10,蚕豆仁,12.5,12.0,13.0,1,,-0.07407407407407407,,,,,,True,False,False,False,True,False,True
2026-03-20,蚕豆仁,11.5,11.0,12.0,1,,-0.07999999999999996,,,,,,True,False,False,False,True,False,True
2026-04-10,蚕豆仁,9.5,9.0,10.0,1,,-0.17391304347826086,,,,0.07097426074481898,,True,False,False,True,True,False,True
2026-04-30,蚕豆仁,10.5,10.0,11.0,1,,0.10526315789473695,,,,0.08168225582856296,,True,False,False,False,True,False,True
2026-05-10,蚕豆仁,14.25,14.0,14.5,1,,0.3571428571428572,,,,0.14139396364819562,,True,False,True,False,True,False,True
2026-05-20,蚕豆仁,13.5,13.0,14.0,1,,-0.052631578947368474,,,,0.13568515786617572,,True,False,False,False,True,False,True
2026-02-28,西洋菜,9.25,9.0,9.5,1,,0.08823529411764697,,,,,,True,False,False,False,True,False,True
2026-03-10,西洋菜,8.75,8.5,9.0,1,,-0.05405405405405406,,,,,,True,False,False,False,True,False,True
2026-03-20,西洋菜,8.25,8.0,8.5,1,,-0.05714285714285716,,,,,,True,False,False,False,True,False,True
2026-03-31,西洋菜,7.25,7.0,7.5,1,,-0.12121212121212122,,,,0.06544151870533822,,True,False,False,True,True,False,True
2026-04-20,西洋菜,7.75,7.5,8.0,1,,0.06896551724137923,,,,0.06402417486690162,,True,False,False,False,True,False,True
2026-05-20,西洋菜,7.5,7.0,8.0,1,,-0.05063291139240511,,,,0.056740711835351024,,True,False,False,False,True,False,True
2026-01-13,西芹,2.55,1.8,3.3,1,鲁,-0.19047619047619047,,,,0.05693448602898756,鲁,False,False,False,True,False,False,True
2026-03-10,豆尖,7.5,7.0,8.0,1,,-0.11764705882352944,,,,,,True,False,False,False,True,False,True
2026-03-20,豆尖,11.5,11.0,12.0,1,,0.5333333333333334,,,,,,True,False,True,False,True,False,True
2026-04-10,豆尖,10.5,10.0,11.0,1,,-0.08695652173913049,,,,0.20435920940227353,,True,False,False,False,True,False,True
2026-05-20,豆尖,9.5,9.0,10.0,1,,-0.09523809523809523,,,,0.16797559621826855,,True,False,False,False,True,False,True
2026-05-31,豆尖,10.5,10.0,11.0,1,,0.10526315789473695,,,,0.16257563484240475,,True,False,False,False,True,False,True
2026-01-09,豇豆,5.25,4.5,6.0,1,海,0.2962962962962963,,,,0.10839156091423617,海云闽,True,False,True,False,True,False,True
2026-01-07,豌豆苗,5.15,4.5,5.8,1,,-0.0636363636363636,,,,,,True,False,False,False,True,False,True
2026-01-31,银芽,6.75,6.5,7.0,1,,0.08000000000000007,,,,,,True,False,False,False,True,False,True
2026-02-10,银芽,7.25,7.0,7.5,1,,0.07407407407407418,,,,,,True,False,False,False,True,False,True
2026-03-31,银芽,6.25,6.0,6.5,1,,-0.13793103448275867,,,,0.07173412771787437,,True,False,False,True,True,False,True
2026-04-10,银芽,5.75,5.5,6.0,1,,-0.07999999999999996,,,,0.07250834907525759,,True,False,False,False,True,False,True
2026-05-20,银芽,5.25,5.0,5.5,1,,-0.08695652173913049,,,,0.062506714691367,,True,False,False,False,True,False,True
2026-05-31,银芽,5.75,5.5,6.0,1,,0.09523809523809534,,,,0.06689923003285998,,True,False,False,False,True,False,True
2026-01-08,青萝卜,1.9,1.5,2.3,1,津鲁,0.1515151515151516,,,,0.06313968198498388,津鲁,False,False,True,False,False,False,True
2026-01-03,青蒜,2.95,2.6,3.3,1,豫鲁川,-0.2080536912751677,,,,,豫鲁川,False,False,False,True,False,False,True
2026-01-05,青蒜,3.725,2.6,5.0,2,豫鲁川,0.2627118644067796,,,,,豫鲁川,False,False,True,False,False,False,True
2026-01-10,青蒜,2.6,2.2,3.0,1,豫鲁川,-0.21212121212121204,,,,0.1402797722177785,豫鲁川,False,False,False,True,False,False,True
2026-01-12,青蒜,3.05,2.2,4.0,2,豫鲁川,0.1730769230769229,,,,0.1395722040473411,豫鲁川,False,False,True,False,False,False,True
2026-01-20,韭黄,11.5,11.0,12.0,1,,0.09523809523809534,,,,,,True,False,False,False,True,False,True
2026-01-31,韭黄,10.5,10.0,11.0,1,,-0.08695652173913049,,,,,,True,False,False,False,True,False,True
2026-02-10,韭黄,12.5,12.0,13.0,1,,0.19047619047619047,,,,,,True,False,True,False,True,False,True
2026-02-28,韭黄,11.5,11.0,12.0,1,,-0.07999999999999996,,,,,,True,False,False,False,True,False,True
2026-03-10,韭黄,10.5,10.0,11.0,1,,-0.08695652173913049,,,,,,True,False,False,False,True,False,True
2026-03-20,韭黄,9.5,9.0,10.0,1,,-0.09523809523809523,,,,,,True,False,False,False,True,False,True
2026-04-10,韭黄,10.5,10.0,11.0,1,,0.10526315789473695,,,,0.11135932476881781,,True,False,False,False,True,False,True
2026-05-10,韭黄,11.25,11.0,11.5,1,,0.0714285714285714,,,,0.09537345261779918,,True,False,False,False,True,False,True
2026-01-31,香椿,42.5,42.0,43.0,1,,-0.06593406593406592,,,,,,True,False,False,False,True,False,True
2026-02-10,香椿,45.5,45.0,46.0,1,,0.07058823529411762,,,,,,True,False,False,False,True,False,True
2026-02-28,香椿,42.5,42.0,43.0,1,,-0.06593406593406592,,,,,,True,False,False,False,True,False,True
2026-03-10,香椿,27.5,27.0,28.0,1,,-0.3529411764705882,,,,,,True,False,False,True,True,False,True
2026-03-20,香椿,29.5,29.0,30.0,1,,0.07272727272727275,,,,,,True,False,False,False,True,False,True
2026-03-31,香椿,24.5,24.0,25.0,1,,-0.1694915254237288,,,,0.14997808223838863,,True,False,False,True,True,False,True
2026-04-10,香椿,17.5,17.0,18.0,1,,-0.2857142857142857,,,,0.15791171932442558,,True,False,False,True,True,False,True
2026-04-20,香椿,16.5,16.0,17.0,1,,-0.05714285714285716,,,,0.14838891037362026,,True,False,False,False,True,False,True
2026-04-30,香椿,15.5,15.0,16.0,1,,-0.06060606060606055,,,,0.14032139735853263,,True,False,False,False,True,False,True
2026-05-10,香椿,16.5,16.0,17.0,1,,0.06451612903225801,,,,0.1411819470826379,,True,False,False,False,True,False,True
2026-05-20,香椿,13.5,13.0,14.0,1,,-0.18181818181818177,,,,0.1379537271316981,,True,False,False,True,True,False,True
2026-05-31,香椿,15.5,15.0,16.0,1,,0.14814814814814814,,,,0.14717975830314228,,True,False,False,False,True,False,True
2026-05-20,香芋头,5.25,5.0,5.5,1,,-0.08695652173913049,,,,0.03666192592921365,,True,False,False,False,True,False,True
2026-01-06,香芹,3.0,2.5,3.5,1,,0.0714285714285714,,,,,,True,False,False,False,True,False,True
2026-01-07,香芹,2.4,2.0,2.8,1,,-0.20000000000000007,,,,,,True,False,False,True,True,False,True
2026-01-08,香芹,2.55,2.3,2.8,1,,0.0625,,,,,,True,False,False,False,True,False,True
2026-01-13,香芹,2.4,2.2,2.6,1,,-0.05882352941176472,,,,0.08495263773974325,,True,False,False,False,True,False,True
2026-01-14,香芹,2.8,2.6,3.0,1,,0.16666666666666674,,,,0.10003274534792712,,True,False,True,False,True,False,True
2026-01-19,香芹,3.05,2.5,3.6,1,,0.08928571428571419,,,,0.08882407415229049,,True,False,False,False,True,False,True
2026-01-03,香菜,7.5,7.0,8.0,1,冀豫,0.15384615384615374,,,,,冀豫,False,False,True,False,False,False,True
2026-01-06,香葱,5.0,4.5,5.5,1,,-0.09090909090909094,,,,,,True,False,False,False,True,False,True
2026-01-08,香葱,4.4,4.0,4.8,1,,-0.08333333333333326,,,,,,True,False,False,False,True,False,True
2026-01-09,香葱,4.0,3.5,4.5,1,,-0.09090909090909094,,,,,,True,False,False,False,True,False,True
2026-01-13,香葱,3.8,3.3,4.3,1,,-0.08433734939759052,,,,0.050857487820476416,,True,False,False,False,True,False,True
2026-01-31,香蕉西葫,12.5,12.0,13.0,1,,0.08695652173913038,,,,,,True,False,False,False,True,False,True
2026-03-10,香蕉西葫,11.5,11.0,12.0,1,,-0.07999999999999996,,,,,,True,False,False,False,True,False,True
2026-03-31,香蕉西葫,9.5,9.0,10.0,1,,-0.17391304347826086,,,,0.08187909254077688,,True,False,False,True,True,False,True
2026-04-30,香蕉西葫,8.75,8.5,9.0,1,,-0.07894736842105265,,,,0.07023215315086387,,True,False,False,False,True,False,True
2026-05-10,香蕉西葫,9.25,9.0,9.5,1,,0.05714285714285716,,,,0.07103943933805086,,True,False,False,False,True,False,True
2026-05-20,香蕉西葫,7.5,7.0,8.0,1,,-0.18918918918918914,,,,0.08398801947489261,,True,False,False,True,True,False,True
2026-05-31,香蕉西葫,8.5,8.0,9.0,1,,0.1333333333333333,,,,0.09249893013416643,,True,False,False,False,True,False,True
2026-01-31,鱼腥草叶,11.5,11.0,12.0,1,,-0.07999999999999996,,,,,,True,False,False,False,True,False,True
2026-02-10,鱼腥草叶,12.5,12.0,13.0,1,,0.08695652173913038,,,,,,True,False,False,False,True,False,True
2026-03-10,鱼腥草叶,11.5,11.0,12.0,1,,-0.07999999999999996,,,,,,True,False,False,False,True,False,True
2026-04-10,鱼腥草叶,10.5,10.0,11.0,1,,-0.08695652173913049,,,,0.059429277712415345,,True,False,False,False,True,False,True
2026-04-20,鱼腥草叶,11.5,11.0,12.0,1,,0.09523809523809534,,,,0.06757140347504179,,True,False,False,False,True,False,True
2026-04-30,鱼腥草叶,12.5,12.0,13.0,1,,0.08695652173913038,,,,0.07032096629124324,,True,False,False,False,True,False,True
2026-05-20,鱼腥草叶,11.5,11.0,12.0,1,,-0.07999999999999996,,,,0.06787431540674899,,True,False,False,False,True,False,True
2026-05-31,鱼腥草叶,12.5,12.0,13.0,1,,0.08695652173913038,,,,0.06979175757232878,,True,False,False,False,True,False,True
2026-02-10,鱼腥草根,9.25,9.0,9.5,1,,0.08823529411764697,,,,,,True,False,False,False,True,False,True
2026-02-28,鱼腥草根,8.75,8.5,9.0,1,,-0.05405405405405406,,,,,,True,False,False,False,True,False,True
2026-03-10,鱼腥草根,8.25,8.0,8.5,1,,-0.05714285714285716,,,,,,True,False,False,False,True,False,True
2026-04-30,鱼腥草根,9.25,9.0,9.5,1,,0.08823529411764697,,,,0.04917413964124128,,True,False,False,False,True,False,True
2026-05-20,鱼腥草根,8.5,8.0,9.0,1,,-0.08108108108108103,,,,0.05155137440011533,,True,False,False,False,True,False,True
2026-05-31,鱼腥草根,9.5,9.0,10.0,1,,0.11764705882352944,,,,0.05898313323856942,,True,False,False,False,True,False,True
2026-01-05,鸡毛菜,4.25,4.0,4.5,1,,-0.15000000000000002,,,,,,True,False,False,True,True,False,True
2026-01-07,鸡毛菜,3.75,3.5,4.0,1,,-0.11764705882352944,,,,,,True,False,False,False,True,False,True
2026-01-12,鸡毛菜,5.0,4.5,5.5,1,,0.33333333333333326,,,,0.15643718534527565,,True,False,True,False,True,False,True
2026-01-13,鸡毛菜,4.4,4.0,4.8,1,,-0.11999999999999988,,,,0.15188491600261975,,True,False,False,False,True,False,True
2026-01-19,鸡毛菜,6.0,5.5,6.5,1,,0.36363636363636354,,,,0.16127615277148177,,True,False,True,False,True,False,True
2026-01-06,黄心菜,2.3,1.8,2.8,1,,-0.08000000000000007,,,,,,True,False,False,False,True,False,True
2026-01-08,黄心菜,2.15,1.7,2.6,1,,-0.06521739130434778,,,,,,True,False,False,False,True,False,True
2026-01-20,黄花菜,39.5,39.0,40.0,1,,0.11267605633802824,,,,,,True,False,False,False,True,False,True
2026-02-28,黄花菜,45.5,45.0,46.0,1,,0.1234567901234569,,,,,,True,False,False,False,True,False,True
2026-03-10,黄花菜,42.5,42.0,43.0,1,,-0.06593406593406592,,,,,,True,False,False,False,True,False,True
2026-04-10,黄花菜,39.5,39.0,40.0,1,,-0.1123595505617978,,,,0.08075131211054765,,True,False,False,False,True,False,True
2026-04-20,黄花菜,35.5,35.0,36.0,1,,-0.10126582278481011,,,,0.08509300130474379,,True,False,False,False,True,False,True
2026-04-30,黄花菜,33.5,33.0,34.0,1,,-0.05633802816901412,,,,0.08240726830912783,,True,False,False,False,True,False,True
2026-05-20,黄花菜,30.5,30.0,31.0,1,,-0.06153846153846154,,,,0.07669063734325715,,True,False,False,False,True,False,True
2026-05-31,黄花菜,28.5,28.0,29.0,1,,-0.06557377049180324,,,,0.07503183574600188,,True,False,False,False,True,False,True
