date,product,avg_price,low_price,high_price,n_records,origin,price_pct_ch,rolling_mean,rolling_std,rolling_z,rolling_vol,origin_prev,origin_changed,price_anom,surge,crash,origin_shift_alert,sustained_high,anomaly_any
2026-03-02,荠菜,6.25,6.0,6.5,1,,-0.6621621621621622,8.970833333333333,2.601740824158308,-1.0457741632330164,0.6034457792227889,,True,False,False,True,True,False,True
2026-02-24,茴香,1.9,1.8,2.0,1,冀,-0.6545454545454545,3.325,0.8717550668345578,-1.6346334586552367,0.2334137750792238,冀,False,False,False,True,False,False,True
2026-03-23,荠菜,5.0,4.5,5.5,1,,-0.6153846153846154,7.408333333333333,2.908988250866294,-0.8278937986828011,0.5472222506148637,,True,False,False,True,True,False,True
2026-04-18,菠菜,0.95,0.7,1.2,1,冀,-0.5957446808510638,1.65,0.4858338015809833,-1.4408219389471966,0.3790506391596211,冀,False,False,False,True,False,False,True
2026-05-30,水萝卜,0.65,0.6,0.7,1,冀,-0.5873015873015872,1.1383333333333332,0.3039774643794632,-1.6064787379229324,0.4477382098093273,冀,False,False,False,True,False,False,True
2026-02-28,菠菜,1.3,1.0,1.6,1,冀豫鲁,-0.5806451612903225,3.245833333333333,0.630000114030277,-3.088623779582076,0.23186305259107065,冀豫鲁,False,True,False,True,False,False,True
2026-05-30,小白菜,0.7,0.6,0.8,1,冀,-0.5692307692307692,1.37,0.4303867546994083,-1.5567393575295854,0.5227985676138113,冀,False,False,False,True,False,False,True
2026-05-02,小白菜,0.7,0.6,0.8,1,冀,-0.5625,1.1666666666666667,0.2962650646055757,-1.5751660334570683,0.3735879029158539,冀,False,False,False,True,False,False,True
2026-06-01,荠菜,7.4,7.0,7.8,1,,-0.5515151515151515,7.916666666666667,2.6061377597871713,-0.1982499446648054,0.4326366050270686,,True,False,False,True,True,False,True
2026-05-02,菠菜,0.8,0.6,1.0,1,冀,-0.5492957746478873,1.6708333333333334,0.521026975496866,-1.6713785932156047,0.45170605761113086,冀,False,False,False,True,False,False,True
2026-05-23,小白菜,0.8,0.6,1.0,1,冀,-0.5492957746478873,1.2875,0.3893379659423633,-1.252125512137104,0.472353975226072,冀,False,False,False,True,False,False,True
2026-04-25,菠菜,0.85,0.7,1.0,1,冀,-0.5466666666666666,1.6416666666666666,0.5152139383778939,-1.536578511752147,0.4409827982437403,冀,False,False,False,True,False,False,True
2026-05-11,荠菜,7.5,7.0,8.0,1,,-0.5454545454545454,7.079166666666667,2.3264046862847825,0.1808942940213016,0.4295648717847327,,True,False,False,True,True,False,True
2026-05-16,小白菜,0.7,0.6,0.8,1,冀,-0.5333333333333334,1.2308333333333332,0.3689268765350173,-1.4388578525884337,0.48969970049898437,冀,False,False,False,True,False,False,True
2026-02-24,韭菜,2.0,1.5,2.5,1,冀粤,-0.5294117647058824,3.0933333333333333,0.4782751576621787,-2.285992311784653,0.19077387185994593,冀粤,False,False,False,True,False,False,True
2026-05-08,散生菜,0.85,0.7,1.0,1,,-0.5277777777777778,1.6783333333333335,0.1981306314693392,-4.180743417564479,0.14742766221979614,,True,True,False,True,True,False,True
2026-03-07,菠菜,1.25,1.0,1.5,1,冀豫鲁,-0.5238095238095238,2.9091666666666667,0.7324228608709858,-2.2653125063486024,0.4019215455799005,冀豫鲁,False,False,False,True,False,False,True
2026-04-11,菠菜,1.1,0.7,1.5,1,冀,-0.5217391304347825,1.6575,0.4365889528986196,-1.276944815709657,0.3403738344771693,冀,False,False,False,True,False,False,True
2026-04-13,荠菜,4.5,4.0,5.0,1,,-0.52,6.533333333333333,2.272856448784564,-0.8946158189711811,0.4113637945486564,,True,False,False,True,True,False,True
2026-04-18,小白菜,0.65,0.5,0.8,1,冀鲁,-0.5185185185185186,1.1600000000000001,0.28712306624932216,-1.7762418278061425,0.3192227958453397,冀鲁,False,False,False,True,False,False,True
2026-05-09,小白菜,0.8,0.7,0.9,1,冀,-0.5151515151515151,1.2041666666666666,0.3468505673801801,-1.1652472409643277,0.4333109657687521,冀,False,False,False,True,False,False,True
2026-05-23,菠菜,1.25,1.0,1.5,1,冀,-0.5098039215686274,1.6774999999999998,0.511562430881769,-0.8356751281815737,0.438303658072236,冀,False,False,False,True,False,False,True
2026-04-25,小白菜,0.65,0.5,0.8,1,冀鲁,-0.5094339622641508,1.1308333333333331,0.2786732214760056,-1.7254378830752992,0.38959608820399516,冀鲁,False,False,False,True,False,False,True
2026-07-27,鸡毛菜,4.5,4.0,5.0,1,,-0.5,4.525,2.49809410109608,-0.010007629411970987,0.2578311518312312,,True,False,False,True,True,False,True
2026-04-01,荠菜,6.5,6.0,7.0,1,,-0.5,7.120833333333334,3.066870269040804,-0.20243221227857994,0.5603611307021569,,True,False,False,True,True,False,True
2026-06-11,荠菜,4.75,4.5,5.0,1,,-0.5,7.683333333333334,2.6533431525261597,-1.1055235469790647,0.4381466116897461,,True,False,False,True,True,False,True
2026-05-08,紫苏叶,2.75,2.5,3.0,1,,-0.5,6.075,0.7461106047247625,-4.456443828762601,0.13500508740922923,,True,True,False,True,True,False,True
2026-06-27,菠菜,1.25,1.0,1.5,1,蒙,-0.4736842105263158,2.5433333333333334,0.6745986461099209,-1.9171893403453322,0.2662776267924442,蒙,False,False,False,True,False,False,True
2026-07-11,油菜,0.5,0.4,0.6,1,冀京,-0.4736842105263158,0.9041666666666667,0.2128504547609762,-1.8988292372714546,0.34715405910943203,冀京,False,False,False,True,False,False,True
2026-03-11,荠菜,6.25,6.0,6.5,1,,-0.4736842105263158,8.408333333333333,2.8094923253920405,-0.7682289479228801,0.6304093388864702,,True,False,False,True,True,False,True
2026-03-21,小白菜,0.9,0.8,1.0,1,冀鲁,-0.47058823529411764,1.8266666666666669,0.5167843766543476,-1.7931398636040228,0.3249525117126983,冀鲁,False,False,False,True,False,False,True
2026-05-30,菠菜,1.5,1.0,2.0,1,冀蒙,-0.45945945945945943,1.8866666666666667,0.6193619260192762,-0.6242984116763945,0.4799914455478128,冀蒙,False,False,False,True,False,False,True
2026-05-23,水萝卜,0.65,0.6,0.7,1,冀,-0.45833333333333326,1.115,0.2406528476944357,-1.9322439125691324,0.32826175572743926,冀,False,False,False,True,False,False,True
2026-04-11,小白菜,0.8,0.7,0.9,1,冀鲁,-0.4576271186440678,1.2574999999999998,0.3473514318976939,-1.3171098719833352,0.2716909230705962,冀鲁,False,False,False,True,False,False,True
2026-03-14,小白菜,1.05,0.9,1.2,1,冀鲁,-0.4473684210526315,2.0775,0.6132990916853447,-1.6753652727194364,0.3176240397815037,冀鲁,False,False,False,True,False,False,True
2026-03-02,快菜,1.05,0.8,1.3,1,,-0.4473684210526315,1.5633333333333332,0.38505112363956573,-1.3331563052750586,0.18248611184695568,,True,False,False,True,True,False,True
2026-06-20,菠菜,1.5,1.2,1.8,1,蒙,-0.44444444444444453,2.6008333333333336,0.6810388658377833,-1.6164030990788434,0.24419063634884458,蒙,False,False,False,True,False,False,True
2026-07-07,广茄,0.5,0.4,0.6,1,冀,-0.4444444444444444,1.585,0.5092506326913518,-2.1305815454088988,0.12942818884292298,冀,False,False,False,True,False,False,True
2026-06-20,油菜,0.6,0.5,0.7,1,冀京,-0.4418604651162791,1.0491666666666668,0.2767953412171896,-1.6227392581518367,0.2637970000244081,冀京,False,False,False,True,False,False,True
2026-07-04,油菜,0.45,0.4,0.5,1,冀京,-0.4375,1.0008333333333332,0.24189297766507903,-2.2771778604338317,0.2538535233308157,冀京,False,False,False,True,False,False,True
2026-07-18,小白菜,1.65,1.5,1.8,1,冀,-0.4358974358974359,1.4116666666666666,0.5293022950453065,0.45027829194077607,0.36837217959479035,冀,False,False,False,True,False,False,True
2026-03-31,春竹笋,6.5,6.0,7.0,1,,-0.4347826086956522,,,,0.14573787986738876,,True,False,False,True,True,False,True
2026-04-13,快菜,0.65,0.5,0.8,1,,-0.4347826086956521,1.0033333333333334,0.19605300714142432,-1.8022336840691953,0.2486588679976488,,True,False,False,True,True,False,True
2026-05-16,菠菜,1.05,0.8,1.3,1,冀,-0.43243243243243246,1.6108333333333331,0.45342011297535595,-1.2368955793626544,0.4019769697254044,冀,False,False,False,True,False,False,True
2026-03-07,水萝卜,1.25,1.2,1.3,1,鲁,-0.4318181818181819,2.9433333333333334,0.42298881809083844,-4.003257913474402,0.1347487721311807,鲁,False,True,False,True,False,False,True
2026-02-07,小白菜,1.65,1.5,1.8,1,冀鲁,-0.43103448275862066,2.738333333333333,0.4334968745330063,-2.5105909575605665,0.26708336617687445,冀鲁,False,False,False,True,False,False,True
2026-06-13,小白菜,0.7,0.6,0.8,1,冀,-0.4285714285714286,1.3891666666666669,0.4284939208785628,-1.6083464270709689,0.3921024598643931,冀,False,False,False,True,False,False,True
2026-03-31,空心菜,4.3,3.8,4.8,1,,-0.42666666666666664,8.08,1.5936620158269617,-2.3718956481738904,0.11550656755820907,,True,False,False,True,True,False,True
2026-07-25,小白菜,1.25,1.0,1.5,1,冀,-0.425287356321839,1.6024999999999998,0.6268197645586632,-0.5623626119195382,0.37590123776092765,冀,False,False,False,True,False,False,True
2026-05-08,盖菜,0.75,0.5,1.0,1,,-0.42307692307692313,1.4849999999999999,0.37188939772186513,-1.9763940690498092,0.1419866892914132,,True,False,False,True,True,False,True
2026-01-12,荠菜,9.0,8.5,9.5,1,,-0.4193548387096774,,,,0.3175472896943811,,True,False,False,True,True,False,True
2026-06-06,油菜,0.9,0.8,1.0,1,冀京,-0.4193548387096774,0.9516666666666667,0.2674861689409624,-0.19315640457682928,0.26787404376591756,冀京,False,False,False,True,False,False,True
2026-02-02,荠菜,9.0,8.5,9.5,1,,-0.4193548387096774,9.29,2.1061418122560815,-0.13769253253148875,0.2611953526675359,,True,False,False,True,True,False,True
2026-07-11,小白菜,0.8,0.6,1.0,1,冀,-0.4181818181818181,1.2191666666666667,0.24191079623144618,-1.7327323674534658,0.25045994999538695,冀,False,False,False,True,False,False,True
2026-03-10,兰花,11.5,11.0,12.0,1,,-0.41025641025641024,,,,,,True,False,False,True,True,False,True
2026-03-07,小白菜,1.15,1.0,1.3,1,冀鲁,-0.41025641025641024,2.2983333333333333,0.6239796268410079,-1.8403378635083747,0.3024318279360261,冀鲁,False,False,False,True,False,False,True
2026-05-16,水萝卜,0.65,0.6,0.7,1,冀,-0.40909090909090917,1.1625,0.22768986014705683,-2.250868789980346,0.26568234455719025,冀,False,False,False,True,False,False,True
2026-05-21,荠菜,6.5,6.0,7.0,1,,-0.40909090909090906,7.308333333333334,2.347672483962362,-0.3443126495945645,0.42568694748409713,,True,False,False,True,True,False,True
2026-02-27,小米椒,9.5,9.0,10.0,1,云,-0.40625,16.116666666666667,1.5407305328033993,-4.294499606383129,0.10857487952692241,云,False,True,False,True,False,False,True
2026-02-26,香葱,4.5,4.0,5.0,1,,-0.4,3.7744333333333335,0.9567361789396035,0.758376951387839,0.22331698559449278,,True,False,False,True,True,False,True
2026-05-25,快菜,0.6,0.4,0.8,1,,-0.4,0.6983333333333334,0.15892056860720324,-0.6187577492022409,0.2785025726957438,,True,False,False,True,True,False,True
2026-03-28,水萝卜,1.45,1.3,1.6,1,鲁,-0.39834024896265563,2.2703333333333333,0.5152651365263692,-1.5920606211853652,0.24471051077862868,鲁,False,False,False,True,False,False,True
2026-02-28,小白菜,1.4,1.2,1.6,1,冀鲁,-0.3978494623655915,2.565833333333333,0.5792192773590739,-2.012766803357964,0.31751351760657665,冀鲁,False,False,False,True,False,False,True
2026-02-14,小白菜,1.75,1.5,2.0,1,冀鲁,-0.3913043478260869,2.7191666666666667,0.5144750979753846,-1.8837970398968409,0.3255535834148877,冀鲁,False,False,False,True,False,False,True
2026-06-16,西芹,1.25,1.0,1.5,1,辽,-0.3902439024390243,1.708333333333333,0.1239322210012328,-3.698258044845124,0.12160783375745315,辽,False,True,False,True,False,False,True
2026-02-28,油菜,0.9,0.8,1.0,1,鲁京皖,-0.38983050847457634,1.2100000000000002,0.20590422949550588,-1.505554309202601,0.1894580835553235,鲁京皖,False,False,False,True,False,False,True
2026-03-21,菠菜,1.3,1.1,1.5,1,冀,-0.388235294117647,2.3,0.6795345770299823,-1.471595462251037,0.32930624356987276,冀,False,False,False,True,False,False,True
2026-05-08,空心菜,2.15,1.8,2.5,1,,-0.3857142857142858,3.52,0.8901375329611749,-1.5390880052462133,0.1606161580626435,,True,False,False,True,True,False,True
2026-03-28,菠菜,1.0,0.8,1.2,1,冀,-0.3846153846153846,1.9541666666666666,0.5567409527830296,-1.7138431471530708,0.29569066368153246,冀,False,False,False,True,False,False,True
2026-03-14,菠菜,1.4,1.2,1.6,1,冀,-0.3846153846153846,2.6149999999999998,0.7629231443192267,-1.5925588429804045,0.44320862450817416,冀,False,False,False,True,False,False,True
2026-04-04,菠菜,1.0,0.8,1.2,1,冀,-0.3846153846153846,1.74,0.49018821156636355,-1.5096242270604174,0.3405509055372482,冀,False,False,False,True,False,False,True
2026-03-23,菜心,1.85,1.5,2.2,1,,-0.3833333333333333,3.106666666666667,0.4942310874642464,-2.542670217517583,0.15076527591748676,,True,False,False,True,True,False,True
2026-07-05,瓠子,0.65,0.5,0.8,1,冀,-0.38095238095238093,1.0716666666666665,0.3563907515860815,-1.183158274422333,0.16918142898993216,冀,False,False,False,True,False,False,True
2026-05-08,蒿子秆,1.3,1.0,1.6,1,,-0.38095238095238093,2.4033333333333338,0.4928686845701245,-2.2385949196501516,0.1294902506741894,,True,False,False,True,True,False,True
2026-06-27,小白菜,0.9,0.8,1.0,1,冀,-0.3793103448275862,1.3266666666666669,0.3401909538148688,-1.2541975672253118,0.27865537219800307,冀,False,False,False,True,False,False,True
2026-05-08,菜心,1.25,1.0,1.5,1,,-0.375,1.9899999999999998,0.4052245014207862,-1.8261482151386048,0.132560479437379,,True,False,False,True,True,False,True
2026-02-02,快菜,1.25,1.0,1.5,1,,-0.375,1.2739130434782608,0.26623194143512585,-0.08982033992374225,0.2665299889256964,,True,False,False,True,True,False,True
2026-03-07,青蒜,1.9,1.8,2.0,1,鲁川,-0.3666666666666667,2.856666666666667,0.4346983364106208,-2.2007598983838514,0.2205626226744802,鲁川,False,False,False,True,False,False,True
2026-07-03,茴香,1.75,1.5,2.0,1,冀,-0.36363636363636365,2.2783333333333338,0.6578024194152146,-0.8031793707949895,0.1565674943519113,冀,False,False,False,True,False,False,True
2026-05-08,鸡毛菜,1.75,1.5,2.0,1,,-0.36363636363636365,2.7633333333333336,0.4833313515615374,-2.096560320491266,0.11183715972158023,,True,False,False,True,True,False,True
2026-07-04,菠菜,1.75,1.5,2.0,1,蒙,-0.36363636363636365,2.5725,0.6378286847065502,-1.2895312169574382,0.2922055542798917,蒙,False,False,False,True,False,False,True
2026-03-10,冬笋,10.5,10.0,11.0,1,,-0.36363636363636365,,,,,,True,False,False,True,True,False,True
2026-08-02,小白菜,1.75,1.5,2.0,1,冀,-0.36363636363636365,1.905,0.6944173941091756,-0.22320869453283176,0.29934979039202453,冀,False,False,False,True,False,False,True
2026-03-21,水萝卜,1.65,1.5,1.8,1,鲁,-0.35922330097087385,2.506666666666667,0.6227003670517909,-1.3757285397511525,0.2664759767573237,鲁,False,False,False,True,False,False,True
2026-02-28,青蒜,2.0,1.8,2.2,1,鲁川,-0.3548387096774194,2.900833333333333,0.37136069308398323,-2.425763819677085,0.17936141556450913,鲁川,False,False,False,True,False,False,True
2026-05-11,奶白菜,2.1,1.5,2.7,1,,-0.3538461538461538,2.8183333333333334,1.0399339612101144,-0.6907489899622549,0.187642578717023,,True,False,False,True,True,False,True
2026-02-24,丝瓜,2.75,2.5,3.0,1,豫冀,-0.3529411764705882,4.45,0.3794278814760179,-4.480429833956339,0.09435393191505964,豫冀,False,True,False,True,False,False,True
2026-03-10,香椿,27.5,27.0,28.0,1,,-0.3529411764705882,,,,,,True,False,False,True,True,False,True
2026-02-24,散叶生菜,1.75,1.5,2.0,1,冀辽,-0.35185185185185186,2.6083333333333334,0.2526014078827903,-3.397975254879059,0.12054524446087618,冀辽,False,True,False,True,False,False,True
2026-04-20,快菜,0.65,0.5,0.8,1,,-0.35,0.9733333333333334,0.20074573613083943,-1.6106610260583338,0.27404487366914787,,True,False,False,True,True,False,True
2026-06-19,瓠子,0.75,0.5,1.0,1,冀,-0.34782608695652173,1.1266666666666665,0.3271436817451121,-1.151379921682667,0.20560680959710873,冀,False,False,False,True,False,False,True
2026-02-11,荠菜,7.75,7.0,8.5,1,,-0.34736842105263155,9.1125,2.110204578250404,-0.6456719950487767,0.309485441232564,,True,False,False,True,True,False,True
2026-03-28,苦菊,1.75,1.7,1.8,1,辽冀,-0.3457943925233644,3.0141666666666667,0.34263704364554254,-3.6895212882307176,0.12500453953882412,辽冀,False,True,False,True,False,False,True
2026-01-31,小白菜,2.05,1.8,2.3,1,冀鲁,-0.3440000000000001,2.7416666666666667,0.38948093958350577,-1.7758678188624726,0.19611279551757177,冀鲁,False,False,False,True,False,False,True
2026-04-21,荠菜,6.75,6.5,7.0,1,,-0.3414634146341463,6.345833333333333,2.214198727699728,0.18253405243645168,0.3679411475764162,,True,False,False,True,True,False,True
2026-02-24,西葫芦,1.45,1.0,1.9,2,鲁云,-0.34090909090909094,2.4650000000000003,0.35480689259720255,-2.860711054878766,0.09388693964795229,鲁云,False,False,False,True,False,False,True
2026-04-10,豇豆,2.9,2.8,3.0,1,海,-0.34090909090909094,4.983333333333333,0.7499808426672081,-2.777848732674601,0.10935222541698503,海,False,False,False,True,False,False,True
2026-06-22,荠菜,8.25,7.5,9.0,1,,-0.33999999999999997,7.608333333333333,2.3471216170146487,0.2733844987047648,0.34378699680364255,,True,False,False,True,True,False,True
2026-03-29,散叶生菜,1.0,0.9,1.1,1,冀,-0.33333333333333337,1.66,0.20860786509456195,-3.163830854128256,0.11793502263920988,冀辽,True,True,False,True,True,False,True
2026-05-01,荠菜,7.5,6.0,9.0,1,,-0.33333333333333337,6.5625,1.966516590319027,0.4767312946227979,0.3461940774523821,,True,False,False,True,True,False,True
2026-07-25,油菜,1.5,1.3,1.7,1,冀京,-0.33333333333333337,1.1441666666666668,0.48997199661946433,0.7262319801710839,0.2870270327480155,冀京,False,False,False,True,False,False,True
2026-06-27,油菜,0.75,0.6,0.9,1,冀京,-0.33333333333333337,1.0850000000000002,0.2620048696572987,-1.2786021894867023,0.2513262799689932,冀京,False,False,False,True,False,False,True
2026-03-30,快菜,0.9,0.6,1.2,1,,-0.33333333333333337,1.3099999999999998,0.42899240408032957,-0.9557278779305066,0.26374711336845935,,True,False,False,True,True,False,True
2026-06-13,油菜,0.7,0.6,0.8,1,冀京,-0.33333333333333337,1.0133333333333332,0.2875081208248389,-1.0898242889084446,0.27158148972207347,冀京,False,False,False,True,False,False,True
2026-05-20,香菜,2.0,1.5,2.5,1,冀,-0.33333333333333337,1.49,0.4457461779672214,1.1441489017938447,0.23822288571998182,冀,False,False,False,True,False,False,True
2026-07-13,豇豆,2.0,1.5,2.5,1,鲁冀,-0.33333333333333337,1.7616666666666667,0.48790250109495376,0.4884855740613425,0.4051257345779427,鲁冀,False,False,False,True,False,False,True
2026-08-01,瓠子,0.4,0.3,0.5,1,冀,-0.33333333333333326,0.7083333333333334,0.24285774654614553,-1.269604687181542,0.4409961114730126,冀,False,False,False,True,False,False,True
2026-02-14,菠菜,2.5,2.2,2.8,1,冀豫鲁,-0.32885906040268453,3.4925,0.560870244383211,-1.7695715006087591,0.21286552672244236,冀豫鲁,False,False,False,True,False,False,True
2026-07-27,长茄,0.725,0.3,1.5,2,辽晋,-0.32558139534883723,0.7783333333333332,0.09347997511301535,-0.5705321730012693,0.12897728893552912,辽晋,False,False,False,True,False,False,True
2026-04-04,水萝卜,1.4,1.3,1.5,1,鲁,-0.32530120481927716,2.0711666666666666,0.42958617483479655,-1.5623563000480016,0.26122577225782034,鲁,False,False,False,True,False,False,True
2026-06-13,菠菜,2.25,2.0,2.5,1,蒙,-0.32330827067669177,2.438333333333333,0.7638867641907097,-0.2465461402945768,0.3239674406856112,蒙,False,False,False,True,False,False,True
2026-02-24,尖椒,3.25,2.5,4.0,1,辽鲁粤闽,-0.32291666666666663,5.359999999999999,0.6430530626467069,-3.2812222234282906,0.08665402858064121,辽鲁粤闽,False,True,False,True,False,False,True
2026-03-09,快菜,0.95,0.7,1.2,1,,-0.3214285714285714,1.5533333333333332,0.40277771171884813,-1.4979312801560367,0.20106470856837746,,True,False,False,True,True,False,True
2026-06-20,小白菜,0.9,0.8,1.0,1,冀,-0.320754716981132,1.3758333333333332,0.40670476314866916,-1.1699723643497,0.3258750156481149,冀,False,False,False,True,False,False,True
2026-04-25,水萝卜,0.9,0.8,1.0,1,鲁,-0.320754716981132,1.597,0.4025063717636526,-1.7316496058086523,0.2565478138344442,鲁,False,False,False,True,False,False,True
2026-04-04,小白菜,0.85,0.7,1.0,1,冀鲁,-0.32000000000000006,1.3658333333333335,0.4124403474805589,-1.2506859149071203,0.36879860658494695,冀鲁,False,False,False,True,False,False,True
2026-07-24,瓠子,0.85,0.7,1.0,1,冀,-0.32000000000000006,0.775,0.2657941905387295,0.2821732102119498,0.4243814055136384,冀,False,False,False,True,False,False,True
2026-03-30,荆芥,3.75,3.5,4.0,1,,-0.31818181818181823,6.541666666666667,0.9515942460919942,-2.933673336226527,0.08854601045596971,,True,False,False,True,True,False,True
2026-07-20,油豆,3.0,2.5,3.5,1,冀辽,-0.31818181818181823,4.528333333333333,0.4366177475450047,-3.500392143761401,0.11403593989164207,冀辽,False,True,False,True,False,False,True
2026-03-02,菜心,2.9,2.5,3.3,1,,-0.3176470588235294,2.8200000000000003,0.4933348866083034,0.16216165159128063,0.1608660259822866,,True,False,False,True,True,False,True
2026-07-27,快菜,1.4,1.3,1.5,1,,-0.31707317073170727,1.3216666666666665,0.30447335349502386,0.2572748400940564,0.1410737823877599,,True,False,False,True,True,False,True
2026-02-24,苦瓜,3.25,3.0,3.5,1,鲁,-0.3157894736842105,4.911666666666667,0.545464581064069,-3.0463328405763,0.10457314406534514,鲁,False,True,False,True,False,False,True
2026-06-22,小葱,1.9,1.3,2.5,1,冀辽,-0.3090909090909091,2.4833333333333334,0.3444969679395482,-1.693290181397753,0.08662152114387107,冀辽,False,False,False,True,False,False,True
2026-04-27,快菜,0.45,0.3,0.6,1,,-0.3076923076923077,0.8916666666666667,0.22325311649109958,-1.9783225139626421,0.2746417524476902,,True,False,False,True,True,False,True
2026-05-21,平菇,2.25,2.0,2.5,1,京蒙,-0.3076923076923077,3.2333333333333334,0.20692049669866305,-4.75222778324061,0.08223422828074596,京蒙,False,True,False,True,False,False,True
2026-02-07,菠菜,2.5,2.2,2.8,1,冀豫鲁,-0.3055555555555556,3.4983333333333335,0.5471687839788739,-1.824543655567674,0.20352368575868166,冀豫鲁,False,False,False,True,False,False,True
2026-06-06,菠菜,2.0,1.8,2.2,1,冀蒙,-0.30434782608695654,2.091666666666667,0.6233714414560521,-0.14704983348700507,0.38225313263912575,冀蒙,False,False,False,True,False,False,True
2026-03-28,小白菜,0.8,0.6,1.0,1,冀鲁,-0.30434782608695643,1.5483333333333331,0.4300126969523449,-1.7402586915154863,0.3975854295591625,冀鲁,False,False,False,True,False,False,True
2026-01-24,小白菜,2.25,2.0,2.5,1,冀鲁,-0.3023255813953488,2.6999999999999997,0.3595740233399369,-1.251480837854005,0.1457701451767185,冀鲁,False,False,False,True,False,False,True
2026-05-23,油麦菜,1.1,1.0,1.2,1,鲁京冀,-0.3015873015873015,1.4908333333333335,0.4524113236283198,-0.8638893699628614,0.19579962137419277,鲁京冀,False,False,False,True,False,False,True
2026-07-18,油菜,1.1,1.0,1.2,1,冀京,-0.3015873015873015,0.9533333333333334,0.2652855759019127,0.5528633291426881,0.380089950758845,冀京,False,False,False,True,False,False,True
2026-01-26,快菜,1.4,1.0,1.8,1,,-0.30000000000000004,1.238888888888889,0.24347699224286887,0.6617097969996372,0.2048095886817044,,True,False,False,True,True,False,True
2026-07-17,木耳菜,1.75,1.5,2.0,1,,-0.30000000000000004,2.5366666666666666,0.2606137759786912,-3.018515286509596,0.15062132303466907,,True,True,False,True,True,False,True
2026-04-18,水萝卜,0.95,0.9,1.0,1,鲁,-0.2962962962962964,1.8395,0.45270899155470584,-1.9648383765147988,0.2288306320814804,鲁,False,False,False,True,False,False,True
2026-01-24,菠菜,2.85,2.5,3.2,1,冀豫,-0.2962962962962963,3.4968749999999997,0.5275204766270876,-1.2262557164340857,0.15322542623590324,冀豫,False,False,False,True,False,False,True
2026-05-08,水萝卜,1.075,0.7,1.5,2,冀,-0.29508196721311475,1.3066666666666669,0.26845128413553304,-0.8629747010251041,0.23690574932902692,冀,False,False,False,True,False,False,True
2026-07-28,瓠子,0.6,0.5,0.7,1,冀,-0.2941176470588235,0.7799999999999999,0.26574553553196884,-0.677339695057064,0.42813090532452336,冀,False,False,False,True,False,False,True
2026-06-25,圆白菜,0.6,0.5,0.7,1,冀,-0.2941176470588235,0.6163333333333334,0.11972622025308575,-0.1364223584341581,0.18004885578707427,冀,False,False,False,True,False,False,True
2026-07-13,大白菜,0.53,0.45,0.6,1,冀,-0.29333333333333333,0.449,0.07241403940845113,1.1185676239260705,0.18723380206563087,冀,False,False,False,True,False,False,True
2026-02-24,小黄瓜,4.4,3.5,5.0,2,辽鲁,-0.2931726907630521,5.5058333333333325,0.5105643992163249,-2.1659037234689626,0.08875739381055325,辽鲁,False,False,False,True,False,False,True
2026-03-21,青蒜,1.7,1.6,1.8,1,鲁,-0.29166666666666663,2.5691666666666664,0.5060701929869865,-1.7174824336848797,0.244225105076361,鲁,False,False,False,True,False,False,True
2026-02-24,茄子,1.7,1.2,2.2,1,云冀,-0.29166666666666663,2.8549999999999995,0.46652604613690896,-2.4757460158206213,0.08073239462042914,云,True,False,False,True,True,False,True
2026-04-27,苋菜,3.9,3.5,4.3,1,,-0.2909090909090909,5.585,1.2498379205265744,-1.3481748091705248,0.12750260003318759,,True,False,False,True,True,False,True
2026-01-03,小白菜,1.8,1.6,2.0,1,冀鲁,-0.28712871287128705,,,,,冀鲁,False,False,False,True,False,False,True
2026-05-10,油麦菜,1.25,1.0,1.5,1,鲁京冀,-0.2857142857142857,1.4991666666666668,0.44409358157420387,-0.5610679302849446,0.11937153243626979,鲁京冀,False,False,False,True,False,False,True
2026-03-20,穿心莲,2.5,2.0,3.0,1,,-0.2857142857142857,4.623333333333333,0.7684212805276915,-2.7632411896182703,0.07995819386244346,,True,False,False,True,True,False,True
2026-05-09,菠菜,1.25,1.0,1.5,1,冀,-0.2857142857142857,1.6708333333333334,0.517124148592464,-0.8137955546628017,0.47876388733695435,冀,False,False,False,True,False,False,True
2026-04-10,香椿,17.5,17.0,18.0,1,,-0.2857142857142857,,,,0.15791171932442558,,True,False,False,True,True,False,True
2026-05-20,茴香,1.25,1.0,1.5,1,冀,-0.2857142857142857,1.29,0.17390048680309553,-0.23001660740197544,0.13607116589796528,冀,False,False,False,True,False,False,True
2026-05-08,穿心莲,2.25,2.0,2.5,1,,-0.2857142857142857,2.856666666666667,0.3236998751859694,-1.8741640425969575,0.15038426190766252,,True,False,False,True,True,False,True
2026-07-04,茴香,1.25,1.0,1.5,1,冀,-0.2857142857142857,2.22,0.6690961479282465,-1.449716909899207,0.17876241989430075,冀,False,False,False,True,False,False,True
2026-07-03,苦瓜,1.25,1.0,1.5,1,鲁,-0.2857142857142857,2.146666666666667,0.3816780854588535,-2.3492746920187835,0.08445865909275667,鲁,False,False,False,True,False,False,True
2026-06-16,茴香,1.25,1.0,1.5,1,冀,-0.2857142857142857,2.078333333333333,0.7142253258544946,-1.159764717587297,0.10123290828164187,冀,False,False,False,True,False,False,True
2026-01-03,菠菜,2.65,2.5,2.8,1,冀豫,-0.2837837837837839,,,,,冀豫,False,False,False,True,False,False,True
2026-07-17,菜心,2.15,1.8,2.5,1,,-0.2833333333333333,2.23,0.47499546277324856,-0.1684226614143263,0.2548476731228022,,True,False,False,True,True,False,True
2026-06-07,小白菜,0.9,0.8,1.0,1,冀,-0.28,1.4033333333333333,0.43789924312156076,-1.1494272740581286,0.5054869542183763,冀,False,False,False,True,False,False,True
2026-06-13,苦菊,2.4,2.3,2.5,1,辽冀,-0.27819548872180455,2.5725,0.8078107387594985,-0.2135401174102943,0.15296393379583906,辽冀,False,False,False,True,False,False,True
2026-04-20,西葫芦,0.975,0.7,1.4,2,鲁,-0.2777777777777778,1.4233333333333333,0.18626701881666957,-2.406938899766246,0.07926104300318372,鲁,False,False,False,True,False,False,True
2026-01-06,水萝卜,3.0,2.5,3.5,1,,-0.2771084337349399,,,,,,True,False,False,True,True,False,True
2026-04-04,青蒜,1.7,1.6,1.8,1,鲁,-0.27659574468085113,2.2600000000000002,0.3851555888030289,-1.4539578712601466,0.18443309389350007,鲁,False,False,False,True,False,False,True
2026-03-28,青蒜,1.7,1.6,1.8,1,鲁,-0.27659574468085113,2.3916666666666666,0.460337831967166,-1.502519711905843,0.1799589246554403,鲁,False,False,False,True,False,False,True
2026-03-23,苋菜,5.9,5.5,6.3,1,,-0.2760736196319018,7.295,1.2779529698323995,-1.0915894660684975,0.1185843372637049,,True,False,False,True,True,False,True
2026-05-02,苦菊,2.0,1.9,2.1,1,辽冀,-0.2727272727272727,2.4783333333333335,0.3390995513814791,-1.4105985436566373,0.14866764382781253,辽冀,False,False,False,True,False,False,True
2026-02-24,平菇,2.0,1.5,2.5,1,京,-0.2727272727272727,3.2083333333333335,0.5089006632511607,-2.3743992110636682,0.08088515710753573,京,False,False,False,True,False,False,True
2026-05-19,大白菜,0.35,0.3,0.4,1,冀,-0.27083333333333337,0.3816666666666667,0.04639287499794739,-0.6825760780737946,0.18793784033843086,冀,False,False,False,True,False,False,True
2026-04-02,苋菜,4.75,4.5,5.0,1,,-0.2692307692307693,7.195000000000001,1.3898244741569052,-1.7592149551713616,0.11230881734257438,,True,False,False,True,True,False,True
2026-02-14,青蒜,2.45,2.3,2.6,1,豫鲁川,-0.26865671641791045,2.9408333333333334,0.2957663433946765,-1.6595307217845117,0.1421083122670837,豫鲁川,False,False,False,True,False,False,True
2026-03-30,芥兰,3.3,3.0,3.6,1,,-0.2666666666666667,3.7,0.8047274115478806,-0.49706272491775394,0.12312077987617312,,True,False,False,True,True,False,True
2026-03-31,团生菜,1.65,1.5,1.8,1,冀鲁,-0.2666666666666667,2.308333333333333,0.3216560953536568,-2.0466993874607105,0.09162615349261853,冀鲁,False,False,False,True,False,False,True
2026-04-20,冬笋,5.5,5.0,6.0,1,,-0.2666666666666667,,,,0.13568196851415742,,True,False,False,True,True,False,True
2026-01-31,菠菜,2.75,2.5,3.0,1,冀豫,-0.2666666666666667,3.5116666666666663,0.5241056969821979,-1.4532691994235993,0.1735381995256281,冀豫,False,False,False,True,False,False,True
2026-03-10,茴香,2.75,2.5,3.0,1,冀,-0.2666666666666667,3.4233333333333333,1.0557505365389586,-0.6377769274365758,0.2754789168342606,冀,False,False,False,True,False,False,True
2026-07-04,小白菜,0.9,0.8,1.0,1,冀,-0.26530612244897966,1.2433333333333332,0.24299969254036427,-1.4128961635468023,0.2418235786951613,冀,False,False,False,True,False,False,True
2026-01-21,荠菜,9.0,8.5,9.5,1,,-0.26530612244897955,9.046875,2.1020203574973606,-0.022299974323659166,0.2649602839983623,,True,False,False,True,True,False,True
2026-05-08,木耳菜,2.5,2.0,3.0,1,,-0.2647058823529411,5.035,1.4386386045434607,-1.7620825633303925,0.10410950704940743,,True,False,False,True,True,False,True
2026-07-20,西葫芦,1.25,0.8,1.9,2,冀晋,-0.2647058823529411,1.3625,0.23088566359817952,-0.4872541596856734,0.08841478415106384,冀晋,False,False,False,True,False,False,True
2026-06-06,小白菜,1.25,1.0,1.5,1,冀,-0.2647058823529411,1.4283333333333332,0.42950118086894135,-0.4152103446433833,0.4948809264963516,冀,False,False,False,True,False,False,True
2026-07-11,油麦菜,1.25,1.0,1.5,1,京冀,-0.2647058823529411,1.5241666666666664,0.470760725761551,-0.5823906958745257,0.17618859172562745,京冀,False,False,False,True,False,False,True
2026-08-03,快菜,1.4,1.2,1.6,1,,-0.26315789473684215,1.35,0.32270409206343015,0.1549407064542953,0.24152299692035387,,True,False,False,True,True,False,True
2026-03-31,盖菜,1.4,1.0,1.8,1,,-0.26315789473684215,2.4566666666666666,0.6015401688271889,-1.7566020050279088,0.12169098498419412,,True,False,False,True,True,False,True
2026-07-27,韭菜,1.4,1.2,1.6,1,冀,-0.26315789473684215,1.555,0.2682478267418366,-0.5778238798153358,0.12539013302717097,冀,False,False,False,True,False,False,True
2026-08-08,小白菜,1.75,1.5,2.0,1,冀蒙,-0.26315789473684215,2.1199999999999997,0.6034884223098796,-0.613102068443679,0.2880182090824407,冀蒙,False,False,False,True,False,False,True
2026-07-17,樱桃萝卜,3.5,3.0,4.0,1,,-0.26315789473684215,2.4733333333333336,0.7822087794909014,1.3125225561069127,0.1902768477209022,,True,False,False,True,True,False,True
2026-05-08,茼蒿,2.25,2.0,2.5,1,,-0.2622950819672131,3.5416666666666665,0.9409352769464534,-1.372747624957176,0.11928278476552358,,True,False,False,True,True,False,True
2026-07-30,荆芥,3.25,3.0,3.5,1,,-0.26136363636363646,3.6233333333333335,0.5959248583349926,-0.6264771944174684,0.18379576412593712,,True,False,False,True,True,False,True
2026-06-04,鸡毛菜,4.25,4.0,4.5,1,,-0.26086956521739135,3.4916666666666667,1.4304619059478016,0.5301317918220783,0.1768307525169758,,True,False,False,True,True,False,True
2026-07-01,快菜,1.0,0.8,1.2,1,,-0.2592592592592593,1.1383333333333332,0.26738946582986683,-0.517347730599646,0.078790879519734,,True,False,False,True,True,False,True
2026-06-17,瓠子,1.15,1.0,1.3,1,冀,-0.25806451612903236,1.1066666666666667,0.3425898657169445,0.12648749326734668,0.1788848068748869,冀,False,False,False,True,False,False,True
2026-05-21,菠菜,1.8,1.0,2.6,2,冀,-0.25773195876288657,1.6825,0.4849968894319119,0.24226959504344536,0.4124141352075331,冀,False,False,False,True,False,False,True
2026-08-10,兰花,24.5,24.0,25.0,1,,-0.25757575757575757,18.428571428571427,6.884830633874944,0.8818559081984898,0.25297352198060763,,True,False,False,True,True,False,True
2026-05-15,黄心菜,1.6,1.2,2.0,1,,-0.255813953488372,2.655,0.35872138838206963,-2.9410011060626595,0.08716317043280428,,True,False,False,True,True,False,True
2026-05-09,水萝卜,0.8,0.7,0.9,1,冀,-0.255813953488372,1.2725,0.2654168809432602,-1.7802183430111558,0.23050303244480042,冀,False,False,False,True,False,False,True
2026-04-14,樱桃萝卜,1.75,1.5,2.0,1,,-0.25531914893617025,2.463333333333333,0.3170264139254637,-2.2500753943519833,0.12662038415585275,,True,False,False,True,True,False,True
2026-05-08,苋菜,2.05,1.8,2.3,1,,-0.25454545454545463,4.403333333333333,1.285458011313691,-1.8307352808267248,0.10935139485474932,,True,False,False,True,True,False,True
2026-06-04,空心菜,2.5,2.0,3.0,1,,-0.25373134328358216,2.79,0.5161862801955032,-0.561812684928712,0.1126350843736205,,True,False,False,True,True,False,True
2026-06-03,架豆,3.55,2.6,4.5,1,鲁,-0.25263157894736843,3.5683333333333334,0.6768949561115108,-0.027084458478832753,0.1015885507955217,鲁,False,False,False,True,False,False,True
2026-03-14,水萝卜,1.65,1.5,1.8,1,鲁,-0.2500000000000001,2.6874999999999996,0.6105660883768937,-1.6992427515226913,0.26517478704416814,鲁,False,False,False,True,False,False,True
2026-04-21,木耳菜,4.5,4.0,5.0,1,,-0.25,6.241666666666666,1.1228107690027314,-1.5511666923301743,0.19671541366086923,,True,False,False,True,True,False,True
2026-05-18,苦瓜,1.5,1.2,1.8,1,鲁,-0.25,2.4366666666666665,0.35329320960643884,-2.651244465496785,0.07466308026597687,鲁,False,False,False,True,False,False,True
2026-03-16,菜心,3.0,2.5,3.5,1,,-0.25,3.0533333333333332,0.509552429256224,-0.10466701809504088,0.17090011342172906,,True,False,False,True,True,False,True
2026-06-16,丝瓜,1.875,1.5,2.5,2,冀/豫冀,-0.25,2.599166666666667,0.4566785697752234,-1.585725091114087,0.11123358394338898,冀/豫冀,False,False,False,True,False,False,True
2026-08-02,油豆,3.0,2.5,3.5,1,冀辽,-0.25,4.201666666666666,0.5831666428503471,-2.060588823793612,0.13158651882294928,冀辽,False,False,False,True,False,False,True
2026-06-19,荆芥,3.75,3.5,4.0,1,,-0.25,3.783333333333333,0.7477936896623445,-0.044575574512248695,0.12239168732925301,,True,False,False,True,True,False,True
2026-05-19,快菜,0.75,0.5,1.0,1,,-0.25,0.7233333333333333,0.18695995022599293,0.14263304325034676,0.21570489339549911,,True,False,False,True,True,False,True
2026-03-04,红尖椒,7.5,7.0,8.0,1,鲁徽,-0.25,7.575,1.3913990726281054,-0.05390258012630303,0.1250690853948543,鲁徽,False,False,False,True,False,False,True
2026-01-21,鸡毛菜,4.5,4.0,5.0,1,,-0.25,4.59,0.7061464841963435,-0.12745230913728578,0.16556011616710023,,True,False,False,True,True,False,True
2026-08-04,空心菜,2.25,2.0,2.5,1,,-0.25,2.7883333333333336,0.6684623804096909,-0.8053307846634494,0.11662818926719005,,True,False,False,True,True,False,True
2026-04-06,快菜,0.75,0.5,1.0,1,,-0.25,1.1433333333333333,0.3448471258831732,-1.140602034382581,0.24718243330376644,,True,False,False,True,True,False,True
2026-07-27,香菜,3.0,2.5,3.5,1,冀蒙,-0.25,3.393333333333333,0.7159191503829411,-0.5494102694737826,0.11872807055359912,冀蒙,False,False,False,True,False,False,True
2026-02-24,香菜,5.25,5.0,5.5,1,冀皖苏,-0.25,8.15,1.8425057900063408,-1.5739434935452876,0.09724446554179197,冀豫,True,False,False,True,True,False,True
2026-03-31,油麦菜,1.05,0.7,1.3,2,鲁京冀,-0.2499999999999999,2.4391666666666665,0.5633827683539504,-2.465759949892379,0.1124251642255514,鲁京冀,False,False,False,True,False,False,True
2026-01-05,快菜,1.05,0.8,1.3,1,,-0.2499999999999999,,,,,,True,False,False,True,True,False,True
2026-02-13,茼蒿,3.95,2.8,5.5,3,,-0.24761904761904763,4.489999999999999,0.49295030175464977,-1.09544511501033,0.09926089098292698,,True,False,False,True,True,False,True
2026-07-10,木耳菜,2.0,1.8,2.2,1,,-0.24528301886792447,2.568333333333334,0.23024849145234047,-2.468347695780557,0.08657428166424698,,True,False,False,True,True,False,True
2026-07-27,丝瓜,1.7,1.2,2.0,2,冀/豫冀,-0.24444444444444446,1.9125,0.6741134024111475,-0.31522886096009495,0.17413372607045227,冀/豫冀,False,False,False,True,False,False,True
2026-04-07,小黄瓜,2.875,2.0,3.5,2,辽鲁,-0.24342105263157887,4.189166666666667,0.8147266130567877,-1.6130155141686373,0.06729055836972188,辽鲁,False,False,False,True,False,False,True
2026-04-04,油菜,0.7,0.6,0.8,1,鲁京皖,-0.2432432432432433,0.8558333333333333,0.08138968982122977,-1.9146569261489637,0.09803698662143541,鲁京皖,False,False,False,True,False,False,True
2026-03-30,青萝卜,1.4,0.8,2.0,1,津鲁,-0.2432432432432433,1.9683333333333335,0.16425554802645714,-3.4600556277209606,0.07014505711604968,津鲁,False,True,False,True,False,False,True
2026-07-01,荠菜,8.25,7.5,9.0,1,,-0.24137931034482762,7.920833333333333,2.2917776880108507,0.14362940541251493,0.2792275096677154,,True,False,False,True,True,False,True
2026-04-10,番杏,9.5,9.0,10.0,1,,-0.24,,,,0.08409458531398159,,True,False,False,True,True,False,True
2026-07-29,豇豆,1.9,1.5,2.3,1,鲁冀,-0.24,2.101666666666667,0.8262381861363487,-0.24407812426305284,0.1468316968880734,鲁冀,False,False,False,True,False,False,True
2026-04-18,苦菊,2.0,1.9,2.1,1,辽冀,-0.23809523809523814,2.3941666666666666,0.35541884794036727,-1.1090201573462994,0.13833944758456804,辽冀,False,False,False,True,False,False,True
2026-01-26,线茄,4.5,4.0,5.0,1,闽,-0.23728813559322037,4.926923076923076,0.9834867329283885,-0.4340913432069268,0.07806242416107634,闽,False,False,False,True,False,False,True
2026-02-24,蒜黄,3.25,3.0,3.5,1,冀,-0.23529411764705888,4.2,0.20128894996822613,-4.719583465212371,0.06288499809704105,冀,False,True,False,True,False,False,True
2026-07-30,丝瓜,1.3,1.0,1.5,2,冀/豫冀,-0.23529411764705876,1.9066666666666667,0.679627602559599,-0.8926457141850208,0.1786140986556673,冀/豫冀,False,False,False,True,False,False,True
2026-05-23,油菜,0.65,0.6,0.7,1,冀京,-0.23529411764705876,0.8816666666666666,0.11632544517603553,-1.9915390507733277,0.11818832007203495,冀京,False,False,False,True,False,False,True
2026-04-11,水萝卜,1.4,1.3,1.5,1,鲁,-0.23287671232876717,2.0303333333333335,0.4176286366629045,-1.5093154012858487,0.21920773349285014,鲁,False,False,False,True,False,False,True
2026-08-08,油菜,1.4,1.2,1.6,1,冀京,-0.23287671232876717,1.4741666666666666,0.4042065094711491,-0.1834870664594294,0.1366819538164528,冀京,False,False,False,True,False,False,True
2026-05-15,奶白菜,1.65,1.3,2.0,1,,-0.2325581395348837,2.408333333333333,0.5391697534065722,-1.406483447081454,0.19209499630431978,,True,False,False,True,True,False,True
2026-05-30,苦菊,1.65,1.6,1.7,1,辽冀,-0.2325581395348837,2.1483333333333334,0.27884717521687286,-1.7871198908353858,0.12056405081962648,辽冀,False,False,False,True,False,False,True
2026-01-09,奶白菜,2.15,1.8,2.5,1,,-0.2321428571428571,,,,,,True,False,False,True,True,False,True
2026-01-10,菠菜,2.65,2.5,2.8,1,冀豫,-0.23188405797101452,,,,0.17941652835507144,冀豫,False,False,False,True,False,False,True
2026-07-13,瓠子,0.5,0.4,0.6,1,冀,-0.23076923076923084,0.8766666666666667,0.3036369580582228,-1.2405165335454336,0.14423458607938197,冀,False,False,False,True,False,False,True
2026-03-16,快菜,1.0,0.7,1.3,1,,-0.23076923076923084,1.4966666666666666,0.42809387734011356,-1.160181663313239,0.23555648771607587,,True,False,False,True,True,False,True
2026-02-24,长茄,2.0,1.5,2.5,1,辽,-0.23076923076923084,3.1516666666666664,0.39314894372746756,-2.9293393382865256,0.06479879736896883,辽,False,False,False,True,False,False,True
2026-05-01,茼蒿,2.5,2.0,3.0,1,,-0.23076923076923073,3.6533333333333333,0.8716743038279968,-1.3231241626240653,0.09779615384970392,,True,False,False,True,True,False,True
2026-07-25,菠菜,3.25,3.0,3.5,1,蒙,-0.23076923076923073,2.995833333333333,0.7904353703577842,0.3215527495329825,0.19077957781417548,蒙,False,False,False,True,False,False,True
2026-03-20,小米椒,5.0,4.0,6.0,1,云,-0.23076923076923073,10.25,3.7433849701149913,-1.4024739752691606,0.08401828962382235,云,False,False,False,True,False,False,True
2026-06-02,穿心莲,2.5,2.0,3.0,1,,-0.23076923076923073,2.8983333333333334,0.29696259294598865,-1.3413586182074522,0.09750109104731178,,True,False,False,True,True,False,True
2026-05-11,西芹,1.7,1.6,1.8,1,辽,-0.2272727272727274,2.0883333333333334,0.1477902365617843,-2.6275980224917572,0.08104570974299649,辽,False,False,False,True,False,False,True
2026-01-17,菠菜,3.0,2.8,3.2,1,冀豫,-0.22580645161290325,3.351470588235294,0.4522919573747498,-0.7770878577530855,0.1548928913725988,冀豫,False,False,False,True,False,False,True
2026-06-23,苋菜,2.75,2.0,3.5,1,,-0.22535211267605626,3.0983333333333336,0.5361875851199299,-0.6496482630335825,0.21957706997969775,,True,False,False,True,True,False,True
2026-06-29,莲藕,5.0,4.5,5.5,1,川,-0.22480620155038766,6.068333333333333,0.8689305092382589,-1.2294807490070516,0.06603533589480168,川,False,False,False,True,False,False,True
2026-03-14,青蒜,1.9,1.8,2.0,1,鲁,-0.22448979591836749,2.7625,0.5085794109491455,-1.695900347971901,0.2710570497291225,鲁,False,False,False,True,False,False,True
2026-04-11,青蒜,1.9,1.8,2.0,1,鲁,-0.22448979591836749,2.19,0.29460669280971374,-0.984363244548931,0.17854181110371073,鲁,False,False,False,True,False,False,True
2026-02-27,茴香,2.25,2.0,2.5,1,冀,-0.22413793103448276,3.25,0.9403777670849021,-1.0634024271968086,0.31558766634075597,冀,False,False,False,True,False,False,True
2026-06-15,蒿子秆,2.25,2.0,2.5,1,,-0.22413793103448276,3.1199999999999997,0.9014930144889728,-0.9650657143396442,0.0913437071516646,,True,False,False,True,True,False,True
2026-05-20,毛冬瓜,0.7,0.6,0.8,1,冀,-0.22222222222222232,1.2333333333333332,0.2874781351006039,-1.8552135561429446,0.06892602005795335,冀,False,False,False,True,False,False,True
2026-05-11,散叶生菜,0.7,0.6,0.8,1,冀,-0.22222222222222232,0.8900000000000001,0.03805621975538543,-4.992613591714211,0.05939138709164991,冀,False,True,False,True,False,False,True
2026-03-22,小白菜,0.7,0.6,0.8,1,冀鲁,-0.22222222222222232,1.7541666666666667,0.5172074941007937,-2.0381890801861235,0.33181128986303965,冀鲁,False,False,False,True,False,False,True
2026-06-19,穿心莲,1.75,1.5,2.0,1,,-0.2222222222222222,2.75,0.4172983717132061,-2.3963668870657933,0.2245530195765292,,True,False,False,True,True,False,True
2026-07-03,盖菜,1.05,0.8,1.3,1,,-0.2222222222222222,1.596666666666667,0.3221515314186828,-1.6969240042388436,0.16813578323708497,,True,False,False,True,True,False,True
2026-06-10,彩椒,3.5,3.0,4.0,1,鲁,-0.2222222222222222,4.566666666666666,0.36514837167010145,-2.9211869733609594,0.05939138709164987,鲁,False,False,False,True,False,False,True
2026-07-05,豇豆,1.05,0.8,1.3,1,鲁冀,-0.2222222222222222,2.161666666666667,0.640808128437259,-1.7347886478557824,0.10156682926037787,鲁冀,False,False,False,True,False,False,True
2026-06-30,奶白菜,1.75,1.5,2.0,1,,-0.2222222222222222,2.2933333333333334,0.3969133783145331,-1.3688964973681743,0.16143225356765079,,True,False,False,True,True,False,True
2026-06-20,红尖椒,3.5,3.0,4.0,1,鲁辽,-0.2222222222222222,4.466666666666667,0.18257418583504742,-5.294651389216837,0.059391387091649886,鲁辽,False,True,False,True,False,False,True
2026-06-15,茴香,1.75,1.5,2.0,1,冀,-0.2222222222222222,2.0949999999999998,0.6999199461613361,-0.4929135137412915,0.08180943959466545,冀,False,False,False,True,False,False,True
2026-06-10,奶白菜,1.75,1.5,2.0,1,,-0.2222222222222222,2.4033333333333333,0.37021273784726294,-1.7647510918516158,0.12216022434181527,,True,False,False,True,True,False,True
2026-03-20,朝天椒,10.5,10.0,11.0,1,,-0.2222222222222222,,,,,,True,False,False,True,True,False,True
2026-03-25,茴香,1.75,1.5,2.0,1,冀,-0.2222222222222222,2.966666666666667,0.7749675558651985,-1.569958196905858,0.09400587916282754,冀,False,False,False,True,False,False,True
2026-05-11,线茄,1.75,1.5,2.0,1,冀,-0.2222222222222222,2.7233333333333336,0.31533598210354347,-3.086654833490365,0.07342614469473427,冀,False,True,False,True,False,False,True
2026-07-04,白豆,1.75,1.5,2.0,1,蒙冀,-0.2222222222222222,3.0633333333333335,0.5768423757290904,-2.276762922754015,0.08730473058887517,蒙冀,False,False,False,True,False,False,True
2026-06-04,菊花菜,1.75,1.5,2.0,1,,-0.2222222222222222,1.6333333333333333,0.5757054642863668,0.20264992066956392,0.24281532697107552,,True,False,False,True,True,False,True
2026-06-05,散叶生菜,1.75,1.5,2.0,1,冀,-0.2222222222222222,1.39,0.750218359017491,0.4798602909044603,0.24637430235912133,冀,False,False,False,True,False,False,True
2026-03-04,水萝卜,2.45,1.5,3.5,2,鲁,-0.2222222222222221,3.058333333333333,0.17074044292602272,-3.562912939126599,0.08225733253545899,,True,True,False,True,True,False,True
2026-07-11,菠菜,2.4,2.3,2.5,1,蒙,-0.2195121951219513,2.464166666666667,0.5152285788907213,-0.12454019302426259,0.24976219467990013,蒙,False,False,False,True,False,False,True
2026-06-19,散叶生菜,1.25,1.0,1.5,1,冀,-0.21875,1.7850000000000001,0.5350072509982361,-0.9999864469159578,0.10087605674362028,冀,False,False,False,True,False,False,True
2026-07-06,丝瓜,1.075,0.8,1.5,2,冀/豫冀,-0.21818181818181825,1.9316666666666669,0.5051004224722031,-1.696032370105197,0.08320429347658814,冀/豫冀,False,False,False,True,False,False,True
2026-05-25,苦瓜,2.15,1.8,2.5,1,鲁,-0.21818181818181825,2.32,0.4875342605114124,-0.3486934432498626,0.17865571832332133,鲁,False,False,False,True,False,False,True
2026-06-22,空心菜,2.15,1.8,2.5,1,,-0.21818181818181825,2.65,0.441001993896503,-1.1337817218970283,0.16323581362677128,,True,False,False,True,True,False,True
2026-03-23,芥兰,4.5,4.0,5.0,1,,-0.21739130434782605,3.451666666666667,0.8435846474843322,1.2427126743707169,0.12424789804607834,,True,False,False,True,True,False,True
2026-05-21,散菜花,0.9,0.8,1.0,1,冀,-0.21739130434782605,1.6883333333333332,0.33365358179357246,-2.3627300180492763,0.0741884304285464,冀,False,False,False,True,False,False,True
2026-04-03,黄心菜,2.75,2.5,3.0,1,,-0.2142857142857143,3.8916666666666666,0.787190917268411,-1.4503046740278749,0.0800362524675198,,True,False,False,True,True,False,True
2026-03-27,穿心莲,2.75,2.5,3.0,1,,-0.2142857142857143,4.265,0.7875266826349897,-1.9237443421357523,0.15167120657790492,,True,False,False,True,True,False,True
2026-05-15,杭椒,2.75,2.5,3.0,1,鲁粤,-0.2142857142857143,3.475,0.13693063937631342,-5.29465138921576,0.057270266124090946,鲁粤,False,True,False,True,False,False,True
2026-07-24,丝瓜,2.75,2.5,3.0,2,冀/豫冀,-0.2142857142857143,1.8641666666666667,0.6642562386419125,1.3335717179629962,0.20087498811387872,冀/豫冀,False,False,False,True,False,False,True
2026-05-13,茼蒿,2.75,2.5,3.0,1,,-0.2142857142857143,3.5649999999999995,0.9309014911401188,-0.8754954286321217,0.1605538394975591,,True,False,False,True,True,False,True
2026-08-01,菠菜,3.25,3.0,3.5,1,蒙,-0.21212121212121215,3.3358333333333334,0.7237260904672371,-0.11859919721550936,0.14569713202670273,蒙,False,False,False,True,False,False,True
2026-01-10,青蒜,2.6,2.2,3.0,1,豫鲁川,-0.21212121212121204,,,,0.1402797722177785,豫鲁川,False,False,False,True,False,False,True
2026-06-02,奶白菜,2.25,2.0,2.5,1,,-0.21052631578947367,2.353333333333333,0.37986688533578566,-0.2720251154348211,0.15608906260950037,,True,False,False,True,True,False,True
2026-04-10,冬笋,7.5,7.0,8.0,1,,-0.21052631578947367,,,,0.1318794820894026,,True,False,False,True,True,False,True
2026-03-10,小米椒,7.5,7.0,8.0,1,云,-0.21052631578947367,13.333333333333334,3.340796243447048,-1.746090724561662,0.11838270186229763,云,False,False,False,True,False,False,True
2026-07-05,线茄,0.75,0.5,1.0,1,冀,-0.21052631578947367,1.4200000000000002,0.38987177379237464,-1.7185137397425625,0.07101443709462234,冀,False,False,False,True,False,False,True
2026-02-24,莲藕,3.75,3.5,4.0,1,津,-0.21052631578947367,3.411666666666667,0.5653322693006683,0.5984681075288001,0.10667731063919722,津,False,False,False,True,False,False,True
2026-01-08,散菜花,1.5,1.0,2.0,1,鄂云闽,-0.21052631578947367,,,,0.07694598574913732,鄂云闽,False,False,False,True,False,False,True
2026-08-10,秋葵,7.5,7.0,8.0,1,,-0.21052631578947367,9.142857142857142,1.3637527006651275,-1.20465913068835,0.2008489572399829,,True,False,False,True,True,False,True
2026-08-08,菠菜,3.75,3.5,4.0,1,蒙,-0.21052631578947367,3.7183333333333337,0.6295843365122827,0.05029773587140139,0.16705596720024282,蒙,False,False,False,True,False,False,True
2026-04-14,螺丝椒,3.75,3.0,4.5,1,鲁辽闽,-0.21052631578947367,4.15,0.3805621975537069,-1.0510765456244515,0.06214601328709337,鲁辽闽,False,False,False,True,False,False,True
2026-04-10,朝天椒,7.5,7.0,8.0,1,,-0.21052631578947367,,,,0.08880113941361403,,True,False,False,True,True,False,True
2026-02-07,青蒜,2.45,2.3,2.6,1,豫鲁川,-0.20967741935483863,2.918333333333334,0.23852395720539232,-1.9634645459535671,0.10828923381782028,豫鲁川,False,False,False,True,False,False,True
2026-04-11,油麦菜,0.85,0.7,1.0,1,鲁京冀,-0.2093023255813954,1.8166666666666667,0.8250478913302589,-1.1716491573696042,0.12338760788819411,鲁京冀,False,False,False,True,False,False,True
2026-04-04,苦菊,1.8,1.7,1.9,1,辽冀,-0.20879120879120872,2.7808333333333333,0.5095080171500989,-1.9250596660275592,0.16297346390103792,辽冀,False,False,False,True,False,False,True
2026-04-14,蒿子秆,1.9,1.8,2.0,1,,-0.20833333333333337,2.88,0.5345962059800604,-1.8331592873978466,0.12969703802376933,,True,False,False,True,True,False,True
2026-01-03,青蒜,2.95,2.6,3.3,1,豫鲁川,-0.2080536912751677,,,,,豫鲁川,False,False,False,True,False,False,True
2026-07-27,油麦菜,2.575,1.5,3.5,2,京冀,-0.20769230769230762,2.1041666666666665,1.0050107936745258,0.46848584741251414,0.18106493875877944,京冀,False,False,False,True,False,False,True
2026-08-10,蚕豆仁,11.5,11.0,12.0,1,,-0.2068965517241379,12.880952380952381,1.7331673455321754,-0.7967795980649259,0.15292545210112526,,True,False,False,True,True,False,True
2026-04-15,柿子椒,2.5,2.0,3.0,1,鲁闽,-0.20634920634920628,2.9450000000000003,0.3155045220726256,-1.4104393720783701,0.07881640487867954,鲁闽,False,False,False,True,False,False,True
2026-03-12,紫甘蓝,1.35,1.3,1.4,1,闽云,-0.2058823529411764,2.23,0.36591877749596047,-2.4049052798601314,0.0656558860725534,闽云,False,False,False,True,False,False,True
2026-05-02,油麦菜,1.85,1.7,2.0,1,鲁京冀,-0.20430107526881724,1.2558333333333331,0.41307735631338155,1.4383907943283674,0.1477926347491971,鲁京冀,False,False,False,True,False,False,True
2026-06-01,豇豆,2.35,2.0,2.7,1,鲁冀,-0.2033898305084746,3.5,0.737657055164852,-1.5589900373731223,0.0770829520679815,鲁冀,False,False,False,True,False,False,True
2026-06-04,西葫芦,1.275,1.0,1.6,2,鲁,-0.2031250000000001,1.3583333333333334,0.3541218700540446,-0.23532388248321262,0.07342676391842433,鲁,False,False,False,True,False,False,True
2026-07-02,散菜花,1.475,1.0,1.8,2,冀,-0.20270270270270274,1.790833333333333,0.2184864997539067,-1.4455507946215136,0.10241723750535602,冀,False,False,False,True,False,False,True
2026-07-06,架豆,2.4,1.8,3.0,1,云冀鲁,-0.20000000000000007,3.363333333333333,0.4725085902035038,-2.03876364008205,0.08056578854976944,云冀,True,False,False,True,True,False,True
2026-03-02,盖菜,2.4,2.0,2.8,1,,-0.20000000000000007,3.283333333333333,0.3698399778220337,-2.3884203609767454,0.057785547733636734,,True,False,False,True,True,False,True
2026-06-23,瓠子,0.6,0.5,0.7,1,冀,-0.20000000000000007,1.135,0.315995962436013,-1.6930596070775232,0.11772235508382503,冀,False,False,False,True,False,False,True
2026-04-15,豇豆,2.4,2.2,2.6,1,海,-0.20000000000000007,4.626666666666666,1.0904549298448734,-2.0419612087804753,0.13379561570729712,海,False,False,False,True,False,False,True
2026-07-01,红薯,1.4,1.1,2.0,2,冀/冀粤,-0.20000000000000007,1.7292333333333334,0.06428153772238077,-5.121740160529872,0.05371755567537847,冀/冀粤,False,True,False,True,False,False,True
2026-01-07,香芹,2.4,2.0,2.8,1,,-0.20000000000000007,,,,,,True,False,False,True,True,False,True
2026-05-21,快菜,0.6,0.4,0.8,1,,-0.20000000000000007,0.705,0.1698630279839085,-0.6181451093050505,0.220709126489785,,True,False,False,True,True,False,True
2026-02-07,香菜,6.0,5.0,7.0,1,冀豫,-0.19999999999999996,9.025,1.3364098844704584,-2.2635271073280276,0.05631241033366909,冀豫,False,False,False,True,False,False,True
2026-06-18,大白菜,0.4,0.35,0.45,1,冀,-0.19999999999999996,0.409,0.07603764947663416,-0.11836241732808415,0.18291667469083137,冀,False,False,False,True,False,False,True
2026-06-06,油麦菜,1.5,1.0,2.0,1,京冀,-0.19999999999999996,1.4033333333333333,0.3686375973241488,0.26222682485006044,0.12865669373913666,京冀,False,False,False,True,False,False,True
2026-07-03,油麦菜,0.9,0.7,1.2,2,京冀,-0.19999999999999996,1.6758333333333333,0.37246171599918737,-2.082988130074088,0.21911007144326397,京冀,False,False,False,True,False,False,True
2026-02-13,茴香,4.0,3.5,4.5,1,冀,-0.19999999999999996,3.155,0.5449375161903652,1.5506364948175322,0.12610102553898558,冀,False,False,False,True,False,False,True
2026-06-01,圆白菜,0.4,0.3,0.5,1,冀,-0.19999999999999996,0.46,0.04472135954997432,-1.341640786500518,0.0784045584969913,冀,False,False,False,True,False,False,True
2026-05-11,广茄,2.2,1.7,2.7,1,云,-0.19999999999999996,2.5766666666666667,0.22770721269348734,-1.6541709953372923,0.1033353610417641,云,False,False,False,True,False,False,True
2026-07-16,白豆,2.0,1.5,2.5,1,蒙冀,-0.19999999999999996,2.44,0.5021333797254293,-0.8762612042254503,0.13116136270396933,蒙冀,False,False,False,True,False,False,True
2026-08-07,团生菜,1.6,1.2,2.0,1,冀,-0.19999999999999996,1.725,0.3044922285402,-0.41051950849214236,0.06720242540916664,冀,False,False,False,True,False,False,True
2026-06-21,白萝卜,0.4,0.3,0.5,1,冀陕,-0.19999999999999996,0.455,0.04423682348139508,-1.2433080784638988,0.06782169957407631,冀,True,False,False,True,True,False,True
2026-04-18,油麦菜,0.9,0.8,1.0,1,鲁京冀,-0.19999999999999996,1.39,0.6240026525142573,-0.785253072283702,0.113258958249234,鲁京冀,False,False,False,True,False,False,True
2026-06-21,丝瓜,1.5,1.0,2.0,2,冀/豫冀,-0.19999999999999996,2.576666666666667,0.4928337016390559,-2.1846449686494895,0.097770253466081,冀/豫冀,False,False,False,True,False,False,True
2026-03-28,油麦菜,1.6,1.5,1.7,1,鲁京冀,-0.19999999999999996,2.5308333333333333,0.4319005379860549,-2.1552029957494234,0.10045782701049585,鲁京冀,False,False,False,True,False,False,True
2026-07-09,莴笋,0.8,0.6,1.0,1,冀,-0.19999999999999996,1.0016666666666667,0.06086068508081232,-3.3135786493183357,0.056825003384894344,冀,False,True,False,True,False,False,True
2026-03-29,菠菜,0.8,0.6,1.0,1,冀,-0.19999999999999996,1.8775000000000002,0.5518522884575825,-1.9525152337622695,0.3011060136233307,冀,False,False,False,True,False,False,True
2026-06-04,青萝卜,0.8,0.6,1.0,1,津鲁,-0.19999999999999996,1.2133333333333334,0.27162770329147934,-1.5216906387850724,0.05345224838248487,津鲁,False,False,False,True,False,False,True
2026-07-01,空心菜,2.2,2.0,2.4,1,,-0.19999999999999996,2.728333333333333,0.4111974383837222,-1.284865332357206,0.1668484100963459,,True,False,False,True,True,False,True
2026-01-03,油菜,1.1,0.9,1.3,1,鲁京皖苏川,-0.19999999999999996,,,,,鲁京皖苏川,False,False,False,True,False,False,True
2026-07-31,广茄,0.4,0.3,0.5,1,冀,-0.19999999999999996,0.5633333333333332,0.15421286974630544,-1.0591420391957675,0.05345224838248483,冀,False,False,False,True,False,False,True
2026-02-06,杭椒,6.0,5.0,7.0,1,鲁粤,-0.19999999999999996,7.45,0.2738612787525831,-5.294651389216606,0.053452248382484864,鲁粤,False,True,False,True,False,False,True
2026-04-06,蒿子秆,3.0,2.5,3.5,1,,-0.19999999999999996,3.003333333333333,0.5341660166402694,-0.006240257203740794,0.12340987955469354,,True,False,False,True,True,False,True
2026-03-01,豇豆,4.0,3.0,5.0,1,海,-0.19999999999999996,4.731666666666667,0.8656752729291277,-0.8451976041674099,0.17414403119176597,海,False,False,False,True,False,False,True
2026-03-17,豌豆苗,5.0,4.5,5.5,1,,-0.19999999999999996,5.6850000000000005,0.9184084809773004,-0.7458554817253817,0.1159762140679422,,True,False,False,True,True,False,True
2026-06-19,豇豆,1.8,1.6,2.0,1,鲁冀,-0.19999999999999996,2.865,0.4518448772570588,-2.357003594829098,0.10080870220612045,鲁冀,False,False,False,True,False,False,True
2026-07-13,荆芥,3.0,2.5,3.5,1,,-0.19999999999999996,4.133333333333334,0.5971676443028997,-1.8978478558668799,0.06363005592749216,,True,False,False,True,True,False,True
2026-06-04,苋菜,2.6,2.2,3.0,1,,-0.19999999999999996,3.098333333333333,0.6789296003996373,-0.7339985368733368,0.1616730626997411,,True,False,False,True,True,False,True
2026-06-16,鸡毛菜,2.25,2.0,2.5,1,,-0.1964285714285714,3.5516666666666667,1.4263821689694607,-0.9125651560879375,0.11170478463304136,,True,False,False,True,True,False,True
2026-05-29,盖菜,1.85,1.7,2.0,1,,-0.19565217391304335,1.4566666666666668,0.4324615456959701,0.9095221002836983,0.16872134202186642,,True,False,False,True,True,False,True
2026-05-23,苦菊,1.75,1.7,1.8,1,辽冀,-0.1954022988505747,2.306666666666666,0.35403665632668846,-1.5723418937529459,0.11255987363405322,辽冀,False,False,False,True,False,False,True
2026-06-19,线茄,1.25,1.0,1.5,1,冀,-0.19354838709677424,1.855,0.24717367899155182,-2.4476716229185485,0.07720853331951849,冀,False,False,False,True,False,False,True
2026-04-25,油麦菜,1.25,1.0,1.5,1,鲁京冀,-0.19354838709677424,1.1441666666666668,0.2852466667983029,0.3710239089600569,0.12593514268912356,鲁京冀,False,False,False,True,False,False,True
2026-06-28,广茄,1.25,1.0,1.5,1,冀,-0.19354838709677424,1.9566666666666668,0.2851899951494173,-2.47788028572471,0.06840190128704905,冀,False,False,False,True,False,False,True
2026-06-16,绿菜花,1.25,1.0,1.5,1,冀京,-0.19354838709677424,1.7133333333333336,0.15477087254553545,-2.9936726834502747,0.057811076423511264,冀甘,True,False,False,True,True,False,True
2026-04-07,盖菜,1.25,1.0,1.5,1,,-0.19354838709677424,2.1333333333333333,0.6097389680801136,-1.4487073642589825,0.14788068165029242,,True,False,False,True,True,False,True
2026-01-12,快菜,1.05,0.7,1.4,1,,-0.1923076923076923,,,,0.17635034050075724,,True,False,False,True,True,False,True
2026-02-28,团生菜,2.75,2.5,3.0,1,冀云,-0.19117647058823528,2.0366666666666666,0.6570484332818707,1.0856632436825502,0.24508260193993736,冀云,False,False,False,True,False,False,True
2026-07-24,黄心菜,2.75,2.5,3.0,1,,-0.19117647058823528,3.9833333333333334,0.5350367910864565,-2.3051374295754536,0.09142202199314647,,True,False,False,True,True,False,True
2026-04-07,鸡毛菜,2.75,2.5,3.0,1,,-0.19117647058823528,3.4616666666666664,0.3931927958554756,-1.8099687333240233,0.07727507936289918,,True,False,False,True,True,False,True
2026-04-21,鸡毛菜,2.75,2.5,3.0,1,,-0.19117647058823528,3.1783333333333332,0.6732171004719196,-0.6362484450158428,0.19926109316110516,,True,False,False,True,True,False,True
2026-04-01,穿心莲,2.75,2.5,3.0,1,,-0.19117647058823528,4.066666666666666,0.7849152527649036,-1.6774634739593117,0.17390616487629307,,True,False,False,True,True,False,True
2026-06-16,白豆,2.75,2.0,3.5,1,辽冀,-0.19117647058823528,3.3416666666666663,0.3669734870939375,-1.6122872291185768,0.10397891504968762,辽冀,False,False,False,True,False,False,True
2026-08-03,油麦菜,2.225,1.8,2.6,2,京冀,-0.19090909090909092,2.385,0.8867219756321411,-0.1804398722451152,0.1384082187796976,京冀,False,False,False,True,False,False,True
2026-04-04,油麦菜,0.85,0.7,1.0,1,鲁京冀,-0.19047619047619058,2.2616666666666663,0.7419897914221684,-1.90254189880555,0.10595722888334207,鲁京冀,False,False,False,True,False,False,True
2026-06-05,丝瓜,2.125,1.5,3.0,2,冀/豫冀,-0.19047619047619047,2.436666666666667,0.5013659502717981,-0.62163508809824,0.1136790298456504,冀/豫冀,False,False,False,True,False,False,True
2026-07-10,甜豆,8.5,8.0,9.0,1,,-0.19047619047619047,10.944444444444445,1.02022040422774,-2.395996428139248,0.07418976593714993,,True,False,False,True,True,False,True
2026-02-26,穿心莲,4.25,4.0,4.5,1,,-0.19047619047619047,5.408333333333333,0.266549902597455,-4.345652810395711,0.07390074006840017,,True,True,False,True,True,False,True
2026-01-13,西芹,2.55,1.8,3.3,1,鲁,-0.19047619047619047,,,,0.05693448602898756,鲁,False,False,False,True,False,False,True
2026-02-10,美人椒,8.5,8.0,9.0,1,鲁,-0.19047619047619047,13.766666666666667,2.848875559588904,-1.848682596521223,0.06409672582714372,鲁,False,False,False,True,False,False,True
2026-01-30,广茄,3.85,3.3,4.4,1,云闽,-0.18947368421052635,4.461666666666667,0.38966903138816167,-1.5697081815500147,0.050638972151827784,云闽,False,False,False,True,False,False,True
2026-05-20,香蕉西葫,7.5,7.0,8.0,1,,-0.18918918918918914,,,,0.08398801947489261,,True,False,False,True,True,False,True
2026-03-31,秋葵,7.5,7.0,8.0,1,,-0.18918918918918914,,,,0.09047845245209246,,True,False,False,True,True,False,True
2026-07-20,黄心菜,3.65,3.3,4.0,1,,-0.18888888888888888,3.985,0.5252503508180488,-0.6377911018588673,0.07947023109119239,,True,False,False,True,True,False,True
2026-07-30,扁豆,3.65,3.0,4.3,1,冀晋,-0.18888888888888888,3.588333333333333,0.9172375442837466,0.06723085753627901,0.08399106400711762,冀晋,False,False,False,True,False,False,True
2026-06-09,菜心,2.15,1.8,2.5,1,,-0.18867924528301883,2.0516666666666667,0.5481132738034545,0.17940330590970885,0.19017898603860844,,True,False,False,True,True,False,True
2026-08-01,油菜,1.4,1.3,1.5,1,冀京,-0.18840579710144933,1.2808333333333335,0.49312879225119916,0.24165424639403954,0.17888073542208116,冀京,False,False,False,True,False,False,True
2026-05-08,荆芥,3.25,3.0,3.5,1,,-0.1875,3.7333333333333334,0.4351641254652384,-1.1106920470905013,0.09971433704066145,,True,False,False,True,True,False,True
2026-06-12,架豆,3.25,3.0,3.5,1,鲁,-0.1875,3.7333333333333334,0.6816983524097505,-0.7090134978686508,0.09925205287107577,鲁,False,False,False,True,False,False,True
2026-04-16,扁豆,3.25,2.5,4.0,1,云鲁,-0.1875,5.6866666666666665,0.908573468205207,-2.681859807638946,0.06388263228575711,云鲁,False,False,False,True,False,False,True
2026-05-14,油豆,3.25,3.0,3.5,1,冀辽,-0.1875,5.0200000000000005,0.8876159467728841,-1.994105678740012,0.05606814249039588,冀辽,False,False,False,True,False,False,True
2026-01-16,芥兰,3.05,2.6,3.5,1,,-0.18666666666666676,,,,0.0716233424376814,,True,False,False,True,True,False,True
2026-03-21,苦菊,2.4,2.3,2.5,1,辽冀,-0.18644067796610175,3.2016666666666667,0.21931843222274075,-3.655263529571881,0.05645190346777064,辽冀,False,True,False,True,False,False,True
2026-05-05,丝瓜,1.75,1.5,2.0,1,豫冀,-0.18604651162790697,2.5716666666666668,0.2772038131465342,-2.9641246898444398,0.06334820119398252,豫冀,False,False,False,True,False,False,True
2026-05-29,大白菜,0.35,0.3,0.4,1,冀,-0.18604651162790697,0.359,0.046114550026411405,-0.1951661676161948,0.20446120917274888,冀,False,False,False,True,False,False,True
2026-04-03,西芹,1.75,1.7,1.8,1,鲁,-0.18604651162790697,2.2366666666666664,0.15365284052792047,-3.1673131781656423,0.05508596160543457,鲁,False,True,False,True,False,False,True
2026-03-23,盖菜,1.75,1.5,2.0,1,,-0.18604651162790697,2.7983333333333333,0.482536997569086,-2.1725449833165196,0.07770486969342158,,True,False,False,True,True,False,True
2026-05-29,蒿子秆,3.3,3.0,3.6,1,,-0.18518518518518523,2.743333333333333,0.9204321823463428,0.6047883563215117,0.1747117998000398,,True,False,False,True,True,False,True
2026-05-20,球茎茴香,5.5,5.0,6.0,1,,-0.18518518518518523,,,,0.08796309297573197,,True,False,False,True,True,False,True
2026-05-03,尖椒,2.2,1.6,2.8,1,辽鲁粤闽,-0.18518518518518512,3.033333333333333,0.41529659806917035,-2.0065980246593207,0.04954810131186572,辽鲁粤闽,False,False,False,True,False,False,True
2026-07-28,西葫芦,1.1,0.6,1.8,2,冀,-0.18518518518518512,1.4224999999999999,0.2066095351139424,-1.5609153750921774,0.10387458836806049,冀,False,False,False,True,False,False,True
2026-02-24,黄瓜,2.975,2.2,3.5,2,冀/辽冀鲁云,-0.18493150684931503,3.2641666666666667,0.24430437252898649,-1.183632792459976,0.06714816290478742,冀辽/辽冀鲁云,True,False,False,True,True,False,True
2026-06-22,广茄,1.55,1.3,1.8,1,冀,-0.18421052631578938,2.0566666666666666,0.16013643608158334,-3.1639686698693574,0.05387362669566145,冀,False,True,False,True,False,False,True
2026-01-17,苦菊,3.1,3.0,3.2,1,辽冀,-0.18421052631578938,4.252941176470588,0.5800648100199918,-1.9876075165305276,0.09994758558433231,辽冀,False,False,False,True,False,False,True
2026-04-15,板栗南瓜,1.55,1.5,1.6,1,新桂,-0.18421052631578938,2.058333333333333,0.20387763966169933,-2.4933255759524524,0.050011794292487456,新桂,False,False,False,True,False,False,True
2026-06-16,线茄,1.55,1.3,1.8,1,冀,-0.18421052631578938,1.8599999999999999,0.23466777690439986,-1.3210164773763942,0.06257799607940084,冀,False,False,False,True,False,False,True
2026-08-10,快菜,1.55,1.3,1.8,1,,-0.18421052631578938,1.4066666666666667,0.3588134981251147,0.3994647193661438,0.23900199252672896,,True,False,False,True,True,False,True
2026-06-23,菊花菜,2.0,1.5,2.5,1,,-0.1836734693877552,1.995,0.5546589508194432,0.009014548476343856,0.2469496805604541,,True,False,False,True,True,False,True
2026-05-14,苋菜,2.0,1.8,2.2,1,,-0.1836734693877552,3.9299999999999997,1.2329946723603211,-1.565294679096546,0.15735485329858656,,True,False,False,True,True,False,True
2026-03-05,香芹,2.9,2.5,3.3,1,,-0.18309859154929575,3.265,0.2553395305511254,-1.4294692216758738,0.0709517751824001,,True,False,False,True,True,False,True
2026-04-20,茼蒿,3.8,3.3,4.3,1,,-0.18279569892473124,3.871666666666667,0.7663936295418292,-0.09351156364584017,0.13149272702926293,,True,False,False,True,True,False,True
2026-05-16,苦菊,1.8,1.7,1.9,1,辽冀,-0.18181818181818188,2.42,0.36515230643738983,-1.697921631795326,0.13639851510179374,辽冀,False,False,False,True,False,False,True
2026-05-18,卞萝卜,0.9,0.8,1.0,1,冀,-0.18181818181818188,0.8516666666666667,0.1447252648947327,0.3339661072203879,0.0980152396803997,冀,False,False,False,True,False,False,True
2026-08-07,白萝卜,0.45,0.4,0.5,1,冀陕,-0.18181818181818188,0.5046666666666667,0.06760602571253263,-0.8086064236213892,0.07498882965327558,冀陕,False,False,False,True,False,False,True
2026-06-17,空心菜,2.25,2.0,2.5,1,,-0.18181818181818177,2.681666666666666,0.462467768370522,-0.9333983818756025,0.1487394571263125,,True,False,False,True,True,False,True
2026-05-15,彩椒,4.5,4.0,5.0,1,鲁闽,-0.18181818181818177,6.266666666666667,0.5040069329937273,-3.5052427873817638,0.06119237894550871,鲁闽,False,True,False,True,False,False,True
2026-02-24,广茄,2.25,2.0,2.5,1,云闽,-0.18181818181818177,3.7816666666666667,0.8506066124804113,-1.8006757109496838,0.06926234557425061,云闽,False,False,False,True,False,False,True
2026-07-03,平菇,2.25,2.0,2.5,1,冀蒙,-0.18181818181818177,3.3333333333333335,0.7665792054060153,-1.413204696518673,0.048592953074986206,冀蒙,False,False,False,True,False,False,True
2026-03-19,平菇,2.25,2.0,2.5,1,京,-0.18181818181818177,2.705,0.24647515087732463,-1.8460278789988944,0.048592953074986234,京,False,False,False,True,False,False,True
2026-06-29,扁豆,2.25,1.5,3.0,1,冀晋,-0.18181818181818177,3.5383333333333336,1.1621682569538996,-1.1085600777895266,0.1274909764666389,冀晋,False,False,False,True,False,False,True
2026-04-10,穿心莲,2.25,2.0,2.5,1,,-0.18181818181818177,3.525,0.6609488998976161,-1.9290447418817145,0.1302864891529509,,True,False,False,True,True,False,True
2026-06-09,奶白菜,2.25,2.0,2.5,1,,-0.18181818181818177,2.408333333333333,0.3620066996268316,-0.4373768040661911,0.10814481650888116,,True,False,False,True,True,False,True
2026-06-11,穿心莲,2.25,2.0,2.5,1,,-0.18181818181818177,2.845,0.376313790559856,-1.58112727974916,0.18924006919739156,,True,False,False,True,True,False,True
2026-06-17,穿心莲,2.25,2.0,2.5,1,,-0.18181818181818177,2.796666666666667,0.3780470079631569,-1.4460282852442072,0.21739348285749147,,True,False,False,True,True,False,True
2026-07-24,茴香,2.25,2.0,2.5,1,冀,-0.18181818181818177,2.003333333333333,0.7709078093875541,0.319969085360065,0.23820305659775734,冀,False,False,False,True,False,False,True
2026-05-15,红尖椒,4.5,4.0,5.0,1,鲁桂,-0.18181818181818177,6.541666666666667,0.7770504946683796,-2.6274568778673584,0.06850972875981515,鲁桂,False,False,False,True,False,False,True
2026-06-03,散叶生菜,2.25,2.0,2.5,1,冀,-0.18181818181818177,1.3166666666666667,0.7374622530764842,1.2656014995204574,0.23340360541525976,冀,False,False,False,True,False,False,True
2026-04-21,奶白菜,2.25,2.0,2.5,1,,-0.18181818181818177,3.7849999999999997,1.1336658572357505,-1.3540144921915824,0.10858396340395178,,True,False,False,True,True,False,True
2026-03-23,茴香,2.25,2.0,2.5,1,冀,-0.18181818181818177,3.2,0.958177148692173,-0.9914659322617598,0.10153857292075835,冀,False,False,False,True,False,False,True
2026-05-20,香椿,13.5,13.0,14.0,1,,-0.18181818181818177,,,,0.1379537271316981,,True,False,False,True,True,False,True
2026-03-21,香菜,2.25,2.0,2.5,1,冀皖苏,-0.18181818181818177,4.15,1.2723857580314868,-1.4932578331743496,0.06085917892764896,冀皖苏,False,False,False,True,False,False,True
2026-05-15,美人椒,4.5,4.0,5.0,1,鲁闽,-0.18181818181818177,5.954999999999999,0.6563154729244483,-2.216921678711499,0.06791346932474181,鲁闽,False,False,False,True,False,False,True
2026-06-11,美人椒,4.5,4.0,5.0,1,鲁闽,-0.18181818181818177,4.833333333333333,0.5466722735905803,-0.6097498436201588,0.07957771291774135,鲁闽,False,False,False,True,False,False,True
2026-06-13,香菜,2.25,2.0,2.5,1,冀辽,-0.18181818181818177,2.73,0.8262503586518972,-0.5809377205997995,0.17660704138234926,冀辽,False,False,False,True,False,False,True
2026-04-08,鸡毛菜,2.25,2.0,2.5,1,,-0.18181818181818177,3.4116666666666666,0.44695971687138575,-2.5990410831608353,0.0874097247211554,,True,False,False,True,True,False,True
2026-03-01,苦瓜,2.25,2.0,2.5,1,鲁,-0.18181818181818177,4.428333333333334,0.881973036312112,-2.469841189750915,0.11724498250120315,鲁,False,False,False,True,False,False,True
2026-02-09,散叶生菜,2.25,2.0,2.5,1,冀辽,-0.18181818181818177,2.546666666666667,0.26875618143118357,-1.1038505796847315,0.04859295307498625,冀辽,False,False,False,True,False,False,True
2026-06-24,穿心莲,2.25,2.0,2.5,1,,-0.18181818181818177,2.716666666666667,0.42106870054033124,-1.1082910367543883,0.29553119942635364,,True,False,False,True,True,False,True
2026-01-24,油菜,1.35,1.2,1.5,1,鲁京皖,-0.18181818181818177,1.1677083333333333,0.16607344607959953,1.0976569160809355,0.11968038438354066,鲁京皖,False,False,False,True,False,False,True
2026-02-26,樱桃萝卜,2.25,2.0,2.5,1,,-0.18181818181818177,3.235,0.4150508901078403,-2.373202957700134,0.06976487314171922,,True,False,False,True,True,False,True
2026-03-10,散生菜,2.25,2.0,2.5,1,,-0.18181818181818177,3.145,0.31822514259453205,-2.8124741895091807,0.07007489863367726,,True,False,False,True,True,False,True
2026-06-09,菊花菜,2.25,2.0,2.5,1,,-0.18181818181818177,1.7183333333333333,0.6122996974849948,0.8683111699229541,0.28252622833455066,,True,False,False,True,True,False,True
2026-03-10,朝天椒,13.5,13.0,14.0,1,,-0.18181818181818177,,,,,,True,False,False,True,True,False,True
2026-06-09,水萝卜,2.25,2.0,2.5,1,,-0.18181818181818177,1.355,0.58914022685312,1.5191629415302763,0.5323734193931567,,True,False,False,True,True,False,True
2026-06-26,杭椒,2.25,2.0,2.5,1,鲁冀,-0.18181818181818177,2.7333333333333334,0.09128709291758776,-5.294651389213122,0.048592953074986234,鲁冀,False,True,False,True,False,False,True
2026-07-18,苦菊,3.125,2.2,4.0,2,冀/辽,-0.181294210112654,2.8053000000000003,0.8652458351083864,0.3694903656600114,0.13647998527200791,冀/辽,False,False,False,True,False,False,True
2026-07-03,鸡毛菜,2.5,2.0,3.0,1,,-0.180327868852459,3.6083333333333334,1.3742761940277017,-0.8064851433430218,0.13088653049261448,,True,False,False,True,True,False,True
2026-06-09,散生菜,2.5,2.0,3.0,1,,-0.180327868852459,2.12,0.7933560317432825,0.47897789239089306,0.13547149351770016,,True,False,False,True,True,False,True
2026-03-06,樱桃萝卜,2.5,2.0,3.0,1,,-0.180327868852459,3.185,0.4826560851700975,-1.4192300087930987,0.12383359265879193,,True,False,False,True,True,False,True
2026-03-11,冬瓜,1.025,0.9,1.2,2,海,-0.18000000000000005,1.7141666666666666,0.25314260439704633,-2.7224444036521414,0.06001718422102857,海,False,False,False,True,False,False,True
2026-06-28,长茄,0.8,0.5,1.3,2,辽,-0.1794871794871794,1.18,0.18469452879151568,-2.0574513088525013,0.05472049078178009,辽,False,False,False,True,False,False,True
2026-04-25,油菜,0.8,0.7,0.9,1,鲁京,-0.1794871794871794,0.8491666666666666,0.09502343933466686,-0.5174161976341913,0.0850959857605534,鲁京,False,False,False,True,False,False,True
2026-04-11,油菜,0.8,0.7,0.9,1,鲁京皖,-0.1794871794871794,0.8466666666666666,0.08777256398503097,-0.5316771499876113,0.13358779444417496,鲁京皖,False,False,False,True,False,False,True
2026-05-08,樱桃萝卜,1.6,1.4,1.8,1,,-0.1794871794871794,1.9366666666666668,0.3178411372144142,-1.0592293672783861,0.09026530414105335,,True,False,False,True,True,False,True
2026-07-16,苦菊,3.817,2.5,5.3,3,冀/辽,-0.1791397849462366,2.7655666666666665,0.8417442761532606,1.2491125429903058,0.1336657663692402,辽冀,True,False,False,True,True,False,True
2026-02-10,广茄,2.75,2.5,3.0,1,云闽,-0.17910447761194037,4.27,0.6249965517146249,-2.432013418042082,0.06588979216770562,云闽,False,False,False,True,False,False,True
2026-04-06,奶白菜,3.9,3.5,4.3,1,,-0.17894736842105263,3.9683333333333333,0.940513738312218,-0.07265532713637944,0.11350539838056396,,True,False,False,True,True,False,True
2026-01-28,豇豆,3.9,3.3,4.5,1,海,-0.17894736842105263,4.914285714285714,0.6788957732225702,-1.4940227267451094,0.06055286425032507,海,False,False,False,True,False,False,True
2026-07-30,快菜,1.15,1.0,1.3,1,,-0.1785714285714286,1.3283333333333334,0.3058857498381103,-0.5830063460874401,0.15202353149367795,,True,False,False,True,True,False,True
2026-06-10,长茄,1.15,0.6,2.0,2,辽,-0.1785714285714286,1.2016666666666669,0.17640242654781366,-0.29289090676234425,0.09263642864454295,辽,False,False,False,True,False,False,True
2026-03-23,快菜,1.15,0.8,1.5,1,,-0.1785714285714286,1.4283333333333335,0.4591377475925585,-0.6062087789399712,0.2722153510213603,,True,False,False,True,True,False,True
2026-04-07,蒜苗,2.875,1.5,4.5,2,川/鲁豫苏,-0.1785714285714286,4.210833333333333,0.4938275619277866,-2.7050603010462893,0.053210968149695975,川/鲁豫苏,False,False,False,True,False,False,True
2026-08-10,孢子甘蓝,11.5,11.0,12.0,1,,-0.1785714285714286,15.083333333333334,2.8121759072528407,-1.2742209063421719,0.10536030845752917,,True,False,False,True,True,False,True
2026-04-12,水萝卜,1.15,1.0,1.3,1,鲁,-0.1785714285714286,1.9953333333333334,0.4459568042583995,-1.895549804961658,0.22540976123781076,鲁,False,False,False,True,False,False,True
2026-02-24,螺丝椒,4.15,2.8,5.5,1,鲁辽闽,-0.17821782178217815,6.031666666666666,0.7145632055407303,-2.633310324511819,0.056721372347313476,鲁辽闽,False,False,False,True,False,False,True
2026-01-31,朝天椒,18.5,18.0,19.0,1,,-0.1777777777777778,,,,,,True,False,False,True,True,False,True
2026-05-19,芥兰,1.85,1.7,2.0,1,,-0.1777777777777777,2.1966666666666663,0.35572493570884134,-0.974535749021572,0.12235199973687551,,True,False,False,True,True,False,True
2026-04-08,樱桃萝卜,1.85,1.5,2.2,1,,-0.1777777777777777,2.5416666666666665,0.26654990259745936,-2.594886210524014,0.07313269642132857,,True,False,False,True,True,False,True
2026-03-30,圆白菜,0.7,0.4,1.0,1,冀鄂鲁苏,-0.17647058823529416,1.0386666666666666,0.11340295359935282,-2.9864007586888763,0.07088506187386069,冀鄂鲁苏,False,False,False,True,False,False,True
2026-05-09,白萝卜,0.7,0.6,0.8,1,苏冀,-0.17647058823529416,0.778,0.11798304963002086,-0.6611119160302915,0.068797454122678,苏冀,False,False,False,True,False,False,True
2026-05-17,丝瓜,1.75,1.0,2.5,2,冀/豫冀,-0.17647058823529416,2.301666666666667,0.32216491100839323,-1.7123735323624205,0.11683072025871147,豫冀,True,False,False,True,True,False,True
2026-05-22,线椒,3.5,2.5,4.5,1,鲁冀,-0.17647058823529416,4.9,0.5746063120025012,-2.4364507850966772,0.057467085316081204,鲁冀,False,False,False,True,False,False,True
2026-05-08,扁豆,2.8,2.0,3.6,1,辽鲁,-0.17647058823529416,3.525,0.763696771382917,-0.9493296648186111,0.07046218894917138,辽鲁,False,False,False,True,False,False,True
2026-08-02,架豆,3.5,2.5,4.5,1,云冀,-0.17647058823529416,3.73,0.4900035186362132,-0.4693843845042995,0.05687668095960945,云冀,False,False,False,True,False,False,True
2026-03-29,油菜,0.7,0.6,0.8,1,鲁京皖,-0.17647058823529416,0.8833333333333333,0.06989318615762836,-2.6230501628565945,0.06329435400343664,鲁京皖,False,False,False,True,False,False,True
2026-04-23,娃娃菜,0.7,0.6,0.8,1,冀豫,-0.17647058823529416,1.0016666666666665,0.1373915455244954,-2.1956712512043377,0.04899804773152552,冀豫,False,False,False,True,False,False,True
2026-02-13,豇豆,5.65,4.5,6.8,1,海,-0.17518248175182471,4.741666666666666,0.8560216051629463,1.0611102895708222,0.1684160624041089,海,False,False,False,True,False,False,True
2026-07-20,青蒜,3.3,2.2,4.2,2,甘,-0.17500000000000004,3.78,0.3091562488562956,-1.5526129644014321,0.11133475702431421,甘,False,False,False,True,False,False,True
2026-07-02,油菜,0.825,0.4,1.5,2,冀京,-0.17500000000000004,1.0658333333333334,0.258933766439024,-0.930096281552553,0.25436747873552035,冀京,False,False,False,True,False,False,True
2026-06-09,散叶生菜,1.65,1.5,1.8,1,冀,-0.17500000000000004,1.5316666666666665,0.747580388173479,0.1582884398859774,0.16505753138864987,冀,False,False,False,True,False,False,True
2026-07-27,盖菜,2.6,2.2,3.0,1,,-0.17460317460317454,1.9400000000000002,0.7316019268087973,0.9021299368071369,0.22091090512921732,,True,False,False,True,True,False,True
2026-02-02,空心菜,6.4,6.0,6.8,1,,-0.17419354838709677,7.373913043478261,0.9226776208919678,-1.0555290617504764,0.06035445122711343,,True,False,False,True,True,False,True
2026-07-25,苦菊,3.675,2.4,5.0,2,冀/辽,-0.1741573033707866,3.1550333333333334,0.9762544002579371,0.5326139032298196,0.12404454831752275,冀/辽,False,False,False,True,False,False,True
2026-05-02,水萝卜,0.95,0.9,1.0,1,冀,-0.17391304347826086,1.4016666666666666,0.3269459866108065,-1.381471818476018,0.24261495318390586,冀,False,False,False,True,False,False,True
2026-06-24,奶白菜,1.9,1.8,2.0,1,,-0.17391304347826086,2.338333333333333,0.3802638225135833,-1.1527084812746693,0.1627508705977554,,True,False,False,True,True,False,True
2026-06-20,豆尖,9.5,9.0,10.0,1,,-0.17391304347826086,9.75,1.2909944487358054,-0.19364916731037088,0.16652138736707572,,True,False,False,True,True,False,True
2026-03-31,香蕉西葫,9.5,9.0,10.0,1,,-0.17391304347826086,,,,0.08187909254077688,,True,False,False,True,True,False,True
2026-04-05,莴笋,0.95,0.6,1.3,1,皖鲁津,-0.17391304347826086,1.2633333333333332,0.14735210781716349,-2.1264258650586902,0.07583779614031011,皖云浙津,True,False,False,True,True,False,True
2026-07-02,线茄,0.95,0.9,1.0,1,冀,-0.17391304347826086,1.5283333333333333,0.3745533738802387,-1.5440612037264738,0.06782623304868735,冀,False,False,False,True,False,False,True
2026-06-20,荷兰豆,9.5,9.0,10.0,1,,-0.17391304347826086,9.921875,1.5644987216357826,-0.2696550621395861,0.123476638227079,,True,False,False,True,True,False,True
2026-04-10,蚕豆仁,9.5,9.0,10.0,1,,-0.17391304347826086,,,,0.07097426074481898,,True,False,False,True,True,False,True
2026-03-25,西葫芦,1.55,1.3,1.8,2,鲁云,-0.17333333333333334,2.0766666666666667,0.3112082497502975,-1.6923287447850286,0.06308310551430718,鲁云,False,False,False,True,False,False,True
2026-07-31,苋菜,2.15,2.0,2.3,1,,-0.17307692307692313,3.003333333333333,0.8169469375978675,-1.0445394848317264,0.08426193518710637,,True,False,False,True,True,False,True
2026-05-08,香芹,2.15,1.8,2.5,1,,-0.17307692307692313,2.4316666666666666,0.1936417476599024,-1.4545761441967802,0.05774362776266051,,True,False,False,True,True,False,True
2026-04-14,菜心,2.15,1.8,2.5,1,,-0.17307692307692313,2.5933333333333337,0.6609467260775583,-0.6707550182816264,0.09451021382406755,,True,False,False,True,True,False,True
2026-06-29,芹菜,1.2,1.1,1.3,1,冀京,-0.1724137931034483,1.2166666666666666,0.24890565077656587,-0.0669597761829349,0.05335258904584755,津冀京,True,False,False,True,True,False,True
2026-01-17,小白菜,2.4,2.3,2.5,1,冀鲁,-0.1724137931034483,2.6191176470588236,0.29574183893070927,-0.7409085161946319,0.12931465252345634,冀鲁,False,False,False,True,False,False,True
2026-06-15,茼蒿,6.0,5.5,6.5,1,,-0.1724137931034483,4.833333333333333,1.5761877477292972,0.7401825501736082,0.11026189520291102,,True,False,False,True,True,False,True
2026-03-23,木耳菜,6.0,5.5,6.5,1,,-0.1724137931034483,6.913333333333333,0.45899690730934173,-1.9898463775874433,0.04777129651484975,,True,False,False,True,True,False,True
2026-07-01,油麦菜,1.2,1.0,1.5,2,京冀,-0.1724137931034483,1.7341666666666666,0.3285602955563769,-1.625779724120714,0.21339597852702946,京冀,False,False,False,True,False,False,True
2026-04-20,木耳菜,6.0,5.5,6.5,1,,-0.1724137931034483,6.333333333333333,1.0874149458085518,-0.30653738448066087,0.18355754240159297,,True,False,False,True,True,False,True
2026-08-02,扁豆,2.9,2.0,3.8,1,冀晋,-0.17142857142857149,3.6816666666666666,0.8318532833724172,-0.9396689083172349,0.090099569036123,冀晋,False,False,False,True,False,False,True
2026-04-17,架豆,2.9,2.5,3.3,1,云鲁,-0.17142857142857149,4.618333333333334,0.8867300772416937,-1.9378313394742022,0.06420265175199583,云鲁,False,False,False,True,False,False,True
2026-05-27,苋菜,2.9,2.5,3.3,1,,-0.17142857142857149,3.5283333333333333,1.2022739470179526,-0.5226207678306706,0.19147943786951355,,True,False,False,True,True,False,True
2026-07-24,菜心,2.9,2.5,3.3,1,,-0.17142857142857149,2.4183333333333334,0.6480053391294159,0.7433066328030219,0.3055410306827357,,True,False,False,True,True,False,True
2026-06-10,豇豆,2.9,2.3,3.5,1,鲁冀,-0.17142857142857149,3.0133333333333336,0.32982057121319863,-0.34362117837724004,0.1119931574459975,鲁冀,False,False,False,True,False,False,True
2026-01-23,美人椒,14.5,14.0,15.0,1,鲁,-0.17142857142857137,14.065217391304348,2.590649040413018,0.16782767635184445,0.08427467501028948,鲁,False,False,False,True,False,False,True
2026-05-30,油菜,0.85,0.8,0.9,1,冀京,-0.1707317073170731,0.8808333333333332,0.13190960419227052,-0.23374593170934557,0.21812475819976054,冀京,False,False,False,True,False,False,True
2026-03-30,黄心菜,3.65,3.3,4.0,1,,-0.17045454545454553,3.7233333333333336,0.9910577189542736,-0.07399501757648609,0.06509075853034298,,True,False,False,True,True,False,True
2026-08-02,豆王,4.15,3.0,5.3,1,冀甘云,-0.16999999999999993,4.031666666666667,0.5397130996048279,0.21925229055951312,0.07792528166749085,冀甘云,False,False,False,True,False,False,True
2026-03-10,茼蒿,4.15,3.5,4.8,1,,-0.16999999999999993,4.488333333333333,0.5368624259228956,-0.6302049035220143,0.20350047541277883,,True,False,False,True,True,False,True
2026-03-31,香椿,24.5,24.0,25.0,1,,-0.1694915254237288,,,,0.14997808223838863,,True,False,False,True,True,False,True
2026-06-20,油麦菜,1.35,1.0,1.7,1,京冀,-0.16923076923076918,1.5991666666666666,0.19168977871647092,-1.2998432589105855,0.07074846748464256,京冀,False,False,False,True,False,False,True
2026-05-09,苦菊,1.85,1.7,2.0,1,辽冀,-0.1685393258426966,2.5033333333333334,0.3251480652991959,-2.0093409835674305,0.14961991509094216,辽冀,False,False,False,True,False,False,True
2026-06-17,小黄瓜,2.85,2.0,3.8,2,辽鲁,-0.16788321167883202,3.209166666666667,0.33761864666322106,-1.0638235483034213,0.05001038191502106,辽鲁,False,False,False,True,False,False,True
2026-04-29,广茄,2.25,2.0,2.5,1,云,-0.16666666666666674,2.5433333333333334,0.16386144974531677,-1.7901302215331891,0.057647764786760244,云闽,True,False,False,True,True,False,True
2026-03-30,大白菜,0.75,0.6,0.9,1,冀鄂鲁,-0.16666666666666674,1.0353333333333332,0.09291202117143453,-3.0710055570404267,0.05536914742495476,冀鄂鲁,False,True,False,True,False,False,True
2026-07-03,茼蒿,4.5,4.0,5.0,1,,-0.16666666666666674,6.234999999999999,0.9859486941957019,-1.7597264545447207,0.12404354727947502,,True,False,False,True,True,False,True
2026-06-30,豇豆,1.5,1.2,1.8,1,鲁冀,-0.16666666666666674,2.355,0.5384124172365279,-1.588002008550247,0.09978795022310469,鲁冀,False,False,False,True,False,False,True
2026-02-03,香葱,2.75,2.5,3.0,1,,-0.16666666666666663,4.075,0.7277123177405365,-1.8207744567440793,0.05709211752097215,,True,False,False,True,True,False,True
2026-06-04,圆白菜,0.5,0.4,0.6,1,冀,-0.16666666666666663,0.46066666666666667,0.04667815950431984,0.842649619244161,0.12633713668951596,冀,False,False,False,True,False,False,True
2026-02-13,油菜,1.25,0.7,2.5,4,鲁京皖,-0.16666666666666663,1.2066666666666666,0.16763226035773574,0.25850235056699655,0.10528694422091854,鲁京皖,False,False,False,True,False,False,True
2026-05-23,螺丝椒,2.5,2.0,3.0,1,鲁辽冀,-0.16666666666666663,3.2,0.2816209239875401,-2.485610763889727,0.056393349012652846,鲁辽冀,False,False,False,True,False,False,True
2026-02-27,香葱,3.75,3.5,4.0,1,,-0.16666666666666663,3.7527666666666666,0.9494128742265535,-0.0029140816832934464,0.23019924589145946,,True,False,False,True,True,False,True
2026-02-24,鸡毛菜,3.75,3.5,4.0,1,,-0.16666666666666663,4.253333333333333,0.6844244162865578,-0.7354111299305184,0.10941177935848663,,True,False,False,True,True,False,True
2026-06-16,扁豆,2.5,2.0,3.0,1,冀晋,-0.16666666666666663,4.165,0.9420401558173702,-1.7674405806569327,0.06630714562247383,冀晋,False,False,False,True,False,False,True
2026-05-19,鸡毛菜,2.5,2.0,3.0,1,,-0.16666666666666663,2.52,0.3628431788166858,-0.0551202314598405,0.1570688830642461,,True,False,False,True,True,False,True
2026-05-15,散生菜,1.25,0.8,1.7,1,,-0.16666666666666663,1.6083333333333334,0.1969961199221203,-1.8189867570741776,0.23862434040400204,,True,False,False,True,True,False,True
2026-04-28,苋菜,3.25,3.0,3.5,1,,-0.16666666666666663,5.421666666666667,1.2229615928029989,-1.7757439640350916,0.13446327523768672,,True,False,False,True,True,False,True
2026-05-15,穿心莲,2.5,2.0,3.0,1,,-0.16666666666666663,2.8383333333333334,0.3001962959331176,-1.1270403329983543,0.1793760001244519,,True,False,False,True,True,False,True
2026-05-25,香菜,2.5,2.0,3.0,1,冀,-0.16666666666666663,1.62,0.567146517589384,1.551627265103165,0.2732151763824921,冀,False,False,False,True,False,False,True
2026-07-21,平菇,3.75,3.5,4.0,1,冀蒙,-0.16666666666666663,2.9466666666666668,0.708925040214886,1.133171051610521,0.14770372953605504,冀蒙,False,False,False,True,False,False,True
2026-07-28,豇豆,2.5,2.0,3.0,1,鲁冀,-0.16666666666666663,2.098333333333333,0.8272808943526486,0.4855263422721408,0.13229291569139923,鲁冀,False,False,False,True,False,False,True
2026-07-31,穿心莲,2.5,2.0,3.0,1,,-0.16666666666666663,2.7866666666666666,0.2648790658776951,-1.0822548989168954,0.08018890136872027,,True,False,False,True,True,False,True
2026-03-16,豌豆苗,6.25,6.0,6.5,1,,-0.16666666666666663,5.6899999999999995,0.9149524200932422,0.612053684652729,0.10067605184311879,,True,False,False,True,True,False,True
2026-01-06,茼蒿,3.75,3.5,4.0,1,,-0.16666666666666663,,,,,,True,False,False,True,True,False,True
2026-02-24,小葱,3.75,3.0,4.5,1,冀辽,-0.16666666666666663,4.381666666666666,0.29609042576531514,-2.1333572844646205,0.04454354031873738,冀辽,False,False,False,True,False,False,True
2026-05-26,茴香,1.25,1.0,1.5,1,冀,-0.16666666666666663,1.3083333333333333,0.20639906664675678,-0.2826240170609316,0.17396668809308963,冀,False,False,False,True,False,False,True
2026-03-22,韭菜,2.0,1.5,2.5,1,冀,-0.16666666666666663,2.478333333333333,0.5449902456155432,-0.8776915498608163,0.051322743127671606,冀,False,False,False,True,False,False,True
2026-05-12,白萝卜,0.5,0.4,0.6,1,鄂冀,-0.16666666666666663,0.778,0.12087040652042898,-2.2999839911435536,0.07610081400694058,鄂冀,False,False,False,True,False,False,True
2026-05-20,韭菜,1.25,1.0,1.5,1,冀,-0.16666666666666663,1.0516666666666667,0.13096678529522635,1.5143788777150535,0.1440729702512611,冀,False,False,False,True,False,False,True
2026-08-04,穿心莲,2.5,2.0,3.0,1,,-0.16666666666666663,2.7783333333333333,0.26995636088379116,-1.0310308392886813,0.10811065685626838,,True,False,False,True,True,False,True
2026-07-03,线椒,2.5,1.5,3.5,1,鲁冀,-0.16666666666666663,2.9833333333333334,0.09128709291754528,-5.294651389215586,0.0445435403187374,鲁冀,False,True,False,True,False,False,True
2026-04-29,线茄,2.5,2.0,3.0,1,冀,-0.16666666666666663,2.875,0.15014360941540775,-2.497608799069656,0.05284611410677474,闽冀,True,False,False,True,True,False,True
2026-04-29,穿心莲,2.5,2.0,3.0,1,,-0.16666666666666663,2.9699999999999998,0.34305925898075273,-1.3700256958415717,0.13540845648843872,,True,False,False,True,True,False,True
2026-04-28,荆芥,3.75,3.5,4.0,1,,-0.16666666666666663,4.466666666666667,1.103937571115105,-0.6491912997786191,0.07447037922940955,,True,False,False,True,True,False,True
2026-07-17,穿心莲,2.5,2.0,3.0,1,,-0.16666666666666663,2.673333333333333,0.3566446442873654,-0.48601131717449836,0.04917727489681028,,True,False,False,True,True,False,True
2026-06-04,土豆,0.93,0.8,1.05,1,鲁冀,-0.1659192825112107,1.0401666666666667,0.04167781460063726,-2.6432927859173825,0.061504409280319694,陕蒙冀/鲁,True,False,False,True,True,False,True
2026-07-28,小黄瓜,4.4,3.8,4.8,2,辽冀/辽鲁,-0.16587677725118477,4.419166666666667,1.1495067032947366,-0.016673818962282826,0.0646487304209217,辽冀/辽鲁,False,False,False,True,False,False,True
2026-06-20,苦菊,2.4,2.3,2.5,1,辽冀,-0.16521739130434787,2.7308333333333334,0.7605772346613147,-0.4349766443912218,0.12948474770554055,辽冀,False,False,False,True,False,False,True
2026-04-13,茼蒿,4.8,4.3,5.3,1,,-0.16521739130434787,3.7666666666666666,0.7288788430295473,1.417702466212816,0.1265062126200191,,True,False,False,True,True,False,True
2026-02-28,紫甘蓝,2.05,2.0,2.1,1,云,-0.16326530612244916,2.506666666666667,0.0953517384371596,-4.789285168278579,0.0440846757022916,云,False,True,False,True,False,False,True
2026-03-29,豇豆,4.4,3.8,5.0,1,海,-0.16190476190476188,4.930000000000001,0.7652585769889627,-0.6925763603792243,0.07023813256862887,海,False,False,False,True,False,False,True
2026-05-04,小黄瓜,2.225,1.7,2.7,2,辽鲁,-0.160377358490566,2.856666666666667,0.3268800616627396,-1.9324111218456408,0.042767575412485645,辽鲁,False,False,False,True,False,False,True
2026-02-02,美人椒,10.5,10.0,11.0,1,鲁,-0.16000000000000003,14.333333333333334,2.1945596264451304,-1.7467437599509568,0.06525814680278326,鲁,False,False,False,True,False,False,True
2026-07-27,空心菜,3.15,2.8,3.5,1,,-0.16000000000000003,2.6833333333333327,0.6834664854852875,0.6827937822515407,0.1483937944419559,,True,False,False,True,True,False,True
2026-03-26,豇豆,5.25,4.5,6.0,1,海,-0.16000000000000003,4.9783333333333335,0.770991673703121,0.3523600525565141,0.05420021562409323,海,False,False,False,True,False,False,True
2026-06-30,冰草,5.25,5.0,5.5,1,,-0.16000000000000003,6.397058823529412,0.8247102878123503,-1.3908627556619095,0.09328640341343782,,True,False,False,True,True,False,True
2026-03-04,大葱,1.05,0.9,1.2,1,苏闽,-0.15999999999999992,1.6366666666666667,0.2606137759787166,-2.2510961458713434,0.04666389716727914,苏闽,False,False,False,True,False,False,True
2026-02-14,油菜,1.05,0.9,1.2,1,鲁京皖,-0.15999999999999992,1.2066666666666668,0.16763226035773574,-0.9345854212806779,0.10859089789597136,鲁京皖,False,False,False,True,False,False,True
2026-06-30,广茄,1.05,0.8,1.3,1,冀,-0.15999999999999992,1.9,0.35135206824787607,-2.419225833047699,0.07586361409946496,冀,False,False,False,True,False,False,True
2026-02-24,青萝卜,2.1,1.8,2.4,1,津鲁,-0.15999999999999992,1.9966666666666666,0.19736773542934008,0.523557374302083,0.07275771550852156,津鲁,False,False,False,True,False,False,True
2026-05-07,蒿子秆,2.1,1.7,2.5,1,,-0.15999999999999992,2.426666666666667,0.4538595661073217,-0.719752740849847,0.1000122980362308,,True,False,False,True,True,False,True
2026-03-15,海带,1.05,1.0,1.1,1,辽,-0.15999999999999992,,,,0.048241815132442155,辽,False,False,False,True,False,False,True
2026-08-01,苦菊,2.8,2.2,3.3,2,冀/辽,-0.15991599159916003,3.4319666666666664,0.8543348484835029,-0.7397177673232531,0.11126287843112581,冀/辽,False,False,False,True,False,False,True
2026-06-16,樱桃萝卜,1.85,1.7,2.0,1,,-0.15909090909090917,2.373333333333333,0.4795352155874565,-1.0913345179294527,0.10333133019934698,,True,False,False,True,True,False,True
2026-05-11,青蒜,3.575,2.8,4.5,2,冀,-0.1588235294117647,2.7625,0.6096122990659013,1.3328143169765114,0.11509842985663586,冀,False,False,False,True,False,False,True
2026-07-17,奶白菜,2.65,2.3,3.0,1,,-0.15873015873015872,2.26,0.42108234922350307,0.9261846304391045,0.10910909961410249,,True,False,False,True,True,False,True
2026-08-07,白豆,2.65,1.8,3.5,1,蒙冀,-0.15873015873015872,2.8483333333333336,0.6610445409028577,-0.30003021137191316,0.07430327049523028,蒙冀,False,False,False,True,False,False,True
2026-01-06,丝瓜,4.25,3.5,5.0,1,豫冀,-0.15841584158415833,,,,,豫冀,False,False,False,True,False,False,True
2026-06-12,苦菊,3.325,2.3,4.5,2,辽冀,-0.15822784810126578,2.565833333333333,0.8101054458114251,0.9371208039544332,0.1460346474527908,辽冀,False,False,False,True,False,False,True
2026-04-14,扁豆,4.0,3.0,5.0,1,云鲁,-0.1578947368421053,5.818333333333333,0.7108134404514578,-2.558102069902418,0.047511549788653906,云鲁,False,False,False,True,False,False,True
2026-07-27,菊花菜,2.4,2.0,2.8,1,,-0.1578947368421053,2.1883333333333335,0.3512743630851931,0.6025679323922988,0.14010719871846883,,True,False,False,True,True,False,True
2026-07-18,彩椒,4.0,3.5,4.5,1,鲁,-0.1578947368421053,4.55,0.47976287246211097,-1.1463996727746701,0.06863772906929715,鲁,False,False,False,True,False,False,True
2026-07-04,苦菊,2.0,1.9,2.1,1,辽冀,-0.1578947368421053,2.7950000000000004,0.662199834407749,-1.2005439426166933,0.09279279122276639,辽冀,False,False,False,True,False,False,True
2026-06-27,苦菊,2.0,1.9,2.1,1,辽冀,-0.1578947368421053,2.7958333333333334,0.706621494706752,-1.1262512381732803,0.10094323624619105,辽冀,False,False,False,True,False,False,True
2026-03-20,小黄瓜,4.0,3.5,4.3,2,辽鲁,-0.1578947368421053,5.348333333333333,0.7604993066415633,-1.7729580047714968,0.05929040936564688,辽鲁,False,False,False,True,False,False,True
2026-06-09,樱桃萝卜,2.4,2.0,2.8,1,,-0.1578947368421053,2.31,0.535691625136498,0.16800710665780377,0.10334594936243466,,True,False,False,True,True,False,True
2026-02-12,豆王,4.55,3.5,5.6,1,云,-0.15740740740740744,4.2716666666666665,0.4409400876757988,0.6312271011702114,0.0971429972319004,云,False,False,False,True,False,False,True
2026-03-24,空心菜,7.5,7.0,8.0,1,,-0.1573033707865169,8.003333333333334,1.5751810696865456,-0.31953998370072784,0.08341432191210113,,True,False,False,True,True,False,True
2026-02-02,苋菜,5.9,5.3,6.5,1,,-0.15714285714285714,7.063043478260869,1.053157308385378,-1.1043397496276786,0.07603629153288081,,True,False,False,True,True,False,True
2026-01-24,青蒜,2.55,2.3,2.8,1,豫鲁川,-0.15702479338842978,3.126041666666667,0.353282677699203,-1.6305403661968643,0.08247067042435272,豫鲁川,False,False,False,True,False,False,True
2026-01-31,青蒜,2.55,2.3,2.8,1,豫鲁川,-0.15702479338842978,3.0508333333333337,0.32466715936142393,-1.5426054619087586,0.08904932689320397,豫鲁川,False,False,False,True,False,False,True
2026-04-30,丝瓜,2.15,1.8,2.5,1,豫冀,-0.1568627450980392,2.735,0.20642690949948478,-2.8339328502200924,0.04483307879598578,豫冀,False,False,False,True,False,False,True
2026-05-08,菠菜,1.75,1.0,2.5,2,冀,-0.15662650602409645,1.6975,0.5152982899119852,0.10188273671346197,0.49982174932728896,冀,False,False,False,True,False,False,True
2026-07-24,樱桃萝卜,3.5,3.0,4.0,1,,-0.15662650602409645,2.7683333333333335,0.9919054575823286,0.7376375047376305,0.20066796036348872,,True,False,False,True,True,False,True
2026-06-03,油豆,3.25,3.0,3.5,1,冀辽,-0.1558441558441559,3.771666666666667,0.39231482197368595,-1.3297143963162756,0.09557042186871142,冀辽,False,False,False,True,False,False,True
2026-06-25,水萝卜,1.9,1.8,2.0,1,,-0.15555555555555556,1.7116666666666667,0.5625041506871081,0.3348123442347598,0.19930869800128856,,True,False,False,True,True,False,True
2026-04-23,奶白菜,1.9,1.8,2.0,1,,-0.15555555555555556,3.69,1.214098217920865,-1.4743452989045343,0.11219002586164072,,True,False,False,True,True,False,True
2026-07-23,韭菜,1.9,1.8,2.0,1,冀,-0.15555555555555556,1.5183333333333333,0.24050354264123114,1.5869482107214288,0.10985913598012792,冀,False,False,False,True,False,False,True
2026-06-26,穿心莲,1.9,1.8,2.0,1,,-0.15555555555555556,2.6716666666666664,0.4486922248531714,-1.7198128782355973,0.25019611954595405,,True,False,False,True,True,False,True
2026-07-10,夹豆,9.5,9.0,10.0,1,,-0.15555555555555556,10.777777777777779,0.9659226345560568,-1.3228572683412188,0.0682288007332185,,True,False,False,True,True,False,True
2026-06-21,苦瓜,1.9,1.8,2.0,1,鲁,-0.15555555555555556,2.5083333333333333,0.4723534863764109,-1.287877301383063,0.07596887466952308,鲁,False,False,False,True,False,False,True
2026-08-10,鱼腥草根,9.5,9.0,10.0,1,,-0.15555555555555556,9.107142857142858,0.8425090080061037,0.4662942937392264,0.09168850039405595,,True,False,False,True,True,False,True
2026-06-05,穿心莲,1.9,1.8,2.0,1,,-0.15555555555555556,2.836666666666667,0.38122609214656766,-2.4569846764490415,0.07808676989228934,,True,False,False,True,True,False,True
2026-06-17,鸡毛菜,1.9,1.8,2.0,1,,-0.15555555555555556,3.5233333333333334,1.4510836220428236,-1.1187041936618498,0.10617103461866947,,True,False,False,True,True,False,True
2026-06-12,菊花菜,1.9,1.8,2.0,1,,-0.15555555555555556,1.8016666666666665,0.6080612680866238,0.16171616002242215,0.28734194223330073,,True,False,False,True,True,False,True
2026-03-30,菊花菜,3.0,2.5,3.5,1,,-0.15492957746478864,4.596666666666667,0.680381907629741,-2.346721229300473,0.06082912904668137,,True,False,False,True,True,False,True
2026-04-28,空心菜,3.0,2.5,3.5,1,,-0.15492957746478864,4.976666666666666,2.2857026888047343,-0.8647960543373762,0.08905229315844401,,True,False,False,True,True,False,True
2026-05-29,茼蒿,4.65,4.3,5.0,1,,-0.15454545454545443,3.605,0.9951910230773753,1.0500496646046942,0.127148711544623,,True,False,False,True,True,False,True
2026-07-21,鸡毛菜,7.4,7.0,7.8,1,,-0.15428571428571425,3.8433333333333333,2.028959871687841,1.752950719379169,0.21068462585850864,,True,False,False,True,True,False,True
2026-04-27,蒿子秆,2.2,1.8,2.6,1,,-0.15384615384615385,2.51,0.471132165364857,-0.6579894619589973,0.11268959587128093,,True,False,False,True,True,False,True
2026-07-06,扁豆,2.75,2.5,3.0,1,冀晋,-0.15384615384615385,2.97,0.7678451711748613,-0.2865160949874615,0.12153623613894664,冀晋,False,False,False,True,False,False,True
2026-06-26,螺丝椒,2.75,2.0,3.5,1,鲁冀,-0.15384615384615385,2.7083333333333335,0.2942211616353115,0.14161682468752043,0.07307290651515609,鲁冀,False,False,False,True,False,False,True
2026-04-07,穿心莲,2.75,2.5,3.0,1,,-0.15384615384615385,3.725,0.6609488998976154,-1.4751518614389598,0.1852268880793941,,True,False,False,True,True,False,True
2026-06-16,木耳菜,2.75,2.5,3.0,1,,-0.15384615384615385,2.8016666666666667,0.3077962081428459,-0.16785998430067936,0.09581363307874921,,True,False,False,True,True,False,True
2026-08-04,菊花菜,2.75,2.5,3.0,1,,-0.15384615384615385,2.2916666666666665,0.38842816167419963,1.1799693702892942,0.12330915377949486,,True,False,False,True,True,False,True
2026-06-26,空心菜,2.75,2.5,3.0,1,,-0.15384615384615385,2.6733333333333333,0.4578309681556071,0.16745627098036164,0.1632640253466179,,True,False,False,True,True,False,True
2026-02-27,蒿子秆,2.75,2.5,3.0,1,,-0.15384615384615385,3.9527666666666668,0.61803524524724,-1.9461133906457224,0.09642802866257326,,True,False,False,True,True,False,True
2026-08-02,菠菜,2.75,2.5,3.0,1,蒙,-0.15384615384615385,3.3358333333333334,0.7237260904672371,-0.8094683072087671,0.15306410331157652,蒙,False,False,False,True,False,False,True
2026-05-10,红尖椒,5.5,5.0,6.0,1,鲁桂,-0.15384615384615385,6.741666666666666,0.5189650399050839,-2.392582488588751,0.07126187198082883,鲁桂,False,False,False,True,False,False,True
2026-04-08,荠菜,5.5,5.0,6.0,1,,-0.15384615384615385,6.929166666666666,3.07725305273627,-0.46442936026852333,0.5624403646563654,,True,False,False,True,True,False,True
2026-03-25,白豆,5.5,5.0,6.0,1,云鲁,-0.15384615384615385,5.526666666666666,0.5808337249953311,-0.04591101638748808,0.07217254335694295,云鲁,False,False,False,True,False,False,True
2026-06-02,茴香,2.75,2.5,3.0,1,冀,-0.15384615384615385,1.4816666666666667,0.4654407131647082,2.7250158773379605,0.2837053745462946,冀,False,False,False,True,False,False,True
2026-06-03,樱桃萝卜,2.75,2.5,3.0,1,,-0.15384615384615385,2.185,0.5388605475029472,1.048508751695001,0.13161664276608478,,True,False,False,True,True,False,True
2026-06-11,苋菜,2.75,2.5,3.0,1,,-0.15384615384615385,3.021666666666667,0.518898590407024,-0.523544815285722,0.18461419803717832,,True,False,False,True,True,False,True
2026-05-13,快菜,0.55,0.4,0.7,1,,-0.15384615384615385,0.74,0.1904622326577254,-0.9975731007072876,0.18658628319599102,,True,False,False,True,True,False,True
2026-05-04,快菜,0.55,0.4,0.7,1,,-0.15384615384615385,0.8166666666666667,0.226796784829934,-1.1757956219116132,0.2169720805463279,,True,False,False,True,True,False,True
2026-06-25,苋菜,2.75,2.5,3.0,1,,-0.15384615384615385,3.15,0.48334324207040846,-0.8275692410358186,0.22020512973679351,,True,False,False,True,True,False,True
2026-03-01,丝瓜,2.75,2.5,3.0,1,豫冀,-0.15384615384615385,4.133333333333334,0.6877415980927181,-2.0114143701205047,0.11560900743699574,豫冀,False,False,False,True,False,False,True
2026-04-29,苋菜,2.75,2.5,3.0,1,,-0.15384615384615385,5.241666666666666,1.2048095666759977,-2.0681000015139617,0.1390716052459656,,True,False,False,True,True,False,True
2026-08-05,鸡毛菜,5.5,5.0,6.0,1,,-0.15384615384615385,5.325,2.209413637300551,0.0792065356371267,0.20559394100937925,,True,False,False,True,True,False,True
2026-02-26,苦瓜,2.75,2.5,3.0,1,鲁,-0.15384615384615385,4.728333333333334,0.6860284669540045,-2.883748165899322,0.10961483937238012,鲁,False,False,False,True,False,False,True
2026-06-10,鸡毛菜,2.75,2.5,3.0,1,,-0.15384615384615385,3.566666666666667,1.4144776867935325,-0.5773627073029067,0.1445604334321983,,True,False,False,True,True,False,True
2026-03-20,冰草,5.5,5.0,6.0,1,,-0.15384615384615385,,,,,,True,False,False,True,True,False,True
2026-05-11,芹菜,1.1,1.0,1.2,1,鲁津冀京,-0.15384615384615385,1.0866666666666667,0.16965143440419836,0.07859251753549253,0.05021371949539167,鲁津冀,True,False,False,True,True,False,True
2026-06-05,苦瓜,2.75,2.5,3.0,1,鲁,-0.15384615384615385,2.3383333333333334,0.6042497961041856,0.681285569843513,0.21137148958937982,鲁,False,False,False,True,False,False,True
2026-04-10,香葱,2.75,2.5,3.0,1,,-0.15384615384615385,3.2866666666666666,0.32375313427675334,-1.6576416097578495,0.06698448087484916,,True,False,False,True,True,False,True
2026-04-26,圆白菜,0.55,0.4,0.7,1,冀鲁苏,-0.15384615384615385,0.662,0.07462088087169387,-1.5009203682891021,0.04923048601119531,冀鲁苏,False,False,False,True,False,False,True
2026-06-10,香菜,2.75,2.5,3.0,1,冀辽,-0.15384615384615385,2.5966666666666667,0.9396379836031851,0.16318341319638152,0.16772597391121447,冀辽,False,False,False,True,False,False,True
2026-08-03,大白菜,0.55,0.5,0.6,1,冀,-0.15384615384615385,0.6046666666666666,0.13242391005412651,-0.4128156814303569,0.07160094468691312,冀,False,False,False,True,False,False,True
2026-04-10,奶白菜,2.75,2.5,3.0,1,,-0.15384615384615385,3.9466666666666663,0.9613149519182614,-1.2448226923744097,0.09395274958189319,,True,False,False,True,True,False,True
2026-08-02,小米椒,5.5,5.0,6.0,1,桂,-0.15384615384615385,6.466666666666667,0.18257418583532722,-5.294651389208723,0.04111711414037296,桂,False,True,False,True,False,False,True
2026-02-06,平菇,2.75,2.5,3.0,1,京,-0.15384615384615385,3.4166666666666665,0.30323921743156135,-2.1984843263788196,0.052297636036849074,京,False,False,False,True,False,False,True
2026-04-07,芥兰,2.75,2.5,3.0,1,,-0.15384615384615385,3.7416666666666667,0.7813652213884379,-1.2691461553721781,0.1216694705691848,,True,False,False,True,True,False,True
2026-03-02,芥兰,2.75,2.5,3.0,1,,-0.15384615384615385,3.135,0.3634485212326595,-1.059297197562524,0.09168714284444558,,True,False,False,True,True,False,True
2026-03-05,平菇,2.75,2.5,3.0,1,京,-0.15384615384615385,2.9050000000000002,0.3983478812329225,-0.38910712797131325,0.11737697713277973,京,False,False,False,True,False,False,True
2026-04-22,金丝南瓜,1.1,1.0,1.2,1,海桂粤,-0.15384615384615385,1.4583333333333333,0.1747329653940617,-2.0507483091425356,0.04398056615820584,海桂粤,False,False,False,True,False,False,True
2026-04-23,茼蒿,2.75,2.5,3.0,1,,-0.15384615384615385,3.8,0.7976257872910855,-1.3164067871552063,0.1456487770119211,,True,False,False,True,True,False,True
2026-03-23,美人椒,5.5,5.0,6.0,1,鲁,-0.15384615384615385,7.166666666666667,0.5466722735905627,-3.0487492181008955,0.052297636036849095,鲁,False,True,False,True,False,False,True
2026-07-30,平菇,2.75,2.5,3.0,1,冀蒙,-0.15384615384615385,3.18,0.7585830711676004,-0.5668462905956367,0.1584519292116414,冀蒙,False,False,False,True,False,False,True
2026-05-10,彩椒,5.5,5.0,6.0,1,鲁闽,-0.15384615384615385,6.466666666666667,0.1825741858350468,-5.294651389216854,0.041117114140372994,鲁闽,False,True,False,True,False,False,True
2026-05-14,美人椒,5.5,5.0,6.0,1,鲁闽,-0.15384615384615385,5.983333333333333,0.6078982068447805,-0.7950892565418387,0.050471488159041976,鲁闽,False,False,False,True,False,False,True
2026-03-22,黄瓜,1.925,1.4,2.5,2,冀/辽冀鲁云,-0.15384615384615374,3.0275000000000003,0.5244599028097112,-2.102162613564031,0.044186198602821726,冀/辽冀鲁云,False,False,False,True,False,False,True
2026-07-13,青蒜,3.725,2.8,4.5,2,甘,-0.15340909090909094,3.7291666666666665,0.3158925049959923,-0.01319014095228151,0.0923080037061362,甘,False,False,False,True,False,False,True
2026-07-14,菠菜,3.6,2.0,5.2,2,蒙,-0.15294117647058825,2.565,0.6249689647466957,1.6560822350906543,0.22776923970835997,蒙,False,False,False,True,False,False,True
2026-03-04,冬瓜,1.525,1.4,1.7,2,海,-0.1527777777777779,1.8183333333333336,0.0825074012702364,-3.555236606866084,0.04215114424702442,新桂/桂海,True,True,False,True,True,False,True
2026-06-02,菊花菜,2.5,2.0,3.0,1,,-0.15254237288135597,1.5933333333333333,0.5656447851686528,1.6028905250073768,0.2259599797986672,,True,False,False,True,True,False,True
2026-02-12,油豆,7.0,6.8,7.2,1,云,-0.1515151515151515,4.823333333333333,0.8735316086235045,2.491800691787924,0.14704639135655448,云,False,False,False,True,False,True,True
2026-04-06,长茄,1.4,1.0,1.8,1,辽,-0.1515151515151515,2.0916666666666663,0.3101955260280485,-2.2297764107794533,0.05441643796106613,辽,False,False,False,True,False,False,True
2026-02-04,荠菜,7.0,6.5,7.5,1,,-0.1515151515151515,9.166666666666666,2.078969789250287,-1.0421828531948047,0.26692497631883705,,True,False,False,True,True,False,True
2026-06-19,水萝卜,1.4,1.3,1.5,1,,-0.1515151515151515,1.5633333333333332,0.5746713203534488,-0.28422043618407117,0.1537626573768055,,True,False,False,True,True,False,True
2026-05-12,青萝卜,1.4,1.3,1.5,1,津鲁,-0.1515151515151515,1.4366666666666668,0.1519603699093604,-0.24129098059275167,0.06746906440581757,津鲁,False,False,False,True,False,False,True
2026-04-27,毛冬瓜,1.4,1.0,1.8,1,冀,-0.1515151515151515,1.8616666666666668,0.1664452552297783,-2.7736847531600364,0.06827152615831898,冀,False,False,False,True,False,False,True
2026-02-26,芹菜,1.4,1.2,1.6,1,鲁津,-0.1515151515151515,1.8550000000000002,0.1220161097334394,-3.729015791390243,0.0613587333526703,鲁津,False,True,False,True,False,False,True
2026-04-01,樱桃萝卜,2.25,2.0,2.5,1,,-0.15094339622641506,2.6550000000000002,0.23901738502634007,-1.6944374148992076,0.044543103139254074,,True,False,False,True,True,False,True
2026-04-02,菊花菜,2.25,2.0,2.5,1,,-0.15094339622641506,4.433333333333334,0.9265558521354429,-2.3563968953424475,0.06662327856476538,,True,False,False,True,True,False,True
2026-06-12,茴香,2.25,2.0,2.5,1,冀,-0.15094339622641506,2.0116666666666663,0.7421640460601504,0.32113295517150053,0.2545615483044186,冀,False,False,False,True,False,False,True
2026-07-03,白豆,2.25,2.0,2.5,1,蒙冀,-0.15094339622641506,3.101666666666667,0.5221776902835705,-1.6309901447611947,0.07138930461303794,蒙冀,False,False,False,True,False,False,True
2026-06-07,苦瓜,2.25,2.0,2.5,1,鲁,-0.15094339622641506,2.351666666666667,0.6066418777302536,-0.16758926542798555,0.16638535486177425,鲁,False,False,False,True,False,False,True
2026-07-14,大白菜,0.45,0.4,0.5,1,冀,-0.15094339622641506,0.449,0.07241403940845113,0.013809476838593472,0.19265880869849814,冀,False,False,False,True,False,False,True
2026-06-04,菜心,2.25,2.0,2.5,1,,-0.15094339622641506,1.9833333333333334,0.5461989869391318,0.4882225581578822,0.18650619936115356,,True,False,False,True,True,False,True
2026-05-19,香芹,2.25,2.0,2.5,1,,-0.15094339622641506,2.3633333333333337,0.16760654528683594,-0.6761867989068031,0.1185183315849681,,True,False,False,True,True,False,True
2026-04-25,苦菊,2.4,2.3,2.5,1,辽冀,-0.15044247787610632,2.368333333333333,0.344784623760403,0.09184477637457657,0.15442516530375094,辽冀,False,False,False,True,False,False,True
2026-06-22,茄子,0.85,0.5,1.2,1,冀鲁津,-0.15000000000000002,1.2866666666666666,0.20040189505149486,-2.1789547776205493,0.06914165118344005,冀鲁津,False,False,False,True,False,False,True
2026-03-31,架豆,4.25,3.5,5.0,1,云,-0.15000000000000002,5.183333333333334,0.5438263752676781,-1.7162340331028176,0.06834281779851242,云,False,False,False,True,False,False,True
2026-03-29,韭菜,1.7,1.4,2.0,1,冀,-0.15000000000000002,2.2516666666666665,0.19497273608402063,-2.8294554292397778,0.06217712695191953,冀,False,False,False,True,False,False,True
2026-08-07,豇豆,1.7,1.2,2.2,1,鲁冀,-0.15000000000000002,2.243333333333333,0.69959758547982,-0.7766369475970779,0.09960072519510005,鲁冀,False,False,False,True,False,False,True
2026-01-05,鸡毛菜,4.25,4.0,4.5,1,,-0.15000000000000002,,,,,,True,False,False,True,True,False,True
2026-06-08,香芹,2.55,2.3,2.8,1,,-0.15000000000000002,2.443333333333334,0.20667037445691325,0.516119772594228,0.08503894849672779,,True,False,False,True,True,False,True
2026-05-12,豇豆,3.4,2.8,4.0,1,鲁冀,-0.15000000000000002,3.943333333333334,0.8070522494444415,-0.6732319173973601,0.0528037840318966,鲁冀,False,False,False,True,False,False,True
2026-03-17,快菜,0.85,0.5,1.2,1,,-0.15000000000000002,1.4783333333333333,0.44386300568541653,-1.4156019431334592,0.238070293942536,,True,False,False,True,True,False,True
2026-03-03,架豆,4.25,3.0,5.5,1,云,-0.15000000000000002,5.038333333333333,0.3578391406410326,-2.203038303526869,0.05948101723725753,云,False,False,False,True,False,False,True
2026-05-17,芹菜,0.85,0.8,0.9,1,鲁津冀京,-0.15000000000000002,1.1083333333333334,0.15147739864035928,-1.7054249389816474,0.05494689308335428,鲁津冀京,False,False,False,True,False,False,True
2026-05-29,青蒜,3.55,3.0,4.0,2,甘,-0.14970059880239517,3.7808333333333333,0.49639577392219536,-0.46501873194737164,0.05265215606167768,甘,False,False,False,True,False,False,True
2026-02-07,油菜,1.0,0.9,1.1,1,鲁京皖,-0.14893617021276595,1.1583333333333334,0.1609954664886098,-0.9834645458450552,0.07243882714704183,鲁京皖,False,False,False,True,False,False,True
2026-04-15,尖椒,3.15,2.5,3.8,1,辽鲁粤闽,-0.14864864864864868,2.986666666666667,0.4152135581247136,0.3933718688547118,0.06973239160277296,辽鲁粤闽,False,False,False,True,False,False,True
2026-05-19,散菜花,1.15,0.8,1.5,1,冀,-0.14814814814814825,1.7300000000000002,0.2796549598196425,-2.0739843140062986,0.07618345182515959,陕鲁冀,True,False,False,True,True,False,True
2026-04-13,韭菜,1.15,1.0,1.3,1,冀,-0.14814814814814825,1.79,0.41655400775806406,-1.5364154181219982,0.04719933537250253,冀,False,False,False,True,False,False,True
2026-03-27,小白菜,1.15,0.6,2.0,2,冀鲁,-0.14814814814814825,1.6075000000000002,0.44533743502481593,-1.027310897352491,0.4087181156443498,冀鲁,False,False,False,True,False,False,True
2026-04-02,莴笋,1.15,0.7,1.6,1,皖云浙津,-0.14814814814814825,1.2600000000000002,0.14878820865405568,-0.7393058965832366,0.06084933646543812,皖云浙津,False,False,False,True,False,False,True
2026-04-27,茴香,1.15,1.0,1.3,1,冀,-0.14814814814814825,1.5033333333333334,0.15477087254555877,-2.2829446362998653,0.060910860451553125,冀,False,False,False,True,False,False,True
2026-06-19,罗马生菜,1.15,1.0,1.3,1,京冀,-0.14814814814814825,1.54,0.16049492418657527,-2.4299833902947943,0.0726955020618402,京冀,False,False,False,True,False,False,True
2026-07-21,荠菜,11.5,11.0,12.0,1,,-0.14814814814814814,9.554166666666667,2.2253640087105717,0.8743887857073749,0.13132692371754917,,True,False,False,True,True,False,True
2026-03-20,春竹笋,11.5,11.0,12.0,1,,-0.14814814814814814,,,,,,True,False,False,True,True,False,True
2026-04-14,平菇,3.75,3.5,4.0,1,京,-0.14772727272727282,3.038333333333333,0.9105401327417328,0.7815873689430505,0.09263986989300027,京,False,False,False,True,False,False,True
2026-06-11,蒿子秆,2.9,2.8,3.0,1,,-0.1470588235294118,3.1016666666666666,0.9115620671675913,-0.22123196426249506,0.07382757193645686,,True,False,False,True,True,False,True
2026-03-30,茼蒿,2.9,2.5,3.3,1,,-0.1470588235294118,4.016666666666667,0.6498452512519517,-1.7183578159805981,0.04455217657723735,,True,False,False,True,True,False,True
2026-08-05,樱桃萝卜,2.9,2.8,3.0,1,,-0.1470588235294118,3.0733333333333333,0.8833452612510635,-0.1962237654253615,0.11785994275251584,,True,False,False,True,True,False,True
2026-02-01,小白菜,1.75,1.5,2.0,1,冀鲁,-0.14634146341463405,2.7158333333333333,0.42813163326516623,-2.2559261177861574,0.19963972827081422,冀鲁,False,False,False,True,False,False,True
2026-06-29,冬瓜,0.875,0.7,1.1,2,冀,-0.14634146341463405,1.079,0.15012293812647157,-1.3588862737827545,0.03969844058451251,冀/桂,True,False,False,True,True,False,True
2026-05-11,芥兰,1.75,1.5,2.0,1,,-0.14634146341463405,2.5133333333333336,0.5522576443537273,-1.3822051014370569,0.0757302934024954,,True,False,False,True,True,False,True
2026-07-03,空心菜,1.75,1.5,2.0,1,,-0.14634146341463405,2.703333333333333,0.4495080324803657,-2.1208371473872925,0.169182158293443,,True,False,False,True,True,False,True
2026-07-24,苋菜,3.5,3.0,4.0,1,,-0.14634146341463405,3.066666666666667,0.8230864258191702,0.5264736724361133,0.17549743008635044,,True,False,False,True,True,False,True
2026-03-08,罗马生菜,1.75,1.5,2.0,1,云,-0.14634146341463405,2.11,0.446325998068367,-0.8065853245341448,0.11844573113151698,云,False,False,False,True,False,False,True
2026-03-31,长茄,1.75,1.5,2.0,1,辽,-0.14634146341463405,2.15,0.223991994930857,-1.7857781039160527,0.04213101726191571,辽,False,False,False,True,False,False,True
2026-06-16,苦瓜,2.05,1.8,2.3,1,鲁,-0.14583333333333337,2.4016666666666664,0.5997820485369019,-0.5863240947682851,0.07752298055043445,鲁,False,False,False,True,False,False,True
2026-01-26,盖菜,3.25,2.8,3.7,1,,-0.14473684210526316,3.0777777777777775,0.5319835861638145,0.32373596987105135,0.10312578224416107,,True,False,False,True,True,False,True
2026-04-22,茼蒿,3.25,3.0,3.5,1,,-0.14473684210526316,3.8383333333333334,0.7726670484860162,-0.761431892929987,0.13797534052857482,,True,False,False,True,True,False,True
2026-07-02,广茄,0.9,0.8,1.0,1,冀,-0.1428571428571429,1.8266666666666669,0.41806890484152653,-2.216540517448744,0.07931150887832919,冀,False,False,False,True,False,False,True
2026-04-18,茴香,1.5,1.2,1.8,1,冀,-0.1428571428571429,1.7716666666666667,0.44888431297695,-0.6052041891707111,0.10295540542744828,冀,False,False,False,True,False,False,True
2026-02-28,杭椒,4.5,4.0,5.0,1,鲁粤,-0.1428571428571429,6.55,0.9635602087374042,-2.127526626162994,0.04876028134664333,鲁粤,False,False,False,True,False,False,True
2026-04-28,菜心,1.5,1.2,1.8,1,,-0.1428571428571429,2.1316666666666664,0.46802654900626417,-1.3496385365485153,0.09220141139628323,,True,False,False,True,True,False,True
2026-03-29,茴香,1.5,1.2,1.8,1,冀,-0.1428571428571429,2.9016666666666664,0.8406158798590865,-1.6674282514168417,0.07690583785046326,冀,False,False,False,True,False,False,True
2026-06-16,平菇,3.0,2.5,3.5,1,京冀蒙,-0.1428571428571429,3.658333333333333,0.8697089617572749,-0.7569582035847366,0.04908159248649003,京冀蒙,False,False,False,True,False,False,True
2026-06-12,油菜,1.05,0.6,1.5,2,冀京,-0.1428571428571429,1.0141666666666667,0.28660342459312316,0.12502758257059982,0.25852565194784694,冀京,False,False,False,True,False,False,True
2026-08-10,朝天椒,7.5,7.0,8.0,1,,-0.1428571428571429,11.107142857142858,5.256883242813314,-0.686175189847365,0.0896029981022768,,True,False,False,True,True,False,True
2026-02-15,苦瓜,4.5,4.0,5.0,1,鲁,-0.1428571428571429,5.028333333333334,0.4856001145637902,-1.0880008416141558,0.05978003867472431,鲁,False,False,False,True,False,False,True
2026-05-26,油菜,0.9,0.7,1.3,2,冀京,-0.1428571428571429,0.8791666666666667,0.12578774769930864,0.16562291411032137,0.20816419176088582,冀京,False,False,False,True,False,False,True
2026-05-19,油菜,0.75,0.5,1.1,2,冀京,-0.1428571428571429,0.8975000000000001,0.10933773995885805,-1.349030993831607,0.1005759521991495,冀京,False,False,False,True,False,False,True
2026-08-01,彩椒,3.0,2.5,3.5,1,鲁,-0.1428571428571429,4.316666666666666,0.6226103742798648,-2.114752212713407,0.04876028134664333,鲁,False,False,False,True,False,False,True
2026-05-15,螺丝椒,3.0,2.5,3.5,1,鲁辽闽,-0.1428571428571429,3.2666666666666666,0.22679678482995533,-1.1757956219115029,0.0608563558754123,鲁辽闽,False,False,False,True,False,False,True
2026-05-20,兰花,16.5,16.0,17.0,1,,-0.1428571428571429,,,,0.2669438366398286,,True,False,False,True,True,False,True
2026-03-24,盖菜,1.5,1.2,1.8,1,,-0.1428571428571429,2.74,0.5295411155929706,-2.34165008813616,0.06821961618863077,,True,False,False,True,True,False,True
2026-06-26,架豆,3.0,2.5,3.5,1,云冀,-0.1428571428571429,3.746666666666667,0.6049983376057776,-1.2341631707973417,0.05421457805690448,云冀,False,False,False,True,False,False,True
2026-07-27,红尖椒,3.0,2.5,3.5,1,鲁辽,-0.1428571428571429,3.4833333333333334,0.09128709291752934,-5.294651389216511,0.038180177416060675,鲁辽,False,True,False,True,False,False,True
2026-02-13,散生菜,3.0,2.5,4.0,3,,-0.1428571428571429,3.24,0.17140393911700985,-1.4002011927868407,0.0474958124002287,,True,False,False,True,True,False,True
2026-03-07,油菜,0.75,0.7,0.8,1,鲁京皖,-0.1428571428571429,1.1091666666666666,0.22307445538133283,-1.6100752820518696,0.1773086932945396,鲁京皖,False,False,False,True,False,False,True
2026-02-25,香菜,4.5,4.0,5.0,1,冀皖苏,-0.1428571428571429,7.933333333333334,1.877651382084457,-1.8285254473180486,0.10232128927965059,冀皖苏,False,False,False,True,False,False,True
2026-03-10,球茎茴香,7.5,7.0,8.0,1,,-0.1428571428571429,,,,,,True,False,False,True,True,False,True
2026-08-08,油麦菜,2.25,2.0,2.5,1,京冀,-0.1428571428571429,2.6358333333333333,0.6282050007668738,-0.6141837980632624,0.15067865402910713,京冀,False,False,False,True,False,False,True
2026-03-15,香菜,3.0,2.5,3.5,1,冀皖苏,-0.1428571428571429,4.825,1.1965287436926635,-1.5252454315203345,0.04977574335744031,冀皖苏,False,False,False,True,False,False,True
2026-06-04,莴笋,0.9,0.6,1.2,1,津冀,-0.1428571428571429,0.9016666666666667,0.14531970304110226,-0.011468965541412543,0.07184819039618048,津冀,False,False,False,True,False,False,True
2026-03-29,香菜,1.5,1.2,1.8,1,冀皖苏,-0.1428571428571429,3.1166666666666667,0.9508012350148292,-1.7003203268256717,0.06722300326189266,冀皖苏,False,False,False,True,False,False,True
2026-07-31,奶白菜,3.0,2.5,3.5,1,,-0.1428571428571429,2.7350000000000003,0.6561578342504746,0.40386624401537125,0.11260826596302097,,True,False,False,True,True,False,True
2026-05-12,散菜花,1.8,1.3,2.3,1,陕豫苏冀,-0.1428571428571429,1.825,0.24731314785803338,-0.10108641702442285,0.08156610873943414,陕豫苏冀,False,False,False,True,False,False,True
2026-06-04,罗马生菜,1.5,1.2,1.8,1,京冀,-0.1428571428571429,1.5916666666666666,0.09920662287865638,-0.9239974510450554,0.05525315578883073,京冀,False,False,False,True,False,False,True
2026-05-25,茴香,1.5,1.2,1.8,1,冀,-0.1428571428571429,1.3116666666666668,0.20623193059129072,0.9132113188940232,0.16623937412246187,冀,False,False,False,True,False,False,True
2026-04-10,空心菜,3.0,2.5,3.5,1,,-0.1428571428571429,7.243333333333334,2.5942487229989357,-1.6356694312749114,0.12005133710606404,,True,False,False,True,True,False,True
2026-05-23,大白菜,0.3,0.25,0.35,1,冀,-0.1428571428571428,0.3733333333333333,0.048660210562167586,-1.5070492397406232,0.1909555236208701,冀,False,False,False,True,False,False,True
2026-06-14,茄子,1.2,0.9,1.5,1,冀,-0.1428571428571428,1.2716666666666667,0.2180174515845069,-0.3287198623128923,0.057026167872443544,冀,False,False,False,True,False,False,True
2026-04-16,水萝卜,1.35,0.9,2.0,2,鲁,-0.1428571428571428,1.9345,0.4442648906941045,-1.3156565198901873,0.23177248639844492,鲁,False,False,False,True,False,False,True
2026-04-06,圆白菜,0.6,0.4,0.8,1,冀鲁苏,-0.1428571428571428,0.9600000000000001,0.18532357536537605,-1.9425483200949445,0.0680257339409737,冀鲁苏,False,False,False,True,False,False,True
2026-04-05,大白菜,0.6,0.5,0.7,1,冀鲁,-0.1428571428571428,0.9503333333333334,0.15825521363821918,-2.213723802706533,0.059030398731364626,冀鄂鲁,True,False,False,True,True,False,True
2026-05-11,白萝卜,0.6,0.5,0.7,1,鄂冀,-0.1428571428571428,0.7813333333333333,0.11413039527854422,-1.5888259467670733,0.06618697503377076,苏冀,True,False,False,True,True,False,True
2026-05-14,大白菜,0.3,0.25,0.35,1,冀,-0.1428571428571428,0.40399999999999997,0.0484661275247139,-2.1458285468953173,0.05230565302269636,冀,False,False,False,True,False,False,True
2026-02-13,蒿子秆,3.433,2.7,4.7,3,,-0.14175000000000004,3.9594333333333336,0.5945041215792475,-0.8854998884362825,0.08430597511554198,,True,False,False,True,True,False,True
2026-03-03,菠菜,2.425,0.9,4.0,2,冀豫鲁,-0.1415929203539824,3.1341666666666668,0.7170185917530604,-0.989049202940197,0.38463864346608884,冀豫鲁,False,False,False,True,False,False,True
2026-01-06,茴香,3.65,3.5,3.8,1,冀,-0.14117647058823535,,,,,冀,False,False,False,True,False,False,True
2026-04-10,仙人掌,30.5,30.0,31.0,1,,-0.14084507042253525,,,,0.05036140460960454,,True,False,False,True,True,False,True
2026-03-16,蒿子秆,3.05,2.7,3.4,1,,-0.14084507042253525,3.5911,0.4497322076755116,-1.2031604380676506,0.11316071055774543,,True,False,False,True,True,False,True
2026-06-02,丝瓜,2.75,2.0,3.5,2,冀/豫冀,-0.140625,2.375,0.5242400082089169,0.715321215717968,0.09750015806664354,冀/豫冀,False,False,False,True,False,False,True
2026-06-30,苋菜,2.15,1.8,2.5,1,,-0.14,3.118333333333333,0.49103748949740555,-1.9720150783689798,0.16789596998899434,,True,False,False,True,True,False,True
2026-02-28,油麦菜,2.15,2.0,2.3,1,鲁京冀,-0.14,2.650433333333333,0.17895418086922263,-2.7964327567124188,0.06381340148926191,鲁京冀,False,False,False,True,False,False,True
2026-04-02,姜,3.225,1.0,5.7,2,云鲁/鲁,-0.14,3.7491666666666665,0.1175327051573704,-4.459751572677865,0.03741657386773942,鲁,True,True,False,True,True,False,True
2026-03-23,菊花菜,4.3,3.8,4.8,1,,-0.14,4.708333333333333,0.5083922144153679,-0.8031856542156165,0.07708226810899882,,True,False,False,True,True,False,True
2026-07-20,油麦菜,3.225,2.5,3.8,2,京冀,-0.14,1.8733333333333333,0.8542473328885072,1.5822895953285707,0.2224408242902975,京冀,False,False,False,True,False,False,True
2026-03-16,盖菜,2.15,1.8,2.5,1,,-0.14,3.0249999999999995,0.39821801341337687,-2.197288848135785,0.08014086955997354,,True,False,False,True,True,False,True
2026-04-17,菜心,1.85,1.5,2.2,1,,-0.13953488372093015,2.5016666666666665,0.6607836691923189,-0.986202742363781,0.09796785764518237,,True,False,False,True,True,False,True
2026-05-04,芥兰,1.85,1.5,2.2,1,,-0.13953488372093015,2.8950000000000005,0.7510165524600416,-1.391447361016188,0.0468278805820375,,True,False,False,True,True,False,True
2026-01-11,苦菊,3.4,3.3,3.5,1,辽冀,-0.139240506329114,,,,0.08361428550806377,辽冀,False,False,False,True,False,False,True
2026-07-21,小白菜,2.325,1.5,3.5,2,冀,-0.13888888888888884,1.5266666666666666,0.5920425388568719,1.3484391423541495,0.3737009126457885,冀,False,False,False,True,False,False,True
2026-01-27,蒿子秆,4.05,3.5,4.6,1,,-0.13829787234042556,4.097368421052631,0.6717460011481121,-0.07051537481677889,0.14523709980282232,,True,False,False,True,True,False,True
2026-02-26,荆芥,6.25,6.0,6.5,1,,-0.13793103448275867,8.6,0.661763578993856,-3.5511171581442045,0.047402384599166486,,True,True,False,True,True,False,True
2026-06-30,凉瓜,6.25,6.0,6.5,1,,-0.13793103448275867,9.220588235294118,1.9402850002906649,-1.5310061330418512,0.06869990601430265,,True,False,False,True,True,False,True
2026-07-17,菠菜,3.125,2.0,4.5,2,蒙,-0.13793103448275867,2.6175,0.6805851311112079,0.7456818799014787,0.23268050717920608,蒙,False,False,False,True,False,False,True
2026-03-31,银芽,6.25,6.0,6.5,1,,-0.13793103448275867,,,,0.07173412771787437,,True,False,False,True,True,False,True
2026-04-01,紫苏叶,6.25,6.0,6.5,1,,-0.13793103448275867,7.383333333333334,0.4341724854552968,-2.6103296991398683,0.03686361957412752,,True,False,False,True,True,False,True
2026-03-31,孢子甘蓝,12.5,12.0,13.0,1,,-0.13793103448275867,,,,0.045149320381011875,,True,False,False,True,True,False,True
2026-05-05,苦瓜,2.5,2.4,2.6,1,鲁,-0.13793103448275856,2.5083333333333333,0.27262559058840097,-0.030566951970090846,0.06910065874251532,鲁,False,False,False,True,False,False,True
2026-01-30,芥兰,2.5,2.0,3.0,1,,-0.13793103448275856,3.3,0.3124404705204619,-2.5604877584115893,0.06922287267822365,,True,False,False,True,True,False,True
2026-07-31,木耳菜,2.5,2.0,3.0,1,,-0.13793103448275856,2.5900000000000003,0.30749264078660105,-0.2926899316021681,0.1674900685656444,,True,False,False,True,True,False,True
2026-04-14,奶白菜,2.5,2.0,3.0,1,,-0.13793103448275856,3.9266666666666667,0.9858248194850056,-1.4471807145329905,0.08288813447739558,,True,False,False,True,True,False,True
2026-05-04,圆白菜,0.5,0.4,0.6,1,冀,-0.13793103448275856,0.5990000000000001,0.05874257106367433,-1.6853194915947498,0.07778026968073966,冀,False,False,False,True,False,False,True
2026-07-27,青蒜,2.975,2.2,3.5,2,甘,-0.1376811594202899,3.7108333333333334,0.38672382405529854,-1.902735977362788,0.10046792980332578,甘,False,False,False,True,False,False,True
2026-05-25,架豆,3.45,2.9,4.0,1,鲁,-0.13749999999999996,3.3933333333333335,0.46139468730282845,0.12281603630488803,0.07925175464279804,鲁,False,False,False,True,False,False,True
2026-04-18,青蒜,1.9,1.8,2.0,1,鲁,-0.13636363636363646,2.1625,0.27937352946461924,-0.9396022611843189,0.15527112077185057,鲁,False,False,False,True,False,False,True
2026-05-10,线椒,4.75,4.0,5.5,1,鲁闽,-0.13636363636363635,4.933333333333334,0.5290416405834959,-0.3465385694992359,0.05588830986127779,鲁闽,False,False,False,True,False,False,True
2026-03-03,线椒,4.75,2.5,7.0,1,鲁闽,-0.13636363636363635,5.925,0.3892410829931238,-3.018694714763079,0.041223462475449196,鲁闽,False,True,False,True,False,False,True
2026-01-31,紫菜头,4.75,4.5,5.0,1,,-0.13636363636363635,,,,,,True,False,False,True,True,False,True
2026-06-20,球茎茴香,4.75,4.5,5.0,1,,-0.13636363636363635,7.171875,1.831936020534924,-1.3220303399530373,0.08739239761685617,,True,False,False,True,True,False,True
2026-03-26,油麦菜,1.75,1.3,2.0,2,鲁京冀,-0.1358024691358024,2.5799999999999996,0.38018824738315593,-2.1831290307180926,0.07513937095355949,鲁京冀,False,False,False,True,False,False,True
2026-06-02,黄瓜,1.275,1.0,1.5,2,冀/辽冀鲁,-0.13559322033898313,0.9600000000000001,0.28906806262120394,1.0897087597420863,0.12425333508976416,冀/辽冀鲁,False,False,False,True,False,False,True
2026-03-15,彩椒,8.0,7.0,9.0,1,鲁闽,-0.1351351351351351,8.216666666666667,0.6390096504226989,-0.3390663451222432,0.051240284572249405,鲁闽,False,False,False,True,False,False,True
2026-03-25,散叶生菜,1.6,1.2,2.0,1,冀辽,-0.1351351351351351,1.7266666666666666,0.17257348926009142,-0.7339868203960506,0.07409290768799039,冀辽,False,False,False,True,False,False,True
2026-06-08,散菜花,1.6,1.0,2.0,2,冀,-0.1351351351351351,1.39,0.37655425033888507,0.5576885662849586,0.12704075678535823,冀,False,False,False,True,False,False,True
2026-07-03,柿子椒,1.6,1.0,2.2,1,鲁,-0.1351351351351351,1.8816666666666668,0.07249653182349196,-3.885243329328407,0.03763091303263601,鲁,False,True,False,True,False,False,True
2026-06-16,豇豆,2.25,2.0,2.5,1,鲁冀,-0.1346153846153847,2.9450000000000003,0.36396996844661894,-1.9094982010910917,0.1079480659176334,鲁冀,False,False,False,True,False,False,True
2026-07-28,盖菜,2.25,2.0,2.5,1,,-0.1346153846153847,1.9733333333333334,0.7217953350826856,0.38330348399241587,0.22770059815452035,,True,False,False,True,True,False,True
2026-08-06,菊花菜,2.25,2.0,2.5,1,,-0.1346153846153847,2.328333333333333,0.3738622587340641,-0.20952458158942772,0.13060980218327714,,True,False,False,True,True,False,True
2026-08-04,小白菜,2.25,1.5,3.5,2,冀,-0.1346153846153847,2.006666666666667,0.6500972517874599,0.3743029718465685,0.3060419331194508,冀,False,False,False,True,False,False,True
2026-07-08,毛豆,1.8,1.6,2.0,1,冀徽川,-0.13461538461538458,2.7293333333333334,0.6914150075343194,-1.344103502536723,0.05590201281777335,冀徽川,False,False,False,True,False,False,True
2026-02-25,线茄,2.9,2.8,3.0,1,闽,-0.13432835820895528,4.203333333333334,0.9317145238875439,-1.3988547993168816,0.043374945305064125,闽,False,False,False,True,False,False,True
2026-06-30,油麦菜,1.45,1.0,2.0,2,京冀,-0.13432835820895528,1.7508333333333332,0.3128348780419824,-0.9616361679881534,0.2076211411519265,京冀,False,False,False,True,False,False,True
2026-06-23,油麦菜,2.425,1.8,3.0,2,京冀,-0.1339285714285714,1.7041666666666666,0.28947658869466564,2.4901265300374753,0.19287961226621222,京冀,False,False,False,True,False,False,True
2026-05-15,荠菜,6.5,6.0,7.0,1,,-0.1333333333333333,7.179166666666666,2.320653922160037,-0.2926617623512368,0.432941822863161,,True,False,False,True,True,False,True
2026-02-03,樱桃萝卜,3.25,3.0,3.5,1,,-0.1333333333333333,3.3874999999999997,0.32878233846567306,-0.4182098121257678,0.0592352464155027,,True,False,False,True,True,False,True
2026-03-15,小米椒,6.5,6.0,7.0,1,云,-0.1333333333333333,11.883333333333333,3.7501340972192545,-1.4355042229890138,0.06424318690316624,云,False,False,False,True,False,False,True
2026-01-23,线椒,6.5,6.0,7.0,1,鲁,-0.1333333333333333,7.760869565217392,0.36523856516825565,-3.452180808553288,0.038174389784370294,鲁,False,True,False,True,False,False,True
2026-06-09,香菜,3.25,3.0,3.5,1,冀辽,-0.1333333333333333,2.546666666666667,0.9705964512939156,0.7246403305881757,0.1619132853890311,冀辽,False,False,False,True,False,False,True
2026-06-13,圆白菜,0.65,0.5,0.8,1,冀,-0.1333333333333333,0.5383333333333334,0.1406164588721583,0.7941223066084215,0.1459720050011328,冀,False,False,False,True,False,False,True
2026-07-18,圆白菜,0.65,0.4,0.9,1,冀,-0.1333333333333333,0.5986666666666667,0.07784747834744485,0.6594090704418846,0.11945939037313605,冀,False,False,False,True,False,False,True
2026-05-08,快菜,0.65,0.5,0.8,1,,-0.1333333333333333,0.7699999999999999,0.19280148804691172,-0.6224018352534807,0.18106255291962,,True,False,False,True,True,False,True
2026-08-03,圆白菜,0.65,0.5,0.8,1,冀,-0.1333333333333333,0.6666666666666666,0.08643647591043167,-0.19281983087715374,0.10962353743527847,冀,False,False,False,True,False,False,True
2026-02-26,蒿子秆,3.25,3.0,3.5,1,,-0.1333333333333333,3.9694333333333334,0.5906150904417117,-1.2181086209552834,0.08882856181993454,,True,False,False,True,True,False,True
2026-02-13,奶白菜,3.25,2.5,4.5,3,,-0.1333333333333333,3.1199999999999997,0.3663896550263736,0.35481351128934746,0.05831540505287502,,True,False,False,True,True,False,True
2026-07-16,花生,3.25,2.5,4.0,1,粤海,-0.1333333333333333,4.196666666666667,0.30651920492606866,-3.088441609702726,0.03809004072366344,粤海,False,True,False,True,False,False,True
2026-03-29,彩椒,6.5,6.0,7.0,1,鲁闽,-0.1333333333333333,8.133333333333333,0.6589350516544528,-2.4787470771699924,0.03817438978437031,鲁闽,False,False,False,True,False,False,True
2026-07-21,团生菜,1.95,1.7,2.2,1,冀,-0.1333333333333333,1.3433333333333335,0.3007844151012726,2.0169484727538323,0.13229954308852462,冀,False,False,False,True,False,True,True
2026-07-28,平菇,3.25,3.0,3.5,1,冀蒙,-0.1333333333333333,3.1633333333333336,0.7624747970208285,0.11366495916362593,0.1516020681736339,冀蒙,False,False,False,True,False,False,True
2026-08-04,菜心,2.6,2.2,3.0,1,,-0.1333333333333333,2.62,0.6481538770044201,-0.030856870119228847,0.2013026531796752,,True,False,False,True,True,False,True
2026-05-17,瓠子,0.65,0.6,0.7,1,冀,-0.1333333333333333,,,,,冀,False,False,False,True,False,False,True
2026-05-12,长茄,1.3,0.8,1.8,1,辽,-0.1333333333333333,1.53,0.11264836959501923,-2.04175169890936,0.054203410289837745,辽,False,False,False,True,False,False,True
2026-04-23,平菇,3.25,3.0,3.5,1,京,-0.1333333333333333,3.4216666666666664,0.8253195131890274,-0.20800025193073154,0.05265390543263123,京,False,False,False,True,False,False,True
2026-01-30,平菇,3.25,3.0,3.5,1,京,-0.1333333333333333,3.433333333333333,0.27802670838376775,-0.659409070441798,0.09847429688644803,京,False,False,False,True,False,False,True
2026-03-16,油麦菜,2.6,1.8,3.5,2,鲁京冀,-0.1333333333333333,2.6854333333333336,0.31423433857589406,-0.271877776695304,0.10648962073080227,鲁京冀,False,False,False,True,False,False,True
2026-03-15,美人椒,6.5,6.0,7.0,1,鲁,-0.1333333333333333,7.833333333333333,0.9589266029707834,-1.3904435743075918,0.035634832254989944,鲁,False,False,False,True,False,False,True
2026-06-13,扁豆,3.25,2.5,4.0,1,冀晋,-0.1333333333333333,4.171666666666666,0.9304877598681076,-0.9905199255896799,0.06135317129730049,冀晋,False,False,False,True,False,False,True
2026-03-10,冰草,6.5,6.0,7.0,1,,-0.1333333333333333,,,,,,True,False,False,True,True,False,True
2026-04-30,秋葵,6.5,6.0,7.0,1,,-0.1333333333333333,,,,0.08230914650845428,,True,False,False,True,True,False,True
2026-01-27,木耳菜,7.15,6.5,7.8,1,,-0.1333333333333333,6.8999999999999995,1.7347750414519014,0.14411090431112386,0.09640988820685062,,True,False,False,True,True,False,True
2026-02-27,鸡毛菜,3.25,3.0,3.5,1,,-0.1333333333333333,4.22,0.708519583356734,-1.3690517845737686,0.11310519078624848,,True,False,False,True,True,False,True
2026-06-09,鸡毛菜,3.25,3.0,3.5,1,,-0.1333333333333333,3.566666666666667,1.4144776867935325,-0.22387533548480065,0.1379176570885403,,True,False,False,True,True,False,True
2026-05-07,红尖椒,6.5,6.0,7.0,1,鲁桂,-0.1333333333333333,6.775,0.4658603461006022,-0.5903056619904161,0.057889032903794414,鲁桂,False,False,False,True,False,False,True
2026-03-21,苦瓜,3.25,3.0,3.5,1,鲁,-0.1333333333333333,3.441666666666667,0.8218024065444778,-0.23322719079466878,0.0758801108363161,鲁,False,False,False,True,False,False,True
2026-04-15,螺丝椒,3.25,2.5,4.0,1,鲁辽闽,-0.1333333333333333,4.125,0.4139277798077364,-2.113895328326176,0.07064766927397657,鲁辽闽,False,False,False,True,False,False,True
2026-04-10,南姜,6.5,6.0,7.0,1,,-0.1333333333333333,,,,0.08146937425480387,,True,False,False,True,True,False,True
2026-02-28,兰花,19.5,19.0,20.0,1,,-0.1333333333333333,,,,,,True,False,False,True,True,False,True
2026-02-05,鸡毛菜,3.25,3.0,3.5,1,,-0.1333333333333333,4.426923076923076,0.6487265632345833,-1.8142051576474356,0.1402289542328006,,True,False,False,True,True,False,True
2026-06-26,茼蒿,6.5,6.0,7.0,1,,-0.1333333333333333,6.025,1.211066073541308,0.39221642020822245,0.12533187399476367,,True,False,False,True,True,False,True
2026-04-30,荆芥,3.25,3.0,3.5,1,,-0.1333333333333333,4.283333333333333,1.0165300454651152,-1.016530045465139,0.08348159047818736,,True,False,False,True,True,False,True
2026-04-10,荔浦芋头,6.5,6.0,7.0,1,,-0.1333333333333333,,,,0.06842189136098574,,True,False,False,True,True,False,True
2026-06-03,散生菜,3.25,3.0,3.5,1,,-0.1333333333333333,1.925,0.7155598242418075,1.8516970281331022,0.1328710726007891,,True,False,False,True,True,False,True
2026-06-05,扁豆,4.25,3.5,5.0,1,冀晋,-0.13265306122448983,3.8016666666666667,1.098626362808336,0.4080853586903672,0.08713123350635267,冀晋,False,False,False,True,False,False,True
2026-03-01,豆王,4.25,2.5,6.0,1,云,-0.13265306122448983,4.286666666666666,0.5483412814293129,-0.06686833165485992,0.14862729337126804,云,False,False,False,True,False,False,True
2026-07-06,小黄瓜,2.95,2.5,3.3,2,辽鲁,-0.13235294117647056,3.1233333333333335,0.2958719822576137,-0.5858389564660205,0.04947769958535977,辽鲁,False,False,False,True,False,False,True
2026-07-06,青蒜,3.775,2.8,4.7,2,甘青,-0.1321839080459769,3.6225,0.25975369633293044,0.5870946290771477,0.07528441017442442,甘,True,False,False,True,True,False,True
2026-08-08,苦菊,2.575,2.2,2.9,2,冀/辽,-0.13211998651836865,3.5964666666666667,0.6392662676221367,-1.5978735597393423,0.08983044506331006,冀/辽,False,False,False,True,False,False,True
2026-08-10,鱼腥草叶,11.5,11.0,12.0,1,,-0.13207547169811318,12.095238095238095,0.6958636292235648,-0.8553947501211602,0.07496757536184556,,True,False,False,True,True,False,True
2026-04-20,凉瓜,8.25,8.0,8.5,1,,-0.13157894736842102,,,,0.06887426556733194,,True,False,False,True,True,False,True
2026-06-27,油麦菜,1.65,1.5,1.8,1,京冀,-0.13157894736842102,1.7474999999999998,0.31213599489701055,-0.31236384650917975,0.20399746643401503,京冀,False,False,False,True,False,False,True
2026-06-10,春竹笋,8.25,8.0,8.5,1,,-0.13157894736842102,10.933333333333334,4.475595198512974,-0.5995478175114847,0.16234708515209723,,True,False,False,True,True,False,True
2026-02-25,茴香,1.65,1.5,1.8,1,冀,-0.13157894736842102,3.2716666666666665,0.9238864064126191,-1.7552662918415212,0.23088578493027975,冀,False,False,False,True,False,False,True
2026-02-24,芹菜,1.65,1.5,1.8,1,鲁津,-0.13157894736842102,1.88,0.07611243951073852,-3.021845068670409,0.04784233799901208,鲁冀豫,True,True,False,True,True,False,True
2026-08-04,韭菜,1.65,1.5,1.8,1,冀,-0.13157894736842102,1.585,0.2729626727038875,0.23812779731429637,0.11804798505420544,冀,False,False,False,True,False,False,True
2026-04-22,毛冬瓜,1.65,1.5,1.8,1,冀,-0.13157894736842102,1.9533333333333334,0.14967397519467046,-2.026627093579956,0.055549066472102726,冀,False,False,False,True,False,False,True
2026-05-12,蒿子秆,1.65,1.3,2.0,1,,-0.13157894736842102,2.3616666666666664,0.5175678088730105,-1.3750211169746065,0.18561342962011265,,True,False,False,True,True,False,True
2026-06-19,菊花菜,1.65,1.5,1.8,1,,-0.13157894736842102,1.9233333333333333,0.587034236993283,-0.46561736285316685,0.20615621755838964,,True,False,False,True,True,False,True
2026-05-20,紫贝天葵,8.25,8.0,8.5,1,,-0.13157894736842102,,,,0.0772264149370828,,True,False,False,True,True,False,True
2026-03-17,蒿子秆,2.65,2.5,2.8,1,,-0.13114754098360648,3.522766666666667,0.43077473778373254,-2.026039575015268,0.11769606703799866,,True,False,False,True,True,False,True
2026-04-01,奶白菜,5.0,4.5,5.5,1,,-0.13043478260869568,3.8800000000000003,0.9248112575379722,1.21105792222043,0.0972950848333439,,True,False,False,True,True,False,True
2026-03-07,西葫芦,2.5,2.2,2.8,2,鲁云,-0.13043478260869568,2.2175000000000002,0.2946469248860873,0.958774642257734,0.13457985945829215,鲁云,False,False,False,True,False,False,True
2026-04-27,白豆,3.0,2.6,3.4,1,云鲁,-0.13043478260869568,4.173333333333333,0.734228815848975,-1.5980486028413765,0.05756857852867792,云鲁,False,False,False,True,False,False,True
2026-06-13,西葫芦,1.5,1.2,2.0,2,鲁,-0.13043478260869568,1.5533333333333335,0.28517488080768516,-0.1870197444539308,0.10336030513654998,鲁,False,False,False,True,False,False,True
2026-07-13,紫苏叶,3.0,2.5,3.5,1,,-0.13043478260869568,3.6300000000000003,0.1841101619252148,-3.4218643523647825,0.03662994611238617,,True,True,False,True,True,False,True
2026-03-29,架豆,5.0,4.5,5.5,1,云,-0.13043478260869568,5.208333333333333,0.5159663403438404,-0.4037731089095842,0.05565493335569874,云,False,False,False,True,False,False,True
2026-05-21,青萝卜,1.0,0.8,1.2,1,津鲁,-0.13043478260869557,1.4383333333333332,0.16952435148711698,-2.5856658909952794,0.05692907048362689,津鲁,False,False,False,True,False,False,True
2026-07-06,芹菜,1.0,0.8,1.2,1,冀,-0.13043478260869557,1.2833333333333334,0.1703613468652655,-1.6631315644470377,0.05546859735571873,冀,False,False,False,True,False,False,True
2026-07-22,板栗南瓜,1.0,0.8,1.2,1,新桂,-0.13043478260869557,1.2983333333333331,0.1423226866189771,-2.0961755319587523,0.044730487876572765,新桂,False,False,False,True,False,False,True
2026-03-13,西葫芦,2.0,1.5,2.5,2,鲁云,-0.13043478260869557,2.183333333333333,0.2797268782880571,-0.6554012058309969,0.0861016690342394,鲁云,False,False,False,True,False,False,True
2026-01-31,油菜,1.0,0.8,1.2,1,鲁京皖,-0.13043478260869557,1.1774999999999998,0.15638011823537665,-1.135054775523538,0.11010796291952621,鲁京皖,False,False,False,True,False,False,True
2026-06-23,散生菜,2.0,1.5,2.5,1,,-0.13043478260869557,2.3516666666666666,0.6640371994842228,-0.5295888045727203,0.06402038987325044,,True,False,False,True,True,False,True
2026-05-31,大葱,2.0,1.9,2.1,1,鲁,-0.13043478260869557,1.3783333333333334,0.5064554535561652,1.2274853835643902,0.080076085159486,鲁,False,False,False,True,False,False,True
2026-05-13,毛冬瓜,1.0,0.9,1.1,1,冀,-0.13043478260869557,1.4833333333333334,0.34798269213136096,-1.388957969067262,0.04660790888582651,冀,False,False,False,True,False,False,True
2026-03-24,快菜,1.0,0.7,1.3,1,,-0.13043478260869557,1.4200000000000002,0.4647209025225565,-0.9037682568616855,0.27602259063657675,,True,False,False,True,True,False,True
2026-06-02,瓠子,1.0,0.9,1.1,1,冀,-0.13043478260869557,0.8521739130434783,0.22232156321498753,0.664920149079611,0.1518933234575461,冀,False,False,False,True,False,False,True
2026-03-31,芹菜,1.0,0.8,1.2,1,鲁津,-0.13043478260869557,1.1699999999999997,0.053498308062190886,-3.177670587308622,0.03486016198857707,鲁津,False,True,False,True,False,False,True
2026-03-09,西葫芦,2.175,1.8,2.5,2,鲁云,-0.13000000000000012,2.2,0.2814678275239187,-0.08882009791288098,0.13997171222693433,鲁云,False,False,False,True,False,False,True
2026-01-07,小黄瓜,5.025,4.8,5.3,2,辽鲁,-0.1298701298701299,,,,,辽鲁,False,False,False,True,False,False,True
2026-06-29,西葫芦,1.175,0.7,1.8,2,鲁冀晋/鲁冀晋蒙,-0.12962962962962965,1.3908333333333331,0.2615836496173368,-0.8251025385151918,0.08347183275088987,鲁冀晋,True,False,False,True,True,False,True
2026-06-10,南姜,6.75,6.5,7.0,1,,-0.12903225806451613,7.35,0.6109126661923826,-0.9821371092853615,0.07943208952740487,,True,False,False,True,True,False,True
2026-07-01,盖菜,1.35,1.2,1.5,1,,-0.12903225806451613,1.6266666666666665,0.30107088560822315,-0.918941949859232,0.15917845040255454,,True,False,False,True,True,False,True
2026-01-27,香葱,3.4,3.3,3.5,1,,-0.1282051282051282,4.2973684210526315,0.6391125974980473,-1.404085015012356,0.05287929581140751,,True,False,False,True,True,False,True
2026-07-01,茄子,0.68,0.35,1.0,1,冀鲁津,-0.1282051282051282,1.128,0.29435376323572815,-1.5219781635379561,0.050884480579064195,冀鲁津,False,False,False,True,False,False,True
2026-06-06,青蒜,3.4,3.3,3.5,1,甘,-0.1282051282051282,3.9091666666666667,0.3393378017229439,-1.5004714007146822,0.06479143513267024,甘,False,False,False,True,False,False,True
2026-03-14,油菜,0.85,0.7,1.0,1,鲁京皖,-0.1282051282051282,1.0816666666666668,0.23924570162727388,-0.9683211238109739,0.08632070613752352,鲁京皖,False,False,False,True,False,False,True
2026-03-24,菊花菜,3.75,3.5,4.0,1,,-0.12790697674418605,4.694999999999999,0.5283921610528202,-1.7884443972769941,0.08424993400780952,,True,False,False,True,True,False,True
2026-04-02,空心菜,3.75,3.5,4.0,1,,-0.12790697674418605,7.918333333333334,1.8623994225717002,-2.238152183046469,0.11699652308859732,,True,False,False,True,True,False,True
2026-06-30,黄花菜,20.5,20.0,21.0,1,,-0.12765957446808507,35.38235294117647,7.663895492348983,-1.9418783771299877,0.07047459438204458,,True,False,False,True,True,False,True
2026-07-17,黄瓜,2.225,1.2,3.0,2,冀/辽冀鲁,-0.12745098039215674,1.2575,0.5530148560703176,1.7495009209607548,0.16766219758265657,冀/辽冀鲁,False,False,False,True,False,False,True
2026-02-01,菠菜,2.4,2.0,2.8,1,冀豫,-0.12727272727272732,3.4683333333333333,0.5604775262856347,-1.9061127043100767,0.1755984765401878,冀豫,False,False,False,True,False,False,True
2026-08-07,苦瓜,2.4,2.0,2.8,1,鲁冀,-0.12727272727272732,2.0483333333333333,0.5797566869747596,0.6065763010025907,0.04954373223168646,鲁冀,False,False,False,True,False,False,True
2026-03-26,团生菜,2.4,2.0,2.8,1,冀鲁,-0.12727272727272732,2.478333333333333,0.46916715154830907,-0.1669625272673578,0.0676191173085541,冀鲁,False,False,False,True,False,False,True
2026-03-14,团生菜,2.4,2.0,2.8,1,冀云,-0.12727272727272732,2.28,0.6258235952836814,0.19174732449262313,0.1040063623479794,冀云,False,False,False,True,False,False,True
2026-06-03,木耳菜,2.4,2.3,2.5,1,,-0.12727272727272732,3.2383333333333337,0.640942642725819,-1.3079693524026519,0.08977728622887027,,True,False,False,True,True,False,True
2026-03-22,油麦菜,2.4,2.0,2.8,1,鲁京冀,-0.12727272727272732,2.6683333333333334,0.3094721126462721,-0.8670678951936442,0.10243793387247167,鲁京冀,False,False,False,True,False,False,True
2026-04-13,蒿子秆,2.4,2.0,2.8,1,,-0.12727272727272732,2.9166666666666665,0.501778446324074,-1.0296709044632362,0.12097978912633262,,True,False,False,True,True,False,True
2026-05-12,油麦菜,1.2,1.0,1.5,2,鲁京冀,-0.12727272727272732,1.5283333333333333,0.41339288595828705,-0.7942404054008406,0.1256513968633621,鲁京冀,False,False,False,True,False,False,True
2026-03-01,罗马生菜,2.4,2.3,2.5,1,云,-0.12727272727272732,2.0166666666666666,0.4753099412277056,0.8064913019559393,0.12116468045750046,云,False,False,False,True,False,False,True
2026-06-11,丝瓜,2.575,1.8,3.5,2,冀/豫冀,-0.1271186440677966,2.555,0.48921118773683625,0.04088213945499283,0.0989792440764996,冀/豫冀,False,False,False,True,False,False,True
2026-07-30,空心菜,2.75,2.0,3.5,1,,-0.12698412698412698,2.7350000000000003,0.678633261377806,0.022103249064959904,0.149736307451222,,True,False,False,True,True,False,True
2026-07-28,苋菜,2.75,2.5,3.0,1,,-0.12698412698412698,3.0933333333333333,0.8136479512084496,-0.4219679196923022,0.1847008041088096,,True,False,False,True,True,False,True
2026-05-27,木耳菜,2.75,2.5,3.0,1,,-0.12698412698412698,3.7616666666666663,1.2400419440440298,-0.8158326188285332,0.10939572096998974,,True,False,False,True,True,False,True
2026-07-12,扁豆,2.75,2.0,3.5,1,冀晋,-0.12698412698412698,2.65,0.34240528516707325,0.29205156676015115,0.15699501346440878,冀晋,False,False,False,True,False,False,True
2026-03-03,毛豆,3.1,3.0,3.2,1,云,-0.12676056338028163,4.148333333333333,0.3563423705616105,-2.941927258555069,0.044031277993874,云,False,False,False,True,False,False,True
2026-02-08,豇豆,4.15,3.3,5.0,1,海,-0.12631578947368416,4.781666666666667,0.7829523407054174,-0.8067753729397544,0.07965094776942906,海,False,False,False,True,False,False,True
2026-01-21,蒿子秆,4.5,4.2,4.8,1,,-0.12621359223300976,3.94,0.6412042242085255,0.8733566917642185,0.13979668852953664,,True,False,False,True,True,False,True
2026-03-12,花生,4.5,4.3,4.7,1,苏,-0.12621359223300976,5.128333333333333,0.11867322079278607,-5.294651389216599,0.03373200140642251,苏,False,True,False,True,False,False,True
2026-03-31,蒜苗,3.825,2.0,5.5,2,川/鲁豫苏,-0.12571428571428567,4.215,0.4701247083267503,-0.829567119303456,0.045293887063114664,川/鲁豫苏,False,False,False,True,False,False,True
2026-08-08,番茄,1.633,1.0,2.5,3,冀/冀蒙/蒙冀,-0.12533476164970536,1.6321666666666668,0.19424532716757145,0.004290107491823173,0.04017594704212349,冀/冀蒙/蒙冀,False,False,False,True,False,False,True
2026-04-20,蒜米,2.8,2.6,3.0,1,鲁,-0.1250000000000001,3.24,0.09684683962230019,-4.5432561528697,0.033764439305699605,鲁,False,True,False,True,False,False,True
2026-06-08,盖菜,1.4,1.2,1.6,1,,-0.1250000000000001,1.4533333333333334,0.42364048952834604,-0.1258929083778355,0.13323164985322422,,True,False,False,True,True,False,True
2026-05-21,白萝卜,0.35,0.3,0.4,1,鄂冀,-0.1250000000000001,0.7100000000000001,0.19930915164897586,-1.8062391868188454,0.1091850294705121,鄂冀,False,False,False,True,False,False,True
2026-07-01,白萝卜,0.35,0.3,0.4,1,冀陕,-0.1250000000000001,0.45,0.04734320764739962,-2.112235418114781,0.06081520378152989,冀陕,False,False,False,True,False,False,True
2026-03-29,小白菜,0.7,0.6,0.8,1,冀鲁,-0.1250000000000001,1.4941666666666669,0.4311513921913102,-1.8419670701521933,0.3998821579173588,冀鲁,False,False,False,True,False,False,True
2026-03-30,油麦菜,1.4,1.0,1.8,2,鲁京冀,-0.1250000000000001,2.4758333333333336,0.5023429302182224,-2.141631281375816,0.09987971891553063,鲁京冀,False,False,False,True,False,False,True
2026-04-16,豆王,3.5,2.5,4.5,1,云鲁,-0.125,5.786666666666667,1.0496250014544004,-2.1785558304138855,0.06182426021222495,云鲁,False,False,False,True,False,False,True
2026-04-24,油豆,5.25,5.0,5.5,1,鲁辽,-0.125,5.8116666666666665,0.563040289691682,-0.9975603468345621,0.09232585616704587,鲁辽,False,False,False,True,False,False,True
2026-02-24,蒜苗,3.5,2.0,5.0,1,鲁豫苏,-0.125,4.423333333333333,0.27124659010516283,-3.4040366478905955,0.044651158508458244,鲁豫苏,False,True,False,True,False,False,True
2026-04-15,紫薯,1.75,1.5,2.0,1,冀,-0.125,1.9916666666666667,0.045643546458763846,-5.294651389216606,0.03340765523905305,冀,False,True,False,True,False,False,True
2026-02-14,韭菜,3.5,3.0,4.0,1,冀粤,-0.125,3.0566666666666666,0.3084257394926847,1.437407053193913,0.10505600820083218,冀粤,False,False,False,True,False,False,True
2026-04-24,菜心,1.75,1.5,2.0,1,,-0.125,2.2233333333333336,0.4935328891205512,-0.9590715102630504,0.09904508359243955,,True,False,False,True,True,False,True
2026-03-23,鸡毛菜,3.5,3.0,4.0,1,,-0.125,3.558333333333333,0.4810339677828597,-0.12126655754103624,0.08667641436024237,,True,False,False,True,True,False,True
2026-07-30,鸡毛菜,5.25,4.5,6.0,1,,-0.125,4.848333333333333,2.3699441042926015,0.16948360340614857,0.2625832547340535,,True,False,False,True,True,False,True
2026-03-28,杭椒,3.5,3.0,4.0,1,鲁粤,-0.125,4.341666666666667,0.32485629006593597,-2.590889240580301,0.042956728123936826,鲁粤,False,False,False,True,False,False,True
2026-08-11,荆芥,3.5,3.0,4.0,1,,-0.125,3.515,0.5272161762993385,-0.0284513273194477,0.18633503964509646,,True,False,False,True,True,False,True
2026-07-16,丝瓜,1.75,1.5,2.0,2,冀/豫冀,-0.125,1.6091666666666666,0.2542300184849128,0.5539602843622933,0.1869316178893973,冀/豫冀,False,False,False,True,False,False,True
2026-04-01,散生菜,1.75,1.5,2.0,1,,-0.125,2.57,0.44423510395533455,-1.8458694342229345,0.05523632054212124,,True,False,False,True,True,False,True
2026-07-13,丝瓜,1.75,1.0,2.5,2,冀/豫冀,-0.125,1.6466666666666667,0.3303429078724072,0.31280627151603657,0.17950733516556447,冀/豫冀,False,False,False,True,False,False,True
2026-02-24,杭椒,5.25,4.5,6.0,1,鲁粤,-0.125,6.875,0.7898875956698548,-2.0572547396720897,0.06081520378152991,鲁粤,False,False,False,True,False,False,True
2026-03-01,绿菜花,1.75,1.5,2.0,1,鄂浙,-0.125,1.745,0.15992994155847345,0.031263689283421624,0.05813280581534462,鄂浙,False,False,False,True,False,False,True
2026-02-28,散叶生菜,1.75,1.5,2.0,1,冀辽,-0.125,2.5266666666666664,0.3542192320693727,-2.19261574852762,0.1317826336377685,冀辽,False,False,False,True,False,False,True
2026-03-27,香菜,1.75,1.5,2.0,1,冀皖苏,-0.125,3.308333333333333,0.9184022232541357,-1.6967874139195316,0.06722300326189266,冀皖苏,False,False,False,True,False,False,True
2026-04-20,香菜,1.75,1.5,2.0,1,冀,-0.125,1.5433333333333332,0.2693329350172935,0.7673278674715255,0.09927250178049712,冀,False,False,False,True,False,False,True
2026-07-28,彩椒,3.5,3.0,4.0,1,鲁,-0.125,4.466666666666667,0.4901325178535536,-1.9722557297361294,0.055061412227534155,鲁,False,False,False,True,False,False,True
2026-06-25,菊花菜,1.75,1.5,2.0,1,,-0.125,2.0466666666666664,0.5017097205338449,-0.5913113789204599,0.24104718893603647,,True,False,False,True,True,False,True
2026-04-17,白豆,3.5,3.0,4.0,1,云鲁,-0.125,5.088333333333334,0.8412514623990287,-1.8880601155852061,0.07809520800773641,云鲁,False,False,False,True,False,False,True
2026-07-25,白豆,3.5,3.0,4.0,1,蒙冀,-0.125,2.4699999999999998,0.6906518659932798,1.4913447001532063,0.16613561911392385,蒙冀,False,False,False,True,False,False,True
2026-04-08,毛冬瓜,1.75,1.5,2.0,1,冀,-0.125,2.1599999999999997,0.16733200530681466,-2.4502186491355116,0.04231465554408984,冀,False,False,False,True,False,False,True
2026-08-01,美人椒,3.5,3.0,4.0,1,鲁闽,-0.125,4.683333333333334,0.382445248128596,-3.094124816882132,0.04795939371944542,鲁闽,False,True,False,True,False,False,True
2026-04-21,菜心,1.75,1.5,2.0,1,,-0.125,2.4,0.6312275943445982,-1.029739519982318,0.10172563853180913,,True,False,False,True,True,False,True
2026-03-30,油豆,5.25,5.0,5.5,1,云鲁,-0.125,6.196666666666667,0.9150968794890375,-1.034498846936575,0.043059502295741736,云鲁,False,False,False,True,False,False,True
2026-06-11,莴笋,1.05,0.8,1.3,1,冀,-0.12499999999999989,0.8933333333333333,0.13113124074319857,1.1947318257552033,0.0841541252236054,冀,False,False,False,True,False,False,True
2026-05-16,长茄,1.05,0.7,1.4,1,辽,-0.12499999999999989,1.4983333333333335,0.16267342646592045,-2.7560330108818225,0.0629131772380039,辽,False,False,False,True,False,False,True
2026-03-25,蒿子秆,2.1,1.7,2.5,1,,-0.12499999999999989,3.2627666666666664,0.504244035290886,-2.305960180561967,0.11664416922650572,,True,False,False,True,True,False,True
2026-01-03,苦菊,4.4,4.3,4.5,1,辽冀,-0.12437810945273631,,,,,辽冀,False,False,False,True,False,False,True
2026-01-24,苦菊,3.7,3.5,3.9,1,辽冀,-0.12426035502958566,4.157291666666667,0.549084176580435,-0.8328261606709734,0.12031724151760306,辽冀,False,False,False,True,False,False,True
2026-04-19,扁豆,2.85,2.2,3.5,1,云鲁,-0.12307692307692308,5.3566666666666665,1.1568933826634917,-2.166722279019022,0.06676900195144901,云鲁,False,False,False,True,False,False,True
2026-03-08,油麦菜,2.5,2.0,3.0,1,鲁京冀,-0.1228070175438597,2.6054333333333335,0.24794906086051013,-0.42522174904565424,0.08414033137377742,鲁京冀,False,False,False,True,False,False,True
2026-05-20,孢子甘蓝,12.5,12.0,13.0,1,,-0.1228070175438597,,,,0.07163804621034905,,True,False,False,True,True,False,True
2026-03-03,西芹,2.15,2.1,2.2,1,鲁,-0.12244897959183687,2.4949999999999997,0.1308789912278806,-2.6360227624256463,0.033615732986461255,鲁,False,False,False,True,False,False,True
2026-04-11,苦菊,2.15,2.0,2.3,1,辽冀,-0.12244897959183687,2.565,0.4769063379453122,-0.8701918321907245,0.1403752498418426,辽冀,False,False,False,True,False,False,True
2026-02-02,菜心,2.15,1.8,2.5,1,,-0.12244897959183687,2.4413043478260867,0.1336992672797657,-2.1788028741887757,0.04638622745548386,,True,False,False,True,True,False,True
2026-03-26,散生菜,2.15,2.0,2.3,1,,-0.12244897959183687,2.766666666666667,0.46206682106210195,-1.3345833082089806,0.06363321828764121,,True,False,False,True,True,False,True
2026-06-02,荠菜,6.5,6.0,7.0,1,,-0.12162162162162171,7.925,2.6010193625073077,-0.5478621268802631,0.4353421627304822,,True,False,False,True,True,False,True
2026-06-02,苋菜,3.25,3.0,3.5,1,,-0.12162162162162171,3.2866666666666666,0.9485863650474773,-0.03865400981684091,0.15993668753877607,,True,False,False,True,True,False,True
2026-03-16,红薯,1.625,1.1,2.5,2,冀/冀粤,-0.12162162162162171,1.6925,0.17618441553060796,-0.3831212868443142,0.032932076258320085,冀/冀粤,False,False,False,True,False,False,True
2026-04-03,团生菜,1.45,1.1,1.8,1,冀鲁,-0.12121212121212122,2.2583333333333333,0.3866485826131803,-2.090615017570165,0.09548661720585974,冀鲁,False,False,False,True,False,False,True
2026-06-12,罗马生菜,1.45,1.2,1.7,1,京冀,-0.12121212121212122,1.5933333333333335,0.11651056880677223,-1.2302174369352339,0.07578749732439274,京冀,False,False,False,True,False,False,True
2026-06-18,毛豆,2.9,2.5,3.3,1,徽川,-0.12121212121212122,4.078333333333334,0.4871952333534246,-2.418606038533508,0.04888739334200247,徽川,False,False,False,True,False,False,True
2026-05-18,罗马生菜,1.45,1.3,1.6,1,京冀,-0.12121212121212122,1.6566666666666667,0.04497764451087479,-4.594875274464372,0.032395302049990866,京冀,False,True,False,True,False,False,True
2026-03-31,西洋菜,7.25,7.0,7.5,1,,-0.12121212121212122,,,,0.06544151870533822,,True,False,False,True,True,False,True
2026-02-26,紫苏叶,7.25,7.0,7.5,1,,-0.12121212121212122,8.733333333333333,0.42004378534766434,-3.531377882678584,0.034745490521033005,,True,True,False,True,True,False,True
2026-02-24,荆芥,7.25,7.0,7.5,1,,-0.12121212121212122,8.75,0.41522739926869917,-3.6124783736376944,0.034649258091326865,,True,True,False,True,True,False,True
2026-05-27,板栗南瓜,1.45,1.3,1.6,1,新桂,-0.12121212121212122,1.64,0.04025778999370424,-4.71958346520545,0.032395302049990825,新桂,False,True,False,True,False,False,True
2026-02-12,蒜苗,4.0,2.0,6.0,1,鲁豫苏,-0.1208791208791209,4.531666666666666,0.1004158022092804,-5.294651389216605,0.03230630396743592,鲁豫苏,False,True,False,True,False,False,True
2026-07-18,菠菜,2.75,2.5,3.0,1,蒙,-0.12,2.6175,0.6805851311112079,0.1946854169200903,0.20859381194283622,蒙,False,False,False,True,False,False,True
2026-03-27,荆芥,5.5,5.0,6.0,1,,-0.12,6.7,0.8620344820689315,-1.3920556833410334,0.03207134902949092,,True,False,False,True,True,False,True
2026-01-17,青蒜,2.75,2.5,3.0,1,豫鲁川,-0.12,3.197058823529412,0.37861614311004954,-1.180770634493175,0.11339863887635178,豫鲁川,False,False,False,True,False,False,True
2026-03-12,荠菜,5.5,5.0,6.0,1,,-0.12,8.291666666666666,2.8563550843366943,-0.9773528095212118,0.632808050538327,,True,False,False,True,True,False,True
2026-02-10,螺丝椒,5.5,4.5,6.5,1,鲁辽闽,-0.12,6.283333333333333,0.35192410362554494,-2.2258587157383722,0.03342161205465391,鲁辽闽,False,False,False,True,False,False,True
2026-03-06,茼蒿,3.3,2.8,3.8,1,,-0.12,4.525,0.5733672470589861,-2.1365015289650415,0.13812808110175648,,True,False,False,True,True,False,True
2026-05-01,紫苏叶,5.5,5.0,6.0,1,,-0.12,6.458333333333333,0.4646250496708091,-2.062595062432214,0.03207134902949093,,True,False,False,True,True,False,True
